id,fromId,toId,countryId,distanceKmEstimate,mode,status,capacityTonnesDayProposal,engineeringStatus
DOM-SF001,SF001,GATE-01,visual-territory-01,2076.0277563364994,DOMESTIC_ACCESS_SURVEY,NOT_SURVEYED_NOT_OPERATIONAL,176570.991718,Local road alignment requires terrain survey
DOM-SF002,SF002,GATE-01,visual-territory-01,1104.8661992578166,DOMESTIC_ACCESS_SURVEY,NOT_SURVEYED_NOT_OPERATIONAL,176570.991718,Local road alignment requires terrain survey
DOM-SF003,SF003,GATE-01,visual-territory-01,742.469390436717,DOMESTIC_ACCESS_SURVEY,NOT_SURVEYED_NOT_OPERATIONAL,176570.991718,Local road alignment requires terrain survey
DOM-SF004,SF004,GATE-01,visual-territory-01,2285.9422673008507,DOMESTIC_ACCESS_SURVEY,NOT_SURVEYED_NOT_OPERATIONAL,176570.991718,Local road alignment requires terrain survey
DOM-SF005,SF005,GATE-01,visual-territory-01,1143.5865717998329,DOMESTIC_ACCESS_SURVEY,NOT_SURVEYED_NOT_OPERATIONAL,176570.991718,Local road alignment requires terrain survey
DOM-OPEN-01-GRAIN,OPEN-01-GRAIN,GATE-01,visual-territory-01,1233.1876526862861,DOMESTIC_ACCESS_SURVEY,NOT_SURVEYED_NOT_OPERATIONAL,176570.991718,Local road alignment requires terrain survey
DOM-OPEN-RES098,OPEN-RES098,GATE-01,visual-territory-01,2285.9422673008507,DOMESTIC_ACCESS_SURVEY,NOT_SURVEYED_NOT_OPERATIONAL,176570.991718,Local road alignment requires terrain survey
DOM-SERVICE-visual-territory-01-E1-36,SERVICE-visual-territory-01-E1-36,GATE-01,visual-territory-01,1233.1876526862861,DOMESTIC_ACCESS_SURVEY,NOT_SURVEYED_NOT_OPERATIONAL,176570.991718,Local road alignment requires terrain survey
DOM-SERVICE-visual-territory-01-E1-31,SERVICE-visual-territory-01-E1-31,GATE-01,visual-territory-01,1233.1876526862861,DOMESTIC_ACCESS_SURVEY,NOT_SURVEYED_NOT_OPERATIONAL,176570.991718,Local road alignment requires terrain survey
DOM-SERVICE-visual-territory-01-E1-35,SERVICE-visual-territory-01-E1-35,GATE-01,visual-territory-01,1233.1876526862861,DOMESTIC_ACCESS_SURVEY,NOT_SURVEYED_NOT_OPERATIONAL,176570.991718,Local road alignment requires terrain survey
DOM-POWER-01-10,POWER-01-10,GATE-01,visual-territory-01,1233.1876526862861,DOMESTIC_ACCESS_SURVEY,NOT_SURVEYED_NOT_OPERATIONAL,176570.991718,Local road alignment requires terrain survey
DOM-POWER-01-11,POWER-01-11,GATE-01,visual-territory-01,1233.1876526862861,DOMESTIC_ACCESS_SURVEY,NOT_SURVEYED_NOT_OPERATIONAL,176570.991718,Local road alignment requires terrain survey
DOM-POWER-01-23,POWER-01-23,GATE-01,visual-territory-01,1233.1876526862861,DOMESTIC_ACCESS_SURVEY,NOT_SURVEYED_NOT_OPERATIONAL,176570.991718,Local road alignment requires terrain survey
DOM-POWER-01-13,POWER-01-13,GATE-01,visual-territory-01,1233.1876526862861,DOMESTIC_ACCESS_SURVEY,NOT_SURVEYED_NOT_OPERATIONAL,176570.991718,Local road alignment requires terrain survey
DOM-WAREHOUSE-01,WAREHOUSE-01,GATE-01,visual-territory-01,1233.1876526862861,DOMESTIC_ACCESS_SURVEY,NOT_SURVEYED_NOT_OPERATIONAL,176570.991718,Local road alignment requires terrain survey
DOM-SF006,SF006,GATE-02,visual-territory-02,2292.622069454196,DOMESTIC_ACCESS_SURVEY,NOT_SURVEYED_NOT_OPERATIONAL,248321.976502,Local road alignment requires terrain survey
DOM-SF007,SF007,GATE-02,visual-territory-02,13.697857948139799,DOMESTIC_ACCESS_SURVEY,NOT_SURVEYED_NOT_OPERATIONAL,248321.976502,Local road alignment requires terrain survey
DOM-SF008,SF008,GATE-02,visual-territory-02,1764.2607066029316,DOMESTIC_ACCESS_SURVEY,NOT_SURVEYED_NOT_OPERATIONAL,248321.976502,Local road alignment requires terrain survey
DOM-SF009,SF009,GATE-02,visual-territory-02,1873.2039858443231,DOMESTIC_ACCESS_SURVEY,NOT_SURVEYED_NOT_OPERATIONAL,248321.976502,Local road alignment requires terrain survey
DOM-SF010,SF010,GATE-02,visual-territory-02,1167.215044068492,DOMESTIC_ACCESS_SURVEY,NOT_SURVEYED_NOT_OPERATIONAL,248321.976502,Local road alignment requires terrain survey
DOM-SF011,SF011,GATE-02,visual-territory-02,2208.5857981105764,DOMESTIC_ACCESS_SURVEY,NOT_SURVEYED_NOT_OPERATIONAL,248321.976502,Local road alignment requires terrain survey
DOM-OPEN-02-GRAIN,OPEN-02-GRAIN,GATE-02,visual-territory-02,1252.5865375359651,DOMESTIC_ACCESS_SURVEY,NOT_SURVEYED_NOT_OPERATIONAL,248321.976502,Local road alignment requires terrain survey
DOM-OPEN-02-REFINED_FUEL,OPEN-02-REFINED_FUEL,GATE-02,visual-territory-02,1252.5865375359651,DOMESTIC_ACCESS_SURVEY,NOT_SURVEYED_NOT_OPERATIONAL,248321.976502,Local road alignment requires terrain survey
DOM-SERVICE-visual-territory-02-E1-36,SERVICE-visual-territory-02-E1-36,GATE-02,visual-territory-02,1252.5865375359651,DOMESTIC_ACCESS_SURVEY,NOT_SURVEYED_NOT_OPERATIONAL,248321.976502,Local road alignment requires terrain survey
DOM-SERVICE-visual-territory-02-E1-31,SERVICE-visual-territory-02-E1-31,GATE-02,visual-territory-02,1252.5865375359651,DOMESTIC_ACCESS_SURVEY,NOT_SURVEYED_NOT_OPERATIONAL,248321.976502,Local road alignment requires terrain survey
DOM-SERVICE-visual-territory-02-E1-35,SERVICE-visual-territory-02-E1-35,GATE-02,visual-territory-02,1252.5865375359651,DOMESTIC_ACCESS_SURVEY,NOT_SURVEYED_NOT_OPERATIONAL,248321.976502,Local road alignment requires terrain survey
DOM-POWER-02-10,POWER-02-10,GATE-02,visual-territory-02,1252.5865375359651,DOMESTIC_ACCESS_SURVEY,NOT_SURVEYED_NOT_OPERATIONAL,248321.976502,Local road alignment requires terrain survey
DOM-POWER-02-11,POWER-02-11,GATE-02,visual-territory-02,1252.5865375359651,DOMESTIC_ACCESS_SURVEY,NOT_SURVEYED_NOT_OPERATIONAL,248321.976502,Local road alignment requires terrain survey
DOM-POWER-02-23,POWER-02-23,GATE-02,visual-territory-02,1252.5865375359651,DOMESTIC_ACCESS_SURVEY,NOT_SURVEYED_NOT_OPERATIONAL,248321.976502,Local road alignment requires terrain survey
DOM-POWER-02-13,POWER-02-13,GATE-02,visual-territory-02,1252.5865375359651,DOMESTIC_ACCESS_SURVEY,NOT_SURVEYED_NOT_OPERATIONAL,248321.976502,Local road alignment requires terrain survey
DOM-WAREHOUSE-02,WAREHOUSE-02,GATE-02,visual-territory-02,1252.5865375359651,DOMESTIC_ACCESS_SURVEY,NOT_SURVEYED_NOT_OPERATIONAL,248321.976502,Local road alignment requires terrain survey
DOM-SF012,SF012,GATE-03,visual-territory-03,2101.1817579651015,DOMESTIC_ACCESS_SURVEY,NOT_SURVEYED_NOT_OPERATIONAL,435741.648783,Local road alignment requires terrain survey
DOM-SF013,SF013,GATE-03,visual-territory-03,1972.586666252078,DOMESTIC_ACCESS_SURVEY,NOT_SURVEYED_NOT_OPERATIONAL,435741.648783,Local road alignment requires terrain survey
DOM-SF014,SF014,GATE-03,visual-territory-03,104.31977816938726,DOMESTIC_ACCESS_SURVEY,NOT_SURVEYED_NOT_OPERATIONAL,435741.648783,Local road alignment requires terrain survey
DOM-SF015,SF015,GATE-03,visual-territory-03,2254.868799405468,DOMESTIC_ACCESS_SURVEY,NOT_SURVEYED_NOT_OPERATIONAL,435741.648783,Local road alignment requires terrain survey
DOM-SF016,SF016,GATE-03,visual-territory-03,1614.8374467055057,DOMESTIC_ACCESS_SURVEY,NOT_SURVEYED_NOT_OPERATIONAL,435741.648783,Local road alignment requires terrain survey
DOM-SF017,SF017,GATE-03,visual-territory-03,1195.5648613165997,DOMESTIC_ACCESS_SURVEY,NOT_SURVEYED_NOT_OPERATIONAL,435741.648783,Local road alignment requires terrain survey
DOM-SF018,SF018,GATE-03,visual-territory-03,2649.110481872381,DOMESTIC_ACCESS_SURVEY,NOT_SURVEYED_NOT_OPERATIONAL,435741.648783,Local road alignment requires terrain survey
DOM-SF019,SF019,GATE-03,visual-territory-03,1554.2089677447243,DOMESTIC_ACCESS_SURVEY,NOT_SURVEYED_NOT_OPERATIONAL,435741.648783,Local road alignment requires terrain survey
DOM-SF020,SF020,GATE-03,visual-territory-03,950.0034802500852,DOMESTIC_ACCESS_SURVEY,NOT_SURVEYED_NOT_OPERATIONAL,435741.648783,Local road alignment requires terrain survey
DOM-OPEN-RES102,OPEN-RES102,GATE-03,visual-territory-03,2101.1817579651015,DOMESTIC_ACCESS_SURVEY,NOT_SURVEYED_NOT_OPERATIONAL,435741.648783,Local road alignment requires terrain survey
DOM-OPEN-03-GRAIN,OPEN-03-GRAIN,GATE-03,visual-territory-03,1953.8663181639502,DOMESTIC_ACCESS_SURVEY,NOT_SURVEYED_NOT_OPERATIONAL,435741.648783,Local road alignment requires terrain survey
DOM-OPEN-03-MACHINERY,OPEN-03-MACHINERY,GATE-03,visual-territory-03,1953.8663181639502,DOMESTIC_ACCESS_SURVEY,NOT_SURVEYED_NOT_OPERATIONAL,435741.648783,Local road alignment requires terrain survey
DOM-SERVICE-visual-territory-03-E1-36,SERVICE-visual-territory-03-E1-36,GATE-03,visual-territory-03,1018.9263757293794,DOMESTIC_ACCESS_SURVEY,NOT_SURVEYED_NOT_OPERATIONAL,435741.648783,Local road alignment requires terrain survey
DOM-SERVICE-visual-territory-03-E1-31,SERVICE-visual-territory-03-E1-31,GATE-03,visual-territory-03,1018.9263757293794,DOMESTIC_ACCESS_SURVEY,NOT_SURVEYED_NOT_OPERATIONAL,435741.648783,Local road alignment requires terrain survey
DOM-SERVICE-visual-territory-03-E1-35,SERVICE-visual-territory-03-E1-35,GATE-03,visual-territory-03,1018.9263757293794,DOMESTIC_ACCESS_SURVEY,NOT_SURVEYED_NOT_OPERATIONAL,435741.648783,Local road alignment requires terrain survey
DOM-SERVICE-visual-territory-03-E2-36,SERVICE-visual-territory-03-E2-36,GATE-03,visual-territory-03,1953.8663181639502,DOMESTIC_ACCESS_SURVEY,NOT_SURVEYED_NOT_OPERATIONAL,435741.648783,Local road alignment requires terrain survey
DOM-SERVICE-visual-territory-03-E2-31,SERVICE-visual-territory-03-E2-31,GATE-03,visual-territory-03,1953.8663181639502,DOMESTIC_ACCESS_SURVEY,NOT_SURVEYED_NOT_OPERATIONAL,435741.648783,Local road alignment requires terrain survey
DOM-SERVICE-visual-territory-03-E2-35,SERVICE-visual-territory-03-E2-35,GATE-03,visual-territory-03,1953.8663181639502,DOMESTIC_ACCESS_SURVEY,NOT_SURVEYED_NOT_OPERATIONAL,435741.648783,Local road alignment requires terrain survey
DOM-POWER-03-10,POWER-03-10,GATE-03,visual-territory-03,1953.8663181639502,DOMESTIC_ACCESS_SURVEY,NOT_SURVEYED_NOT_OPERATIONAL,435741.648783,Local road alignment requires terrain survey
DOM-POWER-03-11,POWER-03-11,GATE-03,visual-territory-03,1953.8663181639502,DOMESTIC_ACCESS_SURVEY,NOT_SURVEYED_NOT_OPERATIONAL,435741.648783,Local road alignment requires terrain survey
DOM-POWER-03-23,POWER-03-23,GATE-03,visual-territory-03,1953.8663181639502,DOMESTIC_ACCESS_SURVEY,NOT_SURVEYED_NOT_OPERATIONAL,435741.648783,Local road alignment requires terrain survey
DOM-POWER-03-13,POWER-03-13,GATE-03,visual-territory-03,1953.8663181639502,DOMESTIC_ACCESS_SURVEY,NOT_SURVEYED_NOT_OPERATIONAL,435741.648783,Local road alignment requires terrain survey
DOM-WAREHOUSE-03,WAREHOUSE-03,GATE-03,visual-territory-03,1953.8663181639502,DOMESTIC_ACCESS_SURVEY,NOT_SURVEYED_NOT_OPERATIONAL,435741.648783,Local road alignment requires terrain survey
DOM-H05,H05,GATE-04,visual-territory-04,4097.880817478597,DOMESTIC_ACCESS_SURVEY,NOT_SURVEYED_NOT_OPERATIONAL,480792.639026,Local road alignment requires terrain survey
DOM-SF021,SF021,GATE-04,visual-territory-04,4042.0055533213263,DOMESTIC_ACCESS_SURVEY,NOT_SURVEYED_NOT_OPERATIONAL,480792.639026,Local road alignment requires terrain survey
DOM-SF022,SF022,GATE-04,visual-territory-04,2481.468196305139,DOMESTIC_ACCESS_SURVEY,NOT_SURVEYED_NOT_OPERATIONAL,480792.639026,Local road alignment requires terrain survey
DOM-SF023,SF023,GATE-04,visual-territory-04,1317.4177922734323,DOMESTIC_ACCESS_SURVEY,NOT_SURVEYED_NOT_OPERATIONAL,480792.639026,Local road alignment requires terrain survey
DOM-SF024,SF024,GATE-04,visual-territory-04,3070.093051597102,DOMESTIC_ACCESS_SURVEY,NOT_SURVEYED_NOT_OPERATIONAL,480792.639026,Local road alignment requires terrain survey
DOM-SF025,SF025,GATE-04,visual-territory-04,3055.3900431088086,DOMESTIC_ACCESS_SURVEY,NOT_SURVEYED_NOT_OPERATIONAL,480792.639026,Local road alignment requires terrain survey
DOM-SF026,SF026,GATE-04,visual-territory-04,216.58215090781178,DOMESTIC_ACCESS_SURVEY,NOT_SURVEYED_NOT_OPERATIONAL,480792.639026,Local road alignment requires terrain survey
DOM-SF027,SF027,GATE-04,visual-territory-04,3626.027658862292,DOMESTIC_ACCESS_SURVEY,NOT_SURVEYED_NOT_OPERATIONAL,480792.639026,Local road alignment requires terrain survey
DOM-OPEN-04-GRAIN,OPEN-04-GRAIN,GATE-04,visual-territory-04,2836.6557314388288,DOMESTIC_ACCESS_SURVEY,NOT_SURVEYED_NOT_OPERATIONAL,480792.639026,Local road alignment requires terrain survey
DOM-OPEN-04-STEEL,OPEN-04-STEEL,GATE-04,visual-territory-04,2836.6557314388288,DOMESTIC_ACCESS_SURVEY,NOT_SURVEYED_NOT_OPERATIONAL,480792.639026,Local road alignment requires terrain survey
DOM-SERVICE-visual-territory-04-E1-36,SERVICE-visual-territory-04-E1-36,GATE-04,visual-territory-04,2836.6557314388288,DOMESTIC_ACCESS_SURVEY,NOT_SURVEYED_NOT_OPERATIONAL,480792.639026,Local road alignment requires terrain survey
DOM-SERVICE-visual-territory-04-E1-31,SERVICE-visual-territory-04-E1-31,GATE-04,visual-territory-04,2836.6557314388288,DOMESTIC_ACCESS_SURVEY,NOT_SURVEYED_NOT_OPERATIONAL,480792.639026,Local road alignment requires terrain survey
DOM-SERVICE-visual-territory-04-E1-35,SERVICE-visual-territory-04-E1-35,GATE-04,visual-territory-04,2836.6557314388288,DOMESTIC_ACCESS_SURVEY,NOT_SURVEYED_NOT_OPERATIONAL,480792.639026,Local road alignment requires terrain survey
DOM-SERVICE-visual-territory-04-E2-36,SERVICE-visual-territory-04-E2-36,GATE-04,visual-territory-04,1923.622629058495,DOMESTIC_ACCESS_SURVEY,NOT_SURVEYED_NOT_OPERATIONAL,480792.639026,Local road alignment requires terrain survey
DOM-SERVICE-visual-territory-04-E2-31,SERVICE-visual-territory-04-E2-31,GATE-04,visual-territory-04,1923.622629058495,DOMESTIC_ACCESS_SURVEY,NOT_SURVEYED_NOT_OPERATIONAL,480792.639026,Local road alignment requires terrain survey
DOM-SERVICE-visual-territory-04-E2-35,SERVICE-visual-territory-04-E2-35,GATE-04,visual-territory-04,1923.622629058495,DOMESTIC_ACCESS_SURVEY,NOT_SURVEYED_NOT_OPERATIONAL,480792.639026,Local road alignment requires terrain survey
DOM-POWER-04-10,POWER-04-10,GATE-04,visual-territory-04,2836.6557314388288,DOMESTIC_ACCESS_SURVEY,NOT_SURVEYED_NOT_OPERATIONAL,480792.639026,Local road alignment requires terrain survey
DOM-POWER-04-11,POWER-04-11,GATE-04,visual-territory-04,2836.6557314388288,DOMESTIC_ACCESS_SURVEY,NOT_SURVEYED_NOT_OPERATIONAL,480792.639026,Local road alignment requires terrain survey
DOM-POWER-04-23,POWER-04-23,GATE-04,visual-territory-04,2836.6557314388288,DOMESTIC_ACCESS_SURVEY,NOT_SURVEYED_NOT_OPERATIONAL,480792.639026,Local road alignment requires terrain survey
DOM-POWER-04-13,POWER-04-13,GATE-04,visual-territory-04,2836.6557314388288,DOMESTIC_ACCESS_SURVEY,NOT_SURVEYED_NOT_OPERATIONAL,480792.639026,Local road alignment requires terrain survey
DOM-WAREHOUSE-04,WAREHOUSE-04,GATE-04,visual-territory-04,2836.6557314388288,DOMESTIC_ACCESS_SURVEY,NOT_SURVEYED_NOT_OPERATIONAL,480792.639026,Local road alignment requires terrain survey
DOM-SF028,SF028,GATE-05,visual-territory-05,2430.7040945243793,DOMESTIC_ACCESS_SURVEY,NOT_SURVEYED_NOT_OPERATIONAL,345418.449601,Local road alignment requires terrain survey
DOM-SF029,SF029,GATE-05,visual-territory-05,186.3110109144709,DOMESTIC_ACCESS_SURVEY,NOT_SURVEYED_NOT_OPERATIONAL,345418.449601,Local road alignment requires terrain survey
DOM-SF030,SF030,GATE-05,visual-territory-05,1546.4026241967922,DOMESTIC_ACCESS_SURVEY,NOT_SURVEYED_NOT_OPERATIONAL,345418.449601,Local road alignment requires terrain survey
DOM-SF031,SF031,GATE-05,visual-territory-05,1783.3011841288462,DOMESTIC_ACCESS_SURVEY,NOT_SURVEYED_NOT_OPERATIONAL,345418.449601,Local road alignment requires terrain survey
DOM-SF032,SF032,GATE-05,visual-territory-05,1148.089704413859,DOMESTIC_ACCESS_SURVEY,NOT_SURVEYED_NOT_OPERATIONAL,345418.449601,Local road alignment requires terrain survey
DOM-SF033,SF033,GATE-05,visual-territory-05,2489.7340554128155,DOMESTIC_ACCESS_SURVEY,NOT_SURVEYED_NOT_OPERATIONAL,345418.449601,Local road alignment requires terrain survey
DOM-SF034,SF034,GATE-05,visual-territory-05,803.9837505234483,DOMESTIC_ACCESS_SURVEY,NOT_SURVEYED_NOT_OPERATIONAL,345418.449601,Local road alignment requires terrain survey
DOM-OPEN-RES109,OPEN-RES109,GATE-05,visual-territory-05,1546.4026241967922,DOMESTIC_ACCESS_SURVEY,NOT_SURVEYED_NOT_OPERATIONAL,345418.449601,Local road alignment requires terrain survey
DOM-OPEN-05-GRAIN,OPEN-05-GRAIN,GATE-05,visual-territory-05,1734.8892729836743,DOMESTIC_ACCESS_SURVEY,NOT_SURVEYED_NOT_OPERATIONAL,345418.449601,Local road alignment requires terrain survey
DOM-SERVICE-visual-territory-05-E1-36,SERVICE-visual-territory-05-E1-36,GATE-05,visual-territory-05,1734.8892729836743,DOMESTIC_ACCESS_SURVEY,NOT_SURVEYED_NOT_OPERATIONAL,345418.449601,Local road alignment requires terrain survey
DOM-SERVICE-visual-territory-05-E1-31,SERVICE-visual-territory-05-E1-31,GATE-05,visual-territory-05,1734.8892729836743,DOMESTIC_ACCESS_SURVEY,NOT_SURVEYED_NOT_OPERATIONAL,345418.449601,Local road alignment requires terrain survey
DOM-SERVICE-visual-territory-05-E1-35,SERVICE-visual-territory-05-E1-35,GATE-05,visual-territory-05,1734.8892729836743,DOMESTIC_ACCESS_SURVEY,NOT_SURVEYED_NOT_OPERATIONAL,345418.449601,Local road alignment requires terrain survey
DOM-SERVICE-visual-territory-05-E2-36,SERVICE-visual-territory-05-E2-36,GATE-05,visual-territory-05,1006.6993721685284,DOMESTIC_ACCESS_SURVEY,NOT_SURVEYED_NOT_OPERATIONAL,345418.449601,Local road alignment requires terrain survey
DOM-SERVICE-visual-territory-05-E2-31,SERVICE-visual-territory-05-E2-31,GATE-05,visual-territory-05,1006.6993721685284,DOMESTIC_ACCESS_SURVEY,NOT_SURVEYED_NOT_OPERATIONAL,345418.449601,Local road alignment requires terrain survey
DOM-SERVICE-visual-territory-05-E2-35,SERVICE-visual-territory-05-E2-35,GATE-05,visual-territory-05,1006.6993721685284,DOMESTIC_ACCESS_SURVEY,NOT_SURVEYED_NOT_OPERATIONAL,345418.449601,Local road alignment requires terrain survey
DOM-POWER-05-10,POWER-05-10,GATE-05,visual-territory-05,1734.8892729836743,DOMESTIC_ACCESS_SURVEY,NOT_SURVEYED_NOT_OPERATIONAL,345418.449601,Local road alignment requires terrain survey
DOM-POWER-05-11,POWER-05-11,GATE-05,visual-territory-05,1734.8892729836743,DOMESTIC_ACCESS_SURVEY,NOT_SURVEYED_NOT_OPERATIONAL,345418.449601,Local road alignment requires terrain survey
DOM-POWER-05-23,POWER-05-23,GATE-05,visual-territory-05,1734.8892729836743,DOMESTIC_ACCESS_SURVEY,NOT_SURVEYED_NOT_OPERATIONAL,345418.449601,Local road alignment requires terrain survey
DOM-POWER-05-13,POWER-05-13,GATE-05,visual-territory-05,1734.8892729836743,DOMESTIC_ACCESS_SURVEY,NOT_SURVEYED_NOT_OPERATIONAL,345418.449601,Local road alignment requires terrain survey
DOM-WAREHOUSE-05,WAREHOUSE-05,GATE-05,visual-territory-05,1734.8892729836743,DOMESTIC_ACCESS_SURVEY,NOT_SURVEYED_NOT_OPERATIONAL,345418.449601,Local road alignment requires terrain survey
DOM-SF035,SF035,GATE-06,visual-territory-06,1263.3257469858065,DOMESTIC_ACCESS_SURVEY,NOT_SURVEYED_NOT_OPERATIONAL,403662.22282,Local road alignment requires terrain survey
DOM-SF036,SF036,GATE-06,visual-territory-06,3114.990479563073,DOMESTIC_ACCESS_SURVEY,NOT_SURVEYED_NOT_OPERATIONAL,403662.22282,Local road alignment requires terrain survey
DOM-SF037,SF037,GATE-06,visual-territory-06,1698.2029534443739,DOMESTIC_ACCESS_SURVEY,NOT_SURVEYED_NOT_OPERATIONAL,403662.22282,Local road alignment requires terrain survey
DOM-SF038,SF038,GATE-06,visual-territory-06,2980.7873399232367,DOMESTIC_ACCESS_SURVEY,NOT_SURVEYED_NOT_OPERATIONAL,403662.22282,Local road alignment requires terrain survey
DOM-SF039,SF039,GATE-06,visual-territory-06,2363.4263621230075,DOMESTIC_ACCESS_SURVEY,NOT_SURVEYED_NOT_OPERATIONAL,403662.22282,Local road alignment requires terrain survey
DOM-SF040,SF040,GATE-06,visual-territory-06,511.4274625400741,DOMESTIC_ACCESS_SURVEY,NOT_SURVEYED_NOT_OPERATIONAL,403662.22282,Local road alignment requires terrain survey
DOM-SF041,SF041,GATE-06,visual-territory-06,1767.0767669851095,DOMESTIC_ACCESS_SURVEY,NOT_SURVEYED_NOT_OPERATIONAL,403662.22282,Local road alignment requires terrain survey
DOM-OPEN-RES112,OPEN-RES112,GATE-06,visual-territory-06,1698.2029534443739,DOMESTIC_ACCESS_SURVEY,NOT_SURVEYED_NOT_OPERATIONAL,403662.22282,Local road alignment requires terrain survey
DOM-OPEN-06-GRAIN,OPEN-06-GRAIN,GATE-06,visual-territory-06,1081.3719279238908,DOMESTIC_ACCESS_SURVEY,NOT_SURVEYED_NOT_OPERATIONAL,403662.22282,Local road alignment requires terrain survey
DOM-SERVICE-visual-territory-06-E1-36,SERVICE-visual-territory-06-E1-36,GATE-06,visual-territory-06,1557.2994638722996,DOMESTIC_ACCESS_SURVEY,NOT_SURVEYED_NOT_OPERATIONAL,403662.22282,Local road alignment requires terrain survey
DOM-SERVICE-visual-territory-06-E1-31,SERVICE-visual-territory-06-E1-31,GATE-06,visual-territory-06,1557.2994638722996,DOMESTIC_ACCESS_SURVEY,NOT_SURVEYED_NOT_OPERATIONAL,403662.22282,Local road alignment requires terrain survey
DOM-SERVICE-visual-territory-06-E1-35,SERVICE-visual-territory-06-E1-35,GATE-06,visual-territory-06,1557.2994638722996,DOMESTIC_ACCESS_SURVEY,NOT_SURVEYED_NOT_OPERATIONAL,403662.22282,Local road alignment requires terrain survey
DOM-SERVICE-visual-territory-06-E2-36,SERVICE-visual-territory-06-E2-36,GATE-06,visual-territory-06,1081.3719279238908,DOMESTIC_ACCESS_SURVEY,NOT_SURVEYED_NOT_OPERATIONAL,403662.22282,Local road alignment requires terrain survey
DOM-SERVICE-visual-territory-06-E2-31,SERVICE-visual-territory-06-E2-31,GATE-06,visual-territory-06,1081.3719279238908,DOMESTIC_ACCESS_SURVEY,NOT_SURVEYED_NOT_OPERATIONAL,403662.22282,Local road alignment requires terrain survey
DOM-SERVICE-visual-territory-06-E2-35,SERVICE-visual-territory-06-E2-35,GATE-06,visual-territory-06,1081.3719279238908,DOMESTIC_ACCESS_SURVEY,NOT_SURVEYED_NOT_OPERATIONAL,403662.22282,Local road alignment requires terrain survey
DOM-POWER-06-10,POWER-06-10,GATE-06,visual-territory-06,1081.3719279238908,DOMESTIC_ACCESS_SURVEY,NOT_SURVEYED_NOT_OPERATIONAL,403662.22282,Local road alignment requires terrain survey
DOM-POWER-06-11,POWER-06-11,GATE-06,visual-territory-06,1081.3719279238908,DOMESTIC_ACCESS_SURVEY,NOT_SURVEYED_NOT_OPERATIONAL,403662.22282,Local road alignment requires terrain survey
DOM-POWER-06-23,POWER-06-23,GATE-06,visual-territory-06,1081.3719279238908,DOMESTIC_ACCESS_SURVEY,NOT_SURVEYED_NOT_OPERATIONAL,403662.22282,Local road alignment requires terrain survey
DOM-POWER-06-13,POWER-06-13,GATE-06,visual-territory-06,1081.3719279238908,DOMESTIC_ACCESS_SURVEY,NOT_SURVEYED_NOT_OPERATIONAL,403662.22282,Local road alignment requires terrain survey
DOM-WAREHOUSE-06,WAREHOUSE-06,GATE-06,visual-territory-06,1081.3719279238908,DOMESTIC_ACCESS_SURVEY,NOT_SURVEYED_NOT_OPERATIONAL,403662.22282,Local road alignment requires terrain survey
DOM-P09,P09,GATE-07,visual-territory-07,13.697857948139799,DOMESTIC_ACCESS_SURVEY,NOT_SURVEYED_NOT_OPERATIONAL,256295.525054,Local road alignment requires terrain survey
DOM-SF042,SF042,GATE-07,visual-territory-07,1431.2131347619359,DOMESTIC_ACCESS_SURVEY,NOT_SURVEYED_NOT_OPERATIONAL,256295.525054,Local road alignment requires terrain survey
DOM-SF043,SF043,GATE-07,visual-territory-07,1260.2773739102763,DOMESTIC_ACCESS_SURVEY,NOT_SURVEYED_NOT_OPERATIONAL,256295.525054,Local road alignment requires terrain survey
DOM-SF044,SF044,GATE-07,visual-territory-07,1257.2962286969153,DOMESTIC_ACCESS_SURVEY,NOT_SURVEYED_NOT_OPERATIONAL,256295.525054,Local road alignment requires terrain survey
DOM-SF045,SF045,GATE-07,visual-territory-07,2189.4730872233,DOMESTIC_ACCESS_SURVEY,NOT_SURVEYED_NOT_OPERATIONAL,256295.525054,Local road alignment requires terrain survey
DOM-SF046,SF046,GATE-07,visual-territory-07,1181.9116382265713,DOMESTIC_ACCESS_SURVEY,NOT_SURVEYED_NOT_OPERATIONAL,256295.525054,Local road alignment requires terrain survey
DOM-SF047,SF047,GATE-07,visual-territory-07,1445.3025290874052,DOMESTIC_ACCESS_SURVEY,NOT_SURVEYED_NOT_OPERATIONAL,256295.525054,Local road alignment requires terrain survey
DOM-OPEN-RES115,OPEN-RES115,GATE-07,visual-territory-07,1257.2962286969153,DOMESTIC_ACCESS_SURVEY,NOT_SURVEYED_NOT_OPERATIONAL,256295.525054,Local road alignment requires terrain survey
DOM-OPEN-07-GRAIN,OPEN-07-GRAIN,GATE-07,visual-territory-07,1146.0654843419761,DOMESTIC_ACCESS_SURVEY,NOT_SURVEYED_NOT_OPERATIONAL,256295.525054,Local road alignment requires terrain survey
DOM-OPEN-07-SEMICONDUCTORS,OPEN-07-SEMICONDUCTORS,GATE-07,visual-territory-07,1146.0654843419761,DOMESTIC_ACCESS_SURVEY,NOT_SURVEYED_NOT_OPERATIONAL,256295.525054,Local road alignment requires terrain survey
DOM-SERVICE-visual-territory-07-E1-36,SERVICE-visual-territory-07-E1-36,GATE-07,visual-territory-07,1008.6544916294305,DOMESTIC_ACCESS_SURVEY,NOT_SURVEYED_NOT_OPERATIONAL,256295.525054,Local road alignment requires terrain survey
DOM-SERVICE-visual-territory-07-E1-31,SERVICE-visual-territory-07-E1-31,GATE-07,visual-territory-07,1008.6544916294305,DOMESTIC_ACCESS_SURVEY,NOT_SURVEYED_NOT_OPERATIONAL,256295.525054,Local road alignment requires terrain survey
DOM-SERVICE-visual-territory-07-E1-35,SERVICE-visual-territory-07-E1-35,GATE-07,visual-territory-07,1008.6544916294305,DOMESTIC_ACCESS_SURVEY,NOT_SURVEYED_NOT_OPERATIONAL,256295.525054,Local road alignment requires terrain survey
DOM-SERVICE-visual-territory-07-E2-36,SERVICE-visual-territory-07-E2-36,GATE-07,visual-territory-07,1146.0654843419761,DOMESTIC_ACCESS_SURVEY,NOT_SURVEYED_NOT_OPERATIONAL,256295.525054,Local road alignment requires terrain survey
DOM-SERVICE-visual-territory-07-E2-31,SERVICE-visual-territory-07-E2-31,GATE-07,visual-territory-07,1146.0654843419761,DOMESTIC_ACCESS_SURVEY,NOT_SURVEYED_NOT_OPERATIONAL,256295.525054,Local road alignment requires terrain survey
DOM-SERVICE-visual-territory-07-E2-35,SERVICE-visual-territory-07-E2-35,GATE-07,visual-territory-07,1146.0654843419761,DOMESTIC_ACCESS_SURVEY,NOT_SURVEYED_NOT_OPERATIONAL,256295.525054,Local road alignment requires terrain survey
DOM-POWER-07-10,POWER-07-10,GATE-07,visual-territory-07,1146.0654843419761,DOMESTIC_ACCESS_SURVEY,NOT_SURVEYED_NOT_OPERATIONAL,256295.525054,Local road alignment requires terrain survey
DOM-POWER-07-11,POWER-07-11,GATE-07,visual-territory-07,1146.0654843419761,DOMESTIC_ACCESS_SURVEY,NOT_SURVEYED_NOT_OPERATIONAL,256295.525054,Local road alignment requires terrain survey
DOM-POWER-07-23,POWER-07-23,GATE-07,visual-territory-07,1146.0654843419761,DOMESTIC_ACCESS_SURVEY,NOT_SURVEYED_NOT_OPERATIONAL,256295.525054,Local road alignment requires terrain survey
DOM-POWER-07-13,POWER-07-13,GATE-07,visual-territory-07,1146.0654843419761,DOMESTIC_ACCESS_SURVEY,NOT_SURVEYED_NOT_OPERATIONAL,256295.525054,Local road alignment requires terrain survey
DOM-WAREHOUSE-07,WAREHOUSE-07,GATE-07,visual-territory-07,1146.0654843419761,DOMESTIC_ACCESS_SURVEY,NOT_SURVEYED_NOT_OPERATIONAL,256295.525054,Local road alignment requires terrain survey
DOM-SF048,SF048,GATE-08,visual-territory-08,1578.1692052391243,DOMESTIC_ACCESS_SURVEY,NOT_SURVEYED_NOT_OPERATIONAL,391589.640534,Local road alignment requires terrain survey
DOM-SF049,SF049,GATE-08,visual-territory-08,766.3458799458729,DOMESTIC_ACCESS_SURVEY,NOT_SURVEYED_NOT_OPERATIONAL,391589.640534,Local road alignment requires terrain survey
DOM-SF050,SF050,GATE-08,visual-territory-08,2540.3526049674538,DOMESTIC_ACCESS_SURVEY,NOT_SURVEYED_NOT_OPERATIONAL,391589.640534,Local road alignment requires terrain survey
DOM-SF051,SF051,GATE-08,visual-territory-08,1269.8438874466335,DOMESTIC_ACCESS_SURVEY,NOT_SURVEYED_NOT_OPERATIONAL,391589.640534,Local road alignment requires terrain survey
DOM-SF052,SF052,GATE-08,visual-territory-08,2754.1211726729066,DOMESTIC_ACCESS_SURVEY,NOT_SURVEYED_NOT_OPERATIONAL,391589.640534,Local road alignment requires terrain survey
DOM-SF053,SF053,GATE-08,visual-territory-08,442.1671940418558,DOMESTIC_ACCESS_SURVEY,NOT_SURVEYED_NOT_OPERATIONAL,391589.640534,Local road alignment requires terrain survey
DOM-SF054,SF054,GATE-08,visual-territory-08,1482.5360680509323,DOMESTIC_ACCESS_SURVEY,NOT_SURVEYED_NOT_OPERATIONAL,391589.640534,Local road alignment requires terrain survey
DOM-OPEN-08-GRAIN,OPEN-08-GRAIN,GATE-08,visual-territory-08,1381.2610513512586,DOMESTIC_ACCESS_SURVEY,NOT_SURVEYED_NOT_OPERATIONAL,391589.640534,Local road alignment requires terrain survey
DOM-OPEN-08-SEMICONDUCTORS,OPEN-08-SEMICONDUCTORS,GATE-08,visual-territory-08,1381.2610513512586,DOMESTIC_ACCESS_SURVEY,NOT_SURVEYED_NOT_OPERATIONAL,391589.640534,Local road alignment requires terrain survey
DOM-SERVICE-visual-territory-08-E1-36,SERVICE-visual-territory-08-E1-36,GATE-08,visual-territory-08,1381.2610513512586,DOMESTIC_ACCESS_SURVEY,NOT_SURVEYED_NOT_OPERATIONAL,391589.640534,Local road alignment requires terrain survey
DOM-SERVICE-visual-territory-08-E1-31,SERVICE-visual-territory-08-E1-31,GATE-08,visual-territory-08,1381.2610513512586,DOMESTIC_ACCESS_SURVEY,NOT_SURVEYED_NOT_OPERATIONAL,391589.640534,Local road alignment requires terrain survey
DOM-SERVICE-visual-territory-08-E1-35,SERVICE-visual-territory-08-E1-35,GATE-08,visual-territory-08,1381.2610513512586,DOMESTIC_ACCESS_SURVEY,NOT_SURVEYED_NOT_OPERATIONAL,391589.640534,Local road alignment requires terrain survey
DOM-SERVICE-visual-territory-08-E2-36,SERVICE-visual-territory-08-E2-36,GATE-08,visual-territory-08,1054.9351740648522,DOMESTIC_ACCESS_SURVEY,NOT_SURVEYED_NOT_OPERATIONAL,391589.640534,Local road alignment requires terrain survey
DOM-SERVICE-visual-territory-08-E2-31,SERVICE-visual-territory-08-E2-31,GATE-08,visual-territory-08,1054.9351740648522,DOMESTIC_ACCESS_SURVEY,NOT_SURVEYED_NOT_OPERATIONAL,391589.640534,Local road alignment requires terrain survey
DOM-SERVICE-visual-territory-08-E2-35,SERVICE-visual-territory-08-E2-35,GATE-08,visual-territory-08,1054.9351740648522,DOMESTIC_ACCESS_SURVEY,NOT_SURVEYED_NOT_OPERATIONAL,391589.640534,Local road alignment requires terrain survey
DOM-POWER-08-10,POWER-08-10,GATE-08,visual-territory-08,1381.2610513512586,DOMESTIC_ACCESS_SURVEY,NOT_SURVEYED_NOT_OPERATIONAL,391589.640534,Local road alignment requires terrain survey
DOM-POWER-08-11,POWER-08-11,GATE-08,visual-territory-08,1381.2610513512586,DOMESTIC_ACCESS_SURVEY,NOT_SURVEYED_NOT_OPERATIONAL,391589.640534,Local road alignment requires terrain survey
DOM-POWER-08-23,POWER-08-23,GATE-08,visual-territory-08,1381.2610513512586,DOMESTIC_ACCESS_SURVEY,NOT_SURVEYED_NOT_OPERATIONAL,391589.640534,Local road alignment requires terrain survey
DOM-POWER-08-13,POWER-08-13,GATE-08,visual-territory-08,1381.2610513512586,DOMESTIC_ACCESS_SURVEY,NOT_SURVEYED_NOT_OPERATIONAL,391589.640534,Local road alignment requires terrain survey
DOM-WAREHOUSE-08,WAREHOUSE-08,GATE-08,visual-territory-08,1381.2610513512586,DOMESTIC_ACCESS_SURVEY,NOT_SURVEYED_NOT_OPERATIONAL,391589.640534,Local road alignment requires terrain survey
DOM-SF055,SF055,GATE-09,visual-territory-09,1331.020229513116,DOMESTIC_ACCESS_SURVEY,NOT_SURVEYED_NOT_OPERATIONAL,245229.068023,Local road alignment requires terrain survey
DOM-SF056,SF056,GATE-09,visual-territory-09,1954.622414285004,DOMESTIC_ACCESS_SURVEY,NOT_SURVEYED_NOT_OPERATIONAL,245229.068023,Local road alignment requires terrain survey
DOM-SF057,SF057,GATE-09,visual-territory-09,1011.2322445424793,DOMESTIC_ACCESS_SURVEY,NOT_SURVEYED_NOT_OPERATIONAL,245229.068023,Local road alignment requires terrain survey
DOM-SF058,SF058,GATE-09,visual-territory-09,1612.0464249793556,DOMESTIC_ACCESS_SURVEY,NOT_SURVEYED_NOT_OPERATIONAL,245229.068023,Local road alignment requires terrain survey
DOM-OPEN-RES42,OPEN-RES42,GATE-09,visual-territory-09,1331.020229513116,DOMESTIC_ACCESS_SURVEY,NOT_SURVEYED_NOT_OPERATIONAL,245229.068023,Local road alignment requires terrain survey
DOM-OPEN-09-GRAIN,OPEN-09-GRAIN,GATE-09,visual-territory-09,379.17343406617107,DOMESTIC_ACCESS_SURVEY,NOT_SURVEYED_NOT_OPERATIONAL,245229.068023,Local road alignment requires terrain survey
DOM-OPEN-RES120,OPEN-RES120,GATE-09,visual-territory-09,1612.0464249793556,DOMESTIC_ACCESS_SURVEY,NOT_SURVEYED_NOT_OPERATIONAL,245229.068023,Local road alignment requires terrain survey
DOM-OPEN-09-STEEL,OPEN-09-STEEL,GATE-09,visual-territory-09,379.17343406617107,DOMESTIC_ACCESS_SURVEY,NOT_SURVEYED_NOT_OPERATIONAL,245229.068023,Local road alignment requires terrain survey
DOM-SERVICE-visual-territory-09-E1-36,SERVICE-visual-territory-09-E1-36,GATE-09,visual-territory-09,379.17343406617107,DOMESTIC_ACCESS_SURVEY,NOT_SURVEYED_NOT_OPERATIONAL,245229.068023,Local road alignment requires terrain survey
DOM-SERVICE-visual-territory-09-E1-31,SERVICE-visual-territory-09-E1-31,GATE-09,visual-territory-09,379.17343406617107,DOMESTIC_ACCESS_SURVEY,NOT_SURVEYED_NOT_OPERATIONAL,245229.068023,Local road alignment requires terrain survey
DOM-SERVICE-visual-territory-09-E1-35,SERVICE-visual-territory-09-E1-35,GATE-09,visual-territory-09,379.17343406617107,DOMESTIC_ACCESS_SURVEY,NOT_SURVEYED_NOT_OPERATIONAL,245229.068023,Local road alignment requires terrain survey
DOM-SERVICE-visual-territory-09-E2-36,SERVICE-visual-territory-09-E2-36,GATE-09,visual-territory-09,1540.7045922526095,DOMESTIC_ACCESS_SURVEY,NOT_SURVEYED_NOT_OPERATIONAL,245229.068023,Local road alignment requires terrain survey
DOM-SERVICE-visual-territory-09-E2-31,SERVICE-visual-territory-09-E2-31,GATE-09,visual-territory-09,1540.7045922526095,DOMESTIC_ACCESS_SURVEY,NOT_SURVEYED_NOT_OPERATIONAL,245229.068023,Local road alignment requires terrain survey
DOM-SERVICE-visual-territory-09-E2-35,SERVICE-visual-territory-09-E2-35,GATE-09,visual-territory-09,1540.7045922526095,DOMESTIC_ACCESS_SURVEY,NOT_SURVEYED_NOT_OPERATIONAL,245229.068023,Local road alignment requires terrain survey
DOM-POWER-09-10,POWER-09-10,GATE-09,visual-territory-09,379.17343406617107,DOMESTIC_ACCESS_SURVEY,NOT_SURVEYED_NOT_OPERATIONAL,245229.068023,Local road alignment requires terrain survey
DOM-POWER-09-11,POWER-09-11,GATE-09,visual-territory-09,379.17343406617107,DOMESTIC_ACCESS_SURVEY,NOT_SURVEYED_NOT_OPERATIONAL,245229.068023,Local road alignment requires terrain survey
DOM-POWER-09-23,POWER-09-23,GATE-09,visual-territory-09,379.17343406617107,DOMESTIC_ACCESS_SURVEY,NOT_SURVEYED_NOT_OPERATIONAL,245229.068023,Local road alignment requires terrain survey
DOM-POWER-09-13,POWER-09-13,GATE-09,visual-territory-09,379.17343406617107,DOMESTIC_ACCESS_SURVEY,NOT_SURVEYED_NOT_OPERATIONAL,245229.068023,Local road alignment requires terrain survey
DOM-WAREHOUSE-09,WAREHOUSE-09,GATE-09,visual-territory-09,379.17343406617107,DOMESTIC_ACCESS_SURVEY,NOT_SURVEYED_NOT_OPERATIONAL,245229.068023,Local road alignment requires terrain survey
DOM-SF059,SF059,GATE-10,visual-territory-10,1704.379059385659,DOMESTIC_ACCESS_SURVEY,NOT_SURVEYED_NOT_OPERATIONAL,182427.085011,Local road alignment requires terrain survey
DOM-SF060,SF060,GATE-10,visual-territory-10,2759.0219902614213,DOMESTIC_ACCESS_SURVEY,NOT_SURVEYED_NOT_OPERATIONAL,182427.085011,Local road alignment requires terrain survey
DOM-SF061,SF061,GATE-10,visual-territory-10,647.4321214064134,DOMESTIC_ACCESS_SURVEY,NOT_SURVEYED_NOT_OPERATIONAL,182427.085011,Local road alignment requires terrain survey
DOM-OPEN-RES123,OPEN-RES123,GATE-10,visual-territory-10,647.4321214064134,DOMESTIC_ACCESS_SURVEY,NOT_SURVEYED_NOT_OPERATIONAL,182427.085011,Local road alignment requires terrain survey
DOM-OPEN-RES122,OPEN-RES122,GATE-10,visual-territory-10,2759.0219902614213,DOMESTIC_ACCESS_SURVEY,NOT_SURVEYED_NOT_OPERATIONAL,182427.085011,Local road alignment requires terrain survey
DOM-OPEN-10-GRAIN,OPEN-10-GRAIN,GATE-10,visual-territory-10,977.3831997178028,DOMESTIC_ACCESS_SURVEY,NOT_SURVEYED_NOT_OPERATIONAL,182427.085011,Local road alignment requires terrain survey
DOM-OPEN-RES124,OPEN-RES124,GATE-10,visual-territory-10,2385.5518657333246,DOMESTIC_ACCESS_SURVEY,NOT_SURVEYED_NOT_OPERATIONAL,182427.085011,Local road alignment requires terrain survey
DOM-OPEN-10-REFINED_FUEL,OPEN-10-REFINED_FUEL,GATE-10,visual-territory-10,977.3831997178028,DOMESTIC_ACCESS_SURVEY,NOT_SURVEYED_NOT_OPERATIONAL,182427.085011,Local road alignment requires terrain survey
DOM-OPEN-10-BATTERIES,OPEN-10-BATTERIES,GATE-10,visual-territory-10,977.3831997178028,DOMESTIC_ACCESS_SURVEY,NOT_SURVEYED_NOT_OPERATIONAL,182427.085011,Local road alignment requires terrain survey
DOM-SERVICE-visual-territory-10-E1-36,SERVICE-visual-territory-10-E1-36,GATE-10,visual-territory-10,977.3831997178028,DOMESTIC_ACCESS_SURVEY,NOT_SURVEYED_NOT_OPERATIONAL,182427.085011,Local road alignment requires terrain survey
DOM-SERVICE-visual-territory-10-E1-31,SERVICE-visual-territory-10-E1-31,GATE-10,visual-territory-10,977.3831997178028,DOMESTIC_ACCESS_SURVEY,NOT_SURVEYED_NOT_OPERATIONAL,182427.085011,Local road alignment requires terrain survey
DOM-SERVICE-visual-territory-10-E1-35,SERVICE-visual-territory-10-E1-35,GATE-10,visual-territory-10,977.3831997178028,DOMESTIC_ACCESS_SURVEY,NOT_SURVEYED_NOT_OPERATIONAL,182427.085011,Local road alignment requires terrain survey
DOM-SERVICE-visual-territory-10-E2-36,SERVICE-visual-territory-10-E2-36,GATE-10,visual-territory-10,1827.36818025348,DOMESTIC_ACCESS_SURVEY,NOT_SURVEYED_NOT_OPERATIONAL,182427.085011,Local road alignment requires terrain survey
DOM-SERVICE-visual-territory-10-E2-31,SERVICE-visual-territory-10-E2-31,GATE-10,visual-territory-10,1827.36818025348,DOMESTIC_ACCESS_SURVEY,NOT_SURVEYED_NOT_OPERATIONAL,182427.085011,Local road alignment requires terrain survey
DOM-SERVICE-visual-territory-10-E2-35,SERVICE-visual-territory-10-E2-35,GATE-10,visual-territory-10,1827.36818025348,DOMESTIC_ACCESS_SURVEY,NOT_SURVEYED_NOT_OPERATIONAL,182427.085011,Local road alignment requires terrain survey
DOM-POWER-10-10,POWER-10-10,GATE-10,visual-territory-10,977.3831997178028,DOMESTIC_ACCESS_SURVEY,NOT_SURVEYED_NOT_OPERATIONAL,182427.085011,Local road alignment requires terrain survey
DOM-POWER-10-11,POWER-10-11,GATE-10,visual-territory-10,977.3831997178028,DOMESTIC_ACCESS_SURVEY,NOT_SURVEYED_NOT_OPERATIONAL,182427.085011,Local road alignment requires terrain survey
DOM-POWER-10-23,POWER-10-23,GATE-10,visual-territory-10,977.3831997178028,DOMESTIC_ACCESS_SURVEY,NOT_SURVEYED_NOT_OPERATIONAL,182427.085011,Local road alignment requires terrain survey
DOM-POWER-10-13,POWER-10-13,GATE-10,visual-territory-10,977.3831997178028,DOMESTIC_ACCESS_SURVEY,NOT_SURVEYED_NOT_OPERATIONAL,182427.085011,Local road alignment requires terrain survey
DOM-WAREHOUSE-10,WAREHOUSE-10,GATE-10,visual-territory-10,977.3831997178028,DOMESTIC_ACCESS_SURVEY,NOT_SURVEYED_NOT_OPERATIONAL,182427.085011,Local road alignment requires terrain survey
DOM-SF062,SF062,GATE-11,visual-territory-11,780.898050448395,DOMESTIC_ACCESS_SURVEY,NOT_SURVEYED_NOT_OPERATIONAL,76294.387475,Local road alignment requires terrain survey
DOM-SF063,SF063,GATE-11,visual-territory-11,1295.0091389407141,DOMESTIC_ACCESS_SURVEY,NOT_SURVEYED_NOT_OPERATIONAL,76294.387475,Local road alignment requires terrain survey
DOM-SF064,SF064,GATE-11,visual-territory-11,1309.9908331405961,DOMESTIC_ACCESS_SURVEY,NOT_SURVEYED_NOT_OPERATIONAL,76294.387475,Local road alignment requires terrain survey
DOM-OPEN-RES24,OPEN-RES24,GATE-11,visual-territory-11,780.898050448395,DOMESTIC_ACCESS_SURVEY,NOT_SURVEYED_NOT_OPERATIONAL,76294.387475,Local road alignment requires terrain survey
DOM-OPEN-11-GRAIN,OPEN-11-GRAIN,GATE-11,visual-territory-11,1137.0047239178475,DOMESTIC_ACCESS_SURVEY,NOT_SURVEYED_NOT_OPERATIONAL,76294.387475,Local road alignment requires terrain survey
DOM-OPEN-RES125,OPEN-RES125,GATE-11,visual-territory-11,1309.9908331405961,DOMESTIC_ACCESS_SURVEY,NOT_SURVEYED_NOT_OPERATIONAL,76294.387475,Local road alignment requires terrain survey
DOM-OPEN-RES60,OPEN-RES60,GATE-11,visual-territory-11,1295.0091389407141,DOMESTIC_ACCESS_SURVEY,NOT_SURVEYED_NOT_OPERATIONAL,76294.387475,Local road alignment requires terrain survey
DOM-OPEN-11-BATTERIES,OPEN-11-BATTERIES,GATE-11,visual-territory-11,1137.0047239178475,DOMESTIC_ACCESS_SURVEY,NOT_SURVEYED_NOT_OPERATIONAL,76294.387475,Local road alignment requires terrain survey
DOM-SERVICE-visual-territory-11-E1-36,SERVICE-visual-territory-11-E1-36,GATE-11,visual-territory-11,1137.0047239178475,DOMESTIC_ACCESS_SURVEY,NOT_SURVEYED_NOT_OPERATIONAL,76294.387475,Local road alignment requires terrain survey
DOM-SERVICE-visual-territory-11-E1-31,SERVICE-visual-territory-11-E1-31,GATE-11,visual-territory-11,1137.0047239178475,DOMESTIC_ACCESS_SURVEY,NOT_SURVEYED_NOT_OPERATIONAL,76294.387475,Local road alignment requires terrain survey
DOM-SERVICE-visual-territory-11-E1-35,SERVICE-visual-territory-11-E1-35,GATE-11,visual-territory-11,1137.0047239178475,DOMESTIC_ACCESS_SURVEY,NOT_SURVEYED_NOT_OPERATIONAL,76294.387475,Local road alignment requires terrain survey
DOM-POWER-11-10,POWER-11-10,GATE-11,visual-territory-11,1137.0047239178475,DOMESTIC_ACCESS_SURVEY,NOT_SURVEYED_NOT_OPERATIONAL,76294.387475,Local road alignment requires terrain survey
DOM-POWER-11-11,POWER-11-11,GATE-11,visual-territory-11,1137.0047239178475,DOMESTIC_ACCESS_SURVEY,NOT_SURVEYED_NOT_OPERATIONAL,76294.387475,Local road alignment requires terrain survey
DOM-POWER-11-23,POWER-11-23,GATE-11,visual-territory-11,1137.0047239178475,DOMESTIC_ACCESS_SURVEY,NOT_SURVEYED_NOT_OPERATIONAL,76294.387475,Local road alignment requires terrain survey
DOM-POWER-11-13,POWER-11-13,GATE-11,visual-territory-11,1137.0047239178475,DOMESTIC_ACCESS_SURVEY,NOT_SURVEYED_NOT_OPERATIONAL,76294.387475,Local road alignment requires terrain survey
DOM-WAREHOUSE-11,WAREHOUSE-11,GATE-11,visual-territory-11,1137.0047239178475,DOMESTIC_ACCESS_SURVEY,NOT_SURVEYED_NOT_OPERATIONAL,76294.387475,Local road alignment requires terrain survey
DOM-H06,H06,GATE-12,visual-territory-12,1078.6573913853977,DOMESTIC_ACCESS_SURVEY,NOT_SURVEYED_NOT_OPERATIONAL,453908.233021,Local road alignment requires terrain survey
DOM-SF065,SF065,GATE-12,visual-territory-12,2031.58213669693,DOMESTIC_ACCESS_SURVEY,NOT_SURVEYED_NOT_OPERATIONAL,453908.233021,Local road alignment requires terrain survey
DOM-SF066,SF066,GATE-12,visual-territory-12,680.0817487520762,DOMESTIC_ACCESS_SURVEY,NOT_SURVEYED_NOT_OPERATIONAL,453908.233021,Local road alignment requires terrain survey
DOM-SF067,SF067,GATE-12,visual-territory-12,2243.816170000317,DOMESTIC_ACCESS_SURVEY,NOT_SURVEYED_NOT_OPERATIONAL,453908.233021,Local road alignment requires terrain survey
DOM-OPEN-RES127,OPEN-RES127,GATE-12,visual-territory-12,680.0817487520762,DOMESTIC_ACCESS_SURVEY,NOT_SURVEYED_NOT_OPERATIONAL,453908.233021,Local road alignment requires terrain survey
DOM-OPEN-12-SEMICONDUCTORS,OPEN-12-SEMICONDUCTORS,GATE-12,visual-territory-12,816.8622005005652,DOMESTIC_ACCESS_SURVEY,NOT_SURVEYED_NOT_OPERATIONAL,453908.233021,Local road alignment requires terrain survey
DOM-OPEN-12-BATTERIES,OPEN-12-BATTERIES,GATE-12,visual-territory-12,816.8622005005652,DOMESTIC_ACCESS_SURVEY,NOT_SURVEYED_NOT_OPERATIONAL,453908.233021,Local road alignment requires terrain survey
DOM-SERVICE-visual-territory-12-E1-36,SERVICE-visual-territory-12-E1-36,GATE-12,visual-territory-12,816.8622005005652,DOMESTIC_ACCESS_SURVEY,NOT_SURVEYED_NOT_OPERATIONAL,453908.233021,Local road alignment requires terrain survey
DOM-SERVICE-visual-territory-12-E1-31,SERVICE-visual-territory-12-E1-31,GATE-12,visual-territory-12,816.8622005005652,DOMESTIC_ACCESS_SURVEY,NOT_SURVEYED_NOT_OPERATIONAL,453908.233021,Local road alignment requires terrain survey
DOM-SERVICE-visual-territory-12-E1-35,SERVICE-visual-territory-12-E1-35,GATE-12,visual-territory-12,816.8622005005652,DOMESTIC_ACCESS_SURVEY,NOT_SURVEYED_NOT_OPERATIONAL,453908.233021,Local road alignment requires terrain survey
DOM-SERVICE-visual-territory-12-E2-36,SERVICE-visual-territory-12-E2-36,GATE-12,visual-territory-12,2281.269161596404,DOMESTIC_ACCESS_SURVEY,NOT_SURVEYED_NOT_OPERATIONAL,453908.233021,Local road alignment requires terrain survey
DOM-SERVICE-visual-territory-12-E2-31,SERVICE-visual-territory-12-E2-31,GATE-12,visual-territory-12,2281.269161596404,DOMESTIC_ACCESS_SURVEY,NOT_SURVEYED_NOT_OPERATIONAL,453908.233021,Local road alignment requires terrain survey
DOM-SERVICE-visual-territory-12-E2-35,SERVICE-visual-territory-12-E2-35,GATE-12,visual-territory-12,2281.269161596404,DOMESTIC_ACCESS_SURVEY,NOT_SURVEYED_NOT_OPERATIONAL,453908.233021,Local road alignment requires terrain survey
DOM-POWER-12-10,POWER-12-10,GATE-12,visual-territory-12,816.8622005005652,DOMESTIC_ACCESS_SURVEY,NOT_SURVEYED_NOT_OPERATIONAL,453908.233021,Local road alignment requires terrain survey
DOM-POWER-12-11,POWER-12-11,GATE-12,visual-territory-12,816.8622005005652,DOMESTIC_ACCESS_SURVEY,NOT_SURVEYED_NOT_OPERATIONAL,453908.233021,Local road alignment requires terrain survey
DOM-POWER-12-23,POWER-12-23,GATE-12,visual-territory-12,816.8622005005652,DOMESTIC_ACCESS_SURVEY,NOT_SURVEYED_NOT_OPERATIONAL,453908.233021,Local road alignment requires terrain survey
DOM-POWER-12-13,POWER-12-13,GATE-12,visual-territory-12,816.8622005005652,DOMESTIC_ACCESS_SURVEY,NOT_SURVEYED_NOT_OPERATIONAL,453908.233021,Local road alignment requires terrain survey
DOM-WAREHOUSE-12,WAREHOUSE-12,GATE-12,visual-territory-12,816.8622005005652,DOMESTIC_ACCESS_SURVEY,NOT_SURVEYED_NOT_OPERATIONAL,453908.233021,Local road alignment requires terrain survey
DOM-SF068,SF068,GATE-13,visual-territory-13,340.0408743760381,DOMESTIC_ACCESS_SURVEY,NOT_SURVEYED_NOT_OPERATIONAL,190958.338814,Local road alignment requires terrain survey
DOM-SF069,SF069,GATE-13,visual-territory-13,1513.6133032694477,DOMESTIC_ACCESS_SURVEY,NOT_SURVEYED_NOT_OPERATIONAL,190958.338814,Local road alignment requires terrain survey
DOM-OPEN-RES93,OPEN-RES93,GATE-13,visual-territory-13,1010.884283674963,DOMESTIC_ACCESS_SURVEY,NOT_SURVEYED_NOT_OPERATIONAL,190958.338814,Local road alignment requires terrain survey
DOM-OPEN-13-GRAIN,OPEN-13-GRAIN,GATE-13,visual-territory-13,0.0,DOMESTIC_ACCESS_SURVEY,NOT_SURVEYED_NOT_OPERATIONAL,190958.338814,Local road alignment requires terrain survey
DOM-OPEN-RES52,OPEN-RES52,GATE-13,visual-territory-13,699.831860597279,DOMESTIC_ACCESS_SURVEY,NOT_SURVEYED_NOT_OPERATIONAL,190958.338814,Local road alignment requires terrain survey
DOM-OPEN-RES25,OPEN-RES25,GATE-13,visual-territory-13,340.0408743760381,DOMESTIC_ACCESS_SURVEY,NOT_SURVEYED_NOT_OPERATIONAL,190958.338814,Local road alignment requires terrain survey
DOM-OPEN-RES51,OPEN-RES51,GATE-13,visual-territory-13,1513.6133032694477,DOMESTIC_ACCESS_SURVEY,NOT_SURVEYED_NOT_OPERATIONAL,190958.338814,Local road alignment requires terrain survey
DOM-OPEN-13-STEEL,OPEN-13-STEEL,GATE-13,visual-territory-13,0.0,DOMESTIC_ACCESS_SURVEY,NOT_SURVEYED_NOT_OPERATIONAL,190958.338814,Local road alignment requires terrain survey
DOM-OPEN-13-SEMICONDUCTORS,OPEN-13-SEMICONDUCTORS,GATE-13,visual-territory-13,0.0,DOMESTIC_ACCESS_SURVEY,NOT_SURVEYED_NOT_OPERATIONAL,190958.338814,Local road alignment requires terrain survey
DOM-OPEN-13-BATTERIES,OPEN-13-BATTERIES,GATE-13,visual-territory-13,0.0,DOMESTIC_ACCESS_SURVEY,NOT_SURVEYED_NOT_OPERATIONAL,190958.338814,Local road alignment requires terrain survey
DOM-SERVICE-visual-territory-13-E1-36,SERVICE-visual-territory-13-E1-36,GATE-13,visual-territory-13,0.0,DOMESTIC_ACCESS_SURVEY,NOT_SURVEYED_NOT_OPERATIONAL,190958.338814,Local road alignment requires terrain survey
DOM-SERVICE-visual-territory-13-E1-31,SERVICE-visual-territory-13-E1-31,GATE-13,visual-territory-13,0.0,DOMESTIC_ACCESS_SURVEY,NOT_SURVEYED_NOT_OPERATIONAL,190958.338814,Local road alignment requires terrain survey
DOM-SERVICE-visual-territory-13-E1-35,SERVICE-visual-territory-13-E1-35,GATE-13,visual-territory-13,0.0,DOMESTIC_ACCESS_SURVEY,NOT_SURVEYED_NOT_OPERATIONAL,190958.338814,Local road alignment requires terrain survey
DOM-SERVICE-visual-territory-13-E2-36,SERVICE-visual-territory-13-E2-36,GATE-13,visual-territory-13,1541.5416216026515,DOMESTIC_ACCESS_SURVEY,NOT_SURVEYED_NOT_OPERATIONAL,190958.338814,Local road alignment requires terrain survey
DOM-SERVICE-visual-territory-13-E2-31,SERVICE-visual-territory-13-E2-31,GATE-13,visual-territory-13,1541.5416216026515,DOMESTIC_ACCESS_SURVEY,NOT_SURVEYED_NOT_OPERATIONAL,190958.338814,Local road alignment requires terrain survey
DOM-SERVICE-visual-territory-13-E2-35,SERVICE-visual-territory-13-E2-35,GATE-13,visual-territory-13,1541.5416216026515,DOMESTIC_ACCESS_SURVEY,NOT_SURVEYED_NOT_OPERATIONAL,190958.338814,Local road alignment requires terrain survey
DOM-POWER-13-10,POWER-13-10,GATE-13,visual-territory-13,0.0,DOMESTIC_ACCESS_SURVEY,NOT_SURVEYED_NOT_OPERATIONAL,190958.338814,Local road alignment requires terrain survey
DOM-POWER-13-11,POWER-13-11,GATE-13,visual-territory-13,0.0,DOMESTIC_ACCESS_SURVEY,NOT_SURVEYED_NOT_OPERATIONAL,190958.338814,Local road alignment requires terrain survey
DOM-POWER-13-23,POWER-13-23,GATE-13,visual-territory-13,0.0,DOMESTIC_ACCESS_SURVEY,NOT_SURVEYED_NOT_OPERATIONAL,190958.338814,Local road alignment requires terrain survey
DOM-POWER-13-13,POWER-13-13,GATE-13,visual-territory-13,0.0,DOMESTIC_ACCESS_SURVEY,NOT_SURVEYED_NOT_OPERATIONAL,190958.338814,Local road alignment requires terrain survey
DOM-WAREHOUSE-13,WAREHOUSE-13,GATE-13,visual-territory-13,0.0,DOMESTIC_ACCESS_SURVEY,NOT_SURVEYED_NOT_OPERATIONAL,190958.338814,Local road alignment requires terrain survey
DOM-SF070,SF070,GATE-14,visual-territory-14,2150.9562757889244,DOMESTIC_ACCESS_SURVEY,NOT_SURVEYED_NOT_OPERATIONAL,285642.503394,Local road alignment requires terrain survey
DOM-SF071,SF071,GATE-14,visual-territory-14,2189.3445379240848,DOMESTIC_ACCESS_SURVEY,NOT_SURVEYED_NOT_OPERATIONAL,285642.503394,Local road alignment requires terrain survey
DOM-SF072,SF072,GATE-14,visual-territory-14,368.06223322866856,DOMESTIC_ACCESS_SURVEY,NOT_SURVEYED_NOT_OPERATIONAL,285642.503394,Local road alignment requires terrain survey
DOM-SF073,SF073,GATE-14,visual-territory-14,1220.4168786003222,DOMESTIC_ACCESS_SURVEY,NOT_SURVEYED_NOT_OPERATIONAL,285642.503394,Local road alignment requires terrain survey
DOM-SF074,SF074,GATE-14,visual-territory-14,3014.5870336089915,DOMESTIC_ACCESS_SURVEY,NOT_SURVEYED_NOT_OPERATIONAL,285642.503394,Local road alignment requires terrain survey
DOM-OPEN-RES131,OPEN-RES131,GATE-14,visual-territory-14,1220.4168786003222,DOMESTIC_ACCESS_SURVEY,NOT_SURVEYED_NOT_OPERATIONAL,285642.503394,Local road alignment requires terrain survey
DOM-OPEN-14-GRAIN,OPEN-14-GRAIN,GATE-14,visual-territory-14,602.5889953019745,DOMESTIC_ACCESS_SURVEY,NOT_SURVEYED_NOT_OPERATIONAL,285642.503394,Local road alignment requires terrain survey
DOM-OPEN-14-STEEL,OPEN-14-STEEL,GATE-14,visual-territory-14,602.5889953019745,DOMESTIC_ACCESS_SURVEY,NOT_SURVEYED_NOT_OPERATIONAL,285642.503394,Local road alignment requires terrain survey
DOM-SERVICE-visual-territory-14-E1-36,SERVICE-visual-territory-14-E1-36,GATE-14,visual-territory-14,1943.5155921928067,DOMESTIC_ACCESS_SURVEY,NOT_SURVEYED_NOT_OPERATIONAL,285642.503394,Local road alignment requires terrain survey
DOM-SERVICE-visual-territory-14-E1-31,SERVICE-visual-territory-14-E1-31,GATE-14,visual-territory-14,1943.5155921928067,DOMESTIC_ACCESS_SURVEY,NOT_SURVEYED_NOT_OPERATIONAL,285642.503394,Local road alignment requires terrain survey
DOM-SERVICE-visual-territory-14-E1-35,SERVICE-visual-territory-14-E1-35,GATE-14,visual-territory-14,1943.5155921928067,DOMESTIC_ACCESS_SURVEY,NOT_SURVEYED_NOT_OPERATIONAL,285642.503394,Local road alignment requires terrain survey
DOM-SERVICE-visual-territory-14-E2-36,SERVICE-visual-territory-14-E2-36,GATE-14,visual-territory-14,602.5889953019745,DOMESTIC_ACCESS_SURVEY,NOT_SURVEYED_NOT_OPERATIONAL,285642.503394,Local road alignment requires terrain survey
DOM-SERVICE-visual-territory-14-E2-31,SERVICE-visual-territory-14-E2-31,GATE-14,visual-territory-14,602.5889953019745,DOMESTIC_ACCESS_SURVEY,NOT_SURVEYED_NOT_OPERATIONAL,285642.503394,Local road alignment requires terrain survey
DOM-SERVICE-visual-territory-14-E2-35,SERVICE-visual-territory-14-E2-35,GATE-14,visual-territory-14,602.5889953019745,DOMESTIC_ACCESS_SURVEY,NOT_SURVEYED_NOT_OPERATIONAL,285642.503394,Local road alignment requires terrain survey
DOM-POWER-14-10,POWER-14-10,GATE-14,visual-territory-14,602.5889953019745,DOMESTIC_ACCESS_SURVEY,NOT_SURVEYED_NOT_OPERATIONAL,285642.503394,Local road alignment requires terrain survey
DOM-POWER-14-11,POWER-14-11,GATE-14,visual-territory-14,602.5889953019745,DOMESTIC_ACCESS_SURVEY,NOT_SURVEYED_NOT_OPERATIONAL,285642.503394,Local road alignment requires terrain survey
DOM-POWER-14-23,POWER-14-23,GATE-14,visual-territory-14,602.5889953019745,DOMESTIC_ACCESS_SURVEY,NOT_SURVEYED_NOT_OPERATIONAL,285642.503394,Local road alignment requires terrain survey
DOM-POWER-14-13,POWER-14-13,GATE-14,visual-territory-14,602.5889953019745,DOMESTIC_ACCESS_SURVEY,NOT_SURVEYED_NOT_OPERATIONAL,285642.503394,Local road alignment requires terrain survey
DOM-WAREHOUSE-14,WAREHOUSE-14,GATE-14,visual-territory-14,602.5889953019745,DOMESTIC_ACCESS_SURVEY,NOT_SURVEYED_NOT_OPERATIONAL,285642.503394,Local road alignment requires terrain survey
DOM-SF075,SF075,GATE-15,visual-territory-15,1936.2577780548747,DOMESTIC_ACCESS_SURVEY,NOT_SURVEYED_NOT_OPERATIONAL,324341.821515,Local road alignment requires terrain survey
DOM-SF076,SF076,GATE-15,visual-territory-15,539.6143291808196,DOMESTIC_ACCESS_SURVEY,NOT_SURVEYED_NOT_OPERATIONAL,324341.821515,Local road alignment requires terrain survey
DOM-SF077,SF077,GATE-15,visual-territory-15,2176.9687082087075,DOMESTIC_ACCESS_SURVEY,NOT_SURVEYED_NOT_OPERATIONAL,324341.821515,Local road alignment requires terrain survey
DOM-SF078,SF078,GATE-15,visual-territory-15,3735.1300261069405,DOMESTIC_ACCESS_SURVEY,NOT_SURVEYED_NOT_OPERATIONAL,324341.821515,Local road alignment requires terrain survey
DOM-SF079,SF079,GATE-15,visual-territory-15,3208.8125852873804,DOMESTIC_ACCESS_SURVEY,NOT_SURVEYED_NOT_OPERATIONAL,324341.821515,Local road alignment requires terrain survey
DOM-SF080,SF080,GATE-15,visual-territory-15,1488.7796950005354,DOMESTIC_ACCESS_SURVEY,NOT_SURVEYED_NOT_OPERATIONAL,324341.821515,Local road alignment requires terrain survey
DOM-SF081,SF081,GATE-15,visual-territory-15,2737.902980811401,DOMESTIC_ACCESS_SURVEY,NOT_SURVEYED_NOT_OPERATIONAL,324341.821515,Local road alignment requires terrain survey
DOM-OPEN-RES132,OPEN-RES132,GATE-15,visual-territory-15,539.6143291808196,DOMESTIC_ACCESS_SURVEY,NOT_SURVEYED_NOT_OPERATIONAL,324341.821515,Local road alignment requires terrain survey
DOM-OPEN-15-GRAIN,OPEN-15-GRAIN,GATE-15,visual-territory-15,1302.7695878663517,DOMESTIC_ACCESS_SURVEY,NOT_SURVEYED_NOT_OPERATIONAL,324341.821515,Local road alignment requires terrain survey
DOM-OPEN-15-BATTERIES,OPEN-15-BATTERIES,GATE-15,visual-territory-15,1302.7695878663517,DOMESTIC_ACCESS_SURVEY,NOT_SURVEYED_NOT_OPERATIONAL,324341.821515,Local road alignment requires terrain survey
DOM-SERVICE-visual-territory-15-E1-36,SERVICE-visual-territory-15-E1-36,GATE-15,visual-territory-15,2395.0023635938323,DOMESTIC_ACCESS_SURVEY,NOT_SURVEYED_NOT_OPERATIONAL,324341.821515,Local road alignment requires terrain survey
DOM-SERVICE-visual-territory-15-E1-31,SERVICE-visual-territory-15-E1-31,GATE-15,visual-territory-15,2395.0023635938323,DOMESTIC_ACCESS_SURVEY,NOT_SURVEYED_NOT_OPERATIONAL,324341.821515,Local road alignment requires terrain survey
DOM-SERVICE-visual-territory-15-E1-35,SERVICE-visual-territory-15-E1-35,GATE-15,visual-territory-15,2395.0023635938323,DOMESTIC_ACCESS_SURVEY,NOT_SURVEYED_NOT_OPERATIONAL,324341.821515,Local road alignment requires terrain survey
DOM-SERVICE-visual-territory-15-E2-36,SERVICE-visual-territory-15-E2-36,GATE-15,visual-territory-15,1302.7695878663517,DOMESTIC_ACCESS_SURVEY,NOT_SURVEYED_NOT_OPERATIONAL,324341.821515,Local road alignment requires terrain survey
DOM-SERVICE-visual-territory-15-E2-31,SERVICE-visual-territory-15-E2-31,GATE-15,visual-territory-15,1302.7695878663517,DOMESTIC_ACCESS_SURVEY,NOT_SURVEYED_NOT_OPERATIONAL,324341.821515,Local road alignment requires terrain survey
DOM-SERVICE-visual-territory-15-E2-35,SERVICE-visual-territory-15-E2-35,GATE-15,visual-territory-15,1302.7695878663517,DOMESTIC_ACCESS_SURVEY,NOT_SURVEYED_NOT_OPERATIONAL,324341.821515,Local road alignment requires terrain survey
DOM-POWER-15-10,POWER-15-10,GATE-15,visual-territory-15,1302.7695878663517,DOMESTIC_ACCESS_SURVEY,NOT_SURVEYED_NOT_OPERATIONAL,324341.821515,Local road alignment requires terrain survey
DOM-POWER-15-11,POWER-15-11,GATE-15,visual-territory-15,1302.7695878663517,DOMESTIC_ACCESS_SURVEY,NOT_SURVEYED_NOT_OPERATIONAL,324341.821515,Local road alignment requires terrain survey
DOM-POWER-15-23,POWER-15-23,GATE-15,visual-territory-15,1302.7695878663517,DOMESTIC_ACCESS_SURVEY,NOT_SURVEYED_NOT_OPERATIONAL,324341.821515,Local road alignment requires terrain survey
DOM-POWER-15-13,POWER-15-13,GATE-15,visual-territory-15,1302.7695878663517,DOMESTIC_ACCESS_SURVEY,NOT_SURVEYED_NOT_OPERATIONAL,324341.821515,Local road alignment requires terrain survey
DOM-WAREHOUSE-15,WAREHOUSE-15,GATE-15,visual-territory-15,1302.7695878663517,DOMESTIC_ACCESS_SURVEY,NOT_SURVEYED_NOT_OPERATIONAL,324341.821515,Local road alignment requires terrain survey
DOM-SF082,SF082,GATE-16,visual-territory-16,3277.339542444872,DOMESTIC_ACCESS_SURVEY,NOT_SURVEYED_NOT_OPERATIONAL,458681.582389,Local road alignment requires terrain survey
DOM-SF083,SF083,GATE-16,visual-territory-16,1425.9595127932962,DOMESTIC_ACCESS_SURVEY,NOT_SURVEYED_NOT_OPERATIONAL,458681.582389,Local road alignment requires terrain survey
DOM-SF084,SF084,GATE-16,visual-territory-16,1524.4060494731891,DOMESTIC_ACCESS_SURVEY,NOT_SURVEYED_NOT_OPERATIONAL,458681.582389,Local road alignment requires terrain survey
DOM-SF085,SF085,GATE-16,visual-territory-16,4596.952964234059,DOMESTIC_ACCESS_SURVEY,NOT_SURVEYED_NOT_OPERATIONAL,458681.582389,Local road alignment requires terrain survey
DOM-SF086,SF086,GATE-16,visual-territory-16,3447.318440674587,DOMESTIC_ACCESS_SURVEY,NOT_SURVEYED_NOT_OPERATIONAL,458681.582389,Local road alignment requires terrain survey
DOM-SF087,SF087,GATE-16,visual-territory-16,1303.8893056395402,DOMESTIC_ACCESS_SURVEY,NOT_SURVEYED_NOT_OPERATIONAL,458681.582389,Local road alignment requires terrain survey
DOM-SF088,SF088,GATE-16,visual-territory-16,190.296724319972,DOMESTIC_ACCESS_SURVEY,NOT_SURVEYED_NOT_OPERATIONAL,458681.582389,Local road alignment requires terrain survey
DOM-SF089,SF089,GATE-16,visual-territory-16,2334.7917505016494,DOMESTIC_ACCESS_SURVEY,NOT_SURVEYED_NOT_OPERATIONAL,458681.582389,Local road alignment requires terrain survey
DOM-OPEN-16-GRAIN,OPEN-16-GRAIN,GATE-16,visual-territory-16,2837.846096240947,DOMESTIC_ACCESS_SURVEY,NOT_SURVEYED_NOT_OPERATIONAL,458681.582389,Local road alignment requires terrain survey
DOM-OPEN-16-BATTERIES,OPEN-16-BATTERIES,GATE-16,visual-territory-16,2837.846096240947,DOMESTIC_ACCESS_SURVEY,NOT_SURVEYED_NOT_OPERATIONAL,458681.582389,Local road alignment requires terrain survey
DOM-SERVICE-visual-territory-16-E1-36,SERVICE-visual-territory-16-E1-36,GATE-16,visual-territory-16,2837.846096240947,DOMESTIC_ACCESS_SURVEY,NOT_SURVEYED_NOT_OPERATIONAL,458681.582389,Local road alignment requires terrain survey
DOM-SERVICE-visual-territory-16-E1-31,SERVICE-visual-territory-16-E1-31,GATE-16,visual-territory-16,2837.846096240947,DOMESTIC_ACCESS_SURVEY,NOT_SURVEYED_NOT_OPERATIONAL,458681.582389,Local road alignment requires terrain survey
DOM-SERVICE-visual-territory-16-E1-35,SERVICE-visual-territory-16-E1-35,GATE-16,visual-territory-16,2837.846096240947,DOMESTIC_ACCESS_SURVEY,NOT_SURVEYED_NOT_OPERATIONAL,458681.582389,Local road alignment requires terrain survey
DOM-SERVICE-visual-territory-16-E2-36,SERVICE-visual-territory-16-E2-36,GATE-16,visual-territory-16,1070.5601168399057,DOMESTIC_ACCESS_SURVEY,NOT_SURVEYED_NOT_OPERATIONAL,458681.582389,Local road alignment requires terrain survey
DOM-SERVICE-visual-territory-16-E2-31,SERVICE-visual-territory-16-E2-31,GATE-16,visual-territory-16,1070.5601168399057,DOMESTIC_ACCESS_SURVEY,NOT_SURVEYED_NOT_OPERATIONAL,458681.582389,Local road alignment requires terrain survey
DOM-SERVICE-visual-territory-16-E2-35,SERVICE-visual-territory-16-E2-35,GATE-16,visual-territory-16,1070.5601168399057,DOMESTIC_ACCESS_SURVEY,NOT_SURVEYED_NOT_OPERATIONAL,458681.582389,Local road alignment requires terrain survey
DOM-POWER-16-10,POWER-16-10,GATE-16,visual-territory-16,2837.846096240947,DOMESTIC_ACCESS_SURVEY,NOT_SURVEYED_NOT_OPERATIONAL,458681.582389,Local road alignment requires terrain survey
DOM-POWER-16-11,POWER-16-11,GATE-16,visual-territory-16,2837.846096240947,DOMESTIC_ACCESS_SURVEY,NOT_SURVEYED_NOT_OPERATIONAL,458681.582389,Local road alignment requires terrain survey
DOM-POWER-16-23,POWER-16-23,GATE-16,visual-territory-16,2837.846096240947,DOMESTIC_ACCESS_SURVEY,NOT_SURVEYED_NOT_OPERATIONAL,458681.582389,Local road alignment requires terrain survey
DOM-POWER-16-13,POWER-16-13,GATE-16,visual-territory-16,2837.846096240947,DOMESTIC_ACCESS_SURVEY,NOT_SURVEYED_NOT_OPERATIONAL,458681.582389,Local road alignment requires terrain survey
DOM-WAREHOUSE-16,WAREHOUSE-16,GATE-16,visual-territory-16,2837.846096240947,DOMESTIC_ACCESS_SURVEY,NOT_SURVEYED_NOT_OPERATIONAL,458681.582389,Local road alignment requires terrain survey
DOM-P12,P12,GATE-17,visual-territory-17,19.3716964857194,DOMESTIC_ACCESS_SURVEY,NOT_SURVEYED_NOT_OPERATIONAL,246774.263822,Local road alignment requires terrain survey
DOM-SF090,SF090,GATE-17,visual-territory-17,303.2150112709365,DOMESTIC_ACCESS_SURVEY,NOT_SURVEYED_NOT_OPERATIONAL,246774.263822,Local road alignment requires terrain survey
DOM-SF091,SF091,GATE-17,visual-territory-17,2256.8649949710975,DOMESTIC_ACCESS_SURVEY,NOT_SURVEYED_NOT_OPERATIONAL,246774.263822,Local road alignment requires terrain survey
DOM-SF092,SF092,GATE-17,visual-territory-17,1512.1095107528884,DOMESTIC_ACCESS_SURVEY,NOT_SURVEYED_NOT_OPERATIONAL,246774.263822,Local road alignment requires terrain survey
DOM-OPEN-RES141,OPEN-RES141,GATE-17,visual-territory-17,1512.1095107528884,DOMESTIC_ACCESS_SURVEY,NOT_SURVEYED_NOT_OPERATIONAL,246774.263822,Local road alignment requires terrain survey
DOM-OPEN-17-STEEL,OPEN-17-STEEL,GATE-17,visual-territory-17,1231.055689232467,DOMESTIC_ACCESS_SURVEY,NOT_SURVEYED_NOT_OPERATIONAL,246774.263822,Local road alignment requires terrain survey
DOM-OPEN-17-MACHINERY,OPEN-17-MACHINERY,GATE-17,visual-territory-17,1231.055689232467,DOMESTIC_ACCESS_SURVEY,NOT_SURVEYED_NOT_OPERATIONAL,246774.263822,Local road alignment requires terrain survey
DOM-SERVICE-visual-territory-17-E1-36,SERVICE-visual-territory-17-E1-36,GATE-17,visual-territory-17,1231.055689232467,DOMESTIC_ACCESS_SURVEY,NOT_SURVEYED_NOT_OPERATIONAL,246774.263822,Local road alignment requires terrain survey
DOM-SERVICE-visual-territory-17-E1-31,SERVICE-visual-territory-17-E1-31,GATE-17,visual-territory-17,1231.055689232467,DOMESTIC_ACCESS_SURVEY,NOT_SURVEYED_NOT_OPERATIONAL,246774.263822,Local road alignment requires terrain survey
DOM-SERVICE-visual-territory-17-E1-35,SERVICE-visual-territory-17-E1-35,GATE-17,visual-territory-17,1231.055689232467,DOMESTIC_ACCESS_SURVEY,NOT_SURVEYED_NOT_OPERATIONAL,246774.263822,Local road alignment requires terrain survey
DOM-POWER-17-10,POWER-17-10,GATE-17,visual-territory-17,1231.055689232467,DOMESTIC_ACCESS_SURVEY,NOT_SURVEYED_NOT_OPERATIONAL,246774.263822,Local road alignment requires terrain survey
DOM-POWER-17-11,POWER-17-11,GATE-17,visual-territory-17,1231.055689232467,DOMESTIC_ACCESS_SURVEY,NOT_SURVEYED_NOT_OPERATIONAL,246774.263822,Local road alignment requires terrain survey
DOM-POWER-17-23,POWER-17-23,GATE-17,visual-territory-17,1231.055689232467,DOMESTIC_ACCESS_SURVEY,NOT_SURVEYED_NOT_OPERATIONAL,246774.263822,Local road alignment requires terrain survey
DOM-POWER-17-13,POWER-17-13,GATE-17,visual-territory-17,1231.055689232467,DOMESTIC_ACCESS_SURVEY,NOT_SURVEYED_NOT_OPERATIONAL,246774.263822,Local road alignment requires terrain survey
DOM-WAREHOUSE-17,WAREHOUSE-17,GATE-17,visual-territory-17,1231.055689232467,DOMESTIC_ACCESS_SURVEY,NOT_SURVEYED_NOT_OPERATIONAL,246774.263822,Local road alignment requires terrain survey
DOM-SF093,SF093,GATE-18,visual-territory-18,1155.9076846220782,DOMESTIC_ACCESS_SURVEY,NOT_SURVEYED_NOT_OPERATIONAL,190156.532146,Local road alignment requires terrain survey
DOM-SF094,SF094,GATE-18,visual-territory-18,669.5156497392412,DOMESTIC_ACCESS_SURVEY,NOT_SURVEYED_NOT_OPERATIONAL,190156.532146,Local road alignment requires terrain survey
DOM-OPEN-RES144,OPEN-RES144,GATE-18,visual-territory-18,669.5156497392412,DOMESTIC_ACCESS_SURVEY,NOT_SURVEYED_NOT_OPERATIONAL,190156.532146,Local road alignment requires terrain survey
DOM-OPEN-RES145,OPEN-RES145,GATE-18,visual-territory-18,2040.061307809564,DOMESTIC_ACCESS_SURVEY,NOT_SURVEYED_NOT_OPERATIONAL,190156.532146,Local road alignment requires terrain survey
DOM-OPEN-RES142,OPEN-RES142,GATE-18,visual-territory-18,1155.9076846220782,DOMESTIC_ACCESS_SURVEY,NOT_SURVEYED_NOT_OPERATIONAL,190156.532146,Local road alignment requires terrain survey
DOM-OPEN-18-STEEL,OPEN-18-STEEL,GATE-18,visual-territory-18,999.9436302142053,DOMESTIC_ACCESS_SURVEY,NOT_SURVEYED_NOT_OPERATIONAL,190156.532146,Local road alignment requires terrain survey
DOM-OPEN-18-REFINED_FUEL,OPEN-18-REFINED_FUEL,GATE-18,visual-territory-18,999.9436302142053,DOMESTIC_ACCESS_SURVEY,NOT_SURVEYED_NOT_OPERATIONAL,190156.532146,Local road alignment requires terrain survey
DOM-SERVICE-visual-territory-18-E1-36,SERVICE-visual-territory-18-E1-36,GATE-18,visual-territory-18,999.9436302142053,DOMESTIC_ACCESS_SURVEY,NOT_SURVEYED_NOT_OPERATIONAL,190156.532146,Local road alignment requires terrain survey
DOM-SERVICE-visual-territory-18-E1-31,SERVICE-visual-territory-18-E1-31,GATE-18,visual-territory-18,999.9436302142053,DOMESTIC_ACCESS_SURVEY,NOT_SURVEYED_NOT_OPERATIONAL,190156.532146,Local road alignment requires terrain survey
DOM-SERVICE-visual-territory-18-E1-35,SERVICE-visual-territory-18-E1-35,GATE-18,visual-territory-18,999.9436302142053,DOMESTIC_ACCESS_SURVEY,NOT_SURVEYED_NOT_OPERATIONAL,190156.532146,Local road alignment requires terrain survey
DOM-POWER-18-10,POWER-18-10,GATE-18,visual-territory-18,999.9436302142053,DOMESTIC_ACCESS_SURVEY,NOT_SURVEYED_NOT_OPERATIONAL,190156.532146,Local road alignment requires terrain survey
DOM-POWER-18-11,POWER-18-11,GATE-18,visual-territory-18,999.9436302142053,DOMESTIC_ACCESS_SURVEY,NOT_SURVEYED_NOT_OPERATIONAL,190156.532146,Local road alignment requires terrain survey
DOM-POWER-18-23,POWER-18-23,GATE-18,visual-territory-18,999.9436302142053,DOMESTIC_ACCESS_SURVEY,NOT_SURVEYED_NOT_OPERATIONAL,190156.532146,Local road alignment requires terrain survey
DOM-POWER-18-13,POWER-18-13,GATE-18,visual-territory-18,999.9436302142053,DOMESTIC_ACCESS_SURVEY,NOT_SURVEYED_NOT_OPERATIONAL,190156.532146,Local road alignment requires terrain survey
DOM-WAREHOUSE-18,WAREHOUSE-18,GATE-18,visual-territory-18,999.9436302142053,DOMESTIC_ACCESS_SURVEY,NOT_SURVEYED_NOT_OPERATIONAL,190156.532146,Local road alignment requires terrain survey
DOM-SF095,SF095,GATE-19,visual-territory-19,1907.5957831924663,DOMESTIC_ACCESS_SURVEY,NOT_SURVEYED_NOT_OPERATIONAL,165961.22373,Local road alignment requires terrain survey
DOM-SF096,SF096,GATE-19,visual-territory-19,1704.8193536475599,DOMESTIC_ACCESS_SURVEY,NOT_SURVEYED_NOT_OPERATIONAL,165961.22373,Local road alignment requires terrain survey
DOM-SF097,SF097,GATE-19,visual-territory-19,2216.599545622342,DOMESTIC_ACCESS_SURVEY,NOT_SURVEYED_NOT_OPERATIONAL,165961.22373,Local road alignment requires terrain survey
DOM-SF098,SF098,GATE-19,visual-territory-19,460.4599689171479,DOMESTIC_ACCESS_SURVEY,NOT_SURVEYED_NOT_OPERATIONAL,165961.22373,Local road alignment requires terrain survey
DOM-OPEN-RES146,OPEN-RES146,GATE-19,visual-territory-19,1704.8193536475599,DOMESTIC_ACCESS_SURVEY,NOT_SURVEYED_NOT_OPERATIONAL,165961.22373,Local road alignment requires terrain survey
DOM-OPEN-RES26,OPEN-RES26,GATE-19,visual-territory-19,1907.5957831924663,DOMESTIC_ACCESS_SURVEY,NOT_SURVEYED_NOT_OPERATIONAL,165961.22373,Local road alignment requires terrain survey
DOM-OPEN-19-GRAIN,OPEN-19-GRAIN,GATE-19,visual-territory-19,1269.178796180535,DOMESTIC_ACCESS_SURVEY,NOT_SURVEYED_NOT_OPERATIONAL,165961.22373,Local road alignment requires terrain survey
DOM-OPEN-19-SEMICONDUCTORS,OPEN-19-SEMICONDUCTORS,GATE-19,visual-territory-19,1269.178796180535,DOMESTIC_ACCESS_SURVEY,NOT_SURVEYED_NOT_OPERATIONAL,165961.22373,Local road alignment requires terrain survey
DOM-SERVICE-visual-territory-19-E1-36,SERVICE-visual-territory-19-E1-36,GATE-19,visual-territory-19,1269.178796180535,DOMESTIC_ACCESS_SURVEY,NOT_SURVEYED_NOT_OPERATIONAL,165961.22373,Local road alignment requires terrain survey
DOM-SERVICE-visual-territory-19-E1-31,SERVICE-visual-territory-19-E1-31,GATE-19,visual-territory-19,1269.178796180535,DOMESTIC_ACCESS_SURVEY,NOT_SURVEYED_NOT_OPERATIONAL,165961.22373,Local road alignment requires terrain survey
DOM-SERVICE-visual-territory-19-E1-35,SERVICE-visual-territory-19-E1-35,GATE-19,visual-territory-19,1269.178796180535,DOMESTIC_ACCESS_SURVEY,NOT_SURVEYED_NOT_OPERATIONAL,165961.22373,Local road alignment requires terrain survey
DOM-POWER-19-10,POWER-19-10,GATE-19,visual-territory-19,1269.178796180535,DOMESTIC_ACCESS_SURVEY,NOT_SURVEYED_NOT_OPERATIONAL,165961.22373,Local road alignment requires terrain survey
DOM-POWER-19-11,POWER-19-11,GATE-19,visual-territory-19,1269.178796180535,DOMESTIC_ACCESS_SURVEY,NOT_SURVEYED_NOT_OPERATIONAL,165961.22373,Local road alignment requires terrain survey
DOM-POWER-19-23,POWER-19-23,GATE-19,visual-territory-19,1269.178796180535,DOMESTIC_ACCESS_SURVEY,NOT_SURVEYED_NOT_OPERATIONAL,165961.22373,Local road alignment requires terrain survey
DOM-POWER-19-13,POWER-19-13,GATE-19,visual-territory-19,1269.178796180535,DOMESTIC_ACCESS_SURVEY,NOT_SURVEYED_NOT_OPERATIONAL,165961.22373,Local road alignment requires terrain survey
DOM-WAREHOUSE-19,WAREHOUSE-19,GATE-19,visual-territory-19,1269.178796180535,DOMESTIC_ACCESS_SURVEY,NOT_SURVEYED_NOT_OPERATIONAL,165961.22373,Local road alignment requires terrain survey
DOM-SF099,SF099,GATE-20,visual-territory-20,463.96123018364244,DOMESTIC_ACCESS_SURVEY,NOT_SURVEYED_NOT_OPERATIONAL,542706.294407,Local road alignment requires terrain survey
DOM-SF100,SF100,GATE-20,visual-territory-20,2195.0470104558094,DOMESTIC_ACCESS_SURVEY,NOT_SURVEYED_NOT_OPERATIONAL,542706.294407,Local road alignment requires terrain survey
DOM-OPEN-RES27,OPEN-RES27,GATE-20,visual-territory-20,463.96123018364244,DOMESTIC_ACCESS_SURVEY,NOT_SURVEYED_NOT_OPERATIONAL,542706.294407,Local road alignment requires terrain survey
DOM-OPEN-RES36,OPEN-RES36,GATE-20,visual-territory-20,2195.0470104558094,DOMESTIC_ACCESS_SURVEY,NOT_SURVEYED_NOT_OPERATIONAL,542706.294407,Local road alignment requires terrain survey
DOM-OPEN-RES58,OPEN-RES58,GATE-20,visual-territory-20,1031.190358282234,DOMESTIC_ACCESS_SURVEY,NOT_SURVEYED_NOT_OPERATIONAL,542706.294407,Local road alignment requires terrain survey
DOM-OPEN-20-STEEL,OPEN-20-STEEL,GATE-20,visual-territory-20,0.0,DOMESTIC_ACCESS_SURVEY,NOT_SURVEYED_NOT_OPERATIONAL,542706.294407,Local road alignment requires terrain survey
DOM-OPEN-20-REFINED_FUEL,OPEN-20-REFINED_FUEL,GATE-20,visual-territory-20,0.0,DOMESTIC_ACCESS_SURVEY,NOT_SURVEYED_NOT_OPERATIONAL,542706.294407,Local road alignment requires terrain survey
DOM-SERVICE-visual-territory-20-E1-36,SERVICE-visual-territory-20-E1-36,GATE-20,visual-territory-20,0.0,DOMESTIC_ACCESS_SURVEY,NOT_SURVEYED_NOT_OPERATIONAL,542706.294407,Local road alignment requires terrain survey
DOM-SERVICE-visual-territory-20-E1-31,SERVICE-visual-territory-20-E1-31,GATE-20,visual-territory-20,0.0,DOMESTIC_ACCESS_SURVEY,NOT_SURVEYED_NOT_OPERATIONAL,542706.294407,Local road alignment requires terrain survey
DOM-SERVICE-visual-territory-20-E1-35,SERVICE-visual-territory-20-E1-35,GATE-20,visual-territory-20,0.0,DOMESTIC_ACCESS_SURVEY,NOT_SURVEYED_NOT_OPERATIONAL,542706.294407,Local road alignment requires terrain survey
DOM-SERVICE-visual-territory-20-E2-36,SERVICE-visual-territory-20-E2-36,GATE-20,visual-territory-20,1295.0091389407141,DOMESTIC_ACCESS_SURVEY,NOT_SURVEYED_NOT_OPERATIONAL,542706.294407,Local road alignment requires terrain survey
DOM-SERVICE-visual-territory-20-E2-31,SERVICE-visual-territory-20-E2-31,GATE-20,visual-territory-20,1295.0091389407141,DOMESTIC_ACCESS_SURVEY,NOT_SURVEYED_NOT_OPERATIONAL,542706.294407,Local road alignment requires terrain survey
DOM-SERVICE-visual-territory-20-E2-35,SERVICE-visual-territory-20-E2-35,GATE-20,visual-territory-20,1295.0091389407141,DOMESTIC_ACCESS_SURVEY,NOT_SURVEYED_NOT_OPERATIONAL,542706.294407,Local road alignment requires terrain survey
DOM-POWER-20-10,POWER-20-10,GATE-20,visual-territory-20,0.0,DOMESTIC_ACCESS_SURVEY,NOT_SURVEYED_NOT_OPERATIONAL,542706.294407,Local road alignment requires terrain survey
DOM-POWER-20-11,POWER-20-11,GATE-20,visual-territory-20,0.0,DOMESTIC_ACCESS_SURVEY,NOT_SURVEYED_NOT_OPERATIONAL,542706.294407,Local road alignment requires terrain survey
DOM-POWER-20-23,POWER-20-23,GATE-20,visual-territory-20,0.0,DOMESTIC_ACCESS_SURVEY,NOT_SURVEYED_NOT_OPERATIONAL,542706.294407,Local road alignment requires terrain survey
DOM-POWER-20-13,POWER-20-13,GATE-20,visual-territory-20,0.0,DOMESTIC_ACCESS_SURVEY,NOT_SURVEYED_NOT_OPERATIONAL,542706.294407,Local road alignment requires terrain survey
DOM-WAREHOUSE-20,WAREHOUSE-20,GATE-20,visual-territory-20,0.0,DOMESTIC_ACCESS_SURVEY,NOT_SURVEYED_NOT_OPERATIONAL,542706.294407,Local road alignment requires terrain survey
DOM-SF101,SF101,GATE-21,visual-territory-21,859.1789631278858,DOMESTIC_ACCESS_SURVEY,NOT_SURVEYED_NOT_OPERATIONAL,363995.584924,Local road alignment requires terrain survey
DOM-SF102,SF102,GATE-21,visual-territory-21,1254.9996589004265,DOMESTIC_ACCESS_SURVEY,NOT_SURVEYED_NOT_OPERATIONAL,363995.584924,Local road alignment requires terrain survey
DOM-SF103,SF103,GATE-21,visual-territory-21,2031.1780335959843,DOMESTIC_ACCESS_SURVEY,NOT_SURVEYED_NOT_OPERATIONAL,363995.584924,Local road alignment requires terrain survey
DOM-SF104,SF104,GATE-21,visual-territory-21,2312.231286533694,DOMESTIC_ACCESS_SURVEY,NOT_SURVEYED_NOT_OPERATIONAL,363995.584924,Local road alignment requires terrain survey
DOM-SF105,SF105,GATE-21,visual-territory-21,898.8811594878313,DOMESTIC_ACCESS_SURVEY,NOT_SURVEYED_NOT_OPERATIONAL,363995.584924,Local road alignment requires terrain survey
DOM-OPEN-RES94,OPEN-RES94,GATE-21,visual-territory-21,2031.1780335959843,DOMESTIC_ACCESS_SURVEY,NOT_SURVEYED_NOT_OPERATIONAL,363995.584924,Local road alignment requires terrain survey
DOM-OPEN-21-GRAIN,OPEN-21-GRAIN,GATE-21,visual-territory-21,0.0,DOMESTIC_ACCESS_SURVEY,NOT_SURVEYED_NOT_OPERATIONAL,363995.584924,Local road alignment requires terrain survey
DOM-OPEN-RES150,OPEN-RES150,GATE-21,visual-territory-21,2312.231286533694,DOMESTIC_ACCESS_SURVEY,NOT_SURVEYED_NOT_OPERATIONAL,363995.584924,Local road alignment requires terrain survey
DOM-OPEN-21-STEEL,OPEN-21-STEEL,GATE-21,visual-territory-21,0.0,DOMESTIC_ACCESS_SURVEY,NOT_SURVEYED_NOT_OPERATIONAL,363995.584924,Local road alignment requires terrain survey
DOM-SERVICE-visual-territory-21-E1-36,SERVICE-visual-territory-21-E1-36,GATE-21,visual-territory-21,1538.0687846544408,DOMESTIC_ACCESS_SURVEY,NOT_SURVEYED_NOT_OPERATIONAL,363995.584924,Local road alignment requires terrain survey
DOM-SERVICE-visual-territory-21-E1-31,SERVICE-visual-territory-21-E1-31,GATE-21,visual-territory-21,1538.0687846544408,DOMESTIC_ACCESS_SURVEY,NOT_SURVEYED_NOT_OPERATIONAL,363995.584924,Local road alignment requires terrain survey
DOM-SERVICE-visual-territory-21-E1-35,SERVICE-visual-territory-21-E1-35,GATE-21,visual-territory-21,1538.0687846544408,DOMESTIC_ACCESS_SURVEY,NOT_SURVEYED_NOT_OPERATIONAL,363995.584924,Local road alignment requires terrain survey
DOM-SERVICE-visual-territory-21-E2-36,SERVICE-visual-territory-21-E2-36,GATE-21,visual-territory-21,0.0,DOMESTIC_ACCESS_SURVEY,NOT_SURVEYED_NOT_OPERATIONAL,363995.584924,Local road alignment requires terrain survey
DOM-SERVICE-visual-territory-21-E2-31,SERVICE-visual-territory-21-E2-31,GATE-21,visual-territory-21,0.0,DOMESTIC_ACCESS_SURVEY,NOT_SURVEYED_NOT_OPERATIONAL,363995.584924,Local road alignment requires terrain survey
DOM-SERVICE-visual-territory-21-E2-35,SERVICE-visual-territory-21-E2-35,GATE-21,visual-territory-21,0.0,DOMESTIC_ACCESS_SURVEY,NOT_SURVEYED_NOT_OPERATIONAL,363995.584924,Local road alignment requires terrain survey
DOM-POWER-21-10,POWER-21-10,GATE-21,visual-territory-21,0.0,DOMESTIC_ACCESS_SURVEY,NOT_SURVEYED_NOT_OPERATIONAL,363995.584924,Local road alignment requires terrain survey
DOM-POWER-21-11,POWER-21-11,GATE-21,visual-territory-21,0.0,DOMESTIC_ACCESS_SURVEY,NOT_SURVEYED_NOT_OPERATIONAL,363995.584924,Local road alignment requires terrain survey
DOM-POWER-21-23,POWER-21-23,GATE-21,visual-territory-21,0.0,DOMESTIC_ACCESS_SURVEY,NOT_SURVEYED_NOT_OPERATIONAL,363995.584924,Local road alignment requires terrain survey
DOM-POWER-21-13,POWER-21-13,GATE-21,visual-territory-21,0.0,DOMESTIC_ACCESS_SURVEY,NOT_SURVEYED_NOT_OPERATIONAL,363995.584924,Local road alignment requires terrain survey
DOM-WAREHOUSE-21,WAREHOUSE-21,GATE-21,visual-territory-21,0.0,DOMESTIC_ACCESS_SURVEY,NOT_SURVEYED_NOT_OPERATIONAL,363995.584924,Local road alignment requires terrain survey
DOM-SF106,SF106,GATE-22,visual-territory-22,1172.7478499887195,DOMESTIC_ACCESS_SURVEY,NOT_SURVEYED_NOT_OPERATIONAL,195617.765299,Local road alignment requires terrain survey
DOM-SF107,SF107,GATE-22,visual-territory-22,1991.896516217997,DOMESTIC_ACCESS_SURVEY,NOT_SURVEYED_NOT_OPERATIONAL,195617.765299,Local road alignment requires terrain survey
DOM-SF108,SF108,GATE-22,visual-territory-22,1356.7104239020048,DOMESTIC_ACCESS_SURVEY,NOT_SURVEYED_NOT_OPERATIONAL,195617.765299,Local road alignment requires terrain survey
DOM-SF109,SF109,GATE-22,visual-territory-22,1889.0135781945905,DOMESTIC_ACCESS_SURVEY,NOT_SURVEYED_NOT_OPERATIONAL,195617.765299,Local road alignment requires terrain survey
DOM-OPEN-RES151,OPEN-RES151,GATE-22,visual-territory-22,1172.7478499887195,DOMESTIC_ACCESS_SURVEY,NOT_SURVEYED_NOT_OPERATIONAL,195617.765299,Local road alignment requires terrain survey
DOM-OPEN-22-GRAIN,OPEN-22-GRAIN,GATE-22,visual-territory-22,565.7729393482979,DOMESTIC_ACCESS_SURVEY,NOT_SURVEYED_NOT_OPERATIONAL,195617.765299,Local road alignment requires terrain survey
DOM-OPEN-22-STEEL,OPEN-22-STEEL,GATE-22,visual-territory-22,565.7729393482979,DOMESTIC_ACCESS_SURVEY,NOT_SURVEYED_NOT_OPERATIONAL,195617.765299,Local road alignment requires terrain survey
DOM-SERVICE-visual-territory-22-E1-36,SERVICE-visual-territory-22-E1-36,GATE-22,visual-territory-22,565.7729393482979,DOMESTIC_ACCESS_SURVEY,NOT_SURVEYED_NOT_OPERATIONAL,195617.765299,Local road alignment requires terrain survey
DOM-SERVICE-visual-territory-22-E1-31,SERVICE-visual-territory-22-E1-31,GATE-22,visual-territory-22,565.7729393482979,DOMESTIC_ACCESS_SURVEY,NOT_SURVEYED_NOT_OPERATIONAL,195617.765299,Local road alignment requires terrain survey
DOM-SERVICE-visual-territory-22-E1-35,SERVICE-visual-territory-22-E1-35,GATE-22,visual-territory-22,565.7729393482979,DOMESTIC_ACCESS_SURVEY,NOT_SURVEYED_NOT_OPERATIONAL,195617.765299,Local road alignment requires terrain survey
DOM-POWER-22-10,POWER-22-10,GATE-22,visual-territory-22,565.7729393482979,DOMESTIC_ACCESS_SURVEY,NOT_SURVEYED_NOT_OPERATIONAL,195617.765299,Local road alignment requires terrain survey
DOM-POWER-22-11,POWER-22-11,GATE-22,visual-territory-22,565.7729393482979,DOMESTIC_ACCESS_SURVEY,NOT_SURVEYED_NOT_OPERATIONAL,195617.765299,Local road alignment requires terrain survey
DOM-POWER-22-23,POWER-22-23,GATE-22,visual-territory-22,565.7729393482979,DOMESTIC_ACCESS_SURVEY,NOT_SURVEYED_NOT_OPERATIONAL,195617.765299,Local road alignment requires terrain survey
DOM-POWER-22-13,POWER-22-13,GATE-22,visual-territory-22,565.7729393482979,DOMESTIC_ACCESS_SURVEY,NOT_SURVEYED_NOT_OPERATIONAL,195617.765299,Local road alignment requires terrain survey
DOM-WAREHOUSE-22,WAREHOUSE-22,GATE-22,visual-territory-22,565.7729393482979,DOMESTIC_ACCESS_SURVEY,NOT_SURVEYED_NOT_OPERATIONAL,195617.765299,Local road alignment requires terrain survey
DOM-H07,H07,GATE-23,visual-territory-23,2575.8529593003923,DOMESTIC_ACCESS_SURVEY,NOT_SURVEYED_NOT_OPERATIONAL,616403.518572,Local road alignment requires terrain survey
DOM-SF110,SF110,GATE-23,visual-territory-23,2241.1805442836917,DOMESTIC_ACCESS_SURVEY,NOT_SURVEYED_NOT_OPERATIONAL,616403.518572,Local road alignment requires terrain survey
DOM-SF111,SF111,GATE-23,visual-territory-23,2261.1840398366744,DOMESTIC_ACCESS_SURVEY,NOT_SURVEYED_NOT_OPERATIONAL,616403.518572,Local road alignment requires terrain survey
DOM-SF112,SF112,GATE-23,visual-territory-23,2347.8144506604363,DOMESTIC_ACCESS_SURVEY,NOT_SURVEYED_NOT_OPERATIONAL,616403.518572,Local road alignment requires terrain survey
DOM-SF113,SF113,GATE-23,visual-territory-23,535.7946508898231,DOMESTIC_ACCESS_SURVEY,NOT_SURVEYED_NOT_OPERATIONAL,616403.518572,Local road alignment requires terrain survey
DOM-SF114,SF114,GATE-23,visual-territory-23,2258.859426462729,DOMESTIC_ACCESS_SURVEY,NOT_SURVEYED_NOT_OPERATIONAL,616403.518572,Local road alignment requires terrain survey
DOM-SF115,SF115,GATE-23,visual-territory-23,1055.5352826114909,DOMESTIC_ACCESS_SURVEY,NOT_SURVEYED_NOT_OPERATIONAL,616403.518572,Local road alignment requires terrain survey
DOM-OPEN-RES156,OPEN-RES156,GATE-23,visual-territory-23,2347.8144506604363,DOMESTIC_ACCESS_SURVEY,NOT_SURVEYED_NOT_OPERATIONAL,616403.518572,Local road alignment requires terrain survey
DOM-OPEN-23-STEEL,OPEN-23-STEEL,GATE-23,visual-territory-23,2138.588353747367,DOMESTIC_ACCESS_SURVEY,NOT_SURVEYED_NOT_OPERATIONAL,616403.518572,Local road alignment requires terrain survey
DOM-OPEN-23-BATTERIES,OPEN-23-BATTERIES,GATE-23,visual-territory-23,2138.588353747367,DOMESTIC_ACCESS_SURVEY,NOT_SURVEYED_NOT_OPERATIONAL,616403.518572,Local road alignment requires terrain survey
DOM-SERVICE-visual-territory-23-E1-36,SERVICE-visual-territory-23-E1-36,GATE-23,visual-territory-23,1032.4632649094037,DOMESTIC_ACCESS_SURVEY,NOT_SURVEYED_NOT_OPERATIONAL,616403.518572,Local road alignment requires terrain survey
DOM-SERVICE-visual-territory-23-E1-31,SERVICE-visual-territory-23-E1-31,GATE-23,visual-territory-23,1032.4632649094037,DOMESTIC_ACCESS_SURVEY,NOT_SURVEYED_NOT_OPERATIONAL,616403.518572,Local road alignment requires terrain survey
DOM-SERVICE-visual-territory-23-E1-35,SERVICE-visual-territory-23-E1-35,GATE-23,visual-territory-23,1032.4632649094037,DOMESTIC_ACCESS_SURVEY,NOT_SURVEYED_NOT_OPERATIONAL,616403.518572,Local road alignment requires terrain survey
DOM-SERVICE-visual-territory-23-E2-36,SERVICE-visual-territory-23-E2-36,GATE-23,visual-territory-23,2138.588353747367,DOMESTIC_ACCESS_SURVEY,NOT_SURVEYED_NOT_OPERATIONAL,616403.518572,Local road alignment requires terrain survey
DOM-SERVICE-visual-territory-23-E2-31,SERVICE-visual-territory-23-E2-31,GATE-23,visual-territory-23,2138.588353747367,DOMESTIC_ACCESS_SURVEY,NOT_SURVEYED_NOT_OPERATIONAL,616403.518572,Local road alignment requires terrain survey
DOM-SERVICE-visual-territory-23-E2-35,SERVICE-visual-territory-23-E2-35,GATE-23,visual-territory-23,2138.588353747367,DOMESTIC_ACCESS_SURVEY,NOT_SURVEYED_NOT_OPERATIONAL,616403.518572,Local road alignment requires terrain survey
DOM-POWER-23-10,POWER-23-10,GATE-23,visual-territory-23,2138.588353747367,DOMESTIC_ACCESS_SURVEY,NOT_SURVEYED_NOT_OPERATIONAL,616403.518572,Local road alignment requires terrain survey
DOM-POWER-23-11,POWER-23-11,GATE-23,visual-territory-23,2138.588353747367,DOMESTIC_ACCESS_SURVEY,NOT_SURVEYED_NOT_OPERATIONAL,616403.518572,Local road alignment requires terrain survey
DOM-POWER-23-23,POWER-23-23,GATE-23,visual-territory-23,2138.588353747367,DOMESTIC_ACCESS_SURVEY,NOT_SURVEYED_NOT_OPERATIONAL,616403.518572,Local road alignment requires terrain survey
DOM-POWER-23-13,POWER-23-13,GATE-23,visual-territory-23,2138.588353747367,DOMESTIC_ACCESS_SURVEY,NOT_SURVEYED_NOT_OPERATIONAL,616403.518572,Local road alignment requires terrain survey
DOM-WAREHOUSE-23,WAREHOUSE-23,GATE-23,visual-territory-23,2138.588353747367,DOMESTIC_ACCESS_SURVEY,NOT_SURVEYED_NOT_OPERATIONAL,616403.518572,Local road alignment requires terrain survey
DOM-P10,P10,GATE-24,visual-territory-24,13.697857948139799,DOMESTIC_ACCESS_SURVEY,NOT_SURVEYED_NOT_OPERATIONAL,340191.579842,Local road alignment requires terrain survey
DOM-SF116,SF116,GATE-24,visual-territory-24,106.98369060007424,DOMESTIC_ACCESS_SURVEY,NOT_SURVEYED_NOT_OPERATIONAL,340191.579842,Local road alignment requires terrain survey
DOM-SF117,SF117,GATE-24,visual-territory-24,1830.8559188106253,DOMESTIC_ACCESS_SURVEY,NOT_SURVEYED_NOT_OPERATIONAL,340191.579842,Local road alignment requires terrain survey
DOM-SF118,SF118,GATE-24,visual-territory-24,2869.1372514217005,DOMESTIC_ACCESS_SURVEY,NOT_SURVEYED_NOT_OPERATIONAL,340191.579842,Local road alignment requires terrain survey
DOM-SF119,SF119,GATE-24,visual-territory-24,1711.574620048006,DOMESTIC_ACCESS_SURVEY,NOT_SURVEYED_NOT_OPERATIONAL,340191.579842,Local road alignment requires terrain survey
DOM-SF120,SF120,GATE-24,visual-territory-24,1685.7272097835182,DOMESTIC_ACCESS_SURVEY,NOT_SURVEYED_NOT_OPERATIONAL,340191.579842,Local road alignment requires terrain survey
DOM-OPEN-RES157,OPEN-RES157,GATE-24,visual-territory-24,2869.1372514217005,DOMESTIC_ACCESS_SURVEY,NOT_SURVEYED_NOT_OPERATIONAL,340191.579842,Local road alignment requires terrain survey
DOM-OPEN-RES53,OPEN-RES53,GATE-24,visual-territory-24,106.98369060007424,DOMESTIC_ACCESS_SURVEY,NOT_SURVEYED_NOT_OPERATIONAL,340191.579842,Local road alignment requires terrain survey
DOM-OPEN-24-MACHINERY,OPEN-24-MACHINERY,GATE-24,visual-territory-24,2257.987079449263,DOMESTIC_ACCESS_SURVEY,NOT_SURVEYED_NOT_OPERATIONAL,340191.579842,Local road alignment requires terrain survey
DOM-OPEN-24-SEMICONDUCTORS,OPEN-24-SEMICONDUCTORS,GATE-24,visual-territory-24,2257.987079449263,DOMESTIC_ACCESS_SURVEY,NOT_SURVEYED_NOT_OPERATIONAL,340191.579842,Local road alignment requires terrain survey
DOM-SERVICE-visual-territory-24-E1-36,SERVICE-visual-territory-24-E1-36,GATE-24,visual-territory-24,2257.987079449263,DOMESTIC_ACCESS_SURVEY,NOT_SURVEYED_NOT_OPERATIONAL,340191.579842,Local road alignment requires terrain survey
DOM-SERVICE-visual-territory-24-E1-31,SERVICE-visual-territory-24-E1-31,GATE-24,visual-territory-24,2257.987079449263,DOMESTIC_ACCESS_SURVEY,NOT_SURVEYED_NOT_OPERATIONAL,340191.579842,Local road alignment requires terrain survey
DOM-SERVICE-visual-territory-24-E1-35,SERVICE-visual-territory-24-E1-35,GATE-24,visual-territory-24,2257.987079449263,DOMESTIC_ACCESS_SURVEY,NOT_SURVEYED_NOT_OPERATIONAL,340191.579842,Local road alignment requires terrain survey
DOM-SERVICE-visual-territory-24-E2-36,SERVICE-visual-territory-24-E2-36,GATE-24,visual-territory-24,2004.6313189215252,DOMESTIC_ACCESS_SURVEY,NOT_SURVEYED_NOT_OPERATIONAL,340191.579842,Local road alignment requires terrain survey
DOM-SERVICE-visual-territory-24-E2-31,SERVICE-visual-territory-24-E2-31,GATE-24,visual-territory-24,2004.6313189215252,DOMESTIC_ACCESS_SURVEY,NOT_SURVEYED_NOT_OPERATIONAL,340191.579842,Local road alignment requires terrain survey
DOM-SERVICE-visual-territory-24-E2-35,SERVICE-visual-territory-24-E2-35,GATE-24,visual-territory-24,2004.6313189215252,DOMESTIC_ACCESS_SURVEY,NOT_SURVEYED_NOT_OPERATIONAL,340191.579842,Local road alignment requires terrain survey
DOM-POWER-24-10,POWER-24-10,GATE-24,visual-territory-24,2257.987079449263,DOMESTIC_ACCESS_SURVEY,NOT_SURVEYED_NOT_OPERATIONAL,340191.579842,Local road alignment requires terrain survey
DOM-POWER-24-11,POWER-24-11,GATE-24,visual-territory-24,2257.987079449263,DOMESTIC_ACCESS_SURVEY,NOT_SURVEYED_NOT_OPERATIONAL,340191.579842,Local road alignment requires terrain survey
DOM-POWER-24-23,POWER-24-23,GATE-24,visual-territory-24,2257.987079449263,DOMESTIC_ACCESS_SURVEY,NOT_SURVEYED_NOT_OPERATIONAL,340191.579842,Local road alignment requires terrain survey
DOM-POWER-24-13,POWER-24-13,GATE-24,visual-territory-24,2257.987079449263,DOMESTIC_ACCESS_SURVEY,NOT_SURVEYED_NOT_OPERATIONAL,340191.579842,Local road alignment requires terrain survey
DOM-WAREHOUSE-24,WAREHOUSE-24,GATE-24,visual-territory-24,2257.987079449263,DOMESTIC_ACCESS_SURVEY,NOT_SURVEYED_NOT_OPERATIONAL,340191.579842,Local road alignment requires terrain survey
DOM-SF121,SF121,GATE-25,visual-territory-25,1743.506493152382,DOMESTIC_ACCESS_SURVEY,NOT_SURVEYED_NOT_OPERATIONAL,362089.098646,Local road alignment requires terrain survey
DOM-SF122,SF122,GATE-25,visual-territory-25,2695.556078331187,DOMESTIC_ACCESS_SURVEY,NOT_SURVEYED_NOT_OPERATIONAL,362089.098646,Local road alignment requires terrain survey
DOM-SF123,SF123,GATE-25,visual-territory-25,534.9184530003713,DOMESTIC_ACCESS_SURVEY,NOT_SURVEYED_NOT_OPERATIONAL,362089.098646,Local road alignment requires terrain survey
DOM-OPEN-RES161,OPEN-RES161,GATE-25,visual-territory-25,2695.556078331187,DOMESTIC_ACCESS_SURVEY,NOT_SURVEYED_NOT_OPERATIONAL,362089.098646,Local road alignment requires terrain survey
DOM-OPEN-25-STEEL,OPEN-25-STEEL,GATE-25,visual-territory-25,2394.7757854358915,DOMESTIC_ACCESS_SURVEY,NOT_SURVEYED_NOT_OPERATIONAL,362089.098646,Local road alignment requires terrain survey
DOM-OPEN-25-REFINED_FUEL,OPEN-25-REFINED_FUEL,GATE-25,visual-territory-25,2394.7757854358915,DOMESTIC_ACCESS_SURVEY,NOT_SURVEYED_NOT_OPERATIONAL,362089.098646,Local road alignment requires terrain survey
DOM-SERVICE-visual-territory-25-E1-36,SERVICE-visual-territory-25-E1-36,GATE-25,visual-territory-25,2394.7757854358915,DOMESTIC_ACCESS_SURVEY,NOT_SURVEYED_NOT_OPERATIONAL,362089.098646,Local road alignment requires terrain survey
DOM-SERVICE-visual-territory-25-E1-31,SERVICE-visual-territory-25-E1-31,GATE-25,visual-territory-25,2394.7757854358915,DOMESTIC_ACCESS_SURVEY,NOT_SURVEYED_NOT_OPERATIONAL,362089.098646,Local road alignment requires terrain survey
DOM-SERVICE-visual-territory-25-E1-35,SERVICE-visual-territory-25-E1-35,GATE-25,visual-territory-25,2394.7757854358915,DOMESTIC_ACCESS_SURVEY,NOT_SURVEYED_NOT_OPERATIONAL,362089.098646,Local road alignment requires terrain survey
DOM-POWER-25-10,POWER-25-10,GATE-25,visual-territory-25,2394.7757854358915,DOMESTIC_ACCESS_SURVEY,NOT_SURVEYED_NOT_OPERATIONAL,362089.098646,Local road alignment requires terrain survey
DOM-POWER-25-11,POWER-25-11,GATE-25,visual-territory-25,2394.7757854358915,DOMESTIC_ACCESS_SURVEY,NOT_SURVEYED_NOT_OPERATIONAL,362089.098646,Local road alignment requires terrain survey
DOM-POWER-25-23,POWER-25-23,GATE-25,visual-territory-25,2394.7757854358915,DOMESTIC_ACCESS_SURVEY,NOT_SURVEYED_NOT_OPERATIONAL,362089.098646,Local road alignment requires terrain survey
DOM-POWER-25-13,POWER-25-13,GATE-25,visual-territory-25,2394.7757854358915,DOMESTIC_ACCESS_SURVEY,NOT_SURVEYED_NOT_OPERATIONAL,362089.098646,Local road alignment requires terrain survey
DOM-WAREHOUSE-25,WAREHOUSE-25,GATE-25,visual-territory-25,2394.7757854358915,DOMESTIC_ACCESS_SURVEY,NOT_SURVEYED_NOT_OPERATIONAL,362089.098646,Local road alignment requires terrain survey
DOM-SF124,SF124,GATE-26,visual-territory-26,1860.187265486972,DOMESTIC_ACCESS_SURVEY,NOT_SURVEYED_NOT_OPERATIONAL,377942.620488,Local road alignment requires terrain survey
DOM-SF125,SF125,GATE-26,visual-territory-26,1331.020229513116,DOMESTIC_ACCESS_SURVEY,NOT_SURVEYED_NOT_OPERATIONAL,377942.620488,Local road alignment requires terrain survey
DOM-OPEN-RES165,OPEN-RES165,GATE-26,visual-territory-26,1331.020229513116,DOMESTIC_ACCESS_SURVEY,NOT_SURVEYED_NOT_OPERATIONAL,377942.620488,Local road alignment requires terrain survey
DOM-OPEN-26-STEEL,OPEN-26-STEEL,GATE-26,visual-territory-26,867.0051586766731,DOMESTIC_ACCESS_SURVEY,NOT_SURVEYED_NOT_OPERATIONAL,377942.620488,Local road alignment requires terrain survey
DOM-OPEN-26-REFINED_FUEL,OPEN-26-REFINED_FUEL,GATE-26,visual-territory-26,867.0051586766731,DOMESTIC_ACCESS_SURVEY,NOT_SURVEYED_NOT_OPERATIONAL,377942.620488,Local road alignment requires terrain survey
DOM-SERVICE-visual-territory-26-E1-36,SERVICE-visual-territory-26-E1-36,GATE-26,visual-territory-26,789.0548791200649,DOMESTIC_ACCESS_SURVEY,NOT_SURVEYED_NOT_OPERATIONAL,377942.620488,Local road alignment requires terrain survey
DOM-SERVICE-visual-territory-26-E1-31,SERVICE-visual-territory-26-E1-31,GATE-26,visual-territory-26,789.0548791200649,DOMESTIC_ACCESS_SURVEY,NOT_SURVEYED_NOT_OPERATIONAL,377942.620488,Local road alignment requires terrain survey
DOM-SERVICE-visual-territory-26-E1-35,SERVICE-visual-territory-26-E1-35,GATE-26,visual-territory-26,789.0548791200649,DOMESTIC_ACCESS_SURVEY,NOT_SURVEYED_NOT_OPERATIONAL,377942.620488,Local road alignment requires terrain survey
DOM-SERVICE-visual-territory-26-E2-36,SERVICE-visual-territory-26-E2-36,GATE-26,visual-territory-26,867.0051586766731,DOMESTIC_ACCESS_SURVEY,NOT_SURVEYED_NOT_OPERATIONAL,377942.620488,Local road alignment requires terrain survey
DOM-SERVICE-visual-territory-26-E2-31,SERVICE-visual-territory-26-E2-31,GATE-26,visual-territory-26,867.0051586766731,DOMESTIC_ACCESS_SURVEY,NOT_SURVEYED_NOT_OPERATIONAL,377942.620488,Local road alignment requires terrain survey
DOM-SERVICE-visual-territory-26-E2-35,SERVICE-visual-territory-26-E2-35,GATE-26,visual-territory-26,867.0051586766731,DOMESTIC_ACCESS_SURVEY,NOT_SURVEYED_NOT_OPERATIONAL,377942.620488,Local road alignment requires terrain survey
DOM-POWER-26-10,POWER-26-10,GATE-26,visual-territory-26,867.0051586766731,DOMESTIC_ACCESS_SURVEY,NOT_SURVEYED_NOT_OPERATIONAL,377942.620488,Local road alignment requires terrain survey
DOM-POWER-26-11,POWER-26-11,GATE-26,visual-territory-26,867.0051586766731,DOMESTIC_ACCESS_SURVEY,NOT_SURVEYED_NOT_OPERATIONAL,377942.620488,Local road alignment requires terrain survey
DOM-POWER-26-23,POWER-26-23,GATE-26,visual-territory-26,867.0051586766731,DOMESTIC_ACCESS_SURVEY,NOT_SURVEYED_NOT_OPERATIONAL,377942.620488,Local road alignment requires terrain survey
DOM-POWER-26-13,POWER-26-13,GATE-26,visual-territory-26,867.0051586766731,DOMESTIC_ACCESS_SURVEY,NOT_SURVEYED_NOT_OPERATIONAL,377942.620488,Local road alignment requires terrain survey
DOM-WAREHOUSE-26,WAREHOUSE-26,GATE-26,visual-territory-26,867.0051586766731,DOMESTIC_ACCESS_SURVEY,NOT_SURVEYED_NOT_OPERATIONAL,377942.620488,Local road alignment requires terrain survey
DOM-SF126,SF126,GATE-27,visual-territory-27,3561.917191578151,DOMESTIC_ACCESS_SURVEY,NOT_SURVEYED_NOT_OPERATIONAL,688228.650105,Local road alignment requires terrain survey
DOM-SF127,SF127,GATE-27,visual-territory-27,1366.082366772343,DOMESTIC_ACCESS_SURVEY,NOT_SURVEYED_NOT_OPERATIONAL,688228.650105,Local road alignment requires terrain survey
DOM-SF128,SF128,GATE-27,visual-territory-27,271.8947168901267,DOMESTIC_ACCESS_SURVEY,NOT_SURVEYED_NOT_OPERATIONAL,688228.650105,Local road alignment requires terrain survey
DOM-SF129,SF129,GATE-27,visual-territory-27,2426.1068131815346,DOMESTIC_ACCESS_SURVEY,NOT_SURVEYED_NOT_OPERATIONAL,688228.650105,Local road alignment requires terrain survey
DOM-OPEN-RES170,OPEN-RES170,GATE-27,visual-territory-27,271.8947168901267,DOMESTIC_ACCESS_SURVEY,NOT_SURVEYED_NOT_OPERATIONAL,688228.650105,Local road alignment requires terrain survey
DOM-OPEN-27-STEEL,OPEN-27-STEEL,GATE-27,visual-territory-27,2169.684056219755,DOMESTIC_ACCESS_SURVEY,NOT_SURVEYED_NOT_OPERATIONAL,688228.650105,Local road alignment requires terrain survey
DOM-SERVICE-visual-territory-27-E1-36,SERVICE-visual-territory-27-E1-36,GATE-27,visual-territory-27,1607.923742264765,DOMESTIC_ACCESS_SURVEY,NOT_SURVEYED_NOT_OPERATIONAL,688228.650105,Local road alignment requires terrain survey
DOM-SERVICE-visual-territory-27-E1-31,SERVICE-visual-territory-27-E1-31,GATE-27,visual-territory-27,1607.923742264765,DOMESTIC_ACCESS_SURVEY,NOT_SURVEYED_NOT_OPERATIONAL,688228.650105,Local road alignment requires terrain survey
DOM-SERVICE-visual-territory-27-E1-35,SERVICE-visual-territory-27-E1-35,GATE-27,visual-territory-27,1607.923742264765,DOMESTIC_ACCESS_SURVEY,NOT_SURVEYED_NOT_OPERATIONAL,688228.650105,Local road alignment requires terrain survey
DOM-SERVICE-visual-territory-27-E2-36,SERVICE-visual-territory-27-E2-36,GATE-27,visual-territory-27,2169.684056219755,DOMESTIC_ACCESS_SURVEY,NOT_SURVEYED_NOT_OPERATIONAL,688228.650105,Local road alignment requires terrain survey
DOM-SERVICE-visual-territory-27-E2-31,SERVICE-visual-territory-27-E2-31,GATE-27,visual-territory-27,2169.684056219755,DOMESTIC_ACCESS_SURVEY,NOT_SURVEYED_NOT_OPERATIONAL,688228.650105,Local road alignment requires terrain survey
DOM-SERVICE-visual-territory-27-E2-35,SERVICE-visual-territory-27-E2-35,GATE-27,visual-territory-27,2169.684056219755,DOMESTIC_ACCESS_SURVEY,NOT_SURVEYED_NOT_OPERATIONAL,688228.650105,Local road alignment requires terrain survey
DOM-POWER-27-10,POWER-27-10,GATE-27,visual-territory-27,2169.684056219755,DOMESTIC_ACCESS_SURVEY,NOT_SURVEYED_NOT_OPERATIONAL,688228.650105,Local road alignment requires terrain survey
DOM-POWER-27-11,POWER-27-11,GATE-27,visual-territory-27,2169.684056219755,DOMESTIC_ACCESS_SURVEY,NOT_SURVEYED_NOT_OPERATIONAL,688228.650105,Local road alignment requires terrain survey
DOM-POWER-27-23,POWER-27-23,GATE-27,visual-territory-27,2169.684056219755,DOMESTIC_ACCESS_SURVEY,NOT_SURVEYED_NOT_OPERATIONAL,688228.650105,Local road alignment requires terrain survey
DOM-POWER-27-13,POWER-27-13,GATE-27,visual-territory-27,2169.684056219755,DOMESTIC_ACCESS_SURVEY,NOT_SURVEYED_NOT_OPERATIONAL,688228.650105,Local road alignment requires terrain survey
DOM-WAREHOUSE-27,WAREHOUSE-27,GATE-27,visual-territory-27,2169.684056219755,DOMESTIC_ACCESS_SURVEY,NOT_SURVEYED_NOT_OPERATIONAL,688228.650105,Local road alignment requires terrain survey
DOM-H08,H08,GATE-28,visual-territory-28,1849.4137430941835,DOMESTIC_ACCESS_SURVEY,NOT_SURVEYED_NOT_OPERATIONAL,503374.438718,Local road alignment requires terrain survey
DOM-SF130,SF130,GATE-28,visual-territory-28,2597.2886966114743,DOMESTIC_ACCESS_SURVEY,NOT_SURVEYED_NOT_OPERATIONAL,503374.438718,Local road alignment requires terrain survey
DOM-SF131,SF131,GATE-28,visual-territory-28,1371.49695824794,DOMESTIC_ACCESS_SURVEY,NOT_SURVEYED_NOT_OPERATIONAL,503374.438718,Local road alignment requires terrain survey
DOM-OPEN-RES171,OPEN-RES171,GATE-28,visual-territory-28,1371.49695824794,DOMESTIC_ACCESS_SURVEY,NOT_SURVEYED_NOT_OPERATIONAL,503374.438718,Local road alignment requires terrain survey
DOM-OPEN-RES172,OPEN-RES172,GATE-28,visual-territory-28,1245.9028241462645,DOMESTIC_ACCESS_SURVEY,NOT_SURVEYED_NOT_OPERATIONAL,503374.438718,Local road alignment requires terrain survey
DOM-OPEN-28-REFINED_FUEL,OPEN-28-REFINED_FUEL,GATE-28,visual-territory-28,1614.7357754399677,DOMESTIC_ACCESS_SURVEY,NOT_SURVEYED_NOT_OPERATIONAL,503374.438718,Local road alignment requires terrain survey
DOM-OPEN-28-MACHINERY,OPEN-28-MACHINERY,GATE-28,visual-territory-28,1614.7357754399677,DOMESTIC_ACCESS_SURVEY,NOT_SURVEYED_NOT_OPERATIONAL,503374.438718,Local road alignment requires terrain survey
DOM-SERVICE-visual-territory-28-E1-36,SERVICE-visual-territory-28-E1-36,GATE-28,visual-territory-28,1247.6523054233419,DOMESTIC_ACCESS_SURVEY,NOT_SURVEYED_NOT_OPERATIONAL,503374.438718,Local road alignment requires terrain survey
DOM-SERVICE-visual-territory-28-E1-31,SERVICE-visual-territory-28-E1-31,GATE-28,visual-territory-28,1247.6523054233419,DOMESTIC_ACCESS_SURVEY,NOT_SURVEYED_NOT_OPERATIONAL,503374.438718,Local road alignment requires terrain survey
DOM-SERVICE-visual-territory-28-E1-35,SERVICE-visual-territory-28-E1-35,GATE-28,visual-territory-28,1247.6523054233419,DOMESTIC_ACCESS_SURVEY,NOT_SURVEYED_NOT_OPERATIONAL,503374.438718,Local road alignment requires terrain survey
DOM-SERVICE-visual-territory-28-E2-36,SERVICE-visual-territory-28-E2-36,GATE-28,visual-territory-28,1614.7357754399677,DOMESTIC_ACCESS_SURVEY,NOT_SURVEYED_NOT_OPERATIONAL,503374.438718,Local road alignment requires terrain survey
DOM-SERVICE-visual-territory-28-E2-31,SERVICE-visual-territory-28-E2-31,GATE-28,visual-territory-28,1614.7357754399677,DOMESTIC_ACCESS_SURVEY,NOT_SURVEYED_NOT_OPERATIONAL,503374.438718,Local road alignment requires terrain survey
DOM-SERVICE-visual-territory-28-E2-35,SERVICE-visual-territory-28-E2-35,GATE-28,visual-territory-28,1614.7357754399677,DOMESTIC_ACCESS_SURVEY,NOT_SURVEYED_NOT_OPERATIONAL,503374.438718,Local road alignment requires terrain survey
DOM-POWER-28-10,POWER-28-10,GATE-28,visual-territory-28,1614.7357754399677,DOMESTIC_ACCESS_SURVEY,NOT_SURVEYED_NOT_OPERATIONAL,503374.438718,Local road alignment requires terrain survey
DOM-POWER-28-11,POWER-28-11,GATE-28,visual-territory-28,1614.7357754399677,DOMESTIC_ACCESS_SURVEY,NOT_SURVEYED_NOT_OPERATIONAL,503374.438718,Local road alignment requires terrain survey
DOM-POWER-28-23,POWER-28-23,GATE-28,visual-territory-28,1614.7357754399677,DOMESTIC_ACCESS_SURVEY,NOT_SURVEYED_NOT_OPERATIONAL,503374.438718,Local road alignment requires terrain survey
DOM-POWER-28-13,POWER-28-13,GATE-28,visual-territory-28,1614.7357754399677,DOMESTIC_ACCESS_SURVEY,NOT_SURVEYED_NOT_OPERATIONAL,503374.438718,Local road alignment requires terrain survey
DOM-WAREHOUSE-28,WAREHOUSE-28,GATE-28,visual-territory-28,1614.7357754399677,DOMESTIC_ACCESS_SURVEY,NOT_SURVEYED_NOT_OPERATIONAL,503374.438718,Local road alignment requires terrain survey
DOM-P11,P11,GATE-29,visual-territory-29,19.3716964857194,DOMESTIC_ACCESS_SURVEY,NOT_SURVEYED_NOT_OPERATIONAL,388322.883999,Local road alignment requires terrain survey
DOM-SF132,SF132,GATE-29,visual-territory-29,2568.850570967888,DOMESTIC_ACCESS_SURVEY,NOT_SURVEYED_NOT_OPERATIONAL,388322.883999,Local road alignment requires terrain survey
DOM-SF133,SF133,GATE-29,visual-territory-29,1432.065027914537,DOMESTIC_ACCESS_SURVEY,NOT_SURVEYED_NOT_OPERATIONAL,388322.883999,Local road alignment requires terrain survey
DOM-SF134,SF134,GATE-29,visual-territory-29,607.9750696893835,DOMESTIC_ACCESS_SURVEY,NOT_SURVEYED_NOT_OPERATIONAL,388322.883999,Local road alignment requires terrain survey
DOM-OPEN-RES173,OPEN-RES173,GATE-29,visual-territory-29,1432.065027914537,DOMESTIC_ACCESS_SURVEY,NOT_SURVEYED_NOT_OPERATIONAL,388322.883999,Local road alignment requires terrain survey
DOM-OPEN-RES174,OPEN-RES174,GATE-29,visual-territory-29,607.9750696893835,DOMESTIC_ACCESS_SURVEY,NOT_SURVEYED_NOT_OPERATIONAL,388322.883999,Local road alignment requires terrain survey
DOM-OPEN-RES302,OPEN-RES302,GATE-29,visual-territory-29,2172.481997920811,DOMESTIC_ACCESS_SURVEY,NOT_SURVEYED_NOT_OPERATIONAL,388322.883999,Local road alignment requires terrain survey
DOM-OPEN-29-STEEL,OPEN-29-STEEL,GATE-29,visual-territory-29,1272.0030323754445,DOMESTIC_ACCESS_SURVEY,NOT_SURVEYED_NOT_OPERATIONAL,388322.883999,Local road alignment requires terrain survey
DOM-SERVICE-visual-territory-29-E1-36,SERVICE-visual-territory-29-E1-36,GATE-29,visual-territory-29,2030.8546932206345,DOMESTIC_ACCESS_SURVEY,NOT_SURVEYED_NOT_OPERATIONAL,388322.883999,Local road alignment requires terrain survey
DOM-SERVICE-visual-territory-29-E1-31,SERVICE-visual-territory-29-E1-31,GATE-29,visual-territory-29,2030.8546932206345,DOMESTIC_ACCESS_SURVEY,NOT_SURVEYED_NOT_OPERATIONAL,388322.883999,Local road alignment requires terrain survey
DOM-SERVICE-visual-territory-29-E1-35,SERVICE-visual-territory-29-E1-35,GATE-29,visual-territory-29,2030.8546932206345,DOMESTIC_ACCESS_SURVEY,NOT_SURVEYED_NOT_OPERATIONAL,388322.883999,Local road alignment requires terrain survey
DOM-SERVICE-visual-territory-29-E2-36,SERVICE-visual-territory-29-E2-36,GATE-29,visual-territory-29,1272.0030323754445,DOMESTIC_ACCESS_SURVEY,NOT_SURVEYED_NOT_OPERATIONAL,388322.883999,Local road alignment requires terrain survey
DOM-SERVICE-visual-territory-29-E2-31,SERVICE-visual-territory-29-E2-31,GATE-29,visual-territory-29,1272.0030323754445,DOMESTIC_ACCESS_SURVEY,NOT_SURVEYED_NOT_OPERATIONAL,388322.883999,Local road alignment requires terrain survey
DOM-SERVICE-visual-territory-29-E2-35,SERVICE-visual-territory-29-E2-35,GATE-29,visual-territory-29,1272.0030323754445,DOMESTIC_ACCESS_SURVEY,NOT_SURVEYED_NOT_OPERATIONAL,388322.883999,Local road alignment requires terrain survey
DOM-POWER-29-10,POWER-29-10,GATE-29,visual-territory-29,1272.0030323754445,DOMESTIC_ACCESS_SURVEY,NOT_SURVEYED_NOT_OPERATIONAL,388322.883999,Local road alignment requires terrain survey
DOM-POWER-29-11,POWER-29-11,GATE-29,visual-territory-29,1272.0030323754445,DOMESTIC_ACCESS_SURVEY,NOT_SURVEYED_NOT_OPERATIONAL,388322.883999,Local road alignment requires terrain survey
DOM-POWER-29-23,POWER-29-23,GATE-29,visual-territory-29,1272.0030323754445,DOMESTIC_ACCESS_SURVEY,NOT_SURVEYED_NOT_OPERATIONAL,388322.883999,Local road alignment requires terrain survey
DOM-POWER-29-13,POWER-29-13,GATE-29,visual-territory-29,1272.0030323754445,DOMESTIC_ACCESS_SURVEY,NOT_SURVEYED_NOT_OPERATIONAL,388322.883999,Local road alignment requires terrain survey
DOM-WAREHOUSE-29,WAREHOUSE-29,GATE-29,visual-territory-29,1272.0030323754445,DOMESTIC_ACCESS_SURVEY,NOT_SURVEYED_NOT_OPERATIONAL,388322.883999,Local road alignment requires terrain survey
DOM-SF135,SF135,GATE-30,visual-territory-30,1707.0191214705185,DOMESTIC_ACCESS_SURVEY,NOT_SURVEYED_NOT_OPERATIONAL,385835.21499,Local road alignment requires terrain survey
DOM-SF136,SF136,GATE-30,visual-territory-30,156.179610089679,DOMESTIC_ACCESS_SURVEY,NOT_SURVEYED_NOT_OPERATIONAL,385835.21499,Local road alignment requires terrain survey
DOM-SF137,SF137,GATE-30,visual-territory-30,1839.08728360974,DOMESTIC_ACCESS_SURVEY,NOT_SURVEYED_NOT_OPERATIONAL,385835.21499,Local road alignment requires terrain survey
DOM-SF138,SF138,GATE-30,visual-territory-30,2989.335859820804,DOMESTIC_ACCESS_SURVEY,NOT_SURVEYED_NOT_OPERATIONAL,385835.21499,Local road alignment requires terrain survey
DOM-OPEN-RES177,OPEN-RES177,GATE-30,visual-territory-30,1839.08728360974,DOMESTIC_ACCESS_SURVEY,NOT_SURVEYED_NOT_OPERATIONAL,385835.21499,Local road alignment requires terrain survey
DOM-OPEN-RES314,OPEN-RES314,GATE-30,visual-territory-30,2989.335859820804,DOMESTIC_ACCESS_SURVEY,NOT_SURVEYED_NOT_OPERATIONAL,385835.21499,Local road alignment requires terrain survey
DOM-OPEN-30-STEEL,OPEN-30-STEEL,GATE-30,visual-territory-30,2279.1708559737294,DOMESTIC_ACCESS_SURVEY,NOT_SURVEYED_NOT_OPERATIONAL,385835.21499,Local road alignment requires terrain survey
DOM-SERVICE-visual-territory-30-E1-36,SERVICE-visual-territory-30-E1-36,GATE-30,visual-territory-30,2279.1708559737294,DOMESTIC_ACCESS_SURVEY,NOT_SURVEYED_NOT_OPERATIONAL,385835.21499,Local road alignment requires terrain survey
DOM-SERVICE-visual-territory-30-E1-31,SERVICE-visual-territory-30-E1-31,GATE-30,visual-territory-30,2279.1708559737294,DOMESTIC_ACCESS_SURVEY,NOT_SURVEYED_NOT_OPERATIONAL,385835.21499,Local road alignment requires terrain survey
DOM-SERVICE-visual-territory-30-E1-35,SERVICE-visual-territory-30-E1-35,GATE-30,visual-territory-30,2279.1708559737294,DOMESTIC_ACCESS_SURVEY,NOT_SURVEYED_NOT_OPERATIONAL,385835.21499,Local road alignment requires terrain survey
DOM-SERVICE-visual-territory-30-E2-36,SERVICE-visual-territory-30-E2-36,GATE-30,visual-territory-30,1294.157641873529,DOMESTIC_ACCESS_SURVEY,NOT_SURVEYED_NOT_OPERATIONAL,385835.21499,Local road alignment requires terrain survey
DOM-SERVICE-visual-territory-30-E2-31,SERVICE-visual-territory-30-E2-31,GATE-30,visual-territory-30,1294.157641873529,DOMESTIC_ACCESS_SURVEY,NOT_SURVEYED_NOT_OPERATIONAL,385835.21499,Local road alignment requires terrain survey
DOM-SERVICE-visual-territory-30-E2-35,SERVICE-visual-territory-30-E2-35,GATE-30,visual-territory-30,1294.157641873529,DOMESTIC_ACCESS_SURVEY,NOT_SURVEYED_NOT_OPERATIONAL,385835.21499,Local road alignment requires terrain survey
DOM-POWER-30-10,POWER-30-10,GATE-30,visual-territory-30,2279.1708559737294,DOMESTIC_ACCESS_SURVEY,NOT_SURVEYED_NOT_OPERATIONAL,385835.21499,Local road alignment requires terrain survey
DOM-POWER-30-11,POWER-30-11,GATE-30,visual-territory-30,2279.1708559737294,DOMESTIC_ACCESS_SURVEY,NOT_SURVEYED_NOT_OPERATIONAL,385835.21499,Local road alignment requires terrain survey
DOM-POWER-30-23,POWER-30-23,GATE-30,visual-territory-30,2279.1708559737294,DOMESTIC_ACCESS_SURVEY,NOT_SURVEYED_NOT_OPERATIONAL,385835.21499,Local road alignment requires terrain survey
DOM-POWER-30-13,POWER-30-13,GATE-30,visual-territory-30,2279.1708559737294,DOMESTIC_ACCESS_SURVEY,NOT_SURVEYED_NOT_OPERATIONAL,385835.21499,Local road alignment requires terrain survey
DOM-WAREHOUSE-30,WAREHOUSE-30,GATE-30,visual-territory-30,2279.1708559737294,DOMESTIC_ACCESS_SURVEY,NOT_SURVEYED_NOT_OPERATIONAL,385835.21499,Local road alignment requires terrain survey
DOM-SF139,SF139,GATE-31,visual-territory-31,2310.473585421242,DOMESTIC_ACCESS_SURVEY,NOT_SURVEYED_NOT_OPERATIONAL,606418.213932,Local road alignment requires terrain survey
DOM-SF140,SF140,GATE-31,visual-territory-31,1884.1190319504165,DOMESTIC_ACCESS_SURVEY,NOT_SURVEYED_NOT_OPERATIONAL,606418.213932,Local road alignment requires terrain survey
DOM-SF141,SF141,GATE-31,visual-territory-31,3529.9726234649766,DOMESTIC_ACCESS_SURVEY,NOT_SURVEYED_NOT_OPERATIONAL,606418.213932,Local road alignment requires terrain survey
DOM-SF142,SF142,GATE-31,visual-territory-31,374.9083295646074,DOMESTIC_ACCESS_SURVEY,NOT_SURVEYED_NOT_OPERATIONAL,606418.213932,Local road alignment requires terrain survey
DOM-OPEN-RES179,OPEN-RES179,GATE-31,visual-territory-31,3529.9726234649766,DOMESTIC_ACCESS_SURVEY,NOT_SURVEYED_NOT_OPERATIONAL,606418.213932,Local road alignment requires terrain survey
DOM-OPEN-RES178,OPEN-RES178,GATE-31,visual-territory-31,1884.1190319504165,DOMESTIC_ACCESS_SURVEY,NOT_SURVEYED_NOT_OPERATIONAL,606418.213932,Local road alignment requires terrain survey
DOM-OPEN-31-REFINED_FUEL,OPEN-31-REFINED_FUEL,GATE-31,visual-territory-31,2187.438060618928,DOMESTIC_ACCESS_SURVEY,NOT_SURVEYED_NOT_OPERATIONAL,606418.213932,Local road alignment requires terrain survey
DOM-OPEN-31-MACHINERY,OPEN-31-MACHINERY,GATE-31,visual-territory-31,2187.438060618928,DOMESTIC_ACCESS_SURVEY,NOT_SURVEYED_NOT_OPERATIONAL,606418.213932,Local road alignment requires terrain survey
DOM-OPEN-31-SEMICONDUCTORS,OPEN-31-SEMICONDUCTORS,GATE-31,visual-territory-31,2187.438060618928,DOMESTIC_ACCESS_SURVEY,NOT_SURVEYED_NOT_OPERATIONAL,606418.213932,Local road alignment requires terrain survey
DOM-SERVICE-visual-territory-31-E1-36,SERVICE-visual-territory-31-E1-36,GATE-31,visual-territory-31,1576.811101057101,DOMESTIC_ACCESS_SURVEY,NOT_SURVEYED_NOT_OPERATIONAL,606418.213932,Local road alignment requires terrain survey
DOM-SERVICE-visual-territory-31-E1-31,SERVICE-visual-territory-31-E1-31,GATE-31,visual-territory-31,1576.811101057101,DOMESTIC_ACCESS_SURVEY,NOT_SURVEYED_NOT_OPERATIONAL,606418.213932,Local road alignment requires terrain survey
DOM-SERVICE-visual-territory-31-E1-35,SERVICE-visual-territory-31-E1-35,GATE-31,visual-territory-31,1576.811101057101,DOMESTIC_ACCESS_SURVEY,NOT_SURVEYED_NOT_OPERATIONAL,606418.213932,Local road alignment requires terrain survey
DOM-SERVICE-visual-territory-31-E2-36,SERVICE-visual-territory-31-E2-36,GATE-31,visual-territory-31,2187.438060618928,DOMESTIC_ACCESS_SURVEY,NOT_SURVEYED_NOT_OPERATIONAL,606418.213932,Local road alignment requires terrain survey
DOM-SERVICE-visual-territory-31-E2-31,SERVICE-visual-territory-31-E2-31,GATE-31,visual-territory-31,2187.438060618928,DOMESTIC_ACCESS_SURVEY,NOT_SURVEYED_NOT_OPERATIONAL,606418.213932,Local road alignment requires terrain survey
DOM-SERVICE-visual-territory-31-E2-35,SERVICE-visual-territory-31-E2-35,GATE-31,visual-territory-31,2187.438060618928,DOMESTIC_ACCESS_SURVEY,NOT_SURVEYED_NOT_OPERATIONAL,606418.213932,Local road alignment requires terrain survey
DOM-POWER-31-10,POWER-31-10,GATE-31,visual-territory-31,2187.438060618928,DOMESTIC_ACCESS_SURVEY,NOT_SURVEYED_NOT_OPERATIONAL,606418.213932,Local road alignment requires terrain survey
DOM-POWER-31-11,POWER-31-11,GATE-31,visual-territory-31,2187.438060618928,DOMESTIC_ACCESS_SURVEY,NOT_SURVEYED_NOT_OPERATIONAL,606418.213932,Local road alignment requires terrain survey
DOM-POWER-31-23,POWER-31-23,GATE-31,visual-territory-31,2187.438060618928,DOMESTIC_ACCESS_SURVEY,NOT_SURVEYED_NOT_OPERATIONAL,606418.213932,Local road alignment requires terrain survey
DOM-POWER-31-13,POWER-31-13,GATE-31,visual-territory-31,2187.438060618928,DOMESTIC_ACCESS_SURVEY,NOT_SURVEYED_NOT_OPERATIONAL,606418.213932,Local road alignment requires terrain survey
DOM-WAREHOUSE-31,WAREHOUSE-31,GATE-31,visual-territory-31,2187.438060618928,DOMESTIC_ACCESS_SURVEY,NOT_SURVEYED_NOT_OPERATIONAL,606418.213932,Local road alignment requires terrain survey
DOM-SF143,SF143,GATE-32,visual-territory-32,1252.5640452585772,DOMESTIC_ACCESS_SURVEY,NOT_SURVEYED_NOT_OPERATIONAL,417678.957764,Local road alignment requires terrain survey
DOM-SF144,SF144,GATE-32,visual-territory-32,6013.593481203844,DOMESTIC_ACCESS_SURVEY,NOT_SURVEYED_NOT_OPERATIONAL,417678.957764,Local road alignment requires terrain survey
DOM-OPEN-RES182,OPEN-RES182,GATE-32,visual-territory-32,6013.593481203844,DOMESTIC_ACCESS_SURVEY,NOT_SURVEYED_NOT_OPERATIONAL,417678.957764,Local road alignment requires terrain survey
DOM-OPEN-RES183,OPEN-RES183,GATE-32,visual-territory-32,2863.8626959454505,DOMESTIC_ACCESS_SURVEY,NOT_SURVEYED_NOT_OPERATIONAL,417678.957764,Local road alignment requires terrain survey
DOM-OPEN-32-STEEL,OPEN-32-STEEL,GATE-32,visual-territory-32,2386.402616014857,DOMESTIC_ACCESS_SURVEY,NOT_SURVEYED_NOT_OPERATIONAL,417678.957764,Local road alignment requires terrain survey
DOM-SERVICE-visual-territory-32-E1-36,SERVICE-visual-territory-32-E1-36,GATE-32,visual-territory-32,1607.6735518412136,DOMESTIC_ACCESS_SURVEY,NOT_SURVEYED_NOT_OPERATIONAL,417678.957764,Local road alignment requires terrain survey
DOM-SERVICE-visual-territory-32-E1-31,SERVICE-visual-territory-32-E1-31,GATE-32,visual-territory-32,1607.6735518412136,DOMESTIC_ACCESS_SURVEY,NOT_SURVEYED_NOT_OPERATIONAL,417678.957764,Local road alignment requires terrain survey
DOM-SERVICE-visual-territory-32-E1-35,SERVICE-visual-territory-32-E1-35,GATE-32,visual-territory-32,1607.6735518412136,DOMESTIC_ACCESS_SURVEY,NOT_SURVEYED_NOT_OPERATIONAL,417678.957764,Local road alignment requires terrain survey
DOM-SERVICE-visual-territory-32-E2-36,SERVICE-visual-territory-32-E2-36,GATE-32,visual-territory-32,2386.402616014857,DOMESTIC_ACCESS_SURVEY,NOT_SURVEYED_NOT_OPERATIONAL,417678.957764,Local road alignment requires terrain survey
DOM-SERVICE-visual-territory-32-E2-31,SERVICE-visual-territory-32-E2-31,GATE-32,visual-territory-32,2386.402616014857,DOMESTIC_ACCESS_SURVEY,NOT_SURVEYED_NOT_OPERATIONAL,417678.957764,Local road alignment requires terrain survey
DOM-SERVICE-visual-territory-32-E2-35,SERVICE-visual-territory-32-E2-35,GATE-32,visual-territory-32,2386.402616014857,DOMESTIC_ACCESS_SURVEY,NOT_SURVEYED_NOT_OPERATIONAL,417678.957764,Local road alignment requires terrain survey
DOM-POWER-32-10,POWER-32-10,GATE-32,visual-territory-32,2386.402616014857,DOMESTIC_ACCESS_SURVEY,NOT_SURVEYED_NOT_OPERATIONAL,417678.957764,Local road alignment requires terrain survey
DOM-POWER-32-11,POWER-32-11,GATE-32,visual-territory-32,2386.402616014857,DOMESTIC_ACCESS_SURVEY,NOT_SURVEYED_NOT_OPERATIONAL,417678.957764,Local road alignment requires terrain survey
DOM-POWER-32-23,POWER-32-23,GATE-32,visual-territory-32,2386.402616014857,DOMESTIC_ACCESS_SURVEY,NOT_SURVEYED_NOT_OPERATIONAL,417678.957764,Local road alignment requires terrain survey
DOM-POWER-32-13,POWER-32-13,GATE-32,visual-territory-32,2386.402616014857,DOMESTIC_ACCESS_SURVEY,NOT_SURVEYED_NOT_OPERATIONAL,417678.957764,Local road alignment requires terrain survey
DOM-WAREHOUSE-32,WAREHOUSE-32,GATE-32,visual-territory-32,2386.402616014857,DOMESTIC_ACCESS_SURVEY,NOT_SURVEYED_NOT_OPERATIONAL,417678.957764,Local road alignment requires terrain survey
DOM-SF145,SF145,GATE-33,visual-territory-33,1356.3646330402898,DOMESTIC_ACCESS_SURVEY,NOT_SURVEYED_NOT_OPERATIONAL,287959.792962,Local road alignment requires terrain survey
DOM-SF146,SF146,GATE-33,visual-territory-33,1308.4860432395437,DOMESTIC_ACCESS_SURVEY,NOT_SURVEYED_NOT_OPERATIONAL,287959.792962,Local road alignment requires terrain survey
DOM-SF147,SF147,GATE-33,visual-territory-33,2156.8363701322733,DOMESTIC_ACCESS_SURVEY,NOT_SURVEYED_NOT_OPERATIONAL,287959.792962,Local road alignment requires terrain survey
DOM-SF148,SF148,GATE-33,visual-territory-33,1955.917899058971,DOMESTIC_ACCESS_SURVEY,NOT_SURVEYED_NOT_OPERATIONAL,287959.792962,Local road alignment requires terrain survey
DOM-OPEN-RES55,OPEN-RES55,GATE-33,visual-territory-33,1356.3646330402898,DOMESTIC_ACCESS_SURVEY,NOT_SURVEYED_NOT_OPERATIONAL,287959.792962,Local road alignment requires terrain survey
DOM-OPEN-33-GRAIN,OPEN-33-GRAIN,GATE-33,visual-territory-33,928.9581871138448,DOMESTIC_ACCESS_SURVEY,NOT_SURVEYED_NOT_OPERATIONAL,287959.792962,Local road alignment requires terrain survey
DOM-OPEN-RES310,OPEN-RES310,GATE-33,visual-territory-33,1955.917899058971,DOMESTIC_ACCESS_SURVEY,NOT_SURVEYED_NOT_OPERATIONAL,287959.792962,Local road alignment requires terrain survey
DOM-SERVICE-visual-territory-33-E1-36,SERVICE-visual-territory-33-E1-36,GATE-33,visual-territory-33,928.9581871138448,DOMESTIC_ACCESS_SURVEY,NOT_SURVEYED_NOT_OPERATIONAL,287959.792962,Local road alignment requires terrain survey
DOM-SERVICE-visual-territory-33-E1-31,SERVICE-visual-territory-33-E1-31,GATE-33,visual-territory-33,928.9581871138448,DOMESTIC_ACCESS_SURVEY,NOT_SURVEYED_NOT_OPERATIONAL,287959.792962,Local road alignment requires terrain survey
DOM-SERVICE-visual-territory-33-E1-35,SERVICE-visual-territory-33-E1-35,GATE-33,visual-territory-33,928.9581871138448,DOMESTIC_ACCESS_SURVEY,NOT_SURVEYED_NOT_OPERATIONAL,287959.792962,Local road alignment requires terrain survey
DOM-SERVICE-visual-territory-33-E2-36,SERVICE-visual-territory-33-E2-36,GATE-33,visual-territory-33,1807.7669859059238,DOMESTIC_ACCESS_SURVEY,NOT_SURVEYED_NOT_OPERATIONAL,287959.792962,Local road alignment requires terrain survey
DOM-SERVICE-visual-territory-33-E2-31,SERVICE-visual-territory-33-E2-31,GATE-33,visual-territory-33,1807.7669859059238,DOMESTIC_ACCESS_SURVEY,NOT_SURVEYED_NOT_OPERATIONAL,287959.792962,Local road alignment requires terrain survey
DOM-SERVICE-visual-territory-33-E2-35,SERVICE-visual-territory-33-E2-35,GATE-33,visual-territory-33,1807.7669859059238,DOMESTIC_ACCESS_SURVEY,NOT_SURVEYED_NOT_OPERATIONAL,287959.792962,Local road alignment requires terrain survey
DOM-POWER-33-10,POWER-33-10,GATE-33,visual-territory-33,928.9581871138448,DOMESTIC_ACCESS_SURVEY,NOT_SURVEYED_NOT_OPERATIONAL,287959.792962,Local road alignment requires terrain survey
DOM-POWER-33-11,POWER-33-11,GATE-33,visual-territory-33,928.9581871138448,DOMESTIC_ACCESS_SURVEY,NOT_SURVEYED_NOT_OPERATIONAL,287959.792962,Local road alignment requires terrain survey
DOM-POWER-33-23,POWER-33-23,GATE-33,visual-territory-33,928.9581871138448,DOMESTIC_ACCESS_SURVEY,NOT_SURVEYED_NOT_OPERATIONAL,287959.792962,Local road alignment requires terrain survey
DOM-POWER-33-13,POWER-33-13,GATE-33,visual-territory-33,928.9581871138448,DOMESTIC_ACCESS_SURVEY,NOT_SURVEYED_NOT_OPERATIONAL,287959.792962,Local road alignment requires terrain survey
DOM-WAREHOUSE-33,WAREHOUSE-33,GATE-33,visual-territory-33,928.9581871138448,DOMESTIC_ACCESS_SURVEY,NOT_SURVEYED_NOT_OPERATIONAL,287959.792962,Local road alignment requires terrain survey
DOM-SF149,SF149,GATE-34,visual-territory-34,931.5550545723543,DOMESTIC_ACCESS_SURVEY,NOT_SURVEYED_NOT_OPERATIONAL,342933.432546,Local road alignment requires terrain survey
DOM-SF150,SF150,GATE-34,visual-territory-34,3151.251688939734,DOMESTIC_ACCESS_SURVEY,NOT_SURVEYED_NOT_OPERATIONAL,342933.432546,Local road alignment requires terrain survey
DOM-SF151,SF151,GATE-34,visual-territory-34,2346.335512277043,DOMESTIC_ACCESS_SURVEY,NOT_SURVEYED_NOT_OPERATIONAL,342933.432546,Local road alignment requires terrain survey
DOM-SF152,SF152,GATE-34,visual-territory-34,1356.3646330402898,DOMESTIC_ACCESS_SURVEY,NOT_SURVEYED_NOT_OPERATIONAL,342933.432546,Local road alignment requires terrain survey
DOM-SF153,SF153,GATE-34,visual-territory-34,2103.8143994742004,DOMESTIC_ACCESS_SURVEY,NOT_SURVEYED_NOT_OPERATIONAL,342933.432546,Local road alignment requires terrain survey
DOM-OPEN-RES56,OPEN-RES56,GATE-34,visual-territory-34,931.5550545723543,DOMESTIC_ACCESS_SURVEY,NOT_SURVEYED_NOT_OPERATIONAL,342933.432546,Local road alignment requires terrain survey
DOM-OPEN-34-GRAIN,OPEN-34-GRAIN,GATE-34,visual-territory-34,1952.1850561160156,DOMESTIC_ACCESS_SURVEY,NOT_SURVEYED_NOT_OPERATIONAL,342933.432546,Local road alignment requires terrain survey
DOM-OPEN-RES299,OPEN-RES299,GATE-34,visual-territory-34,1356.3646330402898,DOMESTIC_ACCESS_SURVEY,NOT_SURVEYED_NOT_OPERATIONAL,342933.432546,Local road alignment requires terrain survey
DOM-SERVICE-visual-territory-34-E1-36,SERVICE-visual-territory-34-E1-36,GATE-34,visual-territory-34,1952.1850561160156,DOMESTIC_ACCESS_SURVEY,NOT_SURVEYED_NOT_OPERATIONAL,342933.432546,Local road alignment requires terrain survey
DOM-SERVICE-visual-territory-34-E1-31,SERVICE-visual-territory-34-E1-31,GATE-34,visual-territory-34,1952.1850561160156,DOMESTIC_ACCESS_SURVEY,NOT_SURVEYED_NOT_OPERATIONAL,342933.432546,Local road alignment requires terrain survey
DOM-SERVICE-visual-territory-34-E1-35,SERVICE-visual-territory-34-E1-35,GATE-34,visual-territory-34,1952.1850561160156,DOMESTIC_ACCESS_SURVEY,NOT_SURVEYED_NOT_OPERATIONAL,342933.432546,Local road alignment requires terrain survey
DOM-SERVICE-visual-territory-34-E2-36,SERVICE-visual-territory-34-E2-36,GATE-34,visual-territory-34,1479.7649553749557,DOMESTIC_ACCESS_SURVEY,NOT_SURVEYED_NOT_OPERATIONAL,342933.432546,Local road alignment requires terrain survey
DOM-SERVICE-visual-territory-34-E2-31,SERVICE-visual-territory-34-E2-31,GATE-34,visual-territory-34,1479.7649553749557,DOMESTIC_ACCESS_SURVEY,NOT_SURVEYED_NOT_OPERATIONAL,342933.432546,Local road alignment requires terrain survey
DOM-SERVICE-visual-territory-34-E2-35,SERVICE-visual-territory-34-E2-35,GATE-34,visual-territory-34,1479.7649553749557,DOMESTIC_ACCESS_SURVEY,NOT_SURVEYED_NOT_OPERATIONAL,342933.432546,Local road alignment requires terrain survey
DOM-POWER-34-10,POWER-34-10,GATE-34,visual-territory-34,1952.1850561160156,DOMESTIC_ACCESS_SURVEY,NOT_SURVEYED_NOT_OPERATIONAL,342933.432546,Local road alignment requires terrain survey
DOM-POWER-34-11,POWER-34-11,GATE-34,visual-territory-34,1952.1850561160156,DOMESTIC_ACCESS_SURVEY,NOT_SURVEYED_NOT_OPERATIONAL,342933.432546,Local road alignment requires terrain survey
DOM-POWER-34-23,POWER-34-23,GATE-34,visual-territory-34,1952.1850561160156,DOMESTIC_ACCESS_SURVEY,NOT_SURVEYED_NOT_OPERATIONAL,342933.432546,Local road alignment requires terrain survey
DOM-POWER-34-13,POWER-34-13,GATE-34,visual-territory-34,1952.1850561160156,DOMESTIC_ACCESS_SURVEY,NOT_SURVEYED_NOT_OPERATIONAL,342933.432546,Local road alignment requires terrain survey
DOM-WAREHOUSE-34,WAREHOUSE-34,GATE-34,visual-territory-34,1952.1850561160156,DOMESTIC_ACCESS_SURVEY,NOT_SURVEYED_NOT_OPERATIONAL,342933.432546,Local road alignment requires terrain survey
DOM-SF154,SF154,GATE-35,visual-territory-35,1961.665258229178,DOMESTIC_ACCESS_SURVEY,NOT_SURVEYED_NOT_OPERATIONAL,376026.817338,Local road alignment requires terrain survey
DOM-SF155,SF155,GATE-35,visual-territory-35,239.22280466557126,DOMESTIC_ACCESS_SURVEY,NOT_SURVEYED_NOT_OPERATIONAL,376026.817338,Local road alignment requires terrain survey
DOM-SF156,SF156,GATE-35,visual-territory-35,3361.3382360049295,DOMESTIC_ACCESS_SURVEY,NOT_SURVEYED_NOT_OPERATIONAL,376026.817338,Local road alignment requires terrain survey
DOM-SF157,SF157,GATE-35,visual-territory-35,2575.525147639852,DOMESTIC_ACCESS_SURVEY,NOT_SURVEYED_NOT_OPERATIONAL,376026.817338,Local road alignment requires terrain survey
DOM-SF158,SF158,GATE-35,visual-territory-35,2315.1000923880715,DOMESTIC_ACCESS_SURVEY,NOT_SURVEYED_NOT_OPERATIONAL,376026.817338,Local road alignment requires terrain survey
DOM-OPEN-RES192,OPEN-RES192,GATE-35,visual-territory-35,3361.3382360049295,DOMESTIC_ACCESS_SURVEY,NOT_SURVEYED_NOT_OPERATIONAL,376026.817338,Local road alignment requires terrain survey
DOM-OPEN-RES308,OPEN-RES308,GATE-35,visual-territory-35,2575.525147639852,DOMESTIC_ACCESS_SURVEY,NOT_SURVEYED_NOT_OPERATIONAL,376026.817338,Local road alignment requires terrain survey
DOM-OPEN-35-STEEL,OPEN-35-STEEL,GATE-35,visual-territory-35,2437.8820166419077,DOMESTIC_ACCESS_SURVEY,NOT_SURVEYED_NOT_OPERATIONAL,376026.817338,Local road alignment requires terrain survey
DOM-SERVICE-visual-territory-35-E1-36,SERVICE-visual-territory-35-E1-36,GATE-35,visual-territory-35,2437.8820166419077,DOMESTIC_ACCESS_SURVEY,NOT_SURVEYED_NOT_OPERATIONAL,376026.817338,Local road alignment requires terrain survey
DOM-SERVICE-visual-territory-35-E1-31,SERVICE-visual-territory-35-E1-31,GATE-35,visual-territory-35,2437.8820166419077,DOMESTIC_ACCESS_SURVEY,NOT_SURVEYED_NOT_OPERATIONAL,376026.817338,Local road alignment requires terrain survey
DOM-SERVICE-visual-territory-35-E1-35,SERVICE-visual-territory-35-E1-35,GATE-35,visual-territory-35,2437.8820166419077,DOMESTIC_ACCESS_SURVEY,NOT_SURVEYED_NOT_OPERATIONAL,376026.817338,Local road alignment requires terrain survey
DOM-SERVICE-visual-territory-35-E2-36,SERVICE-visual-territory-35-E2-36,GATE-35,visual-territory-35,1492.265165111279,DOMESTIC_ACCESS_SURVEY,NOT_SURVEYED_NOT_OPERATIONAL,376026.817338,Local road alignment requires terrain survey
DOM-SERVICE-visual-territory-35-E2-31,SERVICE-visual-territory-35-E2-31,GATE-35,visual-territory-35,1492.265165111279,DOMESTIC_ACCESS_SURVEY,NOT_SURVEYED_NOT_OPERATIONAL,376026.817338,Local road alignment requires terrain survey
DOM-SERVICE-visual-territory-35-E2-35,SERVICE-visual-territory-35-E2-35,GATE-35,visual-territory-35,1492.265165111279,DOMESTIC_ACCESS_SURVEY,NOT_SURVEYED_NOT_OPERATIONAL,376026.817338,Local road alignment requires terrain survey
DOM-POWER-35-10,POWER-35-10,GATE-35,visual-territory-35,2437.8820166419077,DOMESTIC_ACCESS_SURVEY,NOT_SURVEYED_NOT_OPERATIONAL,376026.817338,Local road alignment requires terrain survey
DOM-POWER-35-11,POWER-35-11,GATE-35,visual-territory-35,2437.8820166419077,DOMESTIC_ACCESS_SURVEY,NOT_SURVEYED_NOT_OPERATIONAL,376026.817338,Local road alignment requires terrain survey
DOM-POWER-35-23,POWER-35-23,GATE-35,visual-territory-35,2437.8820166419077,DOMESTIC_ACCESS_SURVEY,NOT_SURVEYED_NOT_OPERATIONAL,376026.817338,Local road alignment requires terrain survey
DOM-POWER-35-13,POWER-35-13,GATE-35,visual-territory-35,2437.8820166419077,DOMESTIC_ACCESS_SURVEY,NOT_SURVEYED_NOT_OPERATIONAL,376026.817338,Local road alignment requires terrain survey
DOM-WAREHOUSE-35,WAREHOUSE-35,GATE-35,visual-territory-35,2437.8820166419077,DOMESTIC_ACCESS_SURVEY,NOT_SURVEYED_NOT_OPERATIONAL,376026.817338,Local road alignment requires terrain survey
DOM-SF159,SF159,GATE-36,visual-territory-36,1921.7074413176153,DOMESTIC_ACCESS_SURVEY,NOT_SURVEYED_NOT_OPERATIONAL,161811.676435,Local road alignment requires terrain survey
DOM-SF160,SF160,GATE-36,visual-territory-36,263.48355845468643,DOMESTIC_ACCESS_SURVEY,NOT_SURVEYED_NOT_OPERATIONAL,161811.676435,Local road alignment requires terrain survey
DOM-SF161,SF161,GATE-36,visual-territory-36,3318.44567875439,DOMESTIC_ACCESS_SURVEY,NOT_SURVEYED_NOT_OPERATIONAL,161811.676435,Local road alignment requires terrain survey
DOM-SF162,SF162,GATE-36,visual-territory-36,1839.08728360974,DOMESTIC_ACCESS_SURVEY,NOT_SURVEYED_NOT_OPERATIONAL,161811.676435,Local road alignment requires terrain survey
DOM-OPEN-RES195,OPEN-RES195,GATE-36,visual-territory-36,3318.44567875439,DOMESTIC_ACCESS_SURVEY,NOT_SURVEYED_NOT_OPERATIONAL,161811.676435,Local road alignment requires terrain survey
DOM-OPEN-36-GRAIN,OPEN-36-GRAIN,GATE-36,visual-territory-36,1526.1282647329297,DOMESTIC_ACCESS_SURVEY,NOT_SURVEYED_NOT_OPERATIONAL,161811.676435,Local road alignment requires terrain survey
DOM-OPEN-36-BATTERIES,OPEN-36-BATTERIES,GATE-36,visual-territory-36,1526.1282647329297,DOMESTIC_ACCESS_SURVEY,NOT_SURVEYED_NOT_OPERATIONAL,161811.676435,Local road alignment requires terrain survey
DOM-SERVICE-visual-territory-36-E1-36,SERVICE-visual-territory-36-E1-36,GATE-36,visual-territory-36,1526.1282647329297,DOMESTIC_ACCESS_SURVEY,NOT_SURVEYED_NOT_OPERATIONAL,161811.676435,Local road alignment requires terrain survey
DOM-SERVICE-visual-territory-36-E1-31,SERVICE-visual-territory-36-E1-31,GATE-36,visual-territory-36,1526.1282647329297,DOMESTIC_ACCESS_SURVEY,NOT_SURVEYED_NOT_OPERATIONAL,161811.676435,Local road alignment requires terrain survey
DOM-SERVICE-visual-territory-36-E1-35,SERVICE-visual-territory-36-E1-35,GATE-36,visual-territory-36,1526.1282647329297,DOMESTIC_ACCESS_SURVEY,NOT_SURVEYED_NOT_OPERATIONAL,161811.676435,Local road alignment requires terrain survey
DOM-POWER-36-10,POWER-36-10,GATE-36,visual-territory-36,1526.1282647329297,DOMESTIC_ACCESS_SURVEY,NOT_SURVEYED_NOT_OPERATIONAL,161811.676435,Local road alignment requires terrain survey
DOM-POWER-36-11,POWER-36-11,GATE-36,visual-territory-36,1526.1282647329297,DOMESTIC_ACCESS_SURVEY,NOT_SURVEYED_NOT_OPERATIONAL,161811.676435,Local road alignment requires terrain survey
DOM-POWER-36-23,POWER-36-23,GATE-36,visual-territory-36,1526.1282647329297,DOMESTIC_ACCESS_SURVEY,NOT_SURVEYED_NOT_OPERATIONAL,161811.676435,Local road alignment requires terrain survey
DOM-POWER-36-13,POWER-36-13,GATE-36,visual-territory-36,1526.1282647329297,DOMESTIC_ACCESS_SURVEY,NOT_SURVEYED_NOT_OPERATIONAL,161811.676435,Local road alignment requires terrain survey
DOM-WAREHOUSE-36,WAREHOUSE-36,GATE-36,visual-territory-36,1526.1282647329297,DOMESTIC_ACCESS_SURVEY,NOT_SURVEYED_NOT_OPERATIONAL,161811.676435,Local road alignment requires terrain survey
DOM-SF163,SF163,GATE-37,visual-territory-37,1441.4677079826563,DOMESTIC_ACCESS_SURVEY,NOT_SURVEYED_NOT_OPERATIONAL,321596.414543,Local road alignment requires terrain survey
DOM-SF164,SF164,GATE-37,visual-territory-37,589.1671476582184,DOMESTIC_ACCESS_SURVEY,NOT_SURVEYED_NOT_OPERATIONAL,321596.414543,Local road alignment requires terrain survey
DOM-SF165,SF165,GATE-37,visual-territory-37,1011.2322445424793,DOMESTIC_ACCESS_SURVEY,NOT_SURVEYED_NOT_OPERATIONAL,321596.414543,Local road alignment requires terrain survey
DOM-SF166,SF166,GATE-37,visual-territory-37,779.9363529770649,DOMESTIC_ACCESS_SURVEY,NOT_SURVEYED_NOT_OPERATIONAL,321596.414543,Local road alignment requires terrain survey
DOM-OPEN-RES196,OPEN-RES196,GATE-37,visual-territory-37,589.1671476582184,DOMESTIC_ACCESS_SURVEY,NOT_SURVEYED_NOT_OPERATIONAL,321596.414543,Local road alignment requires terrain survey
DOM-OPEN-RES08,OPEN-RES08,GATE-37,visual-territory-37,1441.4677079826563,DOMESTIC_ACCESS_SURVEY,NOT_SURVEYED_NOT_OPERATIONAL,321596.414543,Local road alignment requires terrain survey
DOM-OPEN-37-STEEL,OPEN-37-STEEL,GATE-37,visual-territory-37,987.1015171318473,DOMESTIC_ACCESS_SURVEY,NOT_SURVEYED_NOT_OPERATIONAL,321596.414543,Local road alignment requires terrain survey
DOM-OPEN-37-REFINED_FUEL,OPEN-37-REFINED_FUEL,GATE-37,visual-territory-37,987.1015171318473,DOMESTIC_ACCESS_SURVEY,NOT_SURVEYED_NOT_OPERATIONAL,321596.414543,Local road alignment requires terrain survey
DOM-SERVICE-visual-territory-37-E1-36,SERVICE-visual-territory-37-E1-36,GATE-37,visual-territory-37,987.1015171318473,DOMESTIC_ACCESS_SURVEY,NOT_SURVEYED_NOT_OPERATIONAL,321596.414543,Local road alignment requires terrain survey
DOM-SERVICE-visual-territory-37-E1-31,SERVICE-visual-territory-37-E1-31,GATE-37,visual-territory-37,987.1015171318473,DOMESTIC_ACCESS_SURVEY,NOT_SURVEYED_NOT_OPERATIONAL,321596.414543,Local road alignment requires terrain survey
DOM-SERVICE-visual-territory-37-E1-35,SERVICE-visual-territory-37-E1-35,GATE-37,visual-territory-37,987.1015171318473,DOMESTIC_ACCESS_SURVEY,NOT_SURVEYED_NOT_OPERATIONAL,321596.414543,Local road alignment requires terrain survey
DOM-POWER-37-10,POWER-37-10,GATE-37,visual-territory-37,987.1015171318473,DOMESTIC_ACCESS_SURVEY,NOT_SURVEYED_NOT_OPERATIONAL,321596.414543,Local road alignment requires terrain survey
DOM-POWER-37-11,POWER-37-11,GATE-37,visual-territory-37,987.1015171318473,DOMESTIC_ACCESS_SURVEY,NOT_SURVEYED_NOT_OPERATIONAL,321596.414543,Local road alignment requires terrain survey
DOM-POWER-37-23,POWER-37-23,GATE-37,visual-territory-37,987.1015171318473,DOMESTIC_ACCESS_SURVEY,NOT_SURVEYED_NOT_OPERATIONAL,321596.414543,Local road alignment requires terrain survey
DOM-POWER-37-13,POWER-37-13,GATE-37,visual-territory-37,987.1015171318473,DOMESTIC_ACCESS_SURVEY,NOT_SURVEYED_NOT_OPERATIONAL,321596.414543,Local road alignment requires terrain survey
DOM-WAREHOUSE-37,WAREHOUSE-37,GATE-37,visual-territory-37,987.1015171318473,DOMESTIC_ACCESS_SURVEY,NOT_SURVEYED_NOT_OPERATIONAL,321596.414543,Local road alignment requires terrain survey
DOM-SF167,SF167,GATE-38,visual-territory-38,3078.485009930347,DOMESTIC_ACCESS_SURVEY,NOT_SURVEYED_NOT_OPERATIONAL,788040.708509,Local road alignment requires terrain survey
DOM-SF168,SF168,GATE-38,visual-territory-38,2750.132827740907,DOMESTIC_ACCESS_SURVEY,NOT_SURVEYED_NOT_OPERATIONAL,788040.708509,Local road alignment requires terrain survey
DOM-SF169,SF169,GATE-38,visual-territory-38,2315.5863217603587,DOMESTIC_ACCESS_SURVEY,NOT_SURVEYED_NOT_OPERATIONAL,788040.708509,Local road alignment requires terrain survey
DOM-SF170,SF170,GATE-38,visual-territory-38,265.96429226968814,DOMESTIC_ACCESS_SURVEY,NOT_SURVEYED_NOT_OPERATIONAL,788040.708509,Local road alignment requires terrain survey
DOM-SF171,SF171,GATE-38,visual-territory-38,4070.9379342913194,DOMESTIC_ACCESS_SURVEY,NOT_SURVEYED_NOT_OPERATIONAL,788040.708509,Local road alignment requires terrain survey
DOM-SF172,SF172,GATE-38,visual-territory-38,1409.2825981360536,DOMESTIC_ACCESS_SURVEY,NOT_SURVEYED_NOT_OPERATIONAL,788040.708509,Local road alignment requires terrain survey
DOM-SF173,SF173,GATE-38,visual-territory-38,1653.36039322372,DOMESTIC_ACCESS_SURVEY,NOT_SURVEYED_NOT_OPERATIONAL,788040.708509,Local road alignment requires terrain survey
DOM-OPEN-RES199,OPEN-RES199,GATE-38,visual-territory-38,2750.132827740907,DOMESTIC_ACCESS_SURVEY,NOT_SURVEYED_NOT_OPERATIONAL,788040.708509,Local road alignment requires terrain survey
DOM-OPEN-38-GRAIN,OPEN-38-GRAIN,GATE-38,visual-territory-38,1864.4314416858704,DOMESTIC_ACCESS_SURVEY,NOT_SURVEYED_NOT_OPERATIONAL,788040.708509,Local road alignment requires terrain survey
DOM-OPEN-RES01,OPEN-RES01,GATE-38,visual-territory-38,3078.485009930347,DOMESTIC_ACCESS_SURVEY,NOT_SURVEYED_NOT_OPERATIONAL,788040.708509,Local road alignment requires terrain survey
DOM-OPEN-38-REFINED_FUEL,OPEN-38-REFINED_FUEL,GATE-38,visual-territory-38,1864.4314416858704,DOMESTIC_ACCESS_SURVEY,NOT_SURVEYED_NOT_OPERATIONAL,788040.708509,Local road alignment requires terrain survey
DOM-SERVICE-visual-territory-38-E1-36,SERVICE-visual-territory-38-E1-36,GATE-38,visual-territory-38,1864.4314416858704,DOMESTIC_ACCESS_SURVEY,NOT_SURVEYED_NOT_OPERATIONAL,788040.708509,Local road alignment requires terrain survey
DOM-SERVICE-visual-territory-38-E1-31,SERVICE-visual-territory-38-E1-31,GATE-38,visual-territory-38,1864.4314416858704,DOMESTIC_ACCESS_SURVEY,NOT_SURVEYED_NOT_OPERATIONAL,788040.708509,Local road alignment requires terrain survey
DOM-SERVICE-visual-territory-38-E1-35,SERVICE-visual-territory-38-E1-35,GATE-38,visual-territory-38,1864.4314416858704,DOMESTIC_ACCESS_SURVEY,NOT_SURVEYED_NOT_OPERATIONAL,788040.708509,Local road alignment requires terrain survey
DOM-SERVICE-visual-territory-38-E2-36,SERVICE-visual-territory-38-E2-36,GATE-38,visual-territory-38,3305.507694881358,DOMESTIC_ACCESS_SURVEY,NOT_SURVEYED_NOT_OPERATIONAL,788040.708509,Local road alignment requires terrain survey
DOM-SERVICE-visual-territory-38-E2-31,SERVICE-visual-territory-38-E2-31,GATE-38,visual-territory-38,3305.507694881358,DOMESTIC_ACCESS_SURVEY,NOT_SURVEYED_NOT_OPERATIONAL,788040.708509,Local road alignment requires terrain survey
DOM-SERVICE-visual-territory-38-E2-35,SERVICE-visual-territory-38-E2-35,GATE-38,visual-territory-38,3305.507694881358,DOMESTIC_ACCESS_SURVEY,NOT_SURVEYED_NOT_OPERATIONAL,788040.708509,Local road alignment requires terrain survey
DOM-POWER-38-10,POWER-38-10,GATE-38,visual-territory-38,1864.4314416858704,DOMESTIC_ACCESS_SURVEY,NOT_SURVEYED_NOT_OPERATIONAL,788040.708509,Local road alignment requires terrain survey
DOM-POWER-38-11,POWER-38-11,GATE-38,visual-territory-38,1864.4314416858704,DOMESTIC_ACCESS_SURVEY,NOT_SURVEYED_NOT_OPERATIONAL,788040.708509,Local road alignment requires terrain survey
DOM-POWER-38-23,POWER-38-23,GATE-38,visual-territory-38,1864.4314416858704,DOMESTIC_ACCESS_SURVEY,NOT_SURVEYED_NOT_OPERATIONAL,788040.708509,Local road alignment requires terrain survey
DOM-POWER-38-13,POWER-38-13,GATE-38,visual-territory-38,1864.4314416858704,DOMESTIC_ACCESS_SURVEY,NOT_SURVEYED_NOT_OPERATIONAL,788040.708509,Local road alignment requires terrain survey
DOM-WAREHOUSE-38,WAREHOUSE-38,GATE-38,visual-territory-38,1864.4314416858704,DOMESTIC_ACCESS_SURVEY,NOT_SURVEYED_NOT_OPERATIONAL,788040.708509,Local road alignment requires terrain survey
DOM-SF174,SF174,GATE-39,visual-territory-39,1503.6480020361716,DOMESTIC_ACCESS_SURVEY,NOT_SURVEYED_NOT_OPERATIONAL,729910.67971,Local road alignment requires terrain survey
DOM-SF175,SF175,GATE-39,visual-territory-39,1569.5856559564313,DOMESTIC_ACCESS_SURVEY,NOT_SURVEYED_NOT_OPERATIONAL,729910.67971,Local road alignment requires terrain survey
DOM-SF176,SF176,GATE-39,visual-territory-39,741.4578512879411,DOMESTIC_ACCESS_SURVEY,NOT_SURVEYED_NOT_OPERATIONAL,729910.67971,Local road alignment requires terrain survey
DOM-SF177,SF177,GATE-39,visual-territory-39,977.263209145904,DOMESTIC_ACCESS_SURVEY,NOT_SURVEYED_NOT_OPERATIONAL,729910.67971,Local road alignment requires terrain survey
DOM-SF178,SF178,GATE-39,visual-territory-39,2385.5518657333246,DOMESTIC_ACCESS_SURVEY,NOT_SURVEYED_NOT_OPERATIONAL,729910.67971,Local road alignment requires terrain survey
DOM-OPEN-RES203,OPEN-RES203,GATE-39,visual-territory-39,1569.5856559564313,DOMESTIC_ACCESS_SURVEY,NOT_SURVEYED_NOT_OPERATIONAL,729910.67971,Local road alignment requires terrain survey
DOM-OPEN-RES204,OPEN-RES204,GATE-39,visual-territory-39,741.4578512879411,DOMESTIC_ACCESS_SURVEY,NOT_SURVEYED_NOT_OPERATIONAL,729910.67971,Local road alignment requires terrain survey
DOM-OPEN-39-STEEL,OPEN-39-STEEL,GATE-39,visual-territory-39,903.5655747862033,DOMESTIC_ACCESS_SURVEY,NOT_SURVEYED_NOT_OPERATIONAL,729910.67971,Local road alignment requires terrain survey
DOM-SERVICE-visual-territory-39-E1-36,SERVICE-visual-territory-39-E1-36,GATE-39,visual-territory-39,903.5655747862033,DOMESTIC_ACCESS_SURVEY,NOT_SURVEYED_NOT_OPERATIONAL,729910.67971,Local road alignment requires terrain survey
DOM-SERVICE-visual-territory-39-E1-31,SERVICE-visual-territory-39-E1-31,GATE-39,visual-territory-39,903.5655747862033,DOMESTIC_ACCESS_SURVEY,NOT_SURVEYED_NOT_OPERATIONAL,729910.67971,Local road alignment requires terrain survey
DOM-SERVICE-visual-territory-39-E1-35,SERVICE-visual-territory-39-E1-35,GATE-39,visual-territory-39,903.5655747862033,DOMESTIC_ACCESS_SURVEY,NOT_SURVEYED_NOT_OPERATIONAL,729910.67971,Local road alignment requires terrain survey
DOM-SERVICE-visual-territory-39-E2-36,SERVICE-visual-territory-39-E2-36,GATE-39,visual-territory-39,1535.8255550676602,DOMESTIC_ACCESS_SURVEY,NOT_SURVEYED_NOT_OPERATIONAL,729910.67971,Local road alignment requires terrain survey
DOM-SERVICE-visual-territory-39-E2-31,SERVICE-visual-territory-39-E2-31,GATE-39,visual-territory-39,1535.8255550676602,DOMESTIC_ACCESS_SURVEY,NOT_SURVEYED_NOT_OPERATIONAL,729910.67971,Local road alignment requires terrain survey
DOM-SERVICE-visual-territory-39-E2-35,SERVICE-visual-territory-39-E2-35,GATE-39,visual-territory-39,1535.8255550676602,DOMESTIC_ACCESS_SURVEY,NOT_SURVEYED_NOT_OPERATIONAL,729910.67971,Local road alignment requires terrain survey
DOM-POWER-39-10,POWER-39-10,GATE-39,visual-territory-39,903.5655747862033,DOMESTIC_ACCESS_SURVEY,NOT_SURVEYED_NOT_OPERATIONAL,729910.67971,Local road alignment requires terrain survey
DOM-POWER-39-11,POWER-39-11,GATE-39,visual-territory-39,903.5655747862033,DOMESTIC_ACCESS_SURVEY,NOT_SURVEYED_NOT_OPERATIONAL,729910.67971,Local road alignment requires terrain survey
DOM-POWER-39-23,POWER-39-23,GATE-39,visual-territory-39,903.5655747862033,DOMESTIC_ACCESS_SURVEY,NOT_SURVEYED_NOT_OPERATIONAL,729910.67971,Local road alignment requires terrain survey
DOM-POWER-39-13,POWER-39-13,GATE-39,visual-territory-39,903.5655747862033,DOMESTIC_ACCESS_SURVEY,NOT_SURVEYED_NOT_OPERATIONAL,729910.67971,Local road alignment requires terrain survey
DOM-WAREHOUSE-39,WAREHOUSE-39,GATE-39,visual-territory-39,903.5655747862033,DOMESTIC_ACCESS_SURVEY,NOT_SURVEYED_NOT_OPERATIONAL,729910.67971,Local road alignment requires terrain survey
DOM-H01,H01,GATE-40,visual-territory-40,1759.1484402618794,DOMESTIC_ACCESS_SURVEY,NOT_SURVEYED_NOT_OPERATIONAL,297258.003804,Local road alignment requires terrain survey
DOM-SF179,SF179,GATE-40,visual-territory-40,272.92788609789295,DOMESTIC_ACCESS_SURVEY,NOT_SURVEYED_NOT_OPERATIONAL,297258.003804,Local road alignment requires terrain survey
DOM-SF180,SF180,GATE-40,visual-territory-40,2095.9513153836197,DOMESTIC_ACCESS_SURVEY,NOT_SURVEYED_NOT_OPERATIONAL,297258.003804,Local road alignment requires terrain survey
DOM-OPEN-RES205,OPEN-RES205,GATE-40,visual-territory-40,272.92788609789295,DOMESTIC_ACCESS_SURVEY,NOT_SURVEYED_NOT_OPERATIONAL,297258.003804,Local road alignment requires terrain survey
DOM-OPEN-40-MACHINERY,OPEN-40-MACHINERY,GATE-40,visual-territory-40,1500.2281492077311,DOMESTIC_ACCESS_SURVEY,NOT_SURVEYED_NOT_OPERATIONAL,297258.003804,Local road alignment requires terrain survey
DOM-OPEN-40-SEMICONDUCTORS,OPEN-40-SEMICONDUCTORS,GATE-40,visual-territory-40,1500.2281492077311,DOMESTIC_ACCESS_SURVEY,NOT_SURVEYED_NOT_OPERATIONAL,297258.003804,Local road alignment requires terrain survey
DOM-SERVICE-visual-territory-40-E1-36,SERVICE-visual-territory-40-E1-36,GATE-40,visual-territory-40,1287.252511104464,DOMESTIC_ACCESS_SURVEY,NOT_SURVEYED_NOT_OPERATIONAL,297258.003804,Local road alignment requires terrain survey
DOM-SERVICE-visual-territory-40-E1-31,SERVICE-visual-territory-40-E1-31,GATE-40,visual-territory-40,1287.252511104464,DOMESTIC_ACCESS_SURVEY,NOT_SURVEYED_NOT_OPERATIONAL,297258.003804,Local road alignment requires terrain survey
DOM-SERVICE-visual-territory-40-E1-35,SERVICE-visual-territory-40-E1-35,GATE-40,visual-territory-40,1287.252511104464,DOMESTIC_ACCESS_SURVEY,NOT_SURVEYED_NOT_OPERATIONAL,297258.003804,Local road alignment requires terrain survey
DOM-SERVICE-visual-territory-40-E2-36,SERVICE-visual-territory-40-E2-36,GATE-40,visual-territory-40,1500.2281492077311,DOMESTIC_ACCESS_SURVEY,NOT_SURVEYED_NOT_OPERATIONAL,297258.003804,Local road alignment requires terrain survey
DOM-SERVICE-visual-territory-40-E2-31,SERVICE-visual-territory-40-E2-31,GATE-40,visual-territory-40,1500.2281492077311,DOMESTIC_ACCESS_SURVEY,NOT_SURVEYED_NOT_OPERATIONAL,297258.003804,Local road alignment requires terrain survey
DOM-SERVICE-visual-territory-40-E2-35,SERVICE-visual-territory-40-E2-35,GATE-40,visual-territory-40,1500.2281492077311,DOMESTIC_ACCESS_SURVEY,NOT_SURVEYED_NOT_OPERATIONAL,297258.003804,Local road alignment requires terrain survey
DOM-POWER-40-10,POWER-40-10,GATE-40,visual-territory-40,1500.2281492077311,DOMESTIC_ACCESS_SURVEY,NOT_SURVEYED_NOT_OPERATIONAL,297258.003804,Local road alignment requires terrain survey
DOM-POWER-40-11,POWER-40-11,GATE-40,visual-territory-40,1500.2281492077311,DOMESTIC_ACCESS_SURVEY,NOT_SURVEYED_NOT_OPERATIONAL,297258.003804,Local road alignment requires terrain survey
DOM-POWER-40-23,POWER-40-23,GATE-40,visual-territory-40,1500.2281492077311,DOMESTIC_ACCESS_SURVEY,NOT_SURVEYED_NOT_OPERATIONAL,297258.003804,Local road alignment requires terrain survey
DOM-POWER-40-13,POWER-40-13,GATE-40,visual-territory-40,1500.2281492077311,DOMESTIC_ACCESS_SURVEY,NOT_SURVEYED_NOT_OPERATIONAL,297258.003804,Local road alignment requires terrain survey
DOM-WAREHOUSE-40,WAREHOUSE-40,GATE-40,visual-territory-40,1500.2281492077311,DOMESTIC_ACCESS_SURVEY,NOT_SURVEYED_NOT_OPERATIONAL,297258.003804,Local road alignment requires terrain survey
DOM-SF181,SF181,GATE-41,visual-territory-41,888.4885136892957,DOMESTIC_ACCESS_SURVEY,NOT_SURVEYED_NOT_OPERATIONAL,543979.74032,Local road alignment requires terrain survey
DOM-SF182,SF182,GATE-41,visual-territory-41,2663.000630633535,DOMESTIC_ACCESS_SURVEY,NOT_SURVEYED_NOT_OPERATIONAL,543979.74032,Local road alignment requires terrain survey
DOM-SF183,SF183,GATE-41,visual-territory-41,1687.4098710756791,DOMESTIC_ACCESS_SURVEY,NOT_SURVEYED_NOT_OPERATIONAL,543979.74032,Local road alignment requires terrain survey
DOM-SF184,SF184,GATE-41,visual-territory-41,1249.831021893294,DOMESTIC_ACCESS_SURVEY,NOT_SURVEYED_NOT_OPERATIONAL,543979.74032,Local road alignment requires terrain survey
DOM-SF185,SF185,GATE-41,visual-territory-41,630.5851716736191,DOMESTIC_ACCESS_SURVEY,NOT_SURVEYED_NOT_OPERATIONAL,543979.74032,Local road alignment requires terrain survey
DOM-OPEN-RES209,OPEN-RES209,GATE-41,visual-territory-41,2663.000630633535,DOMESTIC_ACCESS_SURVEY,NOT_SURVEYED_NOT_OPERATIONAL,543979.74032,Local road alignment requires terrain survey
DOM-OPEN-RES210,OPEN-RES210,GATE-41,visual-territory-41,1687.4098710756791,DOMESTIC_ACCESS_SURVEY,NOT_SURVEYED_NOT_OPERATIONAL,543979.74032,Local road alignment requires terrain survey
DOM-OPEN-41-STEEL,OPEN-41-STEEL,GATE-41,visual-territory-41,0.0,DOMESTIC_ACCESS_SURVEY,NOT_SURVEYED_NOT_OPERATIONAL,543979.74032,Local road alignment requires terrain survey
DOM-SERVICE-visual-territory-41-E1-36,SERVICE-visual-territory-41-E1-36,GATE-41,visual-territory-41,0.0,DOMESTIC_ACCESS_SURVEY,NOT_SURVEYED_NOT_OPERATIONAL,543979.74032,Local road alignment requires terrain survey
DOM-SERVICE-visual-territory-41-E1-31,SERVICE-visual-territory-41-E1-31,GATE-41,visual-territory-41,0.0,DOMESTIC_ACCESS_SURVEY,NOT_SURVEYED_NOT_OPERATIONAL,543979.74032,Local road alignment requires terrain survey
DOM-SERVICE-visual-territory-41-E1-35,SERVICE-visual-territory-41-E1-35,GATE-41,visual-territory-41,0.0,DOMESTIC_ACCESS_SURVEY,NOT_SURVEYED_NOT_OPERATIONAL,543979.74032,Local road alignment requires terrain survey
DOM-SERVICE-visual-territory-41-E2-36,SERVICE-visual-territory-41-E2-36,GATE-41,visual-territory-41,1347.482174197303,DOMESTIC_ACCESS_SURVEY,NOT_SURVEYED_NOT_OPERATIONAL,543979.74032,Local road alignment requires terrain survey
DOM-SERVICE-visual-territory-41-E2-31,SERVICE-visual-territory-41-E2-31,GATE-41,visual-territory-41,1347.482174197303,DOMESTIC_ACCESS_SURVEY,NOT_SURVEYED_NOT_OPERATIONAL,543979.74032,Local road alignment requires terrain survey
DOM-SERVICE-visual-territory-41-E2-35,SERVICE-visual-territory-41-E2-35,GATE-41,visual-territory-41,1347.482174197303,DOMESTIC_ACCESS_SURVEY,NOT_SURVEYED_NOT_OPERATIONAL,543979.74032,Local road alignment requires terrain survey
DOM-POWER-41-10,POWER-41-10,GATE-41,visual-territory-41,0.0,DOMESTIC_ACCESS_SURVEY,NOT_SURVEYED_NOT_OPERATIONAL,543979.74032,Local road alignment requires terrain survey
DOM-POWER-41-11,POWER-41-11,GATE-41,visual-territory-41,0.0,DOMESTIC_ACCESS_SURVEY,NOT_SURVEYED_NOT_OPERATIONAL,543979.74032,Local road alignment requires terrain survey
DOM-POWER-41-23,POWER-41-23,GATE-41,visual-territory-41,0.0,DOMESTIC_ACCESS_SURVEY,NOT_SURVEYED_NOT_OPERATIONAL,543979.74032,Local road alignment requires terrain survey
DOM-POWER-41-13,POWER-41-13,GATE-41,visual-territory-41,0.0,DOMESTIC_ACCESS_SURVEY,NOT_SURVEYED_NOT_OPERATIONAL,543979.74032,Local road alignment requires terrain survey
DOM-WAREHOUSE-41,WAREHOUSE-41,GATE-41,visual-territory-41,0.0,DOMESTIC_ACCESS_SURVEY,NOT_SURVEYED_NOT_OPERATIONAL,543979.74032,Local road alignment requires terrain survey
DOM-SF186,SF186,GATE-42,visual-territory-42,1192.4219408918486,DOMESTIC_ACCESS_SURVEY,NOT_SURVEYED_NOT_OPERATIONAL,213680.313027,Local road alignment requires terrain survey
DOM-SF187,SF187,GATE-42,visual-territory-42,658.9224968220482,DOMESTIC_ACCESS_SURVEY,NOT_SURVEYED_NOT_OPERATIONAL,213680.313027,Local road alignment requires terrain survey
DOM-SF188,SF188,GATE-42,visual-territory-42,1194.936938552006,DOMESTIC_ACCESS_SURVEY,NOT_SURVEYED_NOT_OPERATIONAL,213680.313027,Local road alignment requires terrain survey
DOM-SF189,SF189,GATE-42,visual-territory-42,2172.481997920811,DOMESTIC_ACCESS_SURVEY,NOT_SURVEYED_NOT_OPERATIONAL,213680.313027,Local road alignment requires terrain survey
DOM-SF190,SF190,GATE-42,visual-territory-42,387.9179198215367,DOMESTIC_ACCESS_SURVEY,NOT_SURVEYED_NOT_OPERATIONAL,213680.313027,Local road alignment requires terrain survey
DOM-OPEN-RES214,OPEN-RES214,GATE-42,visual-territory-42,1194.936938552006,DOMESTIC_ACCESS_SURVEY,NOT_SURVEYED_NOT_OPERATIONAL,213680.313027,Local road alignment requires terrain survey
DOM-OPEN-42-STEEL,OPEN-42-STEEL,GATE-42,visual-territory-42,1162.301789143164,DOMESTIC_ACCESS_SURVEY,NOT_SURVEYED_NOT_OPERATIONAL,213680.313027,Local road alignment requires terrain survey
DOM-OPEN-42-MACHINERY,OPEN-42-MACHINERY,GATE-42,visual-territory-42,1162.301789143164,DOMESTIC_ACCESS_SURVEY,NOT_SURVEYED_NOT_OPERATIONAL,213680.313027,Local road alignment requires terrain survey
DOM-SERVICE-visual-territory-42-E1-36,SERVICE-visual-territory-42-E1-36,GATE-42,visual-territory-42,1162.301789143164,DOMESTIC_ACCESS_SURVEY,NOT_SURVEYED_NOT_OPERATIONAL,213680.313027,Local road alignment requires terrain survey
DOM-SERVICE-visual-territory-42-E1-31,SERVICE-visual-territory-42-E1-31,GATE-42,visual-territory-42,1162.301789143164,DOMESTIC_ACCESS_SURVEY,NOT_SURVEYED_NOT_OPERATIONAL,213680.313027,Local road alignment requires terrain survey
DOM-SERVICE-visual-territory-42-E1-35,SERVICE-visual-territory-42-E1-35,GATE-42,visual-territory-42,1162.301789143164,DOMESTIC_ACCESS_SURVEY,NOT_SURVEYED_NOT_OPERATIONAL,213680.313027,Local road alignment requires terrain survey
DOM-POWER-42-10,POWER-42-10,GATE-42,visual-territory-42,1162.301789143164,DOMESTIC_ACCESS_SURVEY,NOT_SURVEYED_NOT_OPERATIONAL,213680.313027,Local road alignment requires terrain survey
DOM-POWER-42-11,POWER-42-11,GATE-42,visual-territory-42,1162.301789143164,DOMESTIC_ACCESS_SURVEY,NOT_SURVEYED_NOT_OPERATIONAL,213680.313027,Local road alignment requires terrain survey
DOM-POWER-42-23,POWER-42-23,GATE-42,visual-territory-42,1162.301789143164,DOMESTIC_ACCESS_SURVEY,NOT_SURVEYED_NOT_OPERATIONAL,213680.313027,Local road alignment requires terrain survey
DOM-POWER-42-13,POWER-42-13,GATE-42,visual-territory-42,1162.301789143164,DOMESTIC_ACCESS_SURVEY,NOT_SURVEYED_NOT_OPERATIONAL,213680.313027,Local road alignment requires terrain survey
DOM-WAREHOUSE-42,WAREHOUSE-42,GATE-42,visual-territory-42,1162.301789143164,DOMESTIC_ACCESS_SURVEY,NOT_SURVEYED_NOT_OPERATIONAL,213680.313027,Local road alignment requires terrain survey
DOM-SF191,SF191,GATE-43,visual-territory-43,2466.5654873758135,DOMESTIC_ACCESS_SURVEY,NOT_SURVEYED_NOT_OPERATIONAL,209261.90164,Local road alignment requires terrain survey
DOM-SF192,SF192,GATE-43,visual-territory-43,1646.537224722479,DOMESTIC_ACCESS_SURVEY,NOT_SURVEYED_NOT_OPERATIONAL,209261.90164,Local road alignment requires terrain survey
DOM-SF193,SF193,GATE-43,visual-territory-43,1328.9746210197143,DOMESTIC_ACCESS_SURVEY,NOT_SURVEYED_NOT_OPERATIONAL,209261.90164,Local road alignment requires terrain survey
DOM-SF194,SF194,GATE-43,visual-territory-43,350.0332083901799,DOMESTIC_ACCESS_SURVEY,NOT_SURVEYED_NOT_OPERATIONAL,209261.90164,Local road alignment requires terrain survey
DOM-SF195,SF195,GATE-43,visual-territory-43,1463.364673637206,DOMESTIC_ACCESS_SURVEY,NOT_SURVEYED_NOT_OPERATIONAL,209261.90164,Local road alignment requires terrain survey
DOM-OPEN-RES217,OPEN-RES217,GATE-43,visual-territory-43,1328.9746210197143,DOMESTIC_ACCESS_SURVEY,NOT_SURVEYED_NOT_OPERATIONAL,209261.90164,Local road alignment requires terrain survey
DOM-OPEN-RES216,OPEN-RES216,GATE-43,visual-territory-43,1646.537224722479,DOMESTIC_ACCESS_SURVEY,NOT_SURVEYED_NOT_OPERATIONAL,209261.90164,Local road alignment requires terrain survey
DOM-OPEN-43-STEEL,OPEN-43-STEEL,GATE-43,visual-territory-43,1077.2649010306018,DOMESTIC_ACCESS_SURVEY,NOT_SURVEYED_NOT_OPERATIONAL,209261.90164,Local road alignment requires terrain survey
DOM-SERVICE-visual-territory-43-E1-36,SERVICE-visual-territory-43-E1-36,GATE-43,visual-territory-43,1077.2649010306018,DOMESTIC_ACCESS_SURVEY,NOT_SURVEYED_NOT_OPERATIONAL,209261.90164,Local road alignment requires terrain survey
DOM-SERVICE-visual-territory-43-E1-31,SERVICE-visual-territory-43-E1-31,GATE-43,visual-territory-43,1077.2649010306018,DOMESTIC_ACCESS_SURVEY,NOT_SURVEYED_NOT_OPERATIONAL,209261.90164,Local road alignment requires terrain survey
DOM-SERVICE-visual-territory-43-E1-35,SERVICE-visual-territory-43-E1-35,GATE-43,visual-territory-43,1077.2649010306018,DOMESTIC_ACCESS_SURVEY,NOT_SURVEYED_NOT_OPERATIONAL,209261.90164,Local road alignment requires terrain survey
DOM-POWER-43-10,POWER-43-10,GATE-43,visual-territory-43,1077.2649010306018,DOMESTIC_ACCESS_SURVEY,NOT_SURVEYED_NOT_OPERATIONAL,209261.90164,Local road alignment requires terrain survey
DOM-POWER-43-11,POWER-43-11,GATE-43,visual-territory-43,1077.2649010306018,DOMESTIC_ACCESS_SURVEY,NOT_SURVEYED_NOT_OPERATIONAL,209261.90164,Local road alignment requires terrain survey
DOM-POWER-43-23,POWER-43-23,GATE-43,visual-territory-43,1077.2649010306018,DOMESTIC_ACCESS_SURVEY,NOT_SURVEYED_NOT_OPERATIONAL,209261.90164,Local road alignment requires terrain survey
DOM-POWER-43-13,POWER-43-13,GATE-43,visual-territory-43,1077.2649010306018,DOMESTIC_ACCESS_SURVEY,NOT_SURVEYED_NOT_OPERATIONAL,209261.90164,Local road alignment requires terrain survey
DOM-WAREHOUSE-43,WAREHOUSE-43,GATE-43,visual-territory-43,1077.2649010306018,DOMESTIC_ACCESS_SURVEY,NOT_SURVEYED_NOT_OPERATIONAL,209261.90164,Local road alignment requires terrain survey
DOM-P01,P01,GATE-44,visual-territory-44,19.3716964857194,DOMESTIC_ACCESS_SURVEY,NOT_SURVEYED_NOT_OPERATIONAL,538146.540376,Local road alignment requires terrain survey
DOM-SF196,SF196,GATE-44,visual-territory-44,1976.0079985581895,DOMESTIC_ACCESS_SURVEY,NOT_SURVEYED_NOT_OPERATIONAL,538146.540376,Local road alignment requires terrain survey
DOM-SF197,SF197,GATE-44,visual-territory-44,1734.9298294161922,DOMESTIC_ACCESS_SURVEY,NOT_SURVEYED_NOT_OPERATIONAL,538146.540376,Local road alignment requires terrain survey
DOM-SF198,SF198,GATE-44,visual-territory-44,2471.163428895374,DOMESTIC_ACCESS_SURVEY,NOT_SURVEYED_NOT_OPERATIONAL,538146.540376,Local road alignment requires terrain survey
DOM-OPEN-RES219,OPEN-RES219,GATE-44,visual-territory-44,1734.9298294161922,DOMESTIC_ACCESS_SURVEY,NOT_SURVEYED_NOT_OPERATIONAL,538146.540376,Local road alignment requires terrain survey
DOM-OPEN-RES220,OPEN-RES220,GATE-44,visual-territory-44,2471.163428895374,DOMESTIC_ACCESS_SURVEY,NOT_SURVEYED_NOT_OPERATIONAL,538146.540376,Local road alignment requires terrain survey
DOM-OPEN-44-STEEL,OPEN-44-STEEL,GATE-44,visual-territory-44,540.197740239095,DOMESTIC_ACCESS_SURVEY,NOT_SURVEYED_NOT_OPERATIONAL,538146.540376,Local road alignment requires terrain survey
DOM-OPEN-44-MACHINERY,OPEN-44-MACHINERY,GATE-44,visual-territory-44,540.197740239095,DOMESTIC_ACCESS_SURVEY,NOT_SURVEYED_NOT_OPERATIONAL,538146.540376,Local road alignment requires terrain survey
DOM-OPEN-44-SEMICONDUCTORS,OPEN-44-SEMICONDUCTORS,GATE-44,visual-territory-44,540.197740239095,DOMESTIC_ACCESS_SURVEY,NOT_SURVEYED_NOT_OPERATIONAL,538146.540376,Local road alignment requires terrain survey
DOM-SERVICE-visual-territory-44-E1-36,SERVICE-visual-territory-44-E1-36,GATE-44,visual-territory-44,540.197740239095,DOMESTIC_ACCESS_SURVEY,NOT_SURVEYED_NOT_OPERATIONAL,538146.540376,Local road alignment requires terrain survey
DOM-SERVICE-visual-territory-44-E1-31,SERVICE-visual-territory-44-E1-31,GATE-44,visual-territory-44,540.197740239095,DOMESTIC_ACCESS_SURVEY,NOT_SURVEYED_NOT_OPERATIONAL,538146.540376,Local road alignment requires terrain survey
DOM-SERVICE-visual-territory-44-E1-35,SERVICE-visual-territory-44-E1-35,GATE-44,visual-territory-44,540.197740239095,DOMESTIC_ACCESS_SURVEY,NOT_SURVEYED_NOT_OPERATIONAL,538146.540376,Local road alignment requires terrain survey
DOM-SERVICE-visual-territory-44-E2-36,SERVICE-visual-territory-44-E2-36,GATE-44,visual-territory-44,1871.462792704758,DOMESTIC_ACCESS_SURVEY,NOT_SURVEYED_NOT_OPERATIONAL,538146.540376,Local road alignment requires terrain survey
DOM-SERVICE-visual-territory-44-E2-31,SERVICE-visual-territory-44-E2-31,GATE-44,visual-territory-44,1871.462792704758,DOMESTIC_ACCESS_SURVEY,NOT_SURVEYED_NOT_OPERATIONAL,538146.540376,Local road alignment requires terrain survey
DOM-SERVICE-visual-territory-44-E2-35,SERVICE-visual-territory-44-E2-35,GATE-44,visual-territory-44,1871.462792704758,DOMESTIC_ACCESS_SURVEY,NOT_SURVEYED_NOT_OPERATIONAL,538146.540376,Local road alignment requires terrain survey
DOM-POWER-44-10,POWER-44-10,GATE-44,visual-territory-44,540.197740239095,DOMESTIC_ACCESS_SURVEY,NOT_SURVEYED_NOT_OPERATIONAL,538146.540376,Local road alignment requires terrain survey
DOM-POWER-44-11,POWER-44-11,GATE-44,visual-territory-44,540.197740239095,DOMESTIC_ACCESS_SURVEY,NOT_SURVEYED_NOT_OPERATIONAL,538146.540376,Local road alignment requires terrain survey
DOM-POWER-44-23,POWER-44-23,GATE-44,visual-territory-44,540.197740239095,DOMESTIC_ACCESS_SURVEY,NOT_SURVEYED_NOT_OPERATIONAL,538146.540376,Local road alignment requires terrain survey
DOM-POWER-44-13,POWER-44-13,GATE-44,visual-territory-44,540.197740239095,DOMESTIC_ACCESS_SURVEY,NOT_SURVEYED_NOT_OPERATIONAL,538146.540376,Local road alignment requires terrain survey
DOM-WAREHOUSE-44,WAREHOUSE-44,GATE-44,visual-territory-44,540.197740239095,DOMESTIC_ACCESS_SURVEY,NOT_SURVEYED_NOT_OPERATIONAL,538146.540376,Local road alignment requires terrain survey
DOM-SF199,SF199,GATE-45,visual-territory-45,2199.2635063146176,DOMESTIC_ACCESS_SURVEY,NOT_SURVEYED_NOT_OPERATIONAL,411890.716287,Local road alignment requires terrain survey
DOM-SF200,SF200,GATE-45,visual-territory-45,1195.5648613165997,DOMESTIC_ACCESS_SURVEY,NOT_SURVEYED_NOT_OPERATIONAL,411890.716287,Local road alignment requires terrain survey
DOM-SF201,SF201,GATE-45,visual-territory-45,2695.1732090891987,DOMESTIC_ACCESS_SURVEY,NOT_SURVEYED_NOT_OPERATIONAL,411890.716287,Local road alignment requires terrain survey
DOM-SF202,SF202,GATE-45,visual-territory-45,790.4506753640593,DOMESTIC_ACCESS_SURVEY,NOT_SURVEYED_NOT_OPERATIONAL,411890.716287,Local road alignment requires terrain survey
DOM-OPEN-RES223,OPEN-RES223,GATE-45,visual-territory-45,2695.1732090891987,DOMESTIC_ACCESS_SURVEY,NOT_SURVEYED_NOT_OPERATIONAL,411890.716287,Local road alignment requires terrain survey
DOM-OPEN-45-STEEL,OPEN-45-STEEL,GATE-45,visual-territory-45,908.8453910701534,DOMESTIC_ACCESS_SURVEY,NOT_SURVEYED_NOT_OPERATIONAL,411890.716287,Local road alignment requires terrain survey
DOM-SERVICE-visual-territory-45-E1-36,SERVICE-visual-territory-45-E1-36,GATE-45,visual-territory-45,1918.0058441265667,DOMESTIC_ACCESS_SURVEY,NOT_SURVEYED_NOT_OPERATIONAL,411890.716287,Local road alignment requires terrain survey
DOM-SERVICE-visual-territory-45-E1-31,SERVICE-visual-territory-45-E1-31,GATE-45,visual-territory-45,1918.0058441265667,DOMESTIC_ACCESS_SURVEY,NOT_SURVEYED_NOT_OPERATIONAL,411890.716287,Local road alignment requires terrain survey
DOM-SERVICE-visual-territory-45-E1-35,SERVICE-visual-territory-45-E1-35,GATE-45,visual-territory-45,1918.0058441265667,DOMESTIC_ACCESS_SURVEY,NOT_SURVEYED_NOT_OPERATIONAL,411890.716287,Local road alignment requires terrain survey
DOM-SERVICE-visual-territory-45-E2-36,SERVICE-visual-territory-45-E2-36,GATE-45,visual-territory-45,908.8453910701534,DOMESTIC_ACCESS_SURVEY,NOT_SURVEYED_NOT_OPERATIONAL,411890.716287,Local road alignment requires terrain survey
DOM-SERVICE-visual-territory-45-E2-31,SERVICE-visual-territory-45-E2-31,GATE-45,visual-territory-45,908.8453910701534,DOMESTIC_ACCESS_SURVEY,NOT_SURVEYED_NOT_OPERATIONAL,411890.716287,Local road alignment requires terrain survey
DOM-SERVICE-visual-territory-45-E2-35,SERVICE-visual-territory-45-E2-35,GATE-45,visual-territory-45,908.8453910701534,DOMESTIC_ACCESS_SURVEY,NOT_SURVEYED_NOT_OPERATIONAL,411890.716287,Local road alignment requires terrain survey
DOM-POWER-45-10,POWER-45-10,GATE-45,visual-territory-45,908.8453910701534,DOMESTIC_ACCESS_SURVEY,NOT_SURVEYED_NOT_OPERATIONAL,411890.716287,Local road alignment requires terrain survey
DOM-POWER-45-11,POWER-45-11,GATE-45,visual-territory-45,908.8453910701534,DOMESTIC_ACCESS_SURVEY,NOT_SURVEYED_NOT_OPERATIONAL,411890.716287,Local road alignment requires terrain survey
DOM-POWER-45-23,POWER-45-23,GATE-45,visual-territory-45,908.8453910701534,DOMESTIC_ACCESS_SURVEY,NOT_SURVEYED_NOT_OPERATIONAL,411890.716287,Local road alignment requires terrain survey
DOM-POWER-45-13,POWER-45-13,GATE-45,visual-territory-45,908.8453910701534,DOMESTIC_ACCESS_SURVEY,NOT_SURVEYED_NOT_OPERATIONAL,411890.716287,Local road alignment requires terrain survey
DOM-WAREHOUSE-45,WAREHOUSE-45,GATE-45,visual-territory-45,908.8453910701534,DOMESTIC_ACCESS_SURVEY,NOT_SURVEYED_NOT_OPERATIONAL,411890.716287,Local road alignment requires terrain survey
DOM-SF203,SF203,GATE-46,visual-territory-46,2307.3064871838574,DOMESTIC_ACCESS_SURVEY,NOT_SURVEYED_NOT_OPERATIONAL,318876.273054,Local road alignment requires terrain survey
DOM-SF204,SF204,GATE-46,visual-territory-46,1950.153601738891,DOMESTIC_ACCESS_SURVEY,NOT_SURVEYED_NOT_OPERATIONAL,318876.273054,Local road alignment requires terrain survey
DOM-SF205,SF205,GATE-46,visual-territory-46,2222.4748138217997,DOMESTIC_ACCESS_SURVEY,NOT_SURVEYED_NOT_OPERATIONAL,318876.273054,Local road alignment requires terrain survey
DOM-SF206,SF206,GATE-46,visual-territory-46,2150.5636978579487,DOMESTIC_ACCESS_SURVEY,NOT_SURVEYED_NOT_OPERATIONAL,318876.273054,Local road alignment requires terrain survey
DOM-SF207,SF207,GATE-46,visual-territory-46,2646.382197286293,DOMESTIC_ACCESS_SURVEY,NOT_SURVEYED_NOT_OPERATIONAL,318876.273054,Local road alignment requires terrain survey
DOM-OPEN-RES62,OPEN-RES62,GATE-46,visual-territory-46,2150.5636978579487,DOMESTIC_ACCESS_SURVEY,NOT_SURVEYED_NOT_OPERATIONAL,318876.273054,Local road alignment requires terrain survey
DOM-OPEN-46-GRAIN,OPEN-46-GRAIN,GATE-46,visual-territory-46,1148.089704413859,DOMESTIC_ACCESS_SURVEY,NOT_SURVEYED_NOT_OPERATIONAL,318876.273054,Local road alignment requires terrain survey
DOM-OPEN-46-SEMICONDUCTORS,OPEN-46-SEMICONDUCTORS,GATE-46,visual-territory-46,1148.089704413859,DOMESTIC_ACCESS_SURVEY,NOT_SURVEYED_NOT_OPERATIONAL,318876.273054,Local road alignment requires terrain survey
DOM-SERVICE-visual-territory-46-E1-36,SERVICE-visual-territory-46-E1-36,GATE-46,visual-territory-46,1164.317925591883,DOMESTIC_ACCESS_SURVEY,NOT_SURVEYED_NOT_OPERATIONAL,318876.273054,Local road alignment requires terrain survey
DOM-SERVICE-visual-territory-46-E1-31,SERVICE-visual-territory-46-E1-31,GATE-46,visual-territory-46,1164.317925591883,DOMESTIC_ACCESS_SURVEY,NOT_SURVEYED_NOT_OPERATIONAL,318876.273054,Local road alignment requires terrain survey
DOM-SERVICE-visual-territory-46-E1-35,SERVICE-visual-territory-46-E1-35,GATE-46,visual-territory-46,1164.317925591883,DOMESTIC_ACCESS_SURVEY,NOT_SURVEYED_NOT_OPERATIONAL,318876.273054,Local road alignment requires terrain survey
DOM-SERVICE-visual-territory-46-E2-36,SERVICE-visual-territory-46-E2-36,GATE-46,visual-territory-46,1148.089704413859,DOMESTIC_ACCESS_SURVEY,NOT_SURVEYED_NOT_OPERATIONAL,318876.273054,Local road alignment requires terrain survey
DOM-SERVICE-visual-territory-46-E2-31,SERVICE-visual-territory-46-E2-31,GATE-46,visual-territory-46,1148.089704413859,DOMESTIC_ACCESS_SURVEY,NOT_SURVEYED_NOT_OPERATIONAL,318876.273054,Local road alignment requires terrain survey
DOM-SERVICE-visual-territory-46-E2-35,SERVICE-visual-territory-46-E2-35,GATE-46,visual-territory-46,1148.089704413859,DOMESTIC_ACCESS_SURVEY,NOT_SURVEYED_NOT_OPERATIONAL,318876.273054,Local road alignment requires terrain survey
DOM-POWER-46-10,POWER-46-10,GATE-46,visual-territory-46,1148.089704413859,DOMESTIC_ACCESS_SURVEY,NOT_SURVEYED_NOT_OPERATIONAL,318876.273054,Local road alignment requires terrain survey
DOM-POWER-46-11,POWER-46-11,GATE-46,visual-territory-46,1148.089704413859,DOMESTIC_ACCESS_SURVEY,NOT_SURVEYED_NOT_OPERATIONAL,318876.273054,Local road alignment requires terrain survey
DOM-POWER-46-23,POWER-46-23,GATE-46,visual-territory-46,1148.089704413859,DOMESTIC_ACCESS_SURVEY,NOT_SURVEYED_NOT_OPERATIONAL,318876.273054,Local road alignment requires terrain survey
DOM-POWER-46-13,POWER-46-13,GATE-46,visual-territory-46,1148.089704413859,DOMESTIC_ACCESS_SURVEY,NOT_SURVEYED_NOT_OPERATIONAL,318876.273054,Local road alignment requires terrain survey
DOM-WAREHOUSE-46,WAREHOUSE-46,GATE-46,visual-territory-46,1148.089704413859,DOMESTIC_ACCESS_SURVEY,NOT_SURVEYED_NOT_OPERATIONAL,318876.273054,Local road alignment requires terrain survey
DOM-SF208,SF208,GATE-47,visual-territory-47,1520.2154039574361,DOMESTIC_ACCESS_SURVEY,NOT_SURVEYED_NOT_OPERATIONAL,321306.680831,Local road alignment requires terrain survey
DOM-SF209,SF209,GATE-47,visual-territory-47,589.6446572443637,DOMESTIC_ACCESS_SURVEY,NOT_SURVEYED_NOT_OPERATIONAL,321306.680831,Local road alignment requires terrain survey
DOM-SF210,SF210,GATE-47,visual-territory-47,3369.812258240572,DOMESTIC_ACCESS_SURVEY,NOT_SURVEYED_NOT_OPERATIONAL,321306.680831,Local road alignment requires terrain survey
DOM-SF211,SF211,GATE-47,visual-territory-47,3246.8546757382455,DOMESTIC_ACCESS_SURVEY,NOT_SURVEYED_NOT_OPERATIONAL,321306.680831,Local road alignment requires terrain survey
DOM-SF212,SF212,GATE-47,visual-territory-47,1908.7265891787983,DOMESTIC_ACCESS_SURVEY,NOT_SURVEYED_NOT_OPERATIONAL,321306.680831,Local road alignment requires terrain survey
DOM-SF213,SF213,GATE-47,visual-territory-47,2152.8309378089953,DOMESTIC_ACCESS_SURVEY,NOT_SURVEYED_NOT_OPERATIONAL,321306.680831,Local road alignment requires terrain survey
DOM-SF214,SF214,GATE-47,visual-territory-47,2648.5083750775398,DOMESTIC_ACCESS_SURVEY,NOT_SURVEYED_NOT_OPERATIONAL,321306.680831,Local road alignment requires terrain survey
DOM-OPEN-RES34,OPEN-RES34,GATE-47,visual-territory-47,1520.2154039574361,DOMESTIC_ACCESS_SURVEY,NOT_SURVEYED_NOT_OPERATIONAL,321306.680831,Local road alignment requires terrain survey
DOM-OPEN-47-GRAIN,OPEN-47-GRAIN,GATE-47,visual-territory-47,2004.6313189215252,DOMESTIC_ACCESS_SURVEY,NOT_SURVEYED_NOT_OPERATIONAL,321306.680831,Local road alignment requires terrain survey
DOM-SERVICE-visual-territory-47-E1-36,SERVICE-visual-territory-47-E1-36,GATE-47,visual-territory-47,2004.6313189215252,DOMESTIC_ACCESS_SURVEY,NOT_SURVEYED_NOT_OPERATIONAL,321306.680831,Local road alignment requires terrain survey
DOM-SERVICE-visual-territory-47-E1-31,SERVICE-visual-territory-47-E1-31,GATE-47,visual-territory-47,2004.6313189215252,DOMESTIC_ACCESS_SURVEY,NOT_SURVEYED_NOT_OPERATIONAL,321306.680831,Local road alignment requires terrain survey
DOM-SERVICE-visual-territory-47-E1-35,SERVICE-visual-territory-47-E1-35,GATE-47,visual-territory-47,2004.6313189215252,DOMESTIC_ACCESS_SURVEY,NOT_SURVEYED_NOT_OPERATIONAL,321306.680831,Local road alignment requires terrain survey
DOM-SERVICE-visual-territory-47-E2-36,SERVICE-visual-territory-47-E2-36,GATE-47,visual-territory-47,1787.6229436762007,DOMESTIC_ACCESS_SURVEY,NOT_SURVEYED_NOT_OPERATIONAL,321306.680831,Local road alignment requires terrain survey
DOM-SERVICE-visual-territory-47-E2-31,SERVICE-visual-territory-47-E2-31,GATE-47,visual-territory-47,1787.6229436762007,DOMESTIC_ACCESS_SURVEY,NOT_SURVEYED_NOT_OPERATIONAL,321306.680831,Local road alignment requires terrain survey
DOM-SERVICE-visual-territory-47-E2-35,SERVICE-visual-territory-47-E2-35,GATE-47,visual-territory-47,1787.6229436762007,DOMESTIC_ACCESS_SURVEY,NOT_SURVEYED_NOT_OPERATIONAL,321306.680831,Local road alignment requires terrain survey
DOM-POWER-47-10,POWER-47-10,GATE-47,visual-territory-47,2004.6313189215252,DOMESTIC_ACCESS_SURVEY,NOT_SURVEYED_NOT_OPERATIONAL,321306.680831,Local road alignment requires terrain survey
DOM-POWER-47-11,POWER-47-11,GATE-47,visual-territory-47,2004.6313189215252,DOMESTIC_ACCESS_SURVEY,NOT_SURVEYED_NOT_OPERATIONAL,321306.680831,Local road alignment requires terrain survey
DOM-POWER-47-23,POWER-47-23,GATE-47,visual-territory-47,2004.6313189215252,DOMESTIC_ACCESS_SURVEY,NOT_SURVEYED_NOT_OPERATIONAL,321306.680831,Local road alignment requires terrain survey
DOM-POWER-47-13,POWER-47-13,GATE-47,visual-territory-47,2004.6313189215252,DOMESTIC_ACCESS_SURVEY,NOT_SURVEYED_NOT_OPERATIONAL,321306.680831,Local road alignment requires terrain survey
DOM-WAREHOUSE-47,WAREHOUSE-47,GATE-47,visual-territory-47,2004.6313189215252,DOMESTIC_ACCESS_SURVEY,NOT_SURVEYED_NOT_OPERATIONAL,321306.680831,Local road alignment requires terrain survey
DOM-SF215,SF215,GATE-48,visual-territory-48,1879.0545591147816,DOMESTIC_ACCESS_SURVEY,NOT_SURVEYED_NOT_OPERATIONAL,270597.427125,Local road alignment requires terrain survey
DOM-SF216,SF216,GATE-48,visual-territory-48,324.7288061605994,DOMESTIC_ACCESS_SURVEY,NOT_SURVEYED_NOT_OPERATIONAL,270597.427125,Local road alignment requires terrain survey
DOM-OPEN-RES227,OPEN-RES227,GATE-48,visual-territory-48,2519.2889417731017,DOMESTIC_ACCESS_SURVEY,NOT_SURVEYED_NOT_OPERATIONAL,270597.427125,Local road alignment requires terrain survey
DOM-OPEN-RES228,OPEN-RES228,GATE-48,visual-territory-48,1345.6010420423918,DOMESTIC_ACCESS_SURVEY,NOT_SURVEYED_NOT_OPERATIONAL,270597.427125,Local road alignment requires terrain survey
DOM-OPEN-48-STEEL,OPEN-48-STEEL,GATE-48,visual-territory-48,1225.9391551227195,DOMESTIC_ACCESS_SURVEY,NOT_SURVEYED_NOT_OPERATIONAL,270597.427125,Local road alignment requires terrain survey
DOM-OPEN-48-REFINED_FUEL,OPEN-48-REFINED_FUEL,GATE-48,visual-territory-48,1225.9391551227195,DOMESTIC_ACCESS_SURVEY,NOT_SURVEYED_NOT_OPERATIONAL,270597.427125,Local road alignment requires terrain survey
DOM-SERVICE-visual-territory-48-E1-36,SERVICE-visual-territory-48-E1-36,GATE-48,visual-territory-48,1225.9391551227195,DOMESTIC_ACCESS_SURVEY,NOT_SURVEYED_NOT_OPERATIONAL,270597.427125,Local road alignment requires terrain survey
DOM-SERVICE-visual-territory-48-E1-31,SERVICE-visual-territory-48-E1-31,GATE-48,visual-territory-48,1225.9391551227195,DOMESTIC_ACCESS_SURVEY,NOT_SURVEYED_NOT_OPERATIONAL,270597.427125,Local road alignment requires terrain survey
DOM-SERVICE-visual-territory-48-E1-35,SERVICE-visual-territory-48-E1-35,GATE-48,visual-territory-48,1225.9391551227195,DOMESTIC_ACCESS_SURVEY,NOT_SURVEYED_NOT_OPERATIONAL,270597.427125,Local road alignment requires terrain survey
DOM-POWER-48-10,POWER-48-10,GATE-48,visual-territory-48,1225.9391551227195,DOMESTIC_ACCESS_SURVEY,NOT_SURVEYED_NOT_OPERATIONAL,270597.427125,Local road alignment requires terrain survey
DOM-POWER-48-11,POWER-48-11,GATE-48,visual-territory-48,1225.9391551227195,DOMESTIC_ACCESS_SURVEY,NOT_SURVEYED_NOT_OPERATIONAL,270597.427125,Local road alignment requires terrain survey
DOM-POWER-48-23,POWER-48-23,GATE-48,visual-territory-48,1225.9391551227195,DOMESTIC_ACCESS_SURVEY,NOT_SURVEYED_NOT_OPERATIONAL,270597.427125,Local road alignment requires terrain survey
DOM-POWER-48-13,POWER-48-13,GATE-48,visual-territory-48,1225.9391551227195,DOMESTIC_ACCESS_SURVEY,NOT_SURVEYED_NOT_OPERATIONAL,270597.427125,Local road alignment requires terrain survey
DOM-WAREHOUSE-48,WAREHOUSE-48,GATE-48,visual-territory-48,1225.9391551227195,DOMESTIC_ACCESS_SURVEY,NOT_SURVEYED_NOT_OPERATIONAL,270597.427125,Local road alignment requires terrain survey
DOM-SF217,SF217,GATE-49,visual-territory-49,1047.5951250540545,DOMESTIC_ACCESS_SURVEY,NOT_SURVEYED_NOT_OPERATIONAL,411615.972326,Local road alignment requires terrain survey
DOM-SF218,SF218,GATE-49,visual-territory-49,876.3418063289212,DOMESTIC_ACCESS_SURVEY,NOT_SURVEYED_NOT_OPERATIONAL,411615.972326,Local road alignment requires terrain survey
DOM-SF219,SF219,GATE-49,visual-territory-49,1244.0943275004593,DOMESTIC_ACCESS_SURVEY,NOT_SURVEYED_NOT_OPERATIONAL,411615.972326,Local road alignment requires terrain survey
DOM-SF220,SF220,GATE-49,visual-territory-49,2168.2891398497477,DOMESTIC_ACCESS_SURVEY,NOT_SURVEYED_NOT_OPERATIONAL,411615.972326,Local road alignment requires terrain survey
DOM-OPEN-RES232,OPEN-RES232,GATE-49,visual-territory-49,2168.2891398497477,DOMESTIC_ACCESS_SURVEY,NOT_SURVEYED_NOT_OPERATIONAL,411615.972326,Local road alignment requires terrain survey
DOM-OPEN-RES231,OPEN-RES231,GATE-49,visual-territory-49,1244.0943275004593,DOMESTIC_ACCESS_SURVEY,NOT_SURVEYED_NOT_OPERATIONAL,411615.972326,Local road alignment requires terrain survey
DOM-OPEN-RES230,OPEN-RES230,GATE-49,visual-territory-49,876.3418063289212,DOMESTIC_ACCESS_SURVEY,NOT_SURVEYED_NOT_OPERATIONAL,411615.972326,Local road alignment requires terrain survey
DOM-OPEN-49-STEEL,OPEN-49-STEEL,GATE-49,visual-territory-49,1271.8370744397644,DOMESTIC_ACCESS_SURVEY,NOT_SURVEYED_NOT_OPERATIONAL,411615.972326,Local road alignment requires terrain survey
DOM-OPEN-49-SEMICONDUCTORS,OPEN-49-SEMICONDUCTORS,GATE-49,visual-territory-49,1271.8370744397644,DOMESTIC_ACCESS_SURVEY,NOT_SURVEYED_NOT_OPERATIONAL,411615.972326,Local road alignment requires terrain survey
DOM-SERVICE-visual-territory-49-E1-36,SERVICE-visual-territory-49-E1-36,GATE-49,visual-territory-49,555.0591093814228,DOMESTIC_ACCESS_SURVEY,NOT_SURVEYED_NOT_OPERATIONAL,411615.972326,Local road alignment requires terrain survey
DOM-SERVICE-visual-territory-49-E1-31,SERVICE-visual-territory-49-E1-31,GATE-49,visual-territory-49,555.0591093814228,DOMESTIC_ACCESS_SURVEY,NOT_SURVEYED_NOT_OPERATIONAL,411615.972326,Local road alignment requires terrain survey
DOM-SERVICE-visual-territory-49-E1-35,SERVICE-visual-territory-49-E1-35,GATE-49,visual-territory-49,555.0591093814228,DOMESTIC_ACCESS_SURVEY,NOT_SURVEYED_NOT_OPERATIONAL,411615.972326,Local road alignment requires terrain survey
DOM-SERVICE-visual-territory-49-E2-36,SERVICE-visual-territory-49-E2-36,GATE-49,visual-territory-49,1271.8370744397644,DOMESTIC_ACCESS_SURVEY,NOT_SURVEYED_NOT_OPERATIONAL,411615.972326,Local road alignment requires terrain survey
DOM-SERVICE-visual-territory-49-E2-31,SERVICE-visual-territory-49-E2-31,GATE-49,visual-territory-49,1271.8370744397644,DOMESTIC_ACCESS_SURVEY,NOT_SURVEYED_NOT_OPERATIONAL,411615.972326,Local road alignment requires terrain survey
DOM-SERVICE-visual-territory-49-E2-35,SERVICE-visual-territory-49-E2-35,GATE-49,visual-territory-49,1271.8370744397644,DOMESTIC_ACCESS_SURVEY,NOT_SURVEYED_NOT_OPERATIONAL,411615.972326,Local road alignment requires terrain survey
DOM-POWER-49-10,POWER-49-10,GATE-49,visual-territory-49,1271.8370744397644,DOMESTIC_ACCESS_SURVEY,NOT_SURVEYED_NOT_OPERATIONAL,411615.972326,Local road alignment requires terrain survey
DOM-POWER-49-11,POWER-49-11,GATE-49,visual-territory-49,1271.8370744397644,DOMESTIC_ACCESS_SURVEY,NOT_SURVEYED_NOT_OPERATIONAL,411615.972326,Local road alignment requires terrain survey
DOM-POWER-49-23,POWER-49-23,GATE-49,visual-territory-49,1271.8370744397644,DOMESTIC_ACCESS_SURVEY,NOT_SURVEYED_NOT_OPERATIONAL,411615.972326,Local road alignment requires terrain survey
DOM-POWER-49-13,POWER-49-13,GATE-49,visual-territory-49,1271.8370744397644,DOMESTIC_ACCESS_SURVEY,NOT_SURVEYED_NOT_OPERATIONAL,411615.972326,Local road alignment requires terrain survey
DOM-WAREHOUSE-49,WAREHOUSE-49,GATE-49,visual-territory-49,1271.8370744397644,DOMESTIC_ACCESS_SURVEY,NOT_SURVEYED_NOT_OPERATIONAL,411615.972326,Local road alignment requires terrain survey
DOM-SF221,SF221,GATE-50,visual-territory-50,1247.7838875481698,DOMESTIC_ACCESS_SURVEY,NOT_SURVEYED_NOT_OPERATIONAL,313702.065951,Local road alignment requires terrain survey
DOM-SF222,SF222,GATE-50,visual-territory-50,1514.0935818188705,DOMESTIC_ACCESS_SURVEY,NOT_SURVEYED_NOT_OPERATIONAL,313702.065951,Local road alignment requires terrain survey
DOM-OPEN-RES38,OPEN-RES38,GATE-50,visual-territory-50,1247.7838875481698,DOMESTIC_ACCESS_SURVEY,NOT_SURVEYED_NOT_OPERATIONAL,313702.065951,Local road alignment requires terrain survey
DOM-OPEN-RES233,OPEN-RES233,GATE-50,visual-territory-50,1514.0935818188705,DOMESTIC_ACCESS_SURVEY,NOT_SURVEYED_NOT_OPERATIONAL,313702.065951,Local road alignment requires terrain survey
DOM-OPEN-RES234,OPEN-RES234,GATE-50,visual-territory-50,178.59821696327438,DOMESTIC_ACCESS_SURVEY,NOT_SURVEYED_NOT_OPERATIONAL,313702.065951,Local road alignment requires terrain survey
DOM-OPEN-50-REFINED_FUEL,OPEN-50-REFINED_FUEL,GATE-50,visual-territory-50,896.268127333,DOMESTIC_ACCESS_SURVEY,NOT_SURVEYED_NOT_OPERATIONAL,313702.065951,Local road alignment requires terrain survey
DOM-OPEN-50-MACHINERY,OPEN-50-MACHINERY,GATE-50,visual-territory-50,896.268127333,DOMESTIC_ACCESS_SURVEY,NOT_SURVEYED_NOT_OPERATIONAL,313702.065951,Local road alignment requires terrain survey
DOM-SERVICE-visual-territory-50-E1-36,SERVICE-visual-territory-50-E1-36,GATE-50,visual-territory-50,896.268127333,DOMESTIC_ACCESS_SURVEY,NOT_SURVEYED_NOT_OPERATIONAL,313702.065951,Local road alignment requires terrain survey
DOM-SERVICE-visual-territory-50-E1-31,SERVICE-visual-territory-50-E1-31,GATE-50,visual-territory-50,896.268127333,DOMESTIC_ACCESS_SURVEY,NOT_SURVEYED_NOT_OPERATIONAL,313702.065951,Local road alignment requires terrain survey
DOM-SERVICE-visual-territory-50-E1-35,SERVICE-visual-territory-50-E1-35,GATE-50,visual-territory-50,896.268127333,DOMESTIC_ACCESS_SURVEY,NOT_SURVEYED_NOT_OPERATIONAL,313702.065951,Local road alignment requires terrain survey
DOM-SERVICE-visual-territory-50-E2-36,SERVICE-visual-territory-50-E2-36,GATE-50,visual-territory-50,956.0329651062135,DOMESTIC_ACCESS_SURVEY,NOT_SURVEYED_NOT_OPERATIONAL,313702.065951,Local road alignment requires terrain survey
DOM-SERVICE-visual-territory-50-E2-31,SERVICE-visual-territory-50-E2-31,GATE-50,visual-territory-50,956.0329651062135,DOMESTIC_ACCESS_SURVEY,NOT_SURVEYED_NOT_OPERATIONAL,313702.065951,Local road alignment requires terrain survey
DOM-SERVICE-visual-territory-50-E2-35,SERVICE-visual-territory-50-E2-35,GATE-50,visual-territory-50,956.0329651062135,DOMESTIC_ACCESS_SURVEY,NOT_SURVEYED_NOT_OPERATIONAL,313702.065951,Local road alignment requires terrain survey
DOM-POWER-50-10,POWER-50-10,GATE-50,visual-territory-50,896.268127333,DOMESTIC_ACCESS_SURVEY,NOT_SURVEYED_NOT_OPERATIONAL,313702.065951,Local road alignment requires terrain survey
DOM-POWER-50-11,POWER-50-11,GATE-50,visual-territory-50,896.268127333,DOMESTIC_ACCESS_SURVEY,NOT_SURVEYED_NOT_OPERATIONAL,313702.065951,Local road alignment requires terrain survey
DOM-POWER-50-23,POWER-50-23,GATE-50,visual-territory-50,896.268127333,DOMESTIC_ACCESS_SURVEY,NOT_SURVEYED_NOT_OPERATIONAL,313702.065951,Local road alignment requires terrain survey
DOM-POWER-50-13,POWER-50-13,GATE-50,visual-territory-50,896.268127333,DOMESTIC_ACCESS_SURVEY,NOT_SURVEYED_NOT_OPERATIONAL,313702.065951,Local road alignment requires terrain survey
DOM-WAREHOUSE-50,WAREHOUSE-50,GATE-50,visual-territory-50,896.268127333,DOMESTIC_ACCESS_SURVEY,NOT_SURVEYED_NOT_OPERATIONAL,313702.065951,Local road alignment requires terrain survey
DOM-H02,H02,GATE-51,visual-territory-51,1682.2174214783827,DOMESTIC_ACCESS_SURVEY,NOT_SURVEYED_NOT_OPERATIONAL,398863.82626,Local road alignment requires terrain survey
DOM-SF223,SF223,GATE-51,visual-territory-51,1620.8681734701831,DOMESTIC_ACCESS_SURVEY,NOT_SURVEYED_NOT_OPERATIONAL,398863.82626,Local road alignment requires terrain survey
DOM-OPEN-RES236,OPEN-RES236,GATE-51,visual-territory-51,1691.5606739349034,DOMESTIC_ACCESS_SURVEY,NOT_SURVEYED_NOT_OPERATIONAL,398863.82626,Local road alignment requires terrain survey
DOM-OPEN-RES238,OPEN-RES238,GATE-51,visual-territory-51,1522.0040021261857,DOMESTIC_ACCESS_SURVEY,NOT_SURVEYED_NOT_OPERATIONAL,398863.82626,Local road alignment requires terrain survey
DOM-OPEN-51-STEEL,OPEN-51-STEEL,GATE-51,visual-territory-51,1501.478313503929,DOMESTIC_ACCESS_SURVEY,NOT_SURVEYED_NOT_OPERATIONAL,398863.82626,Local road alignment requires terrain survey
DOM-OPEN-51-MACHINERY,OPEN-51-MACHINERY,GATE-51,visual-territory-51,1501.478313503929,DOMESTIC_ACCESS_SURVEY,NOT_SURVEYED_NOT_OPERATIONAL,398863.82626,Local road alignment requires terrain survey
DOM-SERVICE-visual-territory-51-E1-36,SERVICE-visual-territory-51-E1-36,GATE-51,visual-territory-51,1501.478313503929,DOMESTIC_ACCESS_SURVEY,NOT_SURVEYED_NOT_OPERATIONAL,398863.82626,Local road alignment requires terrain survey
DOM-SERVICE-visual-territory-51-E1-31,SERVICE-visual-territory-51-E1-31,GATE-51,visual-territory-51,1501.478313503929,DOMESTIC_ACCESS_SURVEY,NOT_SURVEYED_NOT_OPERATIONAL,398863.82626,Local road alignment requires terrain survey
DOM-SERVICE-visual-territory-51-E1-35,SERVICE-visual-territory-51-E1-35,GATE-51,visual-territory-51,1501.478313503929,DOMESTIC_ACCESS_SURVEY,NOT_SURVEYED_NOT_OPERATIONAL,398863.82626,Local road alignment requires terrain survey
DOM-SERVICE-visual-territory-51-E2-36,SERVICE-visual-territory-51-E2-36,GATE-51,visual-territory-51,561.6539360831714,DOMESTIC_ACCESS_SURVEY,NOT_SURVEYED_NOT_OPERATIONAL,398863.82626,Local road alignment requires terrain survey
DOM-SERVICE-visual-territory-51-E2-31,SERVICE-visual-territory-51-E2-31,GATE-51,visual-territory-51,561.6539360831714,DOMESTIC_ACCESS_SURVEY,NOT_SURVEYED_NOT_OPERATIONAL,398863.82626,Local road alignment requires terrain survey
DOM-SERVICE-visual-territory-51-E2-35,SERVICE-visual-territory-51-E2-35,GATE-51,visual-territory-51,561.6539360831714,DOMESTIC_ACCESS_SURVEY,NOT_SURVEYED_NOT_OPERATIONAL,398863.82626,Local road alignment requires terrain survey
DOM-POWER-51-10,POWER-51-10,GATE-51,visual-territory-51,1501.478313503929,DOMESTIC_ACCESS_SURVEY,NOT_SURVEYED_NOT_OPERATIONAL,398863.82626,Local road alignment requires terrain survey
DOM-POWER-51-11,POWER-51-11,GATE-51,visual-territory-51,1501.478313503929,DOMESTIC_ACCESS_SURVEY,NOT_SURVEYED_NOT_OPERATIONAL,398863.82626,Local road alignment requires terrain survey
DOM-POWER-51-23,POWER-51-23,GATE-51,visual-territory-51,1501.478313503929,DOMESTIC_ACCESS_SURVEY,NOT_SURVEYED_NOT_OPERATIONAL,398863.82626,Local road alignment requires terrain survey
DOM-POWER-51-13,POWER-51-13,GATE-51,visual-territory-51,1501.478313503929,DOMESTIC_ACCESS_SURVEY,NOT_SURVEYED_NOT_OPERATIONAL,398863.82626,Local road alignment requires terrain survey
DOM-WAREHOUSE-51,WAREHOUSE-51,GATE-51,visual-territory-51,1501.478313503929,DOMESTIC_ACCESS_SURVEY,NOT_SURVEYED_NOT_OPERATIONAL,398863.82626,Local road alignment requires terrain survey
DOM-P02,P02,GATE-52,visual-territory-52,19.3716964857194,DOMESTIC_ACCESS_SURVEY,NOT_SURVEYED_NOT_OPERATIONAL,377339.382567,Local road alignment requires terrain survey
DOM-SF224,SF224,GATE-52,visual-territory-52,561.7791980858625,DOMESTIC_ACCESS_SURVEY,NOT_SURVEYED_NOT_OPERATIONAL,377339.382567,Local road alignment requires terrain survey
DOM-OPEN-RES240,OPEN-RES240,GATE-52,visual-territory-52,2324.6842922870915,DOMESTIC_ACCESS_SURVEY,NOT_SURVEYED_NOT_OPERATIONAL,377339.382567,Local road alignment requires terrain survey
DOM-OPEN-RES242,OPEN-RES242,GATE-52,visual-territory-52,1429.4421959915578,DOMESTIC_ACCESS_SURVEY,NOT_SURVEYED_NOT_OPERATIONAL,377339.382567,Local road alignment requires terrain survey
DOM-OPEN-52-REFINED_FUEL,OPEN-52-REFINED_FUEL,GATE-52,visual-territory-52,399.3577537901376,DOMESTIC_ACCESS_SURVEY,NOT_SURVEYED_NOT_OPERATIONAL,377339.382567,Local road alignment requires terrain survey
DOM-OPEN-52-MACHINERY,OPEN-52-MACHINERY,GATE-52,visual-territory-52,399.3577537901376,DOMESTIC_ACCESS_SURVEY,NOT_SURVEYED_NOT_OPERATIONAL,377339.382567,Local road alignment requires terrain survey
DOM-OPEN-52-SEMICONDUCTORS,OPEN-52-SEMICONDUCTORS,GATE-52,visual-territory-52,399.3577537901376,DOMESTIC_ACCESS_SURVEY,NOT_SURVEYED_NOT_OPERATIONAL,377339.382567,Local road alignment requires terrain survey
DOM-SERVICE-visual-territory-52-E1-36,SERVICE-visual-territory-52-E1-36,GATE-52,visual-territory-52,399.3577537901376,DOMESTIC_ACCESS_SURVEY,NOT_SURVEYED_NOT_OPERATIONAL,377339.382567,Local road alignment requires terrain survey
DOM-SERVICE-visual-territory-52-E1-31,SERVICE-visual-territory-52-E1-31,GATE-52,visual-territory-52,399.3577537901376,DOMESTIC_ACCESS_SURVEY,NOT_SURVEYED_NOT_OPERATIONAL,377339.382567,Local road alignment requires terrain survey
DOM-SERVICE-visual-territory-52-E1-35,SERVICE-visual-territory-52-E1-35,GATE-52,visual-territory-52,399.3577537901376,DOMESTIC_ACCESS_SURVEY,NOT_SURVEYED_NOT_OPERATIONAL,377339.382567,Local road alignment requires terrain survey
DOM-POWER-52-10,POWER-52-10,GATE-52,visual-territory-52,399.3577537901376,DOMESTIC_ACCESS_SURVEY,NOT_SURVEYED_NOT_OPERATIONAL,377339.382567,Local road alignment requires terrain survey
DOM-POWER-52-11,POWER-52-11,GATE-52,visual-territory-52,399.3577537901376,DOMESTIC_ACCESS_SURVEY,NOT_SURVEYED_NOT_OPERATIONAL,377339.382567,Local road alignment requires terrain survey
DOM-POWER-52-23,POWER-52-23,GATE-52,visual-territory-52,399.3577537901376,DOMESTIC_ACCESS_SURVEY,NOT_SURVEYED_NOT_OPERATIONAL,377339.382567,Local road alignment requires terrain survey
DOM-POWER-52-13,POWER-52-13,GATE-52,visual-territory-52,399.3577537901376,DOMESTIC_ACCESS_SURVEY,NOT_SURVEYED_NOT_OPERATIONAL,377339.382567,Local road alignment requires terrain survey
DOM-WAREHOUSE-52,WAREHOUSE-52,GATE-52,visual-territory-52,399.3577537901376,DOMESTIC_ACCESS_SURVEY,NOT_SURVEYED_NOT_OPERATIONAL,377339.382567,Local road alignment requires terrain survey
DOM-SF225,SF225,GATE-53,visual-territory-53,1796.3005535773973,DOMESTIC_ACCESS_SURVEY,NOT_SURVEYED_NOT_OPERATIONAL,307333.374486,Local road alignment requires terrain survey
DOM-SF226,SF226,GATE-53,visual-territory-53,2629.596310211209,DOMESTIC_ACCESS_SURVEY,NOT_SURVEYED_NOT_OPERATIONAL,307333.374486,Local road alignment requires terrain survey
DOM-SF227,SF227,GATE-53,visual-territory-53,1442.443628999859,DOMESTIC_ACCESS_SURVEY,NOT_SURVEYED_NOT_OPERATIONAL,307333.374486,Local road alignment requires terrain survey
DOM-SF228,SF228,GATE-53,visual-territory-53,331.30698413244886,DOMESTIC_ACCESS_SURVEY,NOT_SURVEYED_NOT_OPERATIONAL,307333.374486,Local road alignment requires terrain survey
DOM-SF229,SF229,GATE-53,visual-territory-53,3823.2731252139956,DOMESTIC_ACCESS_SURVEY,NOT_SURVEYED_NOT_OPERATIONAL,307333.374486,Local road alignment requires terrain survey
DOM-SF230,SF230,GATE-53,visual-territory-53,2383.7815116002585,DOMESTIC_ACCESS_SURVEY,NOT_SURVEYED_NOT_OPERATIONAL,307333.374486,Local road alignment requires terrain survey
DOM-SF231,SF231,GATE-53,visual-territory-53,1724.2442241346546,DOMESTIC_ACCESS_SURVEY,NOT_SURVEYED_NOT_OPERATIONAL,307333.374486,Local road alignment requires terrain survey
DOM-SF232,SF232,GATE-53,visual-territory-53,919.3905928468118,DOMESTIC_ACCESS_SURVEY,NOT_SURVEYED_NOT_OPERATIONAL,307333.374486,Local road alignment requires terrain survey
DOM-OPEN-RES243,OPEN-RES243,GATE-53,visual-territory-53,1442.443628999859,DOMESTIC_ACCESS_SURVEY,NOT_SURVEYED_NOT_OPERATIONAL,307333.374486,Local road alignment requires terrain survey
DOM-OPEN-53-GRAIN,OPEN-53-GRAIN,GATE-53,visual-territory-53,791.9032477266388,DOMESTIC_ACCESS_SURVEY,NOT_SURVEYED_NOT_OPERATIONAL,307333.374486,Local road alignment requires terrain survey
DOM-OPEN-53-REFINED_FUEL,OPEN-53-REFINED_FUEL,GATE-53,visual-territory-53,791.9032477266388,DOMESTIC_ACCESS_SURVEY,NOT_SURVEYED_NOT_OPERATIONAL,307333.374486,Local road alignment requires terrain survey
DOM-SERVICE-visual-territory-53-E1-36,SERVICE-visual-territory-53-E1-36,GATE-53,visual-territory-53,1929.4175663131189,DOMESTIC_ACCESS_SURVEY,NOT_SURVEYED_NOT_OPERATIONAL,307333.374486,Local road alignment requires terrain survey
DOM-SERVICE-visual-territory-53-E1-31,SERVICE-visual-territory-53-E1-31,GATE-53,visual-territory-53,1929.4175663131189,DOMESTIC_ACCESS_SURVEY,NOT_SURVEYED_NOT_OPERATIONAL,307333.374486,Local road alignment requires terrain survey
DOM-SERVICE-visual-territory-53-E1-35,SERVICE-visual-territory-53-E1-35,GATE-53,visual-territory-53,1929.4175663131189,DOMESTIC_ACCESS_SURVEY,NOT_SURVEYED_NOT_OPERATIONAL,307333.374486,Local road alignment requires terrain survey
DOM-SERVICE-visual-territory-53-E2-36,SERVICE-visual-territory-53-E2-36,GATE-53,visual-territory-53,791.9032477266388,DOMESTIC_ACCESS_SURVEY,NOT_SURVEYED_NOT_OPERATIONAL,307333.374486,Local road alignment requires terrain survey
DOM-SERVICE-visual-territory-53-E2-31,SERVICE-visual-territory-53-E2-31,GATE-53,visual-territory-53,791.9032477266388,DOMESTIC_ACCESS_SURVEY,NOT_SURVEYED_NOT_OPERATIONAL,307333.374486,Local road alignment requires terrain survey
DOM-SERVICE-visual-territory-53-E2-35,SERVICE-visual-territory-53-E2-35,GATE-53,visual-territory-53,791.9032477266388,DOMESTIC_ACCESS_SURVEY,NOT_SURVEYED_NOT_OPERATIONAL,307333.374486,Local road alignment requires terrain survey
DOM-POWER-53-10,POWER-53-10,GATE-53,visual-territory-53,791.9032477266388,DOMESTIC_ACCESS_SURVEY,NOT_SURVEYED_NOT_OPERATIONAL,307333.374486,Local road alignment requires terrain survey
DOM-POWER-53-11,POWER-53-11,GATE-53,visual-territory-53,791.9032477266388,DOMESTIC_ACCESS_SURVEY,NOT_SURVEYED_NOT_OPERATIONAL,307333.374486,Local road alignment requires terrain survey
DOM-POWER-53-23,POWER-53-23,GATE-53,visual-territory-53,791.9032477266388,DOMESTIC_ACCESS_SURVEY,NOT_SURVEYED_NOT_OPERATIONAL,307333.374486,Local road alignment requires terrain survey
DOM-POWER-53-13,POWER-53-13,GATE-53,visual-territory-53,791.9032477266388,DOMESTIC_ACCESS_SURVEY,NOT_SURVEYED_NOT_OPERATIONAL,307333.374486,Local road alignment requires terrain survey
DOM-WAREHOUSE-53,WAREHOUSE-53,GATE-53,visual-territory-53,791.9032477266388,DOMESTIC_ACCESS_SURVEY,NOT_SURVEYED_NOT_OPERATIONAL,307333.374486,Local road alignment requires terrain survey
DOM-SF233,SF233,GATE-54,visual-territory-54,1752.5765556615809,DOMESTIC_ACCESS_SURVEY,NOT_SURVEYED_NOT_OPERATIONAL,562055.37462,Local road alignment requires terrain survey
DOM-SF234,SF234,GATE-54,visual-territory-54,2541.2387745077685,DOMESTIC_ACCESS_SURVEY,NOT_SURVEYED_NOT_OPERATIONAL,562055.37462,Local road alignment requires terrain survey
DOM-SF235,SF235,GATE-54,visual-territory-54,2368.1849435088648,DOMESTIC_ACCESS_SURVEY,NOT_SURVEYED_NOT_OPERATIONAL,562055.37462,Local road alignment requires terrain survey
DOM-SF236,SF236,GATE-54,visual-territory-54,233.26611538444848,DOMESTIC_ACCESS_SURVEY,NOT_SURVEYED_NOT_OPERATIONAL,562055.37462,Local road alignment requires terrain survey
DOM-SF237,SF237,GATE-54,visual-territory-54,3597.141999349176,DOMESTIC_ACCESS_SURVEY,NOT_SURVEYED_NOT_OPERATIONAL,562055.37462,Local road alignment requires terrain survey
DOM-SF238,SF238,GATE-54,visual-territory-54,2520.1825179214807,DOMESTIC_ACCESS_SURVEY,NOT_SURVEYED_NOT_OPERATIONAL,562055.37462,Local road alignment requires terrain survey
DOM-SF239,SF239,GATE-54,visual-territory-54,3672.0991128504097,DOMESTIC_ACCESS_SURVEY,NOT_SURVEYED_NOT_OPERATIONAL,562055.37462,Local road alignment requires terrain survey
DOM-SF240,SF240,GATE-54,visual-territory-54,3264.173969643181,DOMESTIC_ACCESS_SURVEY,NOT_SURVEYED_NOT_OPERATIONAL,562055.37462,Local road alignment requires terrain survey
DOM-SF241,SF241,GATE-54,visual-territory-54,1061.2083380888198,DOMESTIC_ACCESS_SURVEY,NOT_SURVEYED_NOT_OPERATIONAL,562055.37462,Local road alignment requires terrain survey
DOM-OPEN-RES74,OPEN-RES74,GATE-54,visual-territory-54,2541.2387745077685,DOMESTIC_ACCESS_SURVEY,NOT_SURVEYED_NOT_OPERATIONAL,562055.37462,Local road alignment requires terrain survey
DOM-OPEN-54-GRAIN,OPEN-54-GRAIN,GATE-54,visual-territory-54,2641.352304329308,DOMESTIC_ACCESS_SURVEY,NOT_SURVEYED_NOT_OPERATIONAL,562055.37462,Local road alignment requires terrain survey
DOM-OPEN-54-SEMICONDUCTORS,OPEN-54-SEMICONDUCTORS,GATE-54,visual-territory-54,2641.352304329308,DOMESTIC_ACCESS_SURVEY,NOT_SURVEYED_NOT_OPERATIONAL,562055.37462,Local road alignment requires terrain survey
DOM-SERVICE-visual-territory-54-E1-36,SERVICE-visual-territory-54-E1-36,GATE-54,visual-territory-54,2641.352304329308,DOMESTIC_ACCESS_SURVEY,NOT_SURVEYED_NOT_OPERATIONAL,562055.37462,Local road alignment requires terrain survey
DOM-SERVICE-visual-territory-54-E1-31,SERVICE-visual-territory-54-E1-31,GATE-54,visual-territory-54,2641.352304329308,DOMESTIC_ACCESS_SURVEY,NOT_SURVEYED_NOT_OPERATIONAL,562055.37462,Local road alignment requires terrain survey
DOM-SERVICE-visual-territory-54-E1-35,SERVICE-visual-territory-54-E1-35,GATE-54,visual-territory-54,2641.352304329308,DOMESTIC_ACCESS_SURVEY,NOT_SURVEYED_NOT_OPERATIONAL,562055.37462,Local road alignment requires terrain survey
DOM-SERVICE-visual-territory-54-E2-36,SERVICE-visual-territory-54-E2-36,GATE-54,visual-territory-54,1616.0134632353152,DOMESTIC_ACCESS_SURVEY,NOT_SURVEYED_NOT_OPERATIONAL,562055.37462,Local road alignment requires terrain survey
DOM-SERVICE-visual-territory-54-E2-31,SERVICE-visual-territory-54-E2-31,GATE-54,visual-territory-54,1616.0134632353152,DOMESTIC_ACCESS_SURVEY,NOT_SURVEYED_NOT_OPERATIONAL,562055.37462,Local road alignment requires terrain survey
DOM-SERVICE-visual-territory-54-E2-35,SERVICE-visual-territory-54-E2-35,GATE-54,visual-territory-54,1616.0134632353152,DOMESTIC_ACCESS_SURVEY,NOT_SURVEYED_NOT_OPERATIONAL,562055.37462,Local road alignment requires terrain survey
DOM-POWER-54-10,POWER-54-10,GATE-54,visual-territory-54,2641.352304329308,DOMESTIC_ACCESS_SURVEY,NOT_SURVEYED_NOT_OPERATIONAL,562055.37462,Local road alignment requires terrain survey
DOM-POWER-54-11,POWER-54-11,GATE-54,visual-territory-54,2641.352304329308,DOMESTIC_ACCESS_SURVEY,NOT_SURVEYED_NOT_OPERATIONAL,562055.37462,Local road alignment requires terrain survey
DOM-POWER-54-23,POWER-54-23,GATE-54,visual-territory-54,2641.352304329308,DOMESTIC_ACCESS_SURVEY,NOT_SURVEYED_NOT_OPERATIONAL,562055.37462,Local road alignment requires terrain survey
DOM-POWER-54-13,POWER-54-13,GATE-54,visual-territory-54,2641.352304329308,DOMESTIC_ACCESS_SURVEY,NOT_SURVEYED_NOT_OPERATIONAL,562055.37462,Local road alignment requires terrain survey
DOM-WAREHOUSE-54,WAREHOUSE-54,GATE-54,visual-territory-54,2641.352304329308,DOMESTIC_ACCESS_SURVEY,NOT_SURVEYED_NOT_OPERATIONAL,562055.37462,Local road alignment requires terrain survey
DOM-P05,P05,GATE-55,visual-territory-55,19.3716964857194,DOMESTIC_ACCESS_SURVEY,NOT_SURVEYED_NOT_OPERATIONAL,125759.599397,Local road alignment requires terrain survey
DOM-SF242,SF242,GATE-55,visual-territory-55,1461.6326907316375,DOMESTIC_ACCESS_SURVEY,NOT_SURVEYED_NOT_OPERATIONAL,125759.599397,Local road alignment requires terrain survey
DOM-SF243,SF243,GATE-55,visual-territory-55,3274.7335810791283,DOMESTIC_ACCESS_SURVEY,NOT_SURVEYED_NOT_OPERATIONAL,125759.599397,Local road alignment requires terrain survey
DOM-SF244,SF244,GATE-55,visual-territory-55,939.6770487784953,DOMESTIC_ACCESS_SURVEY,NOT_SURVEYED_NOT_OPERATIONAL,125759.599397,Local road alignment requires terrain survey
DOM-SF245,SF245,GATE-55,visual-territory-55,1160.5246917551203,DOMESTIC_ACCESS_SURVEY,NOT_SURVEYED_NOT_OPERATIONAL,125759.599397,Local road alignment requires terrain survey
DOM-SF246,SF246,GATE-55,visual-territory-55,2353.880339823971,DOMESTIC_ACCESS_SURVEY,NOT_SURVEYED_NOT_OPERATIONAL,125759.599397,Local road alignment requires terrain survey
DOM-OPEN-RES246,OPEN-RES246,GATE-55,visual-territory-55,939.6770487784953,DOMESTIC_ACCESS_SURVEY,NOT_SURVEYED_NOT_OPERATIONAL,125759.599397,Local road alignment requires terrain survey
DOM-OPEN-55-GRAIN,OPEN-55-GRAIN,GATE-55,visual-territory-55,455.33789669430706,DOMESTIC_ACCESS_SURVEY,NOT_SURVEYED_NOT_OPERATIONAL,125759.599397,Local road alignment requires terrain survey
DOM-OPEN-55-REFINED_FUEL,OPEN-55-REFINED_FUEL,GATE-55,visual-territory-55,455.33789669430706,DOMESTIC_ACCESS_SURVEY,NOT_SURVEYED_NOT_OPERATIONAL,125759.599397,Local road alignment requires terrain survey
DOM-OPEN-55-SEMICONDUCTORS,OPEN-55-SEMICONDUCTORS,GATE-55,visual-territory-55,455.33789669430706,DOMESTIC_ACCESS_SURVEY,NOT_SURVEYED_NOT_OPERATIONAL,125759.599397,Local road alignment requires terrain survey
DOM-SERVICE-visual-territory-55-E1-36,SERVICE-visual-territory-55-E1-36,GATE-55,visual-territory-55,455.33789669430706,DOMESTIC_ACCESS_SURVEY,NOT_SURVEYED_NOT_OPERATIONAL,125759.599397,Local road alignment requires terrain survey
DOM-SERVICE-visual-territory-55-E1-31,SERVICE-visual-territory-55-E1-31,GATE-55,visual-territory-55,455.33789669430706,DOMESTIC_ACCESS_SURVEY,NOT_SURVEYED_NOT_OPERATIONAL,125759.599397,Local road alignment requires terrain survey
DOM-SERVICE-visual-territory-55-E1-35,SERVICE-visual-territory-55-E1-35,GATE-55,visual-territory-55,455.33789669430706,DOMESTIC_ACCESS_SURVEY,NOT_SURVEYED_NOT_OPERATIONAL,125759.599397,Local road alignment requires terrain survey
DOM-POWER-55-10,POWER-55-10,GATE-55,visual-territory-55,455.33789669430706,DOMESTIC_ACCESS_SURVEY,NOT_SURVEYED_NOT_OPERATIONAL,125759.599397,Local road alignment requires terrain survey
DOM-POWER-55-11,POWER-55-11,GATE-55,visual-territory-55,455.33789669430706,DOMESTIC_ACCESS_SURVEY,NOT_SURVEYED_NOT_OPERATIONAL,125759.599397,Local road alignment requires terrain survey
DOM-POWER-55-23,POWER-55-23,GATE-55,visual-territory-55,455.33789669430706,DOMESTIC_ACCESS_SURVEY,NOT_SURVEYED_NOT_OPERATIONAL,125759.599397,Local road alignment requires terrain survey
DOM-POWER-55-13,POWER-55-13,GATE-55,visual-territory-55,455.33789669430706,DOMESTIC_ACCESS_SURVEY,NOT_SURVEYED_NOT_OPERATIONAL,125759.599397,Local road alignment requires terrain survey
DOM-WAREHOUSE-55,WAREHOUSE-55,GATE-55,visual-territory-55,455.33789669430706,DOMESTIC_ACCESS_SURVEY,NOT_SURVEYED_NOT_OPERATIONAL,125759.599397,Local road alignment requires terrain survey
DOM-P04,P04,GATE-56,visual-territory-56,19.3716964857194,DOMESTIC_ACCESS_SURVEY,NOT_SURVEYED_NOT_OPERATIONAL,452660.761378,Local road alignment requires terrain survey
DOM-SF247,SF247,GATE-56,visual-territory-56,2076.3892447174976,DOMESTIC_ACCESS_SURVEY,NOT_SURVEYED_NOT_OPERATIONAL,452660.761378,Local road alignment requires terrain survey
DOM-SF248,SF248,GATE-56,visual-territory-56,1786.0872243176752,DOMESTIC_ACCESS_SURVEY,NOT_SURVEYED_NOT_OPERATIONAL,452660.761378,Local road alignment requires terrain survey
DOM-SF249,SF249,GATE-56,visual-territory-56,3473.372730157268,DOMESTIC_ACCESS_SURVEY,NOT_SURVEYED_NOT_OPERATIONAL,452660.761378,Local road alignment requires terrain survey
DOM-OPEN-RES250,OPEN-RES250,GATE-56,visual-territory-56,705.1403957891323,DOMESTIC_ACCESS_SURVEY,NOT_SURVEYED_NOT_OPERATIONAL,452660.761378,Local road alignment requires terrain survey
DOM-OPEN-56-MACHINERY,OPEN-56-MACHINERY,GATE-56,visual-territory-56,666.7424441465399,DOMESTIC_ACCESS_SURVEY,NOT_SURVEYED_NOT_OPERATIONAL,452660.761378,Local road alignment requires terrain survey
DOM-OPEN-56-SEMICONDUCTORS,OPEN-56-SEMICONDUCTORS,GATE-56,visual-territory-56,666.7424441465399,DOMESTIC_ACCESS_SURVEY,NOT_SURVEYED_NOT_OPERATIONAL,452660.761378,Local road alignment requires terrain survey
DOM-OPEN-56-BATTERIES,OPEN-56-BATTERIES,GATE-56,visual-territory-56,666.7424441465399,DOMESTIC_ACCESS_SURVEY,NOT_SURVEYED_NOT_OPERATIONAL,452660.761378,Local road alignment requires terrain survey
DOM-SERVICE-visual-territory-56-E1-36,SERVICE-visual-territory-56-E1-36,GATE-56,visual-territory-56,666.7424441465399,DOMESTIC_ACCESS_SURVEY,NOT_SURVEYED_NOT_OPERATIONAL,452660.761378,Local road alignment requires terrain survey
DOM-SERVICE-visual-territory-56-E1-31,SERVICE-visual-territory-56-E1-31,GATE-56,visual-territory-56,666.7424441465399,DOMESTIC_ACCESS_SURVEY,NOT_SURVEYED_NOT_OPERATIONAL,452660.761378,Local road alignment requires terrain survey
DOM-SERVICE-visual-territory-56-E1-35,SERVICE-visual-territory-56-E1-35,GATE-56,visual-territory-56,666.7424441465399,DOMESTIC_ACCESS_SURVEY,NOT_SURVEYED_NOT_OPERATIONAL,452660.761378,Local road alignment requires terrain survey
DOM-SERVICE-visual-territory-56-E2-36,SERVICE-visual-territory-56-E2-36,GATE-56,visual-territory-56,2118.6672210599286,DOMESTIC_ACCESS_SURVEY,NOT_SURVEYED_NOT_OPERATIONAL,452660.761378,Local road alignment requires terrain survey
DOM-SERVICE-visual-territory-56-E2-31,SERVICE-visual-territory-56-E2-31,GATE-56,visual-territory-56,2118.6672210599286,DOMESTIC_ACCESS_SURVEY,NOT_SURVEYED_NOT_OPERATIONAL,452660.761378,Local road alignment requires terrain survey
DOM-SERVICE-visual-territory-56-E2-35,SERVICE-visual-territory-56-E2-35,GATE-56,visual-territory-56,2118.6672210599286,DOMESTIC_ACCESS_SURVEY,NOT_SURVEYED_NOT_OPERATIONAL,452660.761378,Local road alignment requires terrain survey
DOM-POWER-56-10,POWER-56-10,GATE-56,visual-territory-56,666.7424441465399,DOMESTIC_ACCESS_SURVEY,NOT_SURVEYED_NOT_OPERATIONAL,452660.761378,Local road alignment requires terrain survey
DOM-POWER-56-11,POWER-56-11,GATE-56,visual-territory-56,666.7424441465399,DOMESTIC_ACCESS_SURVEY,NOT_SURVEYED_NOT_OPERATIONAL,452660.761378,Local road alignment requires terrain survey
DOM-POWER-56-23,POWER-56-23,GATE-56,visual-territory-56,666.7424441465399,DOMESTIC_ACCESS_SURVEY,NOT_SURVEYED_NOT_OPERATIONAL,452660.761378,Local road alignment requires terrain survey
DOM-POWER-56-13,POWER-56-13,GATE-56,visual-territory-56,666.7424441465399,DOMESTIC_ACCESS_SURVEY,NOT_SURVEYED_NOT_OPERATIONAL,452660.761378,Local road alignment requires terrain survey
DOM-WAREHOUSE-56,WAREHOUSE-56,GATE-56,visual-territory-56,666.7424441465399,DOMESTIC_ACCESS_SURVEY,NOT_SURVEYED_NOT_OPERATIONAL,452660.761378,Local road alignment requires terrain survey
DOM-SF250,SF250,GATE-57,visual-territory-57,2147.4641779006156,DOMESTIC_ACCESS_SURVEY,NOT_SURVEYED_NOT_OPERATIONAL,369951.82058,Local road alignment requires terrain survey
DOM-SF251,SF251,GATE-57,visual-territory-57,2053.8566563040035,DOMESTIC_ACCESS_SURVEY,NOT_SURVEYED_NOT_OPERATIONAL,369951.82058,Local road alignment requires terrain survey
DOM-SF252,SF252,GATE-57,visual-territory-57,1348.9434633590863,DOMESTIC_ACCESS_SURVEY,NOT_SURVEYED_NOT_OPERATIONAL,369951.82058,Local road alignment requires terrain survey
DOM-SF253,SF253,GATE-57,visual-territory-57,515.8112066803094,DOMESTIC_ACCESS_SURVEY,NOT_SURVEYED_NOT_OPERATIONAL,369951.82058,Local road alignment requires terrain survey
DOM-SF254,SF254,GATE-57,visual-territory-57,2848.6934303098974,DOMESTIC_ACCESS_SURVEY,NOT_SURVEYED_NOT_OPERATIONAL,369951.82058,Local road alignment requires terrain survey
DOM-OPEN-RES254,OPEN-RES254,GATE-57,visual-territory-57,1348.9434633590863,DOMESTIC_ACCESS_SURVEY,NOT_SURVEYED_NOT_OPERATIONAL,369951.82058,Local road alignment requires terrain survey
DOM-OPEN-57-STEEL,OPEN-57-STEEL,GATE-57,visual-territory-57,1660.2261552286914,DOMESTIC_ACCESS_SURVEY,NOT_SURVEYED_NOT_OPERATIONAL,369951.82058,Local road alignment requires terrain survey
DOM-OPEN-57-MACHINERY,OPEN-57-MACHINERY,GATE-57,visual-territory-57,1660.2261552286914,DOMESTIC_ACCESS_SURVEY,NOT_SURVEYED_NOT_OPERATIONAL,369951.82058,Local road alignment requires terrain survey
DOM-SERVICE-visual-territory-57-E1-36,SERVICE-visual-territory-57-E1-36,GATE-57,visual-territory-57,1660.2261552286914,DOMESTIC_ACCESS_SURVEY,NOT_SURVEYED_NOT_OPERATIONAL,369951.82058,Local road alignment requires terrain survey
DOM-SERVICE-visual-territory-57-E1-31,SERVICE-visual-territory-57-E1-31,GATE-57,visual-territory-57,1660.2261552286914,DOMESTIC_ACCESS_SURVEY,NOT_SURVEYED_NOT_OPERATIONAL,369951.82058,Local road alignment requires terrain survey
DOM-SERVICE-visual-territory-57-E1-35,SERVICE-visual-territory-57-E1-35,GATE-57,visual-territory-57,1660.2261552286914,DOMESTIC_ACCESS_SURVEY,NOT_SURVEYED_NOT_OPERATIONAL,369951.82058,Local road alignment requires terrain survey
DOM-SERVICE-visual-territory-57-E2-36,SERVICE-visual-territory-57-E2-36,GATE-57,visual-territory-57,613.3903236315049,DOMESTIC_ACCESS_SURVEY,NOT_SURVEYED_NOT_OPERATIONAL,369951.82058,Local road alignment requires terrain survey
DOM-SERVICE-visual-territory-57-E2-31,SERVICE-visual-territory-57-E2-31,GATE-57,visual-territory-57,613.3903236315049,DOMESTIC_ACCESS_SURVEY,NOT_SURVEYED_NOT_OPERATIONAL,369951.82058,Local road alignment requires terrain survey
DOM-SERVICE-visual-territory-57-E2-35,SERVICE-visual-territory-57-E2-35,GATE-57,visual-territory-57,613.3903236315049,DOMESTIC_ACCESS_SURVEY,NOT_SURVEYED_NOT_OPERATIONAL,369951.82058,Local road alignment requires terrain survey
DOM-POWER-57-10,POWER-57-10,GATE-57,visual-territory-57,1660.2261552286914,DOMESTIC_ACCESS_SURVEY,NOT_SURVEYED_NOT_OPERATIONAL,369951.82058,Local road alignment requires terrain survey
DOM-POWER-57-11,POWER-57-11,GATE-57,visual-territory-57,1660.2261552286914,DOMESTIC_ACCESS_SURVEY,NOT_SURVEYED_NOT_OPERATIONAL,369951.82058,Local road alignment requires terrain survey
DOM-POWER-57-23,POWER-57-23,GATE-57,visual-territory-57,1660.2261552286914,DOMESTIC_ACCESS_SURVEY,NOT_SURVEYED_NOT_OPERATIONAL,369951.82058,Local road alignment requires terrain survey
DOM-POWER-57-13,POWER-57-13,GATE-57,visual-territory-57,1660.2261552286914,DOMESTIC_ACCESS_SURVEY,NOT_SURVEYED_NOT_OPERATIONAL,369951.82058,Local road alignment requires terrain survey
DOM-WAREHOUSE-57,WAREHOUSE-57,GATE-57,visual-territory-57,1660.2261552286914,DOMESTIC_ACCESS_SURVEY,NOT_SURVEYED_NOT_OPERATIONAL,369951.82058,Local road alignment requires terrain survey
DOM-H03,H03,GATE-58,visual-territory-58,3286.7969171545474,DOMESTIC_ACCESS_SURVEY,NOT_SURVEYED_NOT_OPERATIONAL,612620.041416,Local road alignment requires terrain survey
DOM-SF255,SF255,GATE-58,visual-territory-58,4002.75938736864,DOMESTIC_ACCESS_SURVEY,NOT_SURVEYED_NOT_OPERATIONAL,612620.041416,Local road alignment requires terrain survey
DOM-SF256,SF256,GATE-58,visual-territory-58,1118.2785213529805,DOMESTIC_ACCESS_SURVEY,NOT_SURVEYED_NOT_OPERATIONAL,612620.041416,Local road alignment requires terrain survey
DOM-SF257,SF257,GATE-58,visual-territory-58,3326.3712109904277,DOMESTIC_ACCESS_SURVEY,NOT_SURVEYED_NOT_OPERATIONAL,612620.041416,Local road alignment requires terrain survey
DOM-SF258,SF258,GATE-58,visual-territory-58,3064.0823582052312,DOMESTIC_ACCESS_SURVEY,NOT_SURVEYED_NOT_OPERATIONAL,612620.041416,Local road alignment requires terrain survey
DOM-SF259,SF259,GATE-58,visual-territory-58,2267.2432096351777,DOMESTIC_ACCESS_SURVEY,NOT_SURVEYED_NOT_OPERATIONAL,612620.041416,Local road alignment requires terrain survey
DOM-SF260,SF260,GATE-58,visual-territory-58,3893.5430238276117,DOMESTIC_ACCESS_SURVEY,NOT_SURVEYED_NOT_OPERATIONAL,612620.041416,Local road alignment requires terrain survey
DOM-SF261,SF261,GATE-58,visual-territory-58,399.68203172036857,DOMESTIC_ACCESS_SURVEY,NOT_SURVEYED_NOT_OPERATIONAL,612620.041416,Local road alignment requires terrain survey
DOM-SF262,SF262,GATE-58,visual-territory-58,785.162698554515,DOMESTIC_ACCESS_SURVEY,NOT_SURVEYED_NOT_OPERATIONAL,612620.041416,Local road alignment requires terrain survey
DOM-OPEN-RES68,OPEN-RES68,GATE-58,visual-territory-58,1118.2785213529805,DOMESTIC_ACCESS_SURVEY,NOT_SURVEYED_NOT_OPERATIONAL,612620.041416,Local road alignment requires terrain survey
DOM-OPEN-RES78,OPEN-RES78,GATE-58,visual-territory-58,3326.3712109904277,DOMESTIC_ACCESS_SURVEY,NOT_SURVEYED_NOT_OPERATIONAL,612620.041416,Local road alignment requires terrain survey
DOM-OPEN-58-GRAIN,OPEN-58-GRAIN,GATE-58,visual-territory-58,3277.889426009096,DOMESTIC_ACCESS_SURVEY,NOT_SURVEYED_NOT_OPERATIONAL,612620.041416,Local road alignment requires terrain survey
DOM-OPEN-RES11,OPEN-RES11,GATE-58,visual-territory-58,4002.75938736864,DOMESTIC_ACCESS_SURVEY,NOT_SURVEYED_NOT_OPERATIONAL,612620.041416,Local road alignment requires terrain survey
DOM-SERVICE-visual-territory-58-E1-36,SERVICE-visual-territory-58-E1-36,GATE-58,visual-territory-58,3277.889426009096,DOMESTIC_ACCESS_SURVEY,NOT_SURVEYED_NOT_OPERATIONAL,612620.041416,Local road alignment requires terrain survey
DOM-SERVICE-visual-territory-58-E1-31,SERVICE-visual-territory-58-E1-31,GATE-58,visual-territory-58,3277.889426009096,DOMESTIC_ACCESS_SURVEY,NOT_SURVEYED_NOT_OPERATIONAL,612620.041416,Local road alignment requires terrain survey
DOM-SERVICE-visual-territory-58-E1-35,SERVICE-visual-territory-58-E1-35,GATE-58,visual-territory-58,3277.889426009096,DOMESTIC_ACCESS_SURVEY,NOT_SURVEYED_NOT_OPERATIONAL,612620.041416,Local road alignment requires terrain survey
DOM-SERVICE-visual-territory-58-E2-36,SERVICE-visual-territory-58-E2-36,GATE-58,visual-territory-58,1508.8033108030604,DOMESTIC_ACCESS_SURVEY,NOT_SURVEYED_NOT_OPERATIONAL,612620.041416,Local road alignment requires terrain survey
DOM-SERVICE-visual-territory-58-E2-31,SERVICE-visual-territory-58-E2-31,GATE-58,visual-territory-58,1508.8033108030604,DOMESTIC_ACCESS_SURVEY,NOT_SURVEYED_NOT_OPERATIONAL,612620.041416,Local road alignment requires terrain survey
DOM-SERVICE-visual-territory-58-E2-35,SERVICE-visual-territory-58-E2-35,GATE-58,visual-territory-58,1508.8033108030604,DOMESTIC_ACCESS_SURVEY,NOT_SURVEYED_NOT_OPERATIONAL,612620.041416,Local road alignment requires terrain survey
DOM-POWER-58-10,POWER-58-10,GATE-58,visual-territory-58,3277.889426009096,DOMESTIC_ACCESS_SURVEY,NOT_SURVEYED_NOT_OPERATIONAL,612620.041416,Local road alignment requires terrain survey
DOM-POWER-58-11,POWER-58-11,GATE-58,visual-territory-58,3277.889426009096,DOMESTIC_ACCESS_SURVEY,NOT_SURVEYED_NOT_OPERATIONAL,612620.041416,Local road alignment requires terrain survey
DOM-POWER-58-23,POWER-58-23,GATE-58,visual-territory-58,3277.889426009096,DOMESTIC_ACCESS_SURVEY,NOT_SURVEYED_NOT_OPERATIONAL,612620.041416,Local road alignment requires terrain survey
DOM-POWER-58-13,POWER-58-13,GATE-58,visual-territory-58,3277.889426009096,DOMESTIC_ACCESS_SURVEY,NOT_SURVEYED_NOT_OPERATIONAL,612620.041416,Local road alignment requires terrain survey
DOM-WAREHOUSE-58,WAREHOUSE-58,GATE-58,visual-territory-58,3277.889426009096,DOMESTIC_ACCESS_SURVEY,NOT_SURVEYED_NOT_OPERATIONAL,612620.041416,Local road alignment requires terrain survey
DOM-SF263,SF263,GATE-59,visual-territory-59,863.8343181914089,DOMESTIC_ACCESS_SURVEY,NOT_SURVEYED_NOT_OPERATIONAL,136307.218476,Local road alignment requires terrain survey
DOM-SF264,SF264,GATE-59,visual-territory-59,398.181439736293,DOMESTIC_ACCESS_SURVEY,NOT_SURVEYED_NOT_OPERATIONAL,136307.218476,Local road alignment requires terrain survey
DOM-SF265,SF265,GATE-59,visual-territory-59,1292.6162758652877,DOMESTIC_ACCESS_SURVEY,NOT_SURVEYED_NOT_OPERATIONAL,136307.218476,Local road alignment requires terrain survey
DOM-OPEN-RES258,OPEN-RES258,GATE-59,visual-territory-59,1292.6162758652877,DOMESTIC_ACCESS_SURVEY,NOT_SURVEYED_NOT_OPERATIONAL,136307.218476,Local road alignment requires terrain survey
DOM-OPEN-59-STEEL,OPEN-59-STEEL,GATE-59,visual-territory-59,689.3983712097573,DOMESTIC_ACCESS_SURVEY,NOT_SURVEYED_NOT_OPERATIONAL,136307.218476,Local road alignment requires terrain survey
DOM-OPEN-59-MACHINERY,OPEN-59-MACHINERY,GATE-59,visual-territory-59,689.3983712097573,DOMESTIC_ACCESS_SURVEY,NOT_SURVEYED_NOT_OPERATIONAL,136307.218476,Local road alignment requires terrain survey
DOM-SERVICE-visual-territory-59-E1-36,SERVICE-visual-territory-59-E1-36,GATE-59,visual-territory-59,689.3983712097573,DOMESTIC_ACCESS_SURVEY,NOT_SURVEYED_NOT_OPERATIONAL,136307.218476,Local road alignment requires terrain survey
DOM-SERVICE-visual-territory-59-E1-31,SERVICE-visual-territory-59-E1-31,GATE-59,visual-territory-59,689.3983712097573,DOMESTIC_ACCESS_SURVEY,NOT_SURVEYED_NOT_OPERATIONAL,136307.218476,Local road alignment requires terrain survey
DOM-SERVICE-visual-territory-59-E1-35,SERVICE-visual-territory-59-E1-35,GATE-59,visual-territory-59,689.3983712097573,DOMESTIC_ACCESS_SURVEY,NOT_SURVEYED_NOT_OPERATIONAL,136307.218476,Local road alignment requires terrain survey
DOM-POWER-59-10,POWER-59-10,GATE-59,visual-territory-59,689.3983712097573,DOMESTIC_ACCESS_SURVEY,NOT_SURVEYED_NOT_OPERATIONAL,136307.218476,Local road alignment requires terrain survey
DOM-POWER-59-11,POWER-59-11,GATE-59,visual-territory-59,689.3983712097573,DOMESTIC_ACCESS_SURVEY,NOT_SURVEYED_NOT_OPERATIONAL,136307.218476,Local road alignment requires terrain survey
DOM-POWER-59-23,POWER-59-23,GATE-59,visual-territory-59,689.3983712097573,DOMESTIC_ACCESS_SURVEY,NOT_SURVEYED_NOT_OPERATIONAL,136307.218476,Local road alignment requires terrain survey
DOM-POWER-59-13,POWER-59-13,GATE-59,visual-territory-59,689.3983712097573,DOMESTIC_ACCESS_SURVEY,NOT_SURVEYED_NOT_OPERATIONAL,136307.218476,Local road alignment requires terrain survey
DOM-WAREHOUSE-59,WAREHOUSE-59,GATE-59,visual-territory-59,689.3983712097573,DOMESTIC_ACCESS_SURVEY,NOT_SURVEYED_NOT_OPERATIONAL,136307.218476,Local road alignment requires terrain survey
DOM-SF266,SF266,GATE-60,visual-territory-60,2133.086806698184,DOMESTIC_ACCESS_SURVEY,NOT_SURVEYED_NOT_OPERATIONAL,509156.158787,Local road alignment requires terrain survey
DOM-SF267,SF267,GATE-60,visual-territory-60,2248.8695812677415,DOMESTIC_ACCESS_SURVEY,NOT_SURVEYED_NOT_OPERATIONAL,509156.158787,Local road alignment requires terrain survey
DOM-SF268,SF268,GATE-60,visual-territory-60,3561.706477120348,DOMESTIC_ACCESS_SURVEY,NOT_SURVEYED_NOT_OPERATIONAL,509156.158787,Local road alignment requires terrain survey
DOM-SF269,SF269,GATE-60,visual-territory-60,1579.5952620408518,DOMESTIC_ACCESS_SURVEY,NOT_SURVEYED_NOT_OPERATIONAL,509156.158787,Local road alignment requires terrain survey
DOM-SF270,SF270,GATE-60,visual-territory-60,956.3027849372753,DOMESTIC_ACCESS_SURVEY,NOT_SURVEYED_NOT_OPERATIONAL,509156.158787,Local road alignment requires terrain survey
DOM-SF271,SF271,GATE-60,visual-territory-60,3469.4811159046894,DOMESTIC_ACCESS_SURVEY,NOT_SURVEYED_NOT_OPERATIONAL,509156.158787,Local road alignment requires terrain survey
DOM-SF272,SF272,GATE-60,visual-territory-60,833.883471255814,DOMESTIC_ACCESS_SURVEY,NOT_SURVEYED_NOT_OPERATIONAL,509156.158787,Local road alignment requires terrain survey
DOM-SF273,SF273,GATE-60,visual-territory-60,382.06957615315326,DOMESTIC_ACCESS_SURVEY,NOT_SURVEYED_NOT_OPERATIONAL,509156.158787,Local road alignment requires terrain survey
DOM-OPEN-RES69,OPEN-RES69,GATE-60,visual-territory-60,2248.8695812677415,DOMESTIC_ACCESS_SURVEY,NOT_SURVEYED_NOT_OPERATIONAL,509156.158787,Local road alignment requires terrain survey
DOM-OPEN-60-GRAIN,OPEN-60-GRAIN,GATE-60,visual-territory-60,1789.091799071208,DOMESTIC_ACCESS_SURVEY,NOT_SURVEYED_NOT_OPERATIONAL,509156.158787,Local road alignment requires terrain survey
DOM-OPEN-60-REFINED_FUEL,OPEN-60-REFINED_FUEL,GATE-60,visual-territory-60,1789.091799071208,DOMESTIC_ACCESS_SURVEY,NOT_SURVEYED_NOT_OPERATIONAL,509156.158787,Local road alignment requires terrain survey
DOM-SERVICE-visual-territory-60-E1-36,SERVICE-visual-territory-60-E1-36,GATE-60,visual-territory-60,1406.033575321441,DOMESTIC_ACCESS_SURVEY,NOT_SURVEYED_NOT_OPERATIONAL,509156.158787,Local road alignment requires terrain survey
DOM-SERVICE-visual-territory-60-E1-31,SERVICE-visual-territory-60-E1-31,GATE-60,visual-territory-60,1406.033575321441,DOMESTIC_ACCESS_SURVEY,NOT_SURVEYED_NOT_OPERATIONAL,509156.158787,Local road alignment requires terrain survey
DOM-SERVICE-visual-territory-60-E1-35,SERVICE-visual-territory-60-E1-35,GATE-60,visual-territory-60,1406.033575321441,DOMESTIC_ACCESS_SURVEY,NOT_SURVEYED_NOT_OPERATIONAL,509156.158787,Local road alignment requires terrain survey
DOM-SERVICE-visual-territory-60-E2-36,SERVICE-visual-territory-60-E2-36,GATE-60,visual-territory-60,1789.091799071208,DOMESTIC_ACCESS_SURVEY,NOT_SURVEYED_NOT_OPERATIONAL,509156.158787,Local road alignment requires terrain survey
DOM-SERVICE-visual-territory-60-E2-31,SERVICE-visual-territory-60-E2-31,GATE-60,visual-territory-60,1789.091799071208,DOMESTIC_ACCESS_SURVEY,NOT_SURVEYED_NOT_OPERATIONAL,509156.158787,Local road alignment requires terrain survey
DOM-SERVICE-visual-territory-60-E2-35,SERVICE-visual-territory-60-E2-35,GATE-60,visual-territory-60,1789.091799071208,DOMESTIC_ACCESS_SURVEY,NOT_SURVEYED_NOT_OPERATIONAL,509156.158787,Local road alignment requires terrain survey
DOM-POWER-60-10,POWER-60-10,GATE-60,visual-territory-60,1789.091799071208,DOMESTIC_ACCESS_SURVEY,NOT_SURVEYED_NOT_OPERATIONAL,509156.158787,Local road alignment requires terrain survey
DOM-POWER-60-11,POWER-60-11,GATE-60,visual-territory-60,1789.091799071208,DOMESTIC_ACCESS_SURVEY,NOT_SURVEYED_NOT_OPERATIONAL,509156.158787,Local road alignment requires terrain survey
DOM-POWER-60-23,POWER-60-23,GATE-60,visual-territory-60,1789.091799071208,DOMESTIC_ACCESS_SURVEY,NOT_SURVEYED_NOT_OPERATIONAL,509156.158787,Local road alignment requires terrain survey
DOM-POWER-60-13,POWER-60-13,GATE-60,visual-territory-60,1789.091799071208,DOMESTIC_ACCESS_SURVEY,NOT_SURVEYED_NOT_OPERATIONAL,509156.158787,Local road alignment requires terrain survey
DOM-WAREHOUSE-60,WAREHOUSE-60,GATE-60,visual-territory-60,1789.091799071208,DOMESTIC_ACCESS_SURVEY,NOT_SURVEYED_NOT_OPERATIONAL,509156.158787,Local road alignment requires terrain survey
DOM-H04,H04,GATE-61,visual-territory-61,1645.1691952197455,DOMESTIC_ACCESS_SURVEY,NOT_SURVEYED_NOT_OPERATIONAL,395794.434067,Local road alignment requires terrain survey
DOM-SF274,SF274,GATE-61,visual-territory-61,1671.6438421768962,DOMESTIC_ACCESS_SURVEY,NOT_SURVEYED_NOT_OPERATIONAL,395794.434067,Local road alignment requires terrain survey
DOM-SF275,SF275,GATE-61,visual-territory-61,2077.2475275020743,DOMESTIC_ACCESS_SURVEY,NOT_SURVEYED_NOT_OPERATIONAL,395794.434067,Local road alignment requires terrain survey
DOM-SF276,SF276,GATE-61,visual-territory-61,249.96245121687727,DOMESTIC_ACCESS_SURVEY,NOT_SURVEYED_NOT_OPERATIONAL,395794.434067,Local road alignment requires terrain survey
DOM-SF277,SF277,GATE-61,visual-territory-61,4136.4129077586485,DOMESTIC_ACCESS_SURVEY,NOT_SURVEYED_NOT_OPERATIONAL,395794.434067,Local road alignment requires terrain survey
DOM-SF278,SF278,GATE-61,visual-territory-61,1354.703608272194,DOMESTIC_ACCESS_SURVEY,NOT_SURVEYED_NOT_OPERATIONAL,395794.434067,Local road alignment requires terrain survey
DOM-SF279,SF279,GATE-61,visual-territory-61,3332.523030335278,DOMESTIC_ACCESS_SURVEY,NOT_SURVEYED_NOT_OPERATIONAL,395794.434067,Local road alignment requires terrain survey
DOM-SF280,SF280,GATE-61,visual-territory-61,3078.119292785359,DOMESTIC_ACCESS_SURVEY,NOT_SURVEYED_NOT_OPERATIONAL,395794.434067,Local road alignment requires terrain survey
DOM-OPEN-RES49,OPEN-RES49,GATE-61,visual-territory-61,1671.6438421768962,DOMESTIC_ACCESS_SURVEY,NOT_SURVEYED_NOT_OPERATIONAL,395794.434067,Local road alignment requires terrain survey
DOM-OPEN-61-GRAIN,OPEN-61-GRAIN,GATE-61,visual-territory-61,1381.8721987909344,DOMESTIC_ACCESS_SURVEY,NOT_SURVEYED_NOT_OPERATIONAL,395794.434067,Local road alignment requires terrain survey
DOM-OPEN-61-MACHINERY,OPEN-61-MACHINERY,GATE-61,visual-territory-61,1381.8721987909344,DOMESTIC_ACCESS_SURVEY,NOT_SURVEYED_NOT_OPERATIONAL,395794.434067,Local road alignment requires terrain survey
DOM-OPEN-61-SEMICONDUCTORS,OPEN-61-SEMICONDUCTORS,GATE-61,visual-territory-61,1381.8721987909344,DOMESTIC_ACCESS_SURVEY,NOT_SURVEYED_NOT_OPERATIONAL,395794.434067,Local road alignment requires terrain survey
DOM-SERVICE-visual-territory-61-E1-36,SERVICE-visual-territory-61-E1-36,GATE-61,visual-territory-61,2290.5034453004932,DOMESTIC_ACCESS_SURVEY,NOT_SURVEYED_NOT_OPERATIONAL,395794.434067,Local road alignment requires terrain survey
DOM-SERVICE-visual-territory-61-E1-31,SERVICE-visual-territory-61-E1-31,GATE-61,visual-territory-61,2290.5034453004932,DOMESTIC_ACCESS_SURVEY,NOT_SURVEYED_NOT_OPERATIONAL,395794.434067,Local road alignment requires terrain survey
DOM-SERVICE-visual-territory-61-E1-35,SERVICE-visual-territory-61-E1-35,GATE-61,visual-territory-61,2290.5034453004932,DOMESTIC_ACCESS_SURVEY,NOT_SURVEYED_NOT_OPERATIONAL,395794.434067,Local road alignment requires terrain survey
DOM-SERVICE-visual-territory-61-E2-36,SERVICE-visual-territory-61-E2-36,GATE-61,visual-territory-61,1381.8721987909344,DOMESTIC_ACCESS_SURVEY,NOT_SURVEYED_NOT_OPERATIONAL,395794.434067,Local road alignment requires terrain survey
DOM-SERVICE-visual-territory-61-E2-31,SERVICE-visual-territory-61-E2-31,GATE-61,visual-territory-61,1381.8721987909344,DOMESTIC_ACCESS_SURVEY,NOT_SURVEYED_NOT_OPERATIONAL,395794.434067,Local road alignment requires terrain survey
DOM-SERVICE-visual-territory-61-E2-35,SERVICE-visual-territory-61-E2-35,GATE-61,visual-territory-61,1381.8721987909344,DOMESTIC_ACCESS_SURVEY,NOT_SURVEYED_NOT_OPERATIONAL,395794.434067,Local road alignment requires terrain survey
DOM-POWER-61-10,POWER-61-10,GATE-61,visual-territory-61,1381.8721987909344,DOMESTIC_ACCESS_SURVEY,NOT_SURVEYED_NOT_OPERATIONAL,395794.434067,Local road alignment requires terrain survey
DOM-POWER-61-11,POWER-61-11,GATE-61,visual-territory-61,1381.8721987909344,DOMESTIC_ACCESS_SURVEY,NOT_SURVEYED_NOT_OPERATIONAL,395794.434067,Local road alignment requires terrain survey
DOM-POWER-61-23,POWER-61-23,GATE-61,visual-territory-61,1381.8721987909344,DOMESTIC_ACCESS_SURVEY,NOT_SURVEYED_NOT_OPERATIONAL,395794.434067,Local road alignment requires terrain survey
DOM-POWER-61-13,POWER-61-13,GATE-61,visual-territory-61,1381.8721987909344,DOMESTIC_ACCESS_SURVEY,NOT_SURVEYED_NOT_OPERATIONAL,395794.434067,Local road alignment requires terrain survey
DOM-WAREHOUSE-61,WAREHOUSE-61,GATE-61,visual-territory-61,1381.8721987909344,DOMESTIC_ACCESS_SURVEY,NOT_SURVEYED_NOT_OPERATIONAL,395794.434067,Local road alignment requires terrain survey
DOM-SF281,SF281,GATE-62,visual-territory-62,996.2778941759342,DOMESTIC_ACCESS_SURVEY,NOT_SURVEYED_NOT_OPERATIONAL,771070.648201,Local road alignment requires terrain survey
DOM-SF282,SF282,GATE-62,visual-territory-62,4808.123750153422,DOMESTIC_ACCESS_SURVEY,NOT_SURVEYED_NOT_OPERATIONAL,771070.648201,Local road alignment requires terrain survey
DOM-SF283,SF283,GATE-62,visual-territory-62,3529.95686295458,DOMESTIC_ACCESS_SURVEY,NOT_SURVEYED_NOT_OPERATIONAL,771070.648201,Local road alignment requires terrain survey
DOM-SF284,SF284,GATE-62,visual-territory-62,2754.1211726729066,DOMESTIC_ACCESS_SURVEY,NOT_SURVEYED_NOT_OPERATIONAL,771070.648201,Local road alignment requires terrain survey
DOM-SF285,SF285,GATE-62,visual-territory-62,3148.3029884560274,DOMESTIC_ACCESS_SURVEY,NOT_SURVEYED_NOT_OPERATIONAL,771070.648201,Local road alignment requires terrain survey
DOM-SF286,SF286,GATE-62,visual-territory-62,2237.8292443987657,DOMESTIC_ACCESS_SURVEY,NOT_SURVEYED_NOT_OPERATIONAL,771070.648201,Local road alignment requires terrain survey
DOM-OPEN-RES265,OPEN-RES265,GATE-62,visual-territory-62,3529.95686295458,DOMESTIC_ACCESS_SURVEY,NOT_SURVEYED_NOT_OPERATIONAL,771070.648201,Local road alignment requires terrain survey
DOM-OPEN-RES17,OPEN-RES17,GATE-62,visual-territory-62,996.2778941759342,DOMESTIC_ACCESS_SURVEY,NOT_SURVEYED_NOT_OPERATIONAL,771070.648201,Local road alignment requires terrain survey
DOM-OPEN-62-REFINED_FUEL,OPEN-62-REFINED_FUEL,GATE-62,visual-territory-62,1424.132635398648,DOMESTIC_ACCESS_SURVEY,NOT_SURVEYED_NOT_OPERATIONAL,771070.648201,Local road alignment requires terrain survey
DOM-SERVICE-visual-territory-62-E1-36,SERVICE-visual-territory-62-E1-36,GATE-62,visual-territory-62,1424.132635398648,DOMESTIC_ACCESS_SURVEY,NOT_SURVEYED_NOT_OPERATIONAL,771070.648201,Local road alignment requires terrain survey
DOM-SERVICE-visual-territory-62-E1-31,SERVICE-visual-territory-62-E1-31,GATE-62,visual-territory-62,1424.132635398648,DOMESTIC_ACCESS_SURVEY,NOT_SURVEYED_NOT_OPERATIONAL,771070.648201,Local road alignment requires terrain survey
DOM-SERVICE-visual-territory-62-E1-35,SERVICE-visual-territory-62-E1-35,GATE-62,visual-territory-62,1424.132635398648,DOMESTIC_ACCESS_SURVEY,NOT_SURVEYED_NOT_OPERATIONAL,771070.648201,Local road alignment requires terrain survey
DOM-SERVICE-visual-territory-62-E2-36,SERVICE-visual-territory-62-E2-36,GATE-62,visual-territory-62,3979.4811716004306,DOMESTIC_ACCESS_SURVEY,NOT_SURVEYED_NOT_OPERATIONAL,771070.648201,Local road alignment requires terrain survey
DOM-SERVICE-visual-territory-62-E2-31,SERVICE-visual-territory-62-E2-31,GATE-62,visual-territory-62,3979.4811716004306,DOMESTIC_ACCESS_SURVEY,NOT_SURVEYED_NOT_OPERATIONAL,771070.648201,Local road alignment requires terrain survey
DOM-SERVICE-visual-territory-62-E2-35,SERVICE-visual-territory-62-E2-35,GATE-62,visual-territory-62,3979.4811716004306,DOMESTIC_ACCESS_SURVEY,NOT_SURVEYED_NOT_OPERATIONAL,771070.648201,Local road alignment requires terrain survey
DOM-POWER-62-10,POWER-62-10,GATE-62,visual-territory-62,1424.132635398648,DOMESTIC_ACCESS_SURVEY,NOT_SURVEYED_NOT_OPERATIONAL,771070.648201,Local road alignment requires terrain survey
DOM-POWER-62-11,POWER-62-11,GATE-62,visual-territory-62,1424.132635398648,DOMESTIC_ACCESS_SURVEY,NOT_SURVEYED_NOT_OPERATIONAL,771070.648201,Local road alignment requires terrain survey
DOM-POWER-62-23,POWER-62-23,GATE-62,visual-territory-62,1424.132635398648,DOMESTIC_ACCESS_SURVEY,NOT_SURVEYED_NOT_OPERATIONAL,771070.648201,Local road alignment requires terrain survey
DOM-POWER-62-13,POWER-62-13,GATE-62,visual-territory-62,1424.132635398648,DOMESTIC_ACCESS_SURVEY,NOT_SURVEYED_NOT_OPERATIONAL,771070.648201,Local road alignment requires terrain survey
DOM-WAREHOUSE-62,WAREHOUSE-62,GATE-62,visual-territory-62,1424.132635398648,DOMESTIC_ACCESS_SURVEY,NOT_SURVEYED_NOT_OPERATIONAL,771070.648201,Local road alignment requires terrain survey
DOM-P06,P06,GATE-63,visual-territory-63,41.0958313832994,DOMESTIC_ACCESS_SURVEY,NOT_SURVEYED_NOT_OPERATIONAL,745642.736785,Local road alignment requires terrain survey
DOM-SF287,SF287,GATE-63,visual-territory-63,2049.706745724419,DOMESTIC_ACCESS_SURVEY,NOT_SURVEYED_NOT_OPERATIONAL,745642.736785,Local road alignment requires terrain survey
DOM-SF288,SF288,GATE-63,visual-territory-63,2255.4070351994865,DOMESTIC_ACCESS_SURVEY,NOT_SURVEYED_NOT_OPERATIONAL,745642.736785,Local road alignment requires terrain survey
DOM-SF289,SF289,GATE-63,visual-territory-63,300.8103406199637,DOMESTIC_ACCESS_SURVEY,NOT_SURVEYED_NOT_OPERATIONAL,745642.736785,Local road alignment requires terrain survey
DOM-SF290,SF290,GATE-63,visual-territory-63,2237.3190373665416,DOMESTIC_ACCESS_SURVEY,NOT_SURVEYED_NOT_OPERATIONAL,745642.736785,Local road alignment requires terrain survey
DOM-SF291,SF291,GATE-63,visual-territory-63,3299.8594624773013,DOMESTIC_ACCESS_SURVEY,NOT_SURVEYED_NOT_OPERATIONAL,745642.736785,Local road alignment requires terrain survey
DOM-SF292,SF292,GATE-63,visual-territory-63,1305.4866978249984,DOMESTIC_ACCESS_SURVEY,NOT_SURVEYED_NOT_OPERATIONAL,745642.736785,Local road alignment requires terrain survey
DOM-OPEN-RES267,OPEN-RES267,GATE-63,visual-territory-63,2255.4070351994865,DOMESTIC_ACCESS_SURVEY,NOT_SURVEYED_NOT_OPERATIONAL,745642.736785,Local road alignment requires terrain survey
DOM-OPEN-RES268,OPEN-RES268,GATE-63,visual-territory-63,300.8103406199637,DOMESTIC_ACCESS_SURVEY,NOT_SURVEYED_NOT_OPERATIONAL,745642.736785,Local road alignment requires terrain survey
DOM-OPEN-63-STEEL,OPEN-63-STEEL,GATE-63,visual-territory-63,1800.4423866010645,DOMESTIC_ACCESS_SURVEY,NOT_SURVEYED_NOT_OPERATIONAL,745642.736785,Local road alignment requires terrain survey
DOM-OPEN-63-REFINED_FUEL,OPEN-63-REFINED_FUEL,GATE-63,visual-territory-63,1800.4423866010645,DOMESTIC_ACCESS_SURVEY,NOT_SURVEYED_NOT_OPERATIONAL,745642.736785,Local road alignment requires terrain survey
DOM-SERVICE-visual-territory-63-E1-36,SERVICE-visual-territory-63-E1-36,GATE-63,visual-territory-63,1800.4423866010645,DOMESTIC_ACCESS_SURVEY,NOT_SURVEYED_NOT_OPERATIONAL,745642.736785,Local road alignment requires terrain survey
DOM-SERVICE-visual-territory-63-E1-31,SERVICE-visual-territory-63-E1-31,GATE-63,visual-territory-63,1800.4423866010645,DOMESTIC_ACCESS_SURVEY,NOT_SURVEYED_NOT_OPERATIONAL,745642.736785,Local road alignment requires terrain survey
DOM-SERVICE-visual-territory-63-E1-35,SERVICE-visual-territory-63-E1-35,GATE-63,visual-territory-63,1800.4423866010645,DOMESTIC_ACCESS_SURVEY,NOT_SURVEYED_NOT_OPERATIONAL,745642.736785,Local road alignment requires terrain survey
DOM-SERVICE-visual-territory-63-E2-36,SERVICE-visual-territory-63-E2-36,GATE-63,visual-territory-63,1175.8710526374425,DOMESTIC_ACCESS_SURVEY,NOT_SURVEYED_NOT_OPERATIONAL,745642.736785,Local road alignment requires terrain survey
DOM-SERVICE-visual-territory-63-E2-31,SERVICE-visual-territory-63-E2-31,GATE-63,visual-territory-63,1175.8710526374425,DOMESTIC_ACCESS_SURVEY,NOT_SURVEYED_NOT_OPERATIONAL,745642.736785,Local road alignment requires terrain survey
DOM-SERVICE-visual-territory-63-E2-35,SERVICE-visual-territory-63-E2-35,GATE-63,visual-territory-63,1175.8710526374425,DOMESTIC_ACCESS_SURVEY,NOT_SURVEYED_NOT_OPERATIONAL,745642.736785,Local road alignment requires terrain survey
DOM-POWER-63-10,POWER-63-10,GATE-63,visual-territory-63,1800.4423866010645,DOMESTIC_ACCESS_SURVEY,NOT_SURVEYED_NOT_OPERATIONAL,745642.736785,Local road alignment requires terrain survey
DOM-POWER-63-11,POWER-63-11,GATE-63,visual-territory-63,1800.4423866010645,DOMESTIC_ACCESS_SURVEY,NOT_SURVEYED_NOT_OPERATIONAL,745642.736785,Local road alignment requires terrain survey
DOM-POWER-63-23,POWER-63-23,GATE-63,visual-territory-63,1800.4423866010645,DOMESTIC_ACCESS_SURVEY,NOT_SURVEYED_NOT_OPERATIONAL,745642.736785,Local road alignment requires terrain survey
DOM-POWER-63-13,POWER-63-13,GATE-63,visual-territory-63,1800.4423866010645,DOMESTIC_ACCESS_SURVEY,NOT_SURVEYED_NOT_OPERATIONAL,745642.736785,Local road alignment requires terrain survey
DOM-WAREHOUSE-63,WAREHOUSE-63,GATE-63,visual-territory-63,1800.4423866010645,DOMESTIC_ACCESS_SURVEY,NOT_SURVEYED_NOT_OPERATIONAL,745642.736785,Local road alignment requires terrain survey
DOM-P03,P03,GATE-64,visual-territory-64,13.697857948139799,DOMESTIC_ACCESS_SURVEY,NOT_SURVEYED_NOT_OPERATIONAL,552602.08406,Local road alignment requires terrain survey
DOM-SF293,SF293,GATE-64,visual-territory-64,1427.80047936397,DOMESTIC_ACCESS_SURVEY,NOT_SURVEYED_NOT_OPERATIONAL,552602.08406,Local road alignment requires terrain survey
DOM-SF294,SF294,GATE-64,visual-territory-64,1575.491869642162,DOMESTIC_ACCESS_SURVEY,NOT_SURVEYED_NOT_OPERATIONAL,552602.08406,Local road alignment requires terrain survey
DOM-SF295,SF295,GATE-64,visual-territory-64,420.19170022471775,DOMESTIC_ACCESS_SURVEY,NOT_SURVEYED_NOT_OPERATIONAL,552602.08406,Local road alignment requires terrain survey
DOM-SF296,SF296,GATE-64,visual-territory-64,4986.264891729482,DOMESTIC_ACCESS_SURVEY,NOT_SURVEYED_NOT_OPERATIONAL,552602.08406,Local road alignment requires terrain survey
DOM-SF297,SF297,GATE-64,visual-territory-64,4291.716181033813,DOMESTIC_ACCESS_SURVEY,NOT_SURVEYED_NOT_OPERATIONAL,552602.08406,Local road alignment requires terrain survey
DOM-SF298,SF298,GATE-64,visual-territory-64,2629.596310211209,DOMESTIC_ACCESS_SURVEY,NOT_SURVEYED_NOT_OPERATIONAL,552602.08406,Local road alignment requires terrain survey
DOM-SF299,SF299,GATE-64,visual-territory-64,4684.5272334095735,DOMESTIC_ACCESS_SURVEY,NOT_SURVEYED_NOT_OPERATIONAL,552602.08406,Local road alignment requires terrain survey
DOM-SF300,SF300,GATE-64,visual-territory-64,2602.629056891533,DOMESTIC_ACCESS_SURVEY,NOT_SURVEYED_NOT_OPERATIONAL,552602.08406,Local road alignment requires terrain survey
DOM-OPEN-RES44,OPEN-RES44,GATE-64,visual-territory-64,1575.491869642162,DOMESTIC_ACCESS_SURVEY,NOT_SURVEYED_NOT_OPERATIONAL,552602.08406,Local road alignment requires terrain survey
DOM-OPEN-64-GRAIN,OPEN-64-GRAIN,GATE-64,visual-territory-64,1262.8243866978362,DOMESTIC_ACCESS_SURVEY,NOT_SURVEYED_NOT_OPERATIONAL,552602.08406,Local road alignment requires terrain survey
DOM-OPEN-64-MACHINERY,OPEN-64-MACHINERY,GATE-64,visual-territory-64,1262.8243866978362,DOMESTIC_ACCESS_SURVEY,NOT_SURVEYED_NOT_OPERATIONAL,552602.08406,Local road alignment requires terrain survey
DOM-SERVICE-visual-territory-64-E1-36,SERVICE-visual-territory-64-E1-36,GATE-64,visual-territory-64,1262.8243866978362,DOMESTIC_ACCESS_SURVEY,NOT_SURVEYED_NOT_OPERATIONAL,552602.08406,Local road alignment requires terrain survey
DOM-SERVICE-visual-territory-64-E1-31,SERVICE-visual-territory-64-E1-31,GATE-64,visual-territory-64,1262.8243866978362,DOMESTIC_ACCESS_SURVEY,NOT_SURVEYED_NOT_OPERATIONAL,552602.08406,Local road alignment requires terrain survey
DOM-SERVICE-visual-territory-64-E1-35,SERVICE-visual-territory-64-E1-35,GATE-64,visual-territory-64,1262.8243866978362,DOMESTIC_ACCESS_SURVEY,NOT_SURVEYED_NOT_OPERATIONAL,552602.08406,Local road alignment requires terrain survey
DOM-SERVICE-visual-territory-64-E2-36,SERVICE-visual-territory-64-E2-36,GATE-64,visual-territory-64,1373.0181000931952,DOMESTIC_ACCESS_SURVEY,NOT_SURVEYED_NOT_OPERATIONAL,552602.08406,Local road alignment requires terrain survey
DOM-SERVICE-visual-territory-64-E2-31,SERVICE-visual-territory-64-E2-31,GATE-64,visual-territory-64,1373.0181000931952,DOMESTIC_ACCESS_SURVEY,NOT_SURVEYED_NOT_OPERATIONAL,552602.08406,Local road alignment requires terrain survey
DOM-SERVICE-visual-territory-64-E2-35,SERVICE-visual-territory-64-E2-35,GATE-64,visual-territory-64,1373.0181000931952,DOMESTIC_ACCESS_SURVEY,NOT_SURVEYED_NOT_OPERATIONAL,552602.08406,Local road alignment requires terrain survey
DOM-POWER-64-10,POWER-64-10,GATE-64,visual-territory-64,1262.8243866978362,DOMESTIC_ACCESS_SURVEY,NOT_SURVEYED_NOT_OPERATIONAL,552602.08406,Local road alignment requires terrain survey
DOM-POWER-64-11,POWER-64-11,GATE-64,visual-territory-64,1262.8243866978362,DOMESTIC_ACCESS_SURVEY,NOT_SURVEYED_NOT_OPERATIONAL,552602.08406,Local road alignment requires terrain survey
DOM-POWER-64-23,POWER-64-23,GATE-64,visual-territory-64,1262.8243866978362,DOMESTIC_ACCESS_SURVEY,NOT_SURVEYED_NOT_OPERATIONAL,552602.08406,Local road alignment requires terrain survey
DOM-POWER-64-13,POWER-64-13,GATE-64,visual-territory-64,1262.8243866978362,DOMESTIC_ACCESS_SURVEY,NOT_SURVEYED_NOT_OPERATIONAL,552602.08406,Local road alignment requires terrain survey
DOM-WAREHOUSE-64,WAREHOUSE-64,GATE-64,visual-territory-64,1262.8243866978362,DOMESTIC_ACCESS_SURVEY,NOT_SURVEYED_NOT_OPERATIONAL,552602.08406,Local road alignment requires terrain survey
DOM-SF301,SF301,GATE-65,visual-territory-65,2784.7108483346997,DOMESTIC_ACCESS_SURVEY,NOT_SURVEYED_NOT_OPERATIONAL,456059.229949,Local road alignment requires terrain survey
DOM-SF302,SF302,GATE-65,visual-territory-65,1654.721650724892,DOMESTIC_ACCESS_SURVEY,NOT_SURVEYED_NOT_OPERATIONAL,456059.229949,Local road alignment requires terrain survey
DOM-SF303,SF303,GATE-65,visual-territory-65,3287.5144446337517,DOMESTIC_ACCESS_SURVEY,NOT_SURVEYED_NOT_OPERATIONAL,456059.229949,Local road alignment requires terrain survey
DOM-SF304,SF304,GATE-65,visual-territory-65,618.8339911009232,DOMESTIC_ACCESS_SURVEY,NOT_SURVEYED_NOT_OPERATIONAL,456059.229949,Local road alignment requires terrain survey
DOM-SF305,SF305,GATE-65,visual-territory-65,1836.5859910249367,DOMESTIC_ACCESS_SURVEY,NOT_SURVEYED_NOT_OPERATIONAL,456059.229949,Local road alignment requires terrain survey
DOM-SF306,SF306,GATE-65,visual-territory-65,2361.6394221221535,DOMESTIC_ACCESS_SURVEY,NOT_SURVEYED_NOT_OPERATIONAL,456059.229949,Local road alignment requires terrain survey
DOM-OPEN-65-GRAIN,OPEN-65-GRAIN,GATE-65,visual-territory-65,1776.2509465968494,DOMESTIC_ACCESS_SURVEY,NOT_SURVEYED_NOT_OPERATIONAL,456059.229949,Local road alignment requires terrain survey
DOM-OPEN-65-BATTERIES,OPEN-65-BATTERIES,GATE-65,visual-territory-65,1776.2509465968494,DOMESTIC_ACCESS_SURVEY,NOT_SURVEYED_NOT_OPERATIONAL,456059.229949,Local road alignment requires terrain survey
DOM-SERVICE-visual-territory-65-E1-36,SERVICE-visual-territory-65-E1-36,GATE-65,visual-territory-65,1835.4746310927476,DOMESTIC_ACCESS_SURVEY,NOT_SURVEYED_NOT_OPERATIONAL,456059.229949,Local road alignment requires terrain survey
DOM-SERVICE-visual-territory-65-E1-31,SERVICE-visual-territory-65-E1-31,GATE-65,visual-territory-65,1835.4746310927476,DOMESTIC_ACCESS_SURVEY,NOT_SURVEYED_NOT_OPERATIONAL,456059.229949,Local road alignment requires terrain survey
DOM-SERVICE-visual-territory-65-E1-35,SERVICE-visual-territory-65-E1-35,GATE-65,visual-territory-65,1835.4746310927476,DOMESTIC_ACCESS_SURVEY,NOT_SURVEYED_NOT_OPERATIONAL,456059.229949,Local road alignment requires terrain survey
DOM-SERVICE-visual-territory-65-E2-36,SERVICE-visual-territory-65-E2-36,GATE-65,visual-territory-65,1776.2509465968494,DOMESTIC_ACCESS_SURVEY,NOT_SURVEYED_NOT_OPERATIONAL,456059.229949,Local road alignment requires terrain survey
DOM-SERVICE-visual-territory-65-E2-31,SERVICE-visual-territory-65-E2-31,GATE-65,visual-territory-65,1776.2509465968494,DOMESTIC_ACCESS_SURVEY,NOT_SURVEYED_NOT_OPERATIONAL,456059.229949,Local road alignment requires terrain survey
DOM-SERVICE-visual-territory-65-E2-35,SERVICE-visual-territory-65-E2-35,GATE-65,visual-territory-65,1776.2509465968494,DOMESTIC_ACCESS_SURVEY,NOT_SURVEYED_NOT_OPERATIONAL,456059.229949,Local road alignment requires terrain survey
DOM-POWER-65-10,POWER-65-10,GATE-65,visual-territory-65,1776.2509465968494,DOMESTIC_ACCESS_SURVEY,NOT_SURVEYED_NOT_OPERATIONAL,456059.229949,Local road alignment requires terrain survey
DOM-POWER-65-11,POWER-65-11,GATE-65,visual-territory-65,1776.2509465968494,DOMESTIC_ACCESS_SURVEY,NOT_SURVEYED_NOT_OPERATIONAL,456059.229949,Local road alignment requires terrain survey
DOM-POWER-65-23,POWER-65-23,GATE-65,visual-territory-65,1776.2509465968494,DOMESTIC_ACCESS_SURVEY,NOT_SURVEYED_NOT_OPERATIONAL,456059.229949,Local road alignment requires terrain survey
DOM-POWER-65-13,POWER-65-13,GATE-65,visual-territory-65,1776.2509465968494,DOMESTIC_ACCESS_SURVEY,NOT_SURVEYED_NOT_OPERATIONAL,456059.229949,Local road alignment requires terrain survey
DOM-WAREHOUSE-65,WAREHOUSE-65,GATE-65,visual-territory-65,1776.2509465968494,DOMESTIC_ACCESS_SURVEY,NOT_SURVEYED_NOT_OPERATIONAL,456059.229949,Local road alignment requires terrain survey
DOM-P08,P08,GATE-66,visual-territory-66,13.697857948139799,DOMESTIC_ACCESS_SURVEY,NOT_SURVEYED_NOT_OPERATIONAL,758185.3031,Local road alignment requires terrain survey
DOM-SF307,SF307,GATE-66,visual-territory-66,951.4836215998599,DOMESTIC_ACCESS_SURVEY,NOT_SURVEYED_NOT_OPERATIONAL,758185.3031,Local road alignment requires terrain survey
DOM-SF308,SF308,GATE-66,visual-territory-66,847.1657274733019,DOMESTIC_ACCESS_SURVEY,NOT_SURVEYED_NOT_OPERATIONAL,758185.3031,Local road alignment requires terrain survey
DOM-SF309,SF309,GATE-66,visual-territory-66,5114.366343994114,DOMESTIC_ACCESS_SURVEY,NOT_SURVEYED_NOT_OPERATIONAL,758185.3031,Local road alignment requires terrain survey
DOM-SF310,SF310,GATE-66,visual-territory-66,931.5550545723543,DOMESTIC_ACCESS_SURVEY,NOT_SURVEYED_NOT_OPERATIONAL,758185.3031,Local road alignment requires terrain survey
DOM-SF311,SF311,GATE-66,visual-territory-66,1217.5692994712701,DOMESTIC_ACCESS_SURVEY,NOT_SURVEYED_NOT_OPERATIONAL,758185.3031,Local road alignment requires terrain survey
DOM-SF312,SF312,GATE-66,visual-territory-66,3639.0184298729737,DOMESTIC_ACCESS_SURVEY,NOT_SURVEYED_NOT_OPERATIONAL,758185.3031,Local road alignment requires terrain survey
DOM-SF313,SF313,GATE-66,visual-territory-66,1849.2108229988728,DOMESTIC_ACCESS_SURVEY,NOT_SURVEYED_NOT_OPERATIONAL,758185.3031,Local road alignment requires terrain survey
DOM-OPEN-RES41,OPEN-RES41,GATE-66,visual-territory-66,847.1657274733019,DOMESTIC_ACCESS_SURVEY,NOT_SURVEYED_NOT_OPERATIONAL,758185.3031,Local road alignment requires terrain survey
DOM-OPEN-RES79,OPEN-RES79,GATE-66,visual-territory-66,1217.5692994712701,DOMESTIC_ACCESS_SURVEY,NOT_SURVEYED_NOT_OPERATIONAL,758185.3031,Local road alignment requires terrain survey
DOM-OPEN-66-GRAIN,OPEN-66-GRAIN,GATE-66,visual-territory-66,623.2525366403609,DOMESTIC_ACCESS_SURVEY,NOT_SURVEYED_NOT_OPERATIONAL,758185.3031,Local road alignment requires terrain survey
DOM-OPEN-66-REFINED_FUEL,OPEN-66-REFINED_FUEL,GATE-66,visual-territory-66,623.2525366403609,DOMESTIC_ACCESS_SURVEY,NOT_SURVEYED_NOT_OPERATIONAL,758185.3031,Local road alignment requires terrain survey
DOM-OPEN-66-MACHINERY,OPEN-66-MACHINERY,GATE-66,visual-territory-66,623.2525366403609,DOMESTIC_ACCESS_SURVEY,NOT_SURVEYED_NOT_OPERATIONAL,758185.3031,Local road alignment requires terrain survey
DOM-SERVICE-visual-territory-66-E1-36,SERVICE-visual-territory-66-E1-36,GATE-66,visual-territory-66,5087.002517751008,DOMESTIC_ACCESS_SURVEY,NOT_SURVEYED_NOT_OPERATIONAL,758185.3031,Local road alignment requires terrain survey
DOM-SERVICE-visual-territory-66-E1-31,SERVICE-visual-territory-66-E1-31,GATE-66,visual-territory-66,5087.002517751008,DOMESTIC_ACCESS_SURVEY,NOT_SURVEYED_NOT_OPERATIONAL,758185.3031,Local road alignment requires terrain survey
DOM-SERVICE-visual-territory-66-E1-35,SERVICE-visual-territory-66-E1-35,GATE-66,visual-territory-66,5087.002517751008,DOMESTIC_ACCESS_SURVEY,NOT_SURVEYED_NOT_OPERATIONAL,758185.3031,Local road alignment requires terrain survey
DOM-SERVICE-visual-territory-66-E2-36,SERVICE-visual-territory-66-E2-36,GATE-66,visual-territory-66,623.2525366403609,DOMESTIC_ACCESS_SURVEY,NOT_SURVEYED_NOT_OPERATIONAL,758185.3031,Local road alignment requires terrain survey
DOM-SERVICE-visual-territory-66-E2-31,SERVICE-visual-territory-66-E2-31,GATE-66,visual-territory-66,623.2525366403609,DOMESTIC_ACCESS_SURVEY,NOT_SURVEYED_NOT_OPERATIONAL,758185.3031,Local road alignment requires terrain survey
DOM-SERVICE-visual-territory-66-E2-35,SERVICE-visual-territory-66-E2-35,GATE-66,visual-territory-66,623.2525366403609,DOMESTIC_ACCESS_SURVEY,NOT_SURVEYED_NOT_OPERATIONAL,758185.3031,Local road alignment requires terrain survey
DOM-POWER-66-10,POWER-66-10,GATE-66,visual-territory-66,623.2525366403609,DOMESTIC_ACCESS_SURVEY,NOT_SURVEYED_NOT_OPERATIONAL,758185.3031,Local road alignment requires terrain survey
DOM-POWER-66-11,POWER-66-11,GATE-66,visual-territory-66,623.2525366403609,DOMESTIC_ACCESS_SURVEY,NOT_SURVEYED_NOT_OPERATIONAL,758185.3031,Local road alignment requires terrain survey
DOM-POWER-66-23,POWER-66-23,GATE-66,visual-territory-66,623.2525366403609,DOMESTIC_ACCESS_SURVEY,NOT_SURVEYED_NOT_OPERATIONAL,758185.3031,Local road alignment requires terrain survey
DOM-POWER-66-13,POWER-66-13,GATE-66,visual-territory-66,623.2525366403609,DOMESTIC_ACCESS_SURVEY,NOT_SURVEYED_NOT_OPERATIONAL,758185.3031,Local road alignment requires terrain survey
DOM-WAREHOUSE-66,WAREHOUSE-66,GATE-66,visual-territory-66,623.2525366403609,DOMESTIC_ACCESS_SURVEY,NOT_SURVEYED_NOT_OPERATIONAL,758185.3031,Local road alignment requires terrain survey
DOM-P07,P07,GATE-67,visual-territory-67,19.3716964857194,DOMESTIC_ACCESS_SURVEY,NOT_SURVEYED_NOT_OPERATIONAL,729616.064381,Local road alignment requires terrain survey
DOM-SF314,SF314,GATE-67,visual-territory-67,1201.2013953144717,DOMESTIC_ACCESS_SURVEY,NOT_SURVEYED_NOT_OPERATIONAL,729616.064381,Local road alignment requires terrain survey
DOM-SF315,SF315,GATE-67,visual-territory-67,1047.684674579803,DOMESTIC_ACCESS_SURVEY,NOT_SURVEYED_NOT_OPERATIONAL,729616.064381,Local road alignment requires terrain survey
DOM-SF316,SF316,GATE-67,visual-territory-67,3899.681764885325,DOMESTIC_ACCESS_SURVEY,NOT_SURVEYED_NOT_OPERATIONAL,729616.064381,Local road alignment requires terrain survey
DOM-SF317,SF317,GATE-67,visual-territory-67,3683.1194145098643,DOMESTIC_ACCESS_SURVEY,NOT_SURVEYED_NOT_OPERATIONAL,729616.064381,Local road alignment requires terrain survey
DOM-SF318,SF318,GATE-67,visual-territory-67,1819.8056663514662,DOMESTIC_ACCESS_SURVEY,NOT_SURVEYED_NOT_OPERATIONAL,729616.064381,Local road alignment requires terrain survey
DOM-OPEN-RES48,OPEN-RES48,GATE-67,visual-territory-67,1047.684674579803,DOMESTIC_ACCESS_SURVEY,NOT_SURVEYED_NOT_OPERATIONAL,729616.064381,Local road alignment requires terrain survey
DOM-OPEN-67-REFINED_FUEL,OPEN-67-REFINED_FUEL,GATE-67,visual-territory-67,375.44376864721266,DOMESTIC_ACCESS_SURVEY,NOT_SURVEYED_NOT_OPERATIONAL,729616.064381,Local road alignment requires terrain survey
DOM-OPEN-67-MACHINERY,OPEN-67-MACHINERY,GATE-67,visual-territory-67,375.44376864721266,DOMESTIC_ACCESS_SURVEY,NOT_SURVEYED_NOT_OPERATIONAL,729616.064381,Local road alignment requires terrain survey
DOM-OPEN-67-SEMICONDUCTORS,OPEN-67-SEMICONDUCTORS,GATE-67,visual-territory-67,375.44376864721266,DOMESTIC_ACCESS_SURVEY,NOT_SURVEYED_NOT_OPERATIONAL,729616.064381,Local road alignment requires terrain survey
DOM-SERVICE-visual-territory-67-E1-36,SERVICE-visual-territory-67-E1-36,GATE-67,visual-territory-67,2149.3527978501475,DOMESTIC_ACCESS_SURVEY,NOT_SURVEYED_NOT_OPERATIONAL,729616.064381,Local road alignment requires terrain survey
DOM-SERVICE-visual-territory-67-E1-31,SERVICE-visual-territory-67-E1-31,GATE-67,visual-territory-67,2149.3527978501475,DOMESTIC_ACCESS_SURVEY,NOT_SURVEYED_NOT_OPERATIONAL,729616.064381,Local road alignment requires terrain survey
DOM-SERVICE-visual-territory-67-E1-35,SERVICE-visual-territory-67-E1-35,GATE-67,visual-territory-67,2149.3527978501475,DOMESTIC_ACCESS_SURVEY,NOT_SURVEYED_NOT_OPERATIONAL,729616.064381,Local road alignment requires terrain survey
DOM-SERVICE-visual-territory-67-E2-36,SERVICE-visual-territory-67-E2-36,GATE-67,visual-territory-67,375.44376864721266,DOMESTIC_ACCESS_SURVEY,NOT_SURVEYED_NOT_OPERATIONAL,729616.064381,Local road alignment requires terrain survey
DOM-SERVICE-visual-territory-67-E2-31,SERVICE-visual-territory-67-E2-31,GATE-67,visual-territory-67,375.44376864721266,DOMESTIC_ACCESS_SURVEY,NOT_SURVEYED_NOT_OPERATIONAL,729616.064381,Local road alignment requires terrain survey
DOM-SERVICE-visual-territory-67-E2-35,SERVICE-visual-territory-67-E2-35,GATE-67,visual-territory-67,375.44376864721266,DOMESTIC_ACCESS_SURVEY,NOT_SURVEYED_NOT_OPERATIONAL,729616.064381,Local road alignment requires terrain survey
DOM-POWER-67-10,POWER-67-10,GATE-67,visual-territory-67,375.44376864721266,DOMESTIC_ACCESS_SURVEY,NOT_SURVEYED_NOT_OPERATIONAL,729616.064381,Local road alignment requires terrain survey
DOM-POWER-67-11,POWER-67-11,GATE-67,visual-territory-67,375.44376864721266,DOMESTIC_ACCESS_SURVEY,NOT_SURVEYED_NOT_OPERATIONAL,729616.064381,Local road alignment requires terrain survey
DOM-POWER-67-23,POWER-67-23,GATE-67,visual-territory-67,375.44376864721266,DOMESTIC_ACCESS_SURVEY,NOT_SURVEYED_NOT_OPERATIONAL,729616.064381,Local road alignment requires terrain survey
DOM-POWER-67-13,POWER-67-13,GATE-67,visual-territory-67,375.44376864721266,DOMESTIC_ACCESS_SURVEY,NOT_SURVEYED_NOT_OPERATIONAL,729616.064381,Local road alignment requires terrain survey
DOM-WAREHOUSE-67,WAREHOUSE-67,GATE-67,visual-territory-67,375.44376864721266,DOMESTIC_ACCESS_SURVEY,NOT_SURVEYED_NOT_OPERATIONAL,729616.064381,Local road alignment requires terrain survey
DOM-SF319,SF319,GATE-68,visual-territory-68,3176.0721993520633,DOMESTIC_ACCESS_SURVEY,NOT_SURVEYED_NOT_OPERATIONAL,653923.855933,Local road alignment requires terrain survey
DOM-SF320,SF320,GATE-68,visual-territory-68,1246.58033396446,DOMESTIC_ACCESS_SURVEY,NOT_SURVEYED_NOT_OPERATIONAL,653923.855933,Local road alignment requires terrain survey
DOM-SF321,SF321,GATE-68,visual-territory-68,1022.3044604649394,DOMESTIC_ACCESS_SURVEY,NOT_SURVEYED_NOT_OPERATIONAL,653923.855933,Local road alignment requires terrain survey
DOM-SF322,SF322,GATE-68,visual-territory-68,2260.520108517999,DOMESTIC_ACCESS_SURVEY,NOT_SURVEYED_NOT_OPERATIONAL,653923.855933,Local road alignment requires terrain survey
DOM-SF323,SF323,GATE-68,visual-territory-68,4057.5728132704344,DOMESTIC_ACCESS_SURVEY,NOT_SURVEYED_NOT_OPERATIONAL,653923.855933,Local road alignment requires terrain survey
DOM-OPEN-RES277,OPEN-RES277,GATE-68,visual-territory-68,3176.0721993520633,DOMESTIC_ACCESS_SURVEY,NOT_SURVEYED_NOT_OPERATIONAL,653923.855933,Local road alignment requires terrain survey
DOM-OPEN-68-STEEL,OPEN-68-STEEL,GATE-68,visual-territory-68,1924.2565385329194,DOMESTIC_ACCESS_SURVEY,NOT_SURVEYED_NOT_OPERATIONAL,653923.855933,Local road alignment requires terrain survey
DOM-SERVICE-visual-territory-68-E1-36,SERVICE-visual-territory-68-E1-36,GATE-68,visual-territory-68,1924.2565385329194,DOMESTIC_ACCESS_SURVEY,NOT_SURVEYED_NOT_OPERATIONAL,653923.855933,Local road alignment requires terrain survey
DOM-SERVICE-visual-territory-68-E1-31,SERVICE-visual-territory-68-E1-31,GATE-68,visual-territory-68,1924.2565385329194,DOMESTIC_ACCESS_SURVEY,NOT_SURVEYED_NOT_OPERATIONAL,653923.855933,Local road alignment requires terrain survey
DOM-SERVICE-visual-territory-68-E1-35,SERVICE-visual-territory-68-E1-35,GATE-68,visual-territory-68,1924.2565385329194,DOMESTIC_ACCESS_SURVEY,NOT_SURVEYED_NOT_OPERATIONAL,653923.855933,Local road alignment requires terrain survey
DOM-SERVICE-visual-territory-68-E2-36,SERVICE-visual-territory-68-E2-36,GATE-68,visual-territory-68,998.4648568858978,DOMESTIC_ACCESS_SURVEY,NOT_SURVEYED_NOT_OPERATIONAL,653923.855933,Local road alignment requires terrain survey
DOM-SERVICE-visual-territory-68-E2-31,SERVICE-visual-territory-68-E2-31,GATE-68,visual-territory-68,998.4648568858978,DOMESTIC_ACCESS_SURVEY,NOT_SURVEYED_NOT_OPERATIONAL,653923.855933,Local road alignment requires terrain survey
DOM-SERVICE-visual-territory-68-E2-35,SERVICE-visual-territory-68-E2-35,GATE-68,visual-territory-68,998.4648568858978,DOMESTIC_ACCESS_SURVEY,NOT_SURVEYED_NOT_OPERATIONAL,653923.855933,Local road alignment requires terrain survey
DOM-POWER-68-10,POWER-68-10,GATE-68,visual-territory-68,1924.2565385329194,DOMESTIC_ACCESS_SURVEY,NOT_SURVEYED_NOT_OPERATIONAL,653923.855933,Local road alignment requires terrain survey
DOM-POWER-68-11,POWER-68-11,GATE-68,visual-territory-68,1924.2565385329194,DOMESTIC_ACCESS_SURVEY,NOT_SURVEYED_NOT_OPERATIONAL,653923.855933,Local road alignment requires terrain survey
DOM-POWER-68-23,POWER-68-23,GATE-68,visual-territory-68,1924.2565385329194,DOMESTIC_ACCESS_SURVEY,NOT_SURVEYED_NOT_OPERATIONAL,653923.855933,Local road alignment requires terrain survey
DOM-POWER-68-13,POWER-68-13,GATE-68,visual-territory-68,1924.2565385329194,DOMESTIC_ACCESS_SURVEY,NOT_SURVEYED_NOT_OPERATIONAL,653923.855933,Local road alignment requires terrain survey
DOM-WAREHOUSE-68,WAREHOUSE-68,GATE-68,visual-territory-68,1924.2565385329194,DOMESTIC_ACCESS_SURVEY,NOT_SURVEYED_NOT_OPERATIONAL,653923.855933,Local road alignment requires terrain survey
DOM-SF324,SF324,GATE-69,visual-territory-69,867.4108384112691,DOMESTIC_ACCESS_SURVEY,NOT_SURVEYED_NOT_OPERATIONAL,441824.966387,Local road alignment requires terrain survey
DOM-SF325,SF325,GATE-69,visual-territory-69,2342.694151345185,DOMESTIC_ACCESS_SURVEY,NOT_SURVEYED_NOT_OPERATIONAL,441824.966387,Local road alignment requires terrain survey
DOM-SF326,SF326,GATE-69,visual-territory-69,1918.5804872415388,DOMESTIC_ACCESS_SURVEY,NOT_SURVEYED_NOT_OPERATIONAL,441824.966387,Local road alignment requires terrain survey
DOM-SF327,SF327,GATE-69,visual-territory-69,2555.3756931243665,DOMESTIC_ACCESS_SURVEY,NOT_SURVEYED_NOT_OPERATIONAL,441824.966387,Local road alignment requires terrain survey
DOM-OPEN-RES83,OPEN-RES83,GATE-69,visual-territory-69,867.4108384112691,DOMESTIC_ACCESS_SURVEY,NOT_SURVEYED_NOT_OPERATIONAL,441824.966387,Local road alignment requires terrain survey
DOM-OPEN-69-STEEL,OPEN-69-STEEL,GATE-69,visual-territory-69,775.1099678113217,DOMESTIC_ACCESS_SURVEY,NOT_SURVEYED_NOT_OPERATIONAL,441824.966387,Local road alignment requires terrain survey
DOM-SERVICE-visual-territory-69-E1-36,SERVICE-visual-territory-69-E1-36,GATE-69,visual-territory-69,775.1099678113217,DOMESTIC_ACCESS_SURVEY,NOT_SURVEYED_NOT_OPERATIONAL,441824.966387,Local road alignment requires terrain survey
DOM-SERVICE-visual-territory-69-E1-31,SERVICE-visual-territory-69-E1-31,GATE-69,visual-territory-69,775.1099678113217,DOMESTIC_ACCESS_SURVEY,NOT_SURVEYED_NOT_OPERATIONAL,441824.966387,Local road alignment requires terrain survey
DOM-SERVICE-visual-territory-69-E1-35,SERVICE-visual-territory-69-E1-35,GATE-69,visual-territory-69,775.1099678113217,DOMESTIC_ACCESS_SURVEY,NOT_SURVEYED_NOT_OPERATIONAL,441824.966387,Local road alignment requires terrain survey
DOM-POWER-69-10,POWER-69-10,GATE-69,visual-territory-69,775.1099678113217,DOMESTIC_ACCESS_SURVEY,NOT_SURVEYED_NOT_OPERATIONAL,441824.966387,Local road alignment requires terrain survey
DOM-POWER-69-11,POWER-69-11,GATE-69,visual-territory-69,775.1099678113217,DOMESTIC_ACCESS_SURVEY,NOT_SURVEYED_NOT_OPERATIONAL,441824.966387,Local road alignment requires terrain survey
DOM-POWER-69-23,POWER-69-23,GATE-69,visual-territory-69,775.1099678113217,DOMESTIC_ACCESS_SURVEY,NOT_SURVEYED_NOT_OPERATIONAL,441824.966387,Local road alignment requires terrain survey
DOM-POWER-69-13,POWER-69-13,GATE-69,visual-territory-69,775.1099678113217,DOMESTIC_ACCESS_SURVEY,NOT_SURVEYED_NOT_OPERATIONAL,441824.966387,Local road alignment requires terrain survey
DOM-WAREHOUSE-69,WAREHOUSE-69,GATE-69,visual-territory-69,775.1099678113217,DOMESTIC_ACCESS_SURVEY,NOT_SURVEYED_NOT_OPERATIONAL,441824.966387,Local road alignment requires terrain survey
DOM-SF328,SF328,GATE-70,visual-territory-70,661.1966105600368,DOMESTIC_ACCESS_SURVEY,NOT_SURVEYED_NOT_OPERATIONAL,130863.128489,Local road alignment requires terrain survey
DOM-SF329,SF329,GATE-70,visual-territory-70,4021.9019678747754,DOMESTIC_ACCESS_SURVEY,NOT_SURVEYED_NOT_OPERATIONAL,130863.128489,Local road alignment requires terrain survey
DOM-SF330,SF330,GATE-70,visual-territory-70,2545.075276990439,DOMESTIC_ACCESS_SURVEY,NOT_SURVEYED_NOT_OPERATIONAL,130863.128489,Local road alignment requires terrain survey
DOM-OPEN-70-GRAIN,OPEN-70-GRAIN,GATE-70,visual-territory-70,720.9290778278707,DOMESTIC_ACCESS_SURVEY,NOT_SURVEYED_NOT_OPERATIONAL,130863.128489,Local road alignment requires terrain survey
DOM-OPEN-70-REFINED_FUEL,OPEN-70-REFINED_FUEL,GATE-70,visual-territory-70,720.9290778278707,DOMESTIC_ACCESS_SURVEY,NOT_SURVEYED_NOT_OPERATIONAL,130863.128489,Local road alignment requires terrain survey
DOM-SERVICE-visual-territory-70-E1-36,SERVICE-visual-territory-70-E1-36,GATE-70,visual-territory-70,720.9290778278707,DOMESTIC_ACCESS_SURVEY,NOT_SURVEYED_NOT_OPERATIONAL,130863.128489,Local road alignment requires terrain survey
DOM-SERVICE-visual-territory-70-E1-31,SERVICE-visual-territory-70-E1-31,GATE-70,visual-territory-70,720.9290778278707,DOMESTIC_ACCESS_SURVEY,NOT_SURVEYED_NOT_OPERATIONAL,130863.128489,Local road alignment requires terrain survey
DOM-SERVICE-visual-territory-70-E1-35,SERVICE-visual-territory-70-E1-35,GATE-70,visual-territory-70,720.9290778278707,DOMESTIC_ACCESS_SURVEY,NOT_SURVEYED_NOT_OPERATIONAL,130863.128489,Local road alignment requires terrain survey
DOM-POWER-70-10,POWER-70-10,GATE-70,visual-territory-70,720.9290778278707,DOMESTIC_ACCESS_SURVEY,NOT_SURVEYED_NOT_OPERATIONAL,130863.128489,Local road alignment requires terrain survey
DOM-POWER-70-11,POWER-70-11,GATE-70,visual-territory-70,720.9290778278707,DOMESTIC_ACCESS_SURVEY,NOT_SURVEYED_NOT_OPERATIONAL,130863.128489,Local road alignment requires terrain survey
DOM-POWER-70-23,POWER-70-23,GATE-70,visual-territory-70,720.9290778278707,DOMESTIC_ACCESS_SURVEY,NOT_SURVEYED_NOT_OPERATIONAL,130863.128489,Local road alignment requires terrain survey
DOM-POWER-70-13,POWER-70-13,GATE-70,visual-territory-70,720.9290778278707,DOMESTIC_ACCESS_SURVEY,NOT_SURVEYED_NOT_OPERATIONAL,130863.128489,Local road alignment requires terrain survey
DOM-WAREHOUSE-70,WAREHOUSE-70,GATE-70,visual-territory-70,720.9290778278707,DOMESTIC_ACCESS_SURVEY,NOT_SURVEYED_NOT_OPERATIONAL,130863.128489,Local road alignment requires terrain survey
