id,countryId,regionId,name,projectId,point,capacity,capacityUnit,operatorId,ownerId,scenarioRole,runtimeOperational,openingAvailabilityProposal,status,renderingStatus,resourceId,legacyRecord,requiredWorkers,requiredPowerMW,requiredWaterM3Day,installedMachineryUnits,constructionSimDaysProposal,maintenanceGcuDayProposal,recipeId,licenseIdProposal,constructionStatusProposal,commodityId,plannedOutputPerDay,aggregateFacility,labourBySkill,replacementCostGcuProposal,dailyMaintenanceGcuProposal,conditionFraction,plannedUtilizationFraction,costBasis,depositId,coastal,previousCandidatePoint,siteBasis,harbourAccessStatus
P01,visual-territory-44,visual-territory-44-E1,深水港,PROJECT-21,"[135, 328]",60056.27,tonne/sim-day,OP-44,GOV-44,DEVELOPMENT_OPTION,False,False,UNAPPROVED_SCENARIO_ASSET,EXISTING_MAP_POINT,,"{""id"": ""P01"", ""countryId"": ""visual-territory-44"", ""projectId"": ""PROJECT-21"", ""projectNumber"": 21, ""name"": ""深水港"", ""lifecycle"": ""CANDIDATE"", ""operational"": false, ""estimatedCapacity"": 60056.27, ""capacityUnit"": ""tonne/sim-day"", ""requiredWorkers"": 2740, ""requiredPowerMW"": 49.32, ""requiredWaterM3Day"": 4932, ""maintenanceGcuDay"": 23121.13, ""equipmentUnits"": 137, ""constructionSimDays"": 270, ""recipeStatus"": ""CORE_COEFFICIENT_BINDING_REQUIRED"", ""inputCategories"": [""LABOUR"", ""MACHINERY"", ""ELECTRICITY""], ""gridNodeId"": ""GRID-visual-territory-44"", ""accessNodeId"": ""P01"", ""capacityBasis"": ""GEOGRAPHIC_SCENARIO_ESTIMATE""}",2740,0,0,137,90,10960.0,,,UNBUILT_OPTION,,,,,,,,,,,,,,
P02,visual-territory-52,visual-territory-52-E1,深水港,PROJECT-21,"[539, 388]",10.0,tonne/sim-day,OP-52,GOV-52,DEVELOPMENT_OPTION,False,False,UNAPPROVED_SCENARIO_ASSET,EXISTING_MAP_POINT,,"{""id"": ""P02"", ""countryId"": ""visual-territory-52"", ""projectId"": ""PROJECT-21"", ""projectNumber"": 21, ""name"": ""深水港"", ""lifecycle"": ""CANDIDATE"", ""operational"": false, ""estimatedCapacity"": 10, ""capacityUnit"": ""tonne/sim-day"", ""requiredWorkers"": 12, ""requiredPowerMW"": 0.216, ""requiredWaterM3Day"": 22, ""maintenanceGcuDay"": 96.2, ""equipmentUnits"": 1, ""constructionSimDays"": 92, ""recipeStatus"": ""CORE_COEFFICIENT_BINDING_REQUIRED"", ""inputCategories"": [""LABOUR"", ""MACHINERY"", ""ELECTRICITY""], ""gridNodeId"": ""GRID-visual-territory-52"", ""accessNodeId"": ""P02"", ""capacityBasis"": ""GEOGRAPHIC_SCENARIO_ESTIMATE""}",12,0,0,1,90,48.0,,,UNBUILT_OPTION,,,,,,,,,,,,,,
P03,visual-territory-64,visual-territory-64-E1,深水港,PROJECT-21,"[691, 334]",126784.24,tonne/sim-day,OP-64,GOV-64,DEVELOPMENT_OPTION,False,False,UNAPPROVED_SCENARIO_ASSET,EXISTING_MAP_POINT,,"{""id"": ""P03"", ""countryId"": ""visual-territory-64"", ""projectId"": ""PROJECT-21"", ""projectNumber"": 21, ""name"": ""深水港"", ""lifecycle"": ""CANDIDATE"", ""operational"": false, ""estimatedCapacity"": 126784.24, ""capacityUnit"": ""tonne/sim-day"", ""requiredWorkers"": 5971, ""requiredPowerMW"": 107.478, ""requiredWaterM3Day"": 10748, ""maintenanceGcuDay"": 50303.68, ""equipmentUnits"": 299, ""constructionSimDays"": 467, ""recipeStatus"": ""CORE_COEFFICIENT_BINDING_REQUIRED"", ""inputCategories"": [""LABOUR"", ""MACHINERY"", ""ELECTRICITY""], ""gridNodeId"": ""GRID-visual-territory-64"", ""accessNodeId"": ""P03"", ""capacityBasis"": ""GEOGRAPHIC_SCENARIO_ESTIMATE""}",5971,0,0,299,90,23884.0,,,UNBUILT_OPTION,,,,,,,,,,,,,,
P04,visual-territory-56,visual-territory-56-E1,深水港,PROJECT-21,"[637, 548]",69806.9,tonne/sim-day,OP-56,GOV-56,DEVELOPMENT_OPTION,False,False,UNAPPROVED_SCENARIO_ASSET,EXISTING_MAP_POINT,,"{""id"": ""P04"", ""countryId"": ""visual-territory-56"", ""projectId"": ""PROJECT-21"", ""projectNumber"": 21, ""name"": ""深水港"", ""lifecycle"": ""CANDIDATE"", ""operational"": false, ""estimatedCapacity"": 69806.9, ""capacityUnit"": ""tonne/sim-day"", ""requiredWorkers"": 2954, ""requiredPowerMW"": 53.172, ""requiredWaterM3Day"": 5317, ""maintenanceGcuDay"": 25028.14, ""equipmentUnits"": 148, ""constructionSimDays"": 283, ""recipeStatus"": ""CORE_COEFFICIENT_BINDING_REQUIRED"", ""inputCategories"": [""LABOUR"", ""MACHINERY"", ""ELECTRICITY""], ""gridNodeId"": ""GRID-visual-territory-56"", ""accessNodeId"": ""P04"", ""capacityBasis"": ""GEOGRAPHIC_SCENARIO_ESTIMATE""}",2954,0,0,148,90,11816.0,,,UNBUILT_OPTION,,,,,,,,,,,,,,
P05,visual-territory-55,visual-territory-55-E1,深水港,PROJECT-21,"[977, 453]",87464.78,tonne/sim-day,OP-55,GOV-55,DEVELOPMENT_OPTION,False,False,UNAPPROVED_SCENARIO_ASSET,EXISTING_MAP_POINT,,"{""id"": ""P05"", ""countryId"": ""visual-territory-55"", ""projectId"": ""PROJECT-21"", ""projectNumber"": 21, ""name"": ""深水港"", ""lifecycle"": ""CANDIDATE"", ""operational"": false, ""estimatedCapacity"": 87464.78, ""capacityUnit"": ""tonne/sim-day"", ""requiredWorkers"": 4050, ""requiredPowerMW"": 72.9, ""requiredWaterM3Day"": 7290, ""maintenanceGcuDay"": 34149.3, ""equipmentUnits"": 202, ""constructionSimDays"": 350, ""recipeStatus"": ""CORE_COEFFICIENT_BINDING_REQUIRED"", ""inputCategories"": [""LABOUR"", ""MACHINERY"", ""ELECTRICITY""], ""gridNodeId"": ""GRID-visual-territory-55"", ""accessNodeId"": ""P05"", ""capacityBasis"": ""GEOGRAPHIC_SCENARIO_ESTIMATE""}",4050,0,0,203,90,16200.0,,,UNBUILT_OPTION,,,,,,,,,,,,,,
P06,visual-territory-63,visual-territory-63-E2,深水港,PROJECT-21,"[383, 661]",97445.05,tonne/sim-day,OP-63,GOV-63,DEVELOPMENT_OPTION,False,False,UNAPPROVED_SCENARIO_ASSET,EXISTING_MAP_POINT,,"{""id"": ""P06"", ""countryId"": ""visual-territory-63"", ""projectId"": ""PROJECT-21"", ""projectNumber"": 21, ""name"": ""深水港"", ""lifecycle"": ""CANDIDATE"", ""operational"": false, ""estimatedCapacity"": 97445.05, ""capacityUnit"": ""tonne/sim-day"", ""requiredWorkers"": 4617, ""requiredPowerMW"": 83.106, ""requiredWaterM3Day"": 8311, ""maintenanceGcuDay"": 38884.9, ""equipmentUnits"": 231, ""constructionSimDays"": 385, ""recipeStatus"": ""CORE_COEFFICIENT_BINDING_REQUIRED"", ""inputCategories"": [""LABOUR"", ""MACHINERY"", ""ELECTRICITY""], ""gridNodeId"": ""GRID-visual-territory-63"", ""accessNodeId"": ""P06"", ""capacityBasis"": ""GEOGRAPHIC_SCENARIO_ESTIMATE""}",4617,0,0,231,90,18468.0,,,UNBUILT_OPTION,,,,,,,,,,,,,,
P07,visual-territory-67,visual-territory-67-E2,深水港,PROJECT-21,"[539, 693]",76709.1,tonne/sim-day,OP-67,GOV-67,DEVELOPMENT_OPTION,False,False,UNAPPROVED_SCENARIO_ASSET,EXISTING_MAP_POINT,,"{""id"": ""P07"", ""countryId"": ""visual-territory-67"", ""projectId"": ""PROJECT-21"", ""projectNumber"": 21, ""name"": ""深水港"", ""lifecycle"": ""CANDIDATE"", ""operational"": false, ""estimatedCapacity"": 76709.1, ""capacityUnit"": ""tonne/sim-day"", ""requiredWorkers"": 3792, ""requiredPowerMW"": 68.256, ""requiredWaterM3Day"": 6826, ""maintenanceGcuDay"": 31870.18, ""equipmentUnits"": 190, ""constructionSimDays"": 334, ""recipeStatus"": ""CORE_COEFFICIENT_BINDING_REQUIRED"", ""inputCategories"": [""LABOUR"", ""MACHINERY"", ""ELECTRICITY""], ""gridNodeId"": ""GRID-visual-territory-67"", ""accessNodeId"": ""P07"", ""capacityBasis"": ""GEOGRAPHIC_SCENARIO_ESTIMATE""}",3792,0,0,190,90,15168.0,,,UNBUILT_OPTION,,,,,,,,,,,,,,
P08,visual-territory-66,visual-territory-66-E2,深水港,PROJECT-21,"[964, 362]",114133.05,tonne/sim-day,OP-66,GOV-66,DEVELOPMENT_OPTION,False,False,UNAPPROVED_SCENARIO_ASSET,EXISTING_MAP_POINT,,"{""id"": ""P08"", ""countryId"": ""visual-territory-66"", ""projectId"": ""PROJECT-21"", ""projectNumber"": 21, ""name"": ""深水港"", ""lifecycle"": ""CANDIDATE"", ""operational"": false, ""estimatedCapacity"": 114133.05, ""capacityUnit"": ""tonne/sim-day"", ""requiredWorkers"": 5342, ""requiredPowerMW"": 96.156, ""requiredWaterM3Day"": 9616, ""maintenanceGcuDay"": 45018.66, ""equipmentUnits"": 267, ""constructionSimDays"": 429, ""recipeStatus"": ""CORE_COEFFICIENT_BINDING_REQUIRED"", ""inputCategories"": [""LABOUR"", ""MACHINERY"", ""ELECTRICITY""], ""gridNodeId"": ""GRID-visual-territory-66"", ""accessNodeId"": ""P08"", ""capacityBasis"": ""GEOGRAPHIC_SCENARIO_ESTIMATE""}",5342,0,0,268,90,21368.0,,,UNBUILT_OPTION,,,,,,,,,,,,,,
P09,visual-territory-07,visual-territory-07-E2,深水港,PROJECT-21,"[1479, 467]",95421.95,tonne/sim-day,OP-07,GOV-07,DEVELOPMENT_OPTION,False,False,UNAPPROVED_SCENARIO_ASSET,EXISTING_MAP_POINT,,"{""id"": ""P09"", ""countryId"": ""visual-territory-07"", ""projectId"": ""PROJECT-21"", ""projectNumber"": 21, ""name"": ""深水港"", ""lifecycle"": ""CANDIDATE"", ""operational"": false, ""estimatedCapacity"": 95421.95, ""capacityUnit"": ""tonne/sim-day"", ""requiredWorkers"": 4569, ""requiredPowerMW"": 82.242, ""requiredWaterM3Day"": 8224, ""maintenanceGcuDay"": 38460.44, ""equipmentUnits"": 228, ""constructionSimDays"": 382, ""recipeStatus"": ""CORE_COEFFICIENT_BINDING_REQUIRED"", ""inputCategories"": [""LABOUR"", ""MACHINERY"", ""ELECTRICITY""], ""gridNodeId"": ""GRID-visual-territory-07"", ""accessNodeId"": ""P09"", ""capacityBasis"": ""GEOGRAPHIC_SCENARIO_ESTIMATE""}",4569,0,0,229,90,18276.0,,,UNBUILT_OPTION,,,,,,,,,,,,,,
P10,visual-territory-24,visual-territory-24-E2,深水港,PROJECT-21,"[1545, 692]",78510.14,tonne/sim-day,OP-24,GOV-24,DEVELOPMENT_OPTION,False,False,UNAPPROVED_SCENARIO_ASSET,EXISTING_MAP_POINT,,"{""id"": ""P10"", ""countryId"": ""visual-territory-24"", ""projectId"": ""PROJECT-21"", ""projectNumber"": 21, ""name"": ""深水港"", ""lifecycle"": ""CANDIDATE"", ""operational"": false, ""estimatedCapacity"": 78510.14, ""capacityUnit"": ""tonne/sim-day"", ""requiredWorkers"": 3837, ""requiredPowerMW"": 69.066, ""requiredWaterM3Day"": 6907, ""maintenanceGcuDay"": 32266.2, ""equipmentUnits"": 192, ""constructionSimDays"": 337, ""recipeStatus"": ""CORE_COEFFICIENT_BINDING_REQUIRED"", ""inputCategories"": [""LABOUR"", ""MACHINERY"", ""ELECTRICITY""], ""gridNodeId"": ""GRID-visual-territory-24"", ""accessNodeId"": ""P10"", ""capacityBasis"": ""GEOGRAPHIC_SCENARIO_ESTIMATE""}",3837,0,0,192,90,15348.0,,,UNBUILT_OPTION,,,,,,,,,,,,,,
P11,visual-territory-29,visual-territory-29-E2,深水港,PROJECT-21,"[1313, 812]",49638.57,tonne/sim-day,OP-29,GOV-29,DEVELOPMENT_OPTION,False,False,UNAPPROVED_SCENARIO_ASSET,EXISTING_MAP_POINT,,"{""id"": ""P11"", ""countryId"": ""visual-territory-29"", ""projectId"": ""PROJECT-21"", ""projectNumber"": 21, ""name"": ""深水港"", ""lifecycle"": ""CANDIDATE"", ""operational"": false, ""estimatedCapacity"": 49638.57, ""capacityUnit"": ""tonne/sim-day"", ""requiredWorkers"": 2491, ""requiredPowerMW"": 44.838, ""requiredWaterM3Day"": 4484, ""maintenanceGcuDay"": 20920.77, ""equipmentUnits"": 125, ""constructionSimDays"": 254, ""recipeStatus"": ""CORE_COEFFICIENT_BINDING_REQUIRED"", ""inputCategories"": [""LABOUR"", ""MACHINERY"", ""ELECTRICITY""], ""gridNodeId"": ""GRID-visual-territory-29"", ""accessNodeId"": ""P11"", ""capacityBasis"": ""GEOGRAPHIC_SCENARIO_ESTIMATE""}",2491,0,0,125,90,9964.0,,,UNBUILT_OPTION,,,,,,,,,,,,,,
P12,visual-territory-17,visual-territory-17-E1,深水港,PROJECT-21,"[1010, 645]",66458.27,tonne/sim-day,OP-17,GOV-17,DEVELOPMENT_OPTION,False,False,UNAPPROVED_SCENARIO_ASSET,EXISTING_MAP_POINT,,"{""id"": ""P12"", ""countryId"": ""visual-territory-17"", ""projectId"": ""PROJECT-21"", ""projectNumber"": 21, ""name"": ""深水港"", ""lifecycle"": ""CANDIDATE"", ""operational"": false, ""estimatedCapacity"": 66458.27, ""capacityUnit"": ""tonne/sim-day"", ""requiredWorkers"": 2882, ""requiredPowerMW"": 51.876, ""requiredWaterM3Day"": 5188, ""maintenanceGcuDay"": 24385.17, ""equipmentUnits"": 144, ""constructionSimDays"": 279, ""recipeStatus"": ""CORE_COEFFICIENT_BINDING_REQUIRED"", ""inputCategories"": [""LABOUR"", ""MACHINERY"", ""ELECTRICITY""], ""gridNodeId"": ""GRID-visual-territory-17"", ""accessNodeId"": ""P12"", ""capacityBasis"": ""GEOGRAPHIC_SCENARIO_ESTIMATE""}",2882,0,0,145,90,11528.0,,,UNBUILT_OPTION,,,,,,,,,,,,,,
H01,visual-territory-40,visual-territory-40-E2,物流枢纽,PROJECT-25,"[365, 295]",50571.9,tonne/sim-day,OP-40,GOV-40,DEVELOPMENT_OPTION,False,False,UNAPPROVED_SCENARIO_ASSET,EXISTING_MAP_POINT,,"{""id"": ""H01"", ""countryId"": ""visual-territory-40"", ""projectId"": ""PROJECT-25"", ""projectNumber"": 25, ""name"": ""物流枢纽"", ""lifecycle"": ""CANDIDATE"", ""operational"": false, ""estimatedCapacity"": 50571.9, ""capacityUnit"": ""tonne/sim-day"", ""requiredWorkers"": 2177, ""requiredPowerMW"": 39.186, ""requiredWaterM3Day"": 3919, ""maintenanceGcuDay"": 18427.44, ""equipmentUnits"": 109, ""constructionSimDays"": 236, ""recipeStatus"": ""CORE_COEFFICIENT_BINDING_REQUIRED"", ""inputCategories"": [""LABOUR"", ""MACHINERY"", ""ELECTRICITY""], ""gridNodeId"": ""GRID-visual-territory-40"", ""accessNodeId"": ""H01"", ""capacityBasis"": ""GEOGRAPHIC_SCENARIO_ESTIMATE""}",2177,0,0,109,90,8708.0,,,UNBUILT_OPTION,,,,,,,,,,,,,,
H02,visual-territory-51,visual-territory-51-E1,物流枢纽,PROJECT-25,"[303, 425]",10.0,tonne/sim-day,OP-51,GOV-51,DEVELOPMENT_OPTION,False,False,UNAPPROVED_SCENARIO_ASSET,EXISTING_MAP_POINT,,"{""id"": ""H02"", ""countryId"": ""visual-territory-51"", ""projectId"": ""PROJECT-25"", ""projectNumber"": 25, ""name"": ""物流枢纽"", ""lifecycle"": ""CANDIDATE"", ""operational"": false, ""estimatedCapacity"": 10, ""capacityUnit"": ""tonne/sim-day"", ""requiredWorkers"": 12, ""requiredPowerMW"": 0.216, ""requiredWaterM3Day"": 22, ""maintenanceGcuDay"": 96.2, ""equipmentUnits"": 1, ""constructionSimDays"": 92, ""recipeStatus"": ""CORE_COEFFICIENT_BINDING_REQUIRED"", ""inputCategories"": [""LABOUR"", ""MACHINERY"", ""ELECTRICITY""], ""gridNodeId"": ""GRID-visual-territory-51"", ""accessNodeId"": ""H02"", ""capacityBasis"": ""GEOGRAPHIC_SCENARIO_ESTIMATE""}",12,0,0,1,90,48.0,,,UNBUILT_OPTION,,,,,,,,,,,,,,
H03,visual-territory-58,visual-territory-58-E2,物流枢纽,PROJECT-25,"[791, 478]",136318.22,tonne/sim-day,OP-58,GOV-58,DEVELOPMENT_OPTION,False,False,UNAPPROVED_SCENARIO_ASSET,EXISTING_MAP_POINT,,"{""id"": ""H03"", ""countryId"": ""visual-territory-58"", ""projectId"": ""PROJECT-25"", ""projectNumber"": 25, ""name"": ""物流枢纽"", ""lifecycle"": ""CANDIDATE"", ""operational"": false, ""estimatedCapacity"": 136318.22, ""capacityUnit"": ""tonne/sim-day"", ""requiredWorkers"": 6192, ""requiredPowerMW"": 111.456, ""requiredWaterM3Day"": 11146, ""maintenanceGcuDay"": 52262.36, ""equipmentUnits"": 310, ""constructionSimDays"": 481, ""recipeStatus"": ""CORE_COEFFICIENT_BINDING_REQUIRED"", ""inputCategories"": [""LABOUR"", ""MACHINERY"", ""ELECTRICITY""], ""gridNodeId"": ""GRID-visual-territory-58"", ""accessNodeId"": ""H03"", ""capacityBasis"": ""GEOGRAPHIC_SCENARIO_ESTIMATE""}",6192,0,0,310,90,24768.0,,,UNBUILT_OPTION,,,,,,,,,,,,,,
H04,visual-territory-61,visual-territory-61-E2,物流枢纽,PROJECT-25,"[298, 590]",115394.09,tonne/sim-day,OP-61,GOV-61,DEVELOPMENT_OPTION,False,False,UNAPPROVED_SCENARIO_ASSET,EXISTING_MAP_POINT,,"{""id"": ""H04"", ""countryId"": ""visual-territory-61"", ""projectId"": ""PROJECT-25"", ""projectNumber"": 25, ""name"": ""物流枢纽"", ""lifecycle"": ""CANDIDATE"", ""operational"": false, ""estimatedCapacity"": 115394.09, ""capacityUnit"": ""tonne/sim-day"", ""requiredWorkers"": 5371, ""requiredPowerMW"": 96.678, ""requiredWaterM3Day"": 9668, ""maintenanceGcuDay"": 45275.88, ""equipmentUnits"": 269, ""constructionSimDays"": 431, ""recipeStatus"": ""CORE_COEFFICIENT_BINDING_REQUIRED"", ""inputCategories"": [""LABOUR"", ""MACHINERY"", ""ELECTRICITY""], ""gridNodeId"": ""GRID-visual-territory-61"", ""accessNodeId"": ""H04"", ""capacityBasis"": ""GEOGRAPHIC_SCENARIO_ESTIMATE""}",5371,0,0,269,90,21484.0,,,UNBUILT_OPTION,,,,,,,,,,,,,,
H05,visual-territory-04,visual-territory-04-E1,物流枢纽,PROJECT-25,"[1507, 369]",124090.44,tonne/sim-day,OP-04,GOV-04,DEVELOPMENT_OPTION,False,False,UNAPPROVED_SCENARIO_ASSET,EXISTING_MAP_POINT,,"{""id"": ""H05"", ""countryId"": ""visual-territory-04"", ""projectId"": ""PROJECT-25"", ""projectNumber"": 25, ""name"": ""物流枢纽"", ""lifecycle"": ""CANDIDATE"", ""operational"": false, ""estimatedCapacity"": 124090.44, ""capacityUnit"": ""tonne/sim-day"", ""requiredWorkers"": 5570, ""requiredPowerMW"": 100.26, ""requiredWaterM3Day"": 10026, ""maintenanceGcuDay"": 47041.81, ""equipmentUnits"": 278, ""constructionSimDays"": 443, ""recipeStatus"": ""CORE_COEFFICIENT_BINDING_REQUIRED"", ""inputCategories"": [""LABOUR"", ""MACHINERY"", ""ELECTRICITY""], ""gridNodeId"": ""GRID-visual-territory-04"", ""accessNodeId"": ""H05"", ""capacityBasis"": ""GEOGRAPHIC_SCENARIO_ESTIMATE""}",5570,0,0,279,90,22280.0,,,UNBUILT_OPTION,,,,,,,,,,,,,,
H06,visual-territory-12,visual-territory-12-E1,物流枢纽,PROJECT-25,"[1265, 554]",52960.86,tonne/sim-day,OP-12,GOV-12,DEVELOPMENT_OPTION,False,False,UNAPPROVED_SCENARIO_ASSET,EXISTING_MAP_POINT,,"{""id"": ""H06"", ""countryId"": ""visual-territory-12"", ""projectId"": ""PROJECT-25"", ""projectNumber"": 25, ""name"": ""物流枢纽"", ""lifecycle"": ""CANDIDATE"", ""operational"": false, ""estimatedCapacity"": 52960.86, ""capacityUnit"": ""tonne/sim-day"", ""requiredWorkers"": 2573, ""requiredPowerMW"": 46.314, ""requiredWaterM3Day"": 4631, ""maintenanceGcuDay"": 21643.22, ""equipmentUnits"": 129, ""constructionSimDays"": 260, ""recipeStatus"": ""CORE_COEFFICIENT_BINDING_REQUIRED"", ""inputCategories"": [""LABOUR"", ""MACHINERY"", ""ELECTRICITY""], ""gridNodeId"": ""GRID-visual-territory-12"", ""accessNodeId"": ""H06"", ""capacityBasis"": ""GEOGRAPHIC_SCENARIO_ESTIMATE""}",2573,0,0,129,90,10292.0,,,UNBUILT_OPTION,,,,,,,,,,,,,,
H07,visual-territory-23,visual-territory-23-E2,物流枢纽,PROJECT-25,"[1450, 676]",101254.62,tonne/sim-day,OP-23,GOV-23,DEVELOPMENT_OPTION,False,False,UNAPPROVED_SCENARIO_ASSET,EXISTING_MAP_POINT,,"{""id"": ""H07"", ""countryId"": ""visual-territory-23"", ""projectId"": ""PROJECT-25"", ""projectNumber"": 25, ""name"": ""物流枢纽"", ""lifecycle"": ""CANDIDATE"", ""operational"": false, ""estimatedCapacity"": 101254.62, ""capacityUnit"": ""tonne/sim-day"", ""requiredWorkers"": 4706, ""requiredPowerMW"": 84.708, ""requiredWaterM3Day"": 8471, ""maintenanceGcuDay"": 39673.09, ""equipmentUnits"": 235, ""constructionSimDays"": 390, ""recipeStatus"": ""CORE_COEFFICIENT_BINDING_REQUIRED"", ""inputCategories"": [""LABOUR"", ""MACHINERY"", ""ELECTRICITY""], ""gridNodeId"": ""GRID-visual-territory-23"", ""accessNodeId"": ""H07"", ""capacityBasis"": ""GEOGRAPHIC_SCENARIO_ESTIMATE""}",4706,0,0,236,90,18824.0,,,UNBUILT_OPTION,,,,,,,,,,,,,,
H08,visual-territory-28,visual-territory-28-E1,物流枢纽,PROJECT-25,"[1195, 750]",60745.52,tonne/sim-day,OP-28,GOV-28,DEVELOPMENT_OPTION,False,False,UNAPPROVED_SCENARIO_ASSET,EXISTING_MAP_POINT,,"{""id"": ""H08"", ""countryId"": ""visual-territory-28"", ""projectId"": ""PROJECT-25"", ""projectNumber"": 25, ""name"": ""物流枢纽"", ""lifecycle"": ""CANDIDATE"", ""operational"": false, ""estimatedCapacity"": 60745.52, ""capacityUnit"": ""tonne/sim-day"", ""requiredWorkers"": 2386, ""requiredPowerMW"": 42.948, ""requiredWaterM3Day"": 4295, ""maintenanceGcuDay"": 20302.91, ""equipmentUnits"": 119, ""constructionSimDays"": 249, ""recipeStatus"": ""CORE_COEFFICIENT_BINDING_REQUIRED"", ""inputCategories"": [""LABOUR"", ""MACHINERY"", ""ELECTRICITY""], ""gridNodeId"": ""GRID-visual-territory-28"", ""accessNodeId"": ""H08"", ""capacityBasis"": ""GEOGRAPHIC_SCENARIO_ESTIMATE""}",2386,0,0,120,90,9544.0,,,UNBUILT_OPTION,,,,,,,,,,,,,,
SF001,visual-territory-01,visual-territory-01-E1,铁矿,PROJECT-04,"[1599, 307]",37242.2465,tonne/sim-day,OP-01,GOV-01,DEVELOPMENT_OPTION,False,False,UNAPPROVED_SCENARIO_ASSET,EXISTING_MAP_POINT,RES095,"{""id"": ""SF001"", ""countryId"": ""visual-territory-01"", ""projectId"": ""PROJECT-04"", ""projectNumber"": 4, ""name"": ""铁矿"", ""lifecycle"": ""CANDIDATE"", ""operational"": false, ""estimatedCapacity"": 37242.2465, ""capacityUnit"": ""tonne/sim-day"", ""requiredWorkers"": 5317, ""requiredPowerMW"": 95.706, ""requiredWaterM3Day"": 9571, ""maintenanceGcuDay"": 43280.84, ""equipmentUnits"": 266, ""constructionSimDays"": 423, ""recipeStatus"": ""CORE_COEFFICIENT_BINDING_REQUIRED"", ""inputCategories"": [""LABOUR"", ""MACHINERY"", ""ELECTRICITY"", ""IRON_ORE_DEVELOPED_RESERVE""], ""gridNodeId"": ""GRID-visual-territory-01"", ""accessNodeId"": ""SF001"", ""capacityBasis"": ""GEOGRAPHIC_SCENARIO_ESTIMATE""}",5317,0,0,266,90,21268.0,,,UNBUILT_OPTION,,,,,,,,,,,,,,
SF002,visual-territory-01,visual-territory-01-E1,气田开发,PROJECT-02,"[1565, 261]",439316.3772,MMBtu/sim-day,OP-01,GOV-01,DEVELOPMENT_OPTION,False,False,UNAPPROVED_SCENARIO_ASSET,EXISTING_MAP_POINT,RES096,"{""id"": ""SF002"", ""countryId"": ""visual-territory-01"", ""projectId"": ""PROJECT-02"", ""projectNumber"": 2, ""name"": ""气田开发"", ""lifecycle"": ""CANDIDATE"", ""operational"": false, ""estimatedCapacity"": 439316.3772, ""capacityUnit"": ""MMBtu/sim-day"", ""requiredWorkers"": 3323, ""requiredPowerMW"": 59.814, ""requiredWaterM3Day"": 5981, ""maintenanceGcuDay"": 35370.33, ""equipmentUnits"": 166, ""constructionSimDays"": 315, ""recipeStatus"": ""CORE_COEFFICIENT_BINDING_REQUIRED"", ""inputCategories"": [""LABOUR"", ""MACHINERY"", ""ELECTRICITY"", ""NATURAL_GAS_DEVELOPED_RESERVE""], ""gridNodeId"": ""GRID-visual-territory-01"", ""accessNodeId"": ""SF002"", ""capacityBasis"": ""GEOGRAPHIC_SCENARIO_ESTIMATE""}",3323,0,0,167,90,13292.0,,,UNBUILT_OPTION,,,,,,,,,,,,,,
SF003,visual-territory-01,visual-territory-01-E1,油田开发,PROJECT-01,"[1616, 245]",206927.2472,barrel/sim-day,OP-01,GOV-01,DEVELOPMENT_OPTION,False,False,UNAPPROVED_SCENARIO_ASSET,EXISTING_MAP_POINT,RES097,"{""id"": ""SF003"", ""countryId"": ""visual-territory-01"", ""projectId"": ""PROJECT-01"", ""projectNumber"": 1, ""name"": ""油田开发"", ""lifecycle"": ""CANDIDATE"", ""operational"": false, ""estimatedCapacity"": 206927.2472, ""capacityUnit"": ""barrel/sim-day"", ""requiredWorkers"": 3323, ""requiredPowerMW"": 59.814, ""requiredWaterM3Day"": 5981, ""maintenanceGcuDay"": 30722.54, ""equipmentUnits"": 166, ""constructionSimDays"": 311, ""recipeStatus"": ""CORE_COEFFICIENT_BINDING_REQUIRED"", ""inputCategories"": [""LABOUR"", ""MACHINERY"", ""ELECTRICITY"", ""CRUDE_OIL_DEVELOPED_RESERVE""], ""gridNodeId"": ""GRID-visual-territory-01"", ""accessNodeId"": ""SF003"", ""capacityBasis"": ""GEOGRAPHIC_SCENARIO_ESTIMATE""}",3323,0,0,167,90,13292.0,,,UNBUILT_OPTION,,,,,,,,,,,,,,
SF004,visual-territory-01,visual-territory-01-E1,铜矿,PROJECT-05,"[1553, 305]",2709.8934,tonne/sim-day,OP-01,GOV-01,DEVELOPMENT_OPTION,False,False,UNAPPROVED_SCENARIO_ASSET,EXISTING_MAP_POINT,RES098,"{""id"": ""SF004"", ""countryId"": ""visual-territory-01"", ""projectId"": ""PROJECT-05"", ""projectNumber"": 5, ""name"": ""铜矿"", ""lifecycle"": ""CANDIDATE"", ""operational"": false, ""estimatedCapacity"": 2709.8934, ""capacityUnit"": ""tonne/sim-day"", ""requiredWorkers"": 5317, ""requiredPowerMW"": 95.706, ""requiredWaterM3Day"": 9571, ""maintenanceGcuDay"": 42590.2, ""equipmentUnits"": 266, ""constructionSimDays"": 416, ""recipeStatus"": ""CORE_COEFFICIENT_BINDING_REQUIRED"", ""inputCategories"": [""LABOUR"", ""MACHINERY"", ""ELECTRICITY"", ""COPPER_DEVELOPED_RESERVE""], ""gridNodeId"": ""GRID-visual-territory-01"", ""accessNodeId"": ""SF004"", ""capacityBasis"": ""GEOGRAPHIC_SCENARIO_ESTIMATE""}",5317,0,0,266,90,21268.0,,,UNBUILT_OPTION,,,,,,,,,,,,,,
SF005,visual-territory-01,visual-territory-01-E1,太阳能设施,PROJECT-10,"[1597, 273]",70666.79,MW,OP-01,GOV-01,DEVELOPMENT_OPTION,False,False,UNAPPROVED_SCENARIO_ASSET,EXISTING_MAP_POINT,,"{""id"": ""SF005"", ""countryId"": ""visual-territory-01"", ""projectId"": ""PROJECT-10"", ""projectNumber"": 10, ""name"": ""太阳能设施"", ""lifecycle"": ""CANDIDATE"", ""operational"": false, ""estimatedCapacity"": 70666.79, ""capacityUnit"": ""MW"", ""requiredWorkers"": 3323, ""requiredPowerMW"": 59.814, ""requiredWaterM3Day"": 5981, ""maintenanceGcuDay"": 27997.34, ""equipmentUnits"": 166, ""constructionSimDays"": 306, ""recipeStatus"": ""CORE_COEFFICIENT_BINDING_REQUIRED"", ""inputCategories"": [""LABOUR"", ""MACHINERY"", ""ELECTRICITY""], ""gridNodeId"": ""GRID-visual-territory-01"", ""accessNodeId"": ""SF005"", ""capacityBasis"": ""GEOGRAPHIC_SCENARIO_ESTIMATE""}",3323,0,0,167,90,13292.0,,,UNBUILT_OPTION,,,,,,,,,,,,,,
SF006,visual-territory-02,visual-territory-02-E1,铜矿,PROJECT-05,"[1602, 301]",455.1077,tonne/sim-day,OP-02,GOV-02,DEVELOPMENT_OPTION,False,False,UNAPPROVED_SCENARIO_ASSET,EXISTING_MAP_POINT,RES21,"{""id"": ""SF006"", ""countryId"": ""visual-territory-02"", ""projectId"": ""PROJECT-05"", ""projectNumber"": 5, ""name"": ""铜矿"", ""lifecycle"": ""CANDIDATE"", ""operational"": false, ""estimatedCapacity"": 455.1077, ""capacityUnit"": ""tonne/sim-day"", ""requiredWorkers"": 6647, ""requiredPowerMW"": 119.646, ""requiredWaterM3Day"": 11965, ""maintenanceGcuDay"": 53185.1, ""equipmentUnits"": 332, ""constructionSimDays"": 493, ""recipeStatus"": ""CORE_COEFFICIENT_BINDING_REQUIRED"", ""inputCategories"": [""LABOUR"", ""MACHINERY"", ""ELECTRICITY"", ""COPPER_DEVELOPED_RESERVE""], ""gridNodeId"": ""GRID-visual-territory-02"", ""accessNodeId"": ""SF006"", ""capacityBasis"": ""GEOGRAPHIC_SCENARIO_ESTIMATE""}",6647,0,0,333,90,26588.0,,,UNBUILT_OPTION,,,,,,,,,,,,,,
SF007,visual-territory-02,visual-territory-02-E1,气田开发,PROJECT-02,"[1683, 282]",542951.383,MMBtu/sim-day,OP-02,GOV-02,DEVELOPMENT_OPTION,False,False,UNAPPROVED_SCENARIO_ASSET,EXISTING_MAP_POINT,RES099,"{""id"": ""SF007"", ""countryId"": ""visual-territory-02"", ""projectId"": ""PROJECT-02"", ""projectNumber"": 2, ""name"": ""气田开发"", ""lifecycle"": ""CANDIDATE"", ""operational"": false, ""estimatedCapacity"": 542951.383, ""capacityUnit"": ""MMBtu/sim-day"", ""requiredWorkers"": 4154, ""requiredPowerMW"": 74.772, ""requiredWaterM3Day"": 7477, ""maintenanceGcuDay"": 44091.03, ""equipmentUnits"": 208, ""constructionSimDays"": 366, ""recipeStatus"": ""CORE_COEFFICIENT_BINDING_REQUIRED"", ""inputCategories"": [""LABOUR"", ""MACHINERY"", ""ELECTRICITY"", ""NATURAL_GAS_DEVELOPED_RESERVE""], ""gridNodeId"": ""GRID-visual-territory-02"", ""accessNodeId"": ""SF007"", ""capacityBasis"": ""GEOGRAPHIC_SCENARIO_ESTIMATE""}",4154,0,0,208,90,16616.0,,,UNBUILT_OPTION,,,,,,,,,,,,,,
SF008,visual-territory-02,visual-territory-02-E1,油田开发,PROJECT-01,"[1650, 337]",262962.959,barrel/sim-day,OP-02,GOV-02,DEVELOPMENT_OPTION,False,False,UNAPPROVED_SCENARIO_ASSET,EXISTING_MAP_POINT,RES100,"{""id"": ""SF008"", ""countryId"": ""visual-territory-02"", ""projectId"": ""PROJECT-01"", ""projectNumber"": 1, ""name"": ""油田开发"", ""lifecycle"": ""CANDIDATE"", ""operational"": false, ""estimatedCapacity"": 262962.959, ""capacityUnit"": ""barrel/sim-day"", ""requiredWorkers"": 4154, ""requiredPowerMW"": 74.772, ""requiredWaterM3Day"": 7477, ""maintenanceGcuDay"": 38491.26, ""equipmentUnits"": 208, ""constructionSimDays"": 362, ""recipeStatus"": ""CORE_COEFFICIENT_BINDING_REQUIRED"", ""inputCategories"": [""LABOUR"", ""MACHINERY"", ""ELECTRICITY"", ""CRUDE_OIL_DEVELOPED_RESERVE""], ""gridNodeId"": ""GRID-visual-territory-02"", ""accessNodeId"": ""SF008"", ""capacityBasis"": ""GEOGRAPHIC_SCENARIO_ESTIMATE""}",4154,0,0,208,90,16616.0,,,UNBUILT_OPTION,,,,,,,,,,,,,,
SF009,visual-territory-02,visual-territory-02-E1,锂矿,PROJECT-06,"[1626, 245]",352.5227,tonne LCE/sim-day,OP-02,GOV-02,DEVELOPMENT_OPTION,False,False,UNAPPROVED_SCENARIO_ASSET,EXISTING_MAP_POINT,RES101,"{""id"": ""SF009"", ""countryId"": ""visual-territory-02"", ""projectId"": ""PROJECT-06"", ""projectNumber"": 6, ""name"": ""锂矿"", ""lifecycle"": ""CANDIDATE"", ""operational"": false, ""estimatedCapacity"": 352.5227, ""capacityUnit"": ""tonne LCE/sim-day"", ""requiredWorkers"": 6647, ""requiredPowerMW"": 119.646, ""requiredWaterM3Day"": 11965, ""maintenanceGcuDay"": 53183.05, ""equipmentUnits"": 332, ""constructionSimDays"": 493, ""recipeStatus"": ""CORE_COEFFICIENT_BINDING_REQUIRED"", ""inputCategories"": [""LABOUR"", ""MACHINERY"", ""ELECTRICITY"", ""LITHIUM_DEVELOPED_RESERVE""], ""gridNodeId"": ""GRID-visual-territory-02"", ""accessNodeId"": ""SF009"", ""capacityBasis"": ""GEOGRAPHIC_SCENARIO_ESTIMATE""}",6647,0,0,333,90,26588.0,,,UNBUILT_OPTION,,,,,,,,,,,,,,
SF010,visual-territory-02,visual-territory-02-E1,太阳能设施,PROJECT-10,"[1641, 285]",92041.53,MW,OP-02,GOV-02,DEVELOPMENT_OPTION,False,False,UNAPPROVED_SCENARIO_ASSET,EXISTING_MAP_POINT,,"{""id"": ""SF010"", ""countryId"": ""visual-territory-02"", ""projectId"": ""PROJECT-10"", ""projectNumber"": 10, ""name"": ""太阳能设施"", ""lifecycle"": ""CANDIDATE"", ""operational"": false, ""estimatedCapacity"": 92041.53, ""capacityUnit"": ""MW"", ""requiredWorkers"": 4154, ""requiredPowerMW"": 74.772, ""requiredWaterM3Day"": 7477, ""maintenanceGcuDay"": 35072.83, ""equipmentUnits"": 208, ""constructionSimDays"": 357, ""recipeStatus"": ""CORE_COEFFICIENT_BINDING_REQUIRED"", ""inputCategories"": [""LABOUR"", ""MACHINERY"", ""ELECTRICITY""], ""gridNodeId"": ""GRID-visual-territory-02"", ""accessNodeId"": ""SF010"", ""capacityBasis"": ""GEOGRAPHIC_SCENARIO_ESTIMATE""}",4154,0,0,208,90,16616.0,,,UNBUILT_OPTION,,,,,,,,,,,,,,
SF011,visual-territory-02,visual-territory-02-E1,风能设施,PROJECT-11,"[1618, 329]",92041.53,MW,OP-02,GOV-02,DEVELOPMENT_OPTION,False,False,UNAPPROVED_SCENARIO_ASSET,EXISTING_MAP_POINT,,"{""id"": ""SF011"", ""countryId"": ""visual-territory-02"", ""projectId"": ""PROJECT-11"", ""projectNumber"": 11, ""name"": ""风能设施"", ""lifecycle"": ""CANDIDATE"", ""operational"": false, ""estimatedCapacity"": 92041.53, ""capacityUnit"": ""MW"", ""requiredWorkers"": 4154, ""requiredPowerMW"": 74.772, ""requiredWaterM3Day"": 7477, ""maintenanceGcuDay"": 35072.83, ""equipmentUnits"": 208, ""constructionSimDays"": 357, ""recipeStatus"": ""CORE_COEFFICIENT_BINDING_REQUIRED"", ""inputCategories"": [""LABOUR"", ""MACHINERY"", ""ELECTRICITY""], ""gridNodeId"": ""GRID-visual-territory-02"", ""accessNodeId"": ""SF011"", ""capacityBasis"": ""GEOGRAPHIC_SCENARIO_ESTIMATE""}",4154,0,0,208,90,16616.0,,,UNBUILT_OPTION,,,,,,,,,,,,,,
SF012,visual-territory-03,visual-territory-03-E2,铀矿,PROJECT-03,"[1478, 398]",0.4247,tonne U/sim-day,OP-03,GOV-03,DEVELOPMENT_OPTION,False,False,UNAPPROVED_SCENARIO_ASSET,EXISTING_MAP_POINT,RES102,"{""id"": ""SF012"", ""countryId"": ""visual-territory-03"", ""projectId"": ""PROJECT-03"", ""projectNumber"": 3, ""name"": ""铀矿"", ""lifecycle"": ""CANDIDATE"", ""operational"": false, ""estimatedCapacity"": 0.4247, ""capacityUnit"": ""tonne U/sim-day"", ""requiredWorkers"": 9037, ""requiredPowerMW"": 162.666, ""requiredWaterM3Day"": 16267, ""maintenanceGcuDay"": 72296.01, ""equipmentUnits"": 452, ""constructionSimDays"": 633, ""recipeStatus"": ""CORE_COEFFICIENT_BINDING_REQUIRED"", ""inputCategories"": [""LABOUR"", ""MACHINERY"", ""ELECTRICITY"", ""URANIUM_DEVELOPED_RESERVE""], ""gridNodeId"": ""GRID-visual-territory-03"", ""accessNodeId"": ""SF012"", ""capacityBasis"": ""GEOGRAPHIC_SCENARIO_ESTIMATE""}",9037,0,0,452,90,36148.0,,,UNBUILT_OPTION,,,,,,,,,,,,,,
SF013,visual-territory-03,visual-territory-03-E1,气田开发,PROJECT-02,"[1411, 313]",986766.9176,MMBtu/sim-day,OP-03,GOV-03,DEVELOPMENT_OPTION,False,False,UNAPPROVED_SCENARIO_ASSET,EXISTING_MAP_POINT,RES103,"{""id"": ""SF013"", ""countryId"": ""visual-territory-03"", ""projectId"": ""PROJECT-02"", ""projectNumber"": 2, ""name"": ""气田开发"", ""lifecycle"": ""CANDIDATE"", ""operational"": false, ""estimatedCapacity"": 986766.9176, ""capacityUnit"": ""MMBtu/sim-day"", ""requiredWorkers"": 5648, ""requiredPowerMW"": 101.664, ""requiredWaterM3Day"": 10166, ""maintenanceGcuDay"": 64919.34, ""equipmentUnits"": 282, ""constructionSimDays"": 460, ""recipeStatus"": ""CORE_COEFFICIENT_BINDING_REQUIRED"", ""inputCategories"": [""LABOUR"", ""MACHINERY"", ""ELECTRICITY"", ""NATURAL_GAS_DEVELOPED_RESERVE""], ""gridNodeId"": ""GRID-visual-territory-03"", ""accessNodeId"": ""SF013"", ""capacityBasis"": ""GEOGRAPHIC_SCENARIO_ESTIMATE""}",5648,0,0,283,90,22592.0,,,UNBUILT_OPTION,,,,,,,,,,,,,,
SF014,visual-territory-03,visual-territory-03-E1,铜矿,PROJECT-05,"[1404, 388]",8605.1097,tonne/sim-day,OP-03,GOV-03,DEVELOPMENT_OPTION,False,False,UNAPPROVED_SCENARIO_ASSET,EXISTING_MAP_POINT,RES104,"{""id"": ""SF014"", ""countryId"": ""visual-territory-03"", ""projectId"": ""PROJECT-05"", ""projectNumber"": 5, ""name"": ""铜矿"", ""lifecycle"": ""CANDIDATE"", ""operational"": false, ""estimatedCapacity"": 8605.1097, ""capacityUnit"": ""tonne/sim-day"", ""requiredWorkers"": 9037, ""requiredPowerMW"": 162.666, ""requiredWaterM3Day"": 16267, ""maintenanceGcuDay"": 72468.1, ""equipmentUnits"": 452, ""constructionSimDays"": 642, ""recipeStatus"": ""CORE_COEFFICIENT_BINDING_REQUIRED"", ""inputCategories"": [""LABOUR"", ""MACHINERY"", ""ELECTRICITY"", ""COPPER_DEVELOPED_RESERVE""], ""gridNodeId"": ""GRID-visual-territory-03"", ""accessNodeId"": ""SF014"", ""capacityBasis"": ""GEOGRAPHIC_SCENARIO_ESTIMATE""}",9037,0,0,452,90,36148.0,,,UNBUILT_OPTION,,,,,,,,,,,,,,
SF015,visual-territory-03,visual-territory-03-E2,油田开发,PROJECT-01,"[1469, 336]",362308.2977,barrel/sim-day,OP-03,GOV-03,DEVELOPMENT_OPTION,False,False,UNAPPROVED_SCENARIO_ASSET,EXISTING_MAP_POINT,RES105,"{""id"": ""SF015"", ""countryId"": ""visual-territory-03"", ""projectId"": ""PROJECT-01"", ""projectNumber"": 1, ""name"": ""油田开发"", ""lifecycle"": ""CANDIDATE"", ""operational"": false, ""estimatedCapacity"": 362308.2977, ""capacityUnit"": ""barrel/sim-day"", ""requiredWorkers"": 5648, ""requiredPowerMW"": 101.664, ""requiredWaterM3Day"": 10166, ""maintenanceGcuDay"": 52430.17, ""equipmentUnits"": 282, ""constructionSimDays"": 453, ""recipeStatus"": ""CORE_COEFFICIENT_BINDING_REQUIRED"", ""inputCategories"": [""LABOUR"", ""MACHINERY"", ""ELECTRICITY"", ""CRUDE_OIL_DEVELOPED_RESERVE""], ""gridNodeId"": ""GRID-visual-territory-03"", ""accessNodeId"": ""SF015"", ""capacityBasis"": ""GEOGRAPHIC_SCENARIO_ESTIMATE""}",5648,0,0,283,90,22592.0,,,UNBUILT_OPTION,,,,,,,,,,,,,,
SF016,visual-territory-03,visual-territory-03-E1,太阳能设施,PROJECT-10,"[1436, 433]",113422.96,MW,OP-03,GOV-03,DEVELOPMENT_OPTION,False,False,UNAPPROVED_SCENARIO_ASSET,EXISTING_MAP_POINT,,"{""id"": ""SF016"", ""countryId"": ""visual-territory-03"", ""projectId"": ""PROJECT-10"", ""projectNumber"": 10, ""name"": ""太阳能设施"", ""lifecycle"": ""CANDIDATE"", ""operational"": false, ""estimatedCapacity"": 113422.96, ""capacityUnit"": ""MW"", ""requiredWorkers"": 5648, ""requiredPowerMW"": 101.664, ""requiredWaterM3Day"": 10166, ""maintenanceGcuDay"": 47452.46, ""equipmentUnits"": 282, ""constructionSimDays"": 447, ""recipeStatus"": ""CORE_COEFFICIENT_BINDING_REQUIRED"", ""inputCategories"": [""LABOUR"", ""MACHINERY"", ""ELECTRICITY""], ""gridNodeId"": ""GRID-visual-territory-03"", ""accessNodeId"": ""SF016"", ""capacityBasis"": ""GEOGRAPHIC_SCENARIO_ESTIMATE""}",5648,0,0,283,90,22592.0,,,UNBUILT_OPTION,,,,,,,,,,,,,,
SF017,visual-territory-03,visual-territory-03-E1,风能设施,PROJECT-11,"[1444, 371]",113422.96,MW,OP-03,GOV-03,DEVELOPMENT_OPTION,False,False,UNAPPROVED_SCENARIO_ASSET,EXISTING_MAP_POINT,,"{""id"": ""SF017"", ""countryId"": ""visual-territory-03"", ""projectId"": ""PROJECT-11"", ""projectNumber"": 11, ""name"": ""风能设施"", ""lifecycle"": ""CANDIDATE"", ""operational"": false, ""estimatedCapacity"": 113422.96, ""capacityUnit"": ""MW"", ""requiredWorkers"": 5648, ""requiredPowerMW"": 101.664, ""requiredWaterM3Day"": 10166, ""maintenanceGcuDay"": 47452.46, ""equipmentUnits"": 282, ""constructionSimDays"": 447, ""recipeStatus"": ""CORE_COEFFICIENT_BINDING_REQUIRED"", ""inputCategories"": [""LABOUR"", ""MACHINERY"", ""ELECTRICITY""], ""gridNodeId"": ""GRID-visual-territory-03"", ""accessNodeId"": ""SF017"", ""capacityBasis"": ""GEOGRAPHIC_SCENARIO_ESTIMATE""}",5648,0,0,283,90,22592.0,,,UNBUILT_OPTION,,,,,,,,,,,,,,
SF018,visual-territory-03,visual-territory-03-E2,物流枢纽,PROJECT-25,"[1497, 364]",113422.96,tonne/sim-day,OP-03,GOV-03,DEVELOPMENT_OPTION,False,False,UNAPPROVED_SCENARIO_ASSET,EXISTING_MAP_POINT,,"{""id"": ""SF018"", ""countryId"": ""visual-territory-03"", ""projectId"": ""PROJECT-25"", ""projectNumber"": 25, ""name"": ""物流枢纽"", ""lifecycle"": ""CANDIDATE"", ""operational"": false, ""estimatedCapacity"": 113422.96, ""capacityUnit"": ""tonne/sim-day"", ""requiredWorkers"": 5648, ""requiredPowerMW"": 101.664, ""requiredWaterM3Day"": 10166, ""maintenanceGcuDay"": 47452.46, ""equipmentUnits"": 282, ""constructionSimDays"": 447, ""recipeStatus"": ""CORE_COEFFICIENT_BINDING_REQUIRED"", ""inputCategories"": [""LABOUR"", ""MACHINERY"", ""ELECTRICITY""], ""gridNodeId"": ""GRID-visual-territory-03"", ""accessNodeId"": ""SF018"", ""capacityBasis"": ""GEOGRAPHIC_SCENARIO_ESTIMATE""}",5648,0,0,283,90,22592.0,,,UNBUILT_OPTION,,,,,,,,,,,,,,
SF019,visual-territory-03,visual-territory-03-E1,基础教育设施,PROJECT-31,"[1435, 338]",113422.96,student-seat,OP-03,GOV-03,DEVELOPMENT_OPTION,False,False,UNAPPROVED_SCENARIO_ASSET,EXISTING_MAP_POINT,,"{""id"": ""SF019"", ""countryId"": ""visual-territory-03"", ""projectId"": ""PROJECT-31"", ""projectNumber"": 31, ""name"": ""基础教育设施"", ""lifecycle"": ""CANDIDATE"", ""operational"": false, ""estimatedCapacity"": 113422.96, ""capacityUnit"": ""student-seat"", ""requiredWorkers"": 5648, ""requiredPowerMW"": 101.664, ""requiredWaterM3Day"": 10166, ""maintenanceGcuDay"": 47452.46, ""equipmentUnits"": 282, ""constructionSimDays"": 447, ""recipeStatus"": ""CORE_COEFFICIENT_BINDING_REQUIRED"", ""inputCategories"": [""LABOUR"", ""MACHINERY"", ""ELECTRICITY""], ""gridNodeId"": ""GRID-visual-territory-03"", ""accessNodeId"": ""SF019"", ""capacityBasis"": ""GEOGRAPHIC_SCENARIO_ESTIMATE""}",5648,0,0,283,90,22592.0,,,UNBUILT_OPTION,,,,,,,,,,,,,,
SF020,visual-territory-03,visual-territory-03-E1,基层医疗设施,PROJECT-34,"[1433, 401]",113422.96,patient-visit/sim-day,OP-03,GOV-03,DEVELOPMENT_OPTION,False,False,UNAPPROVED_SCENARIO_ASSET,EXISTING_MAP_POINT,,"{""id"": ""SF020"", ""countryId"": ""visual-territory-03"", ""projectId"": ""PROJECT-34"", ""projectNumber"": 34, ""name"": ""基层医疗设施"", ""lifecycle"": ""CANDIDATE"", ""operational"": false, ""estimatedCapacity"": 113422.96, ""capacityUnit"": ""patient-visit/sim-day"", ""requiredWorkers"": 5648, ""requiredPowerMW"": 101.664, ""requiredWaterM3Day"": 10166, ""maintenanceGcuDay"": 47452.46, ""equipmentUnits"": 282, ""constructionSimDays"": 447, ""recipeStatus"": ""CORE_COEFFICIENT_BINDING_REQUIRED"", ""inputCategories"": [""LABOUR"", ""MACHINERY"", ""ELECTRICITY""], ""gridNodeId"": ""GRID-visual-territory-03"", ""accessNodeId"": ""SF020"", ""capacityBasis"": ""GEOGRAPHIC_SCENARIO_ESTIMATE""}",5648,0,0,283,90,22592.0,,,UNBUILT_OPTION,,,,,,,,,,,,,,
SF021,visual-territory-04,visual-territory-04-E1,铁矿,PROJECT-04,"[1510, 368]",101910.3609,tonne/sim-day,OP-04,GOV-04,DEVELOPMENT_OPTION,False,False,UNAPPROVED_SCENARIO_ASSET,EXISTING_MAP_POINT,RES20,"{""id"": ""SF021"", ""countryId"": ""visual-territory-04"", ""projectId"": ""PROJECT-04"", ""projectNumber"": 4, ""name"": ""铁矿"", ""lifecycle"": ""CANDIDATE"", ""operational"": false, ""estimatedCapacity"": 101910.3609, ""capacityUnit"": ""tonne/sim-day"", ""requiredWorkers"": 8912, ""requiredPowerMW"": 160.416, ""requiredWaterM3Day"": 16042, ""maintenanceGcuDay"": 73334.21, ""equipmentUnits"": 446, ""constructionSimDays"": 643, ""recipeStatus"": ""CORE_COEFFICIENT_BINDING_REQUIRED"", ""inputCategories"": [""LABOUR"", ""MACHINERY"", ""ELECTRICITY"", ""IRON_ORE_DEVELOPED_RESERVE""], ""gridNodeId"": ""GRID-visual-territory-04"", ""accessNodeId"": ""SF021"", ""capacityBasis"": ""GEOGRAPHIC_SCENARIO_ESTIMATE""}",8912,0,0,446,90,35648.0,,,UNBUILT_OPTION,,,,,,,,,,,,,,
SF022,visual-territory-04,visual-territory-04-E1,气田开发,PROJECT-02,"[1515, 307]",690206.8722,MMBtu/sim-day,OP-04,GOV-04,DEVELOPMENT_OPTION,False,False,UNAPPROVED_SCENARIO_ASSET,EXISTING_MAP_POINT,RES57,"{""id"": ""SF022"", ""countryId"": ""visual-territory-04"", ""projectId"": ""PROJECT-02"", ""projectNumber"": 2, ""name"": ""气田开发"", ""lifecycle"": ""CANDIDATE"", ""operational"": false, ""estimatedCapacity"": 690206.8722, ""capacityUnit"": ""MMBtu/sim-day"", ""requiredWorkers"": 5570, ""requiredPowerMW"": 100.26, ""requiredWaterM3Day"": 10026, ""maintenanceGcuDay"": 58364.14, ""equipmentUnits"": 278, ""constructionSimDays"": 453, ""recipeStatus"": ""CORE_COEFFICIENT_BINDING_REQUIRED"", ""inputCategories"": [""LABOUR"", ""MACHINERY"", ""ELECTRICITY"", ""NATURAL_GAS_DEVELOPED_RESERVE""], ""gridNodeId"": ""GRID-visual-territory-04"", ""accessNodeId"": ""SF022"", ""capacityBasis"": ""GEOGRAPHIC_SCENARIO_ESTIMATE""}",5570,0,0,279,90,22280.0,,,UNBUILT_OPTION,,,,,,,,,,,,,,
SF023,visual-territory-04,visual-territory-04-E2,铁矿,PROJECT-04,"[1529, 264]",183701.8233,tonne/sim-day,OP-04,GOV-04,DEVELOPMENT_OPTION,False,False,UNAPPROVED_SCENARIO_ASSET,EXISTING_MAP_POINT,RES82,"{""id"": ""SF023"", ""countryId"": ""visual-territory-04"", ""projectId"": ""PROJECT-04"", ""projectNumber"": 4, ""name"": ""铁矿"", ""lifecycle"": ""CANDIDATE"", ""operational"": false, ""estimatedCapacity"": 183701.8233, ""capacityUnit"": ""tonne/sim-day"", ""requiredWorkers"": 8912, ""requiredPowerMW"": 160.416, ""requiredWaterM3Day"": 16042, ""maintenanceGcuDay"": 74970.04, ""equipmentUnits"": 446, ""constructionSimDays"": 645, ""recipeStatus"": ""CORE_COEFFICIENT_BINDING_REQUIRED"", ""inputCategories"": [""LABOUR"", ""MACHINERY"", ""ELECTRICITY"", ""IRON_ORE_DEVELOPED_RESERVE""], ""gridNodeId"": ""GRID-visual-territory-04"", ""accessNodeId"": ""SF023"", ""capacityBasis"": ""GEOGRAPHIC_SCENARIO_ESTIMATE""}",8912,0,0,446,90,35648.0,,,UNBUILT_OPTION,,,,,,,,,,,,,,
SF024,visual-territory-04,visual-territory-04-E1,油田开发,PROJECT-01,"[1462, 278]",562630.7642,barrel/sim-day,OP-04,GOV-04,DEVELOPMENT_OPTION,False,False,UNAPPROVED_SCENARIO_ASSET,EXISTING_MAP_POINT,RES106,"{""id"": ""SF024"", ""countryId"": ""visual-territory-04"", ""projectId"": ""PROJECT-01"", ""projectNumber"": 1, ""name"": ""油田开发"", ""lifecycle"": ""CANDIDATE"", ""operational"": false, ""estimatedCapacity"": 562630.7642, ""capacityUnit"": ""barrel/sim-day"", ""requiredWorkers"": 5570, ""requiredPowerMW"": 100.26, ""requiredWaterM3Day"": 10026, ""maintenanceGcuDay"": 55812.62, ""equipmentUnits"": 278, ""constructionSimDays"": 452, ""recipeStatus"": ""CORE_COEFFICIENT_BINDING_REQUIRED"", ""inputCategories"": [""LABOUR"", ""MACHINERY"", ""ELECTRICITY"", ""CRUDE_OIL_DEVELOPED_RESERVE""], ""gridNodeId"": ""GRID-visual-territory-04"", ""accessNodeId"": ""SF024"", ""capacityBasis"": ""GEOGRAPHIC_SCENARIO_ESTIMATE""}",5570,0,0,279,90,22280.0,,,UNBUILT_OPTION,,,,,,,,,,,,,,
SF025,visual-territory-04,visual-territory-04-E2,太阳能设施,PROJECT-10,"[1561, 342]",124090.44,MW,OP-04,GOV-04,DEVELOPMENT_OPTION,False,False,UNAPPROVED_SCENARIO_ASSET,EXISTING_MAP_POINT,,"{""id"": ""SF025"", ""countryId"": ""visual-territory-04"", ""projectId"": ""PROJECT-10"", ""projectNumber"": 10, ""name"": ""太阳能设施"", ""lifecycle"": ""CANDIDATE"", ""operational"": false, ""estimatedCapacity"": 124090.44, ""capacityUnit"": ""MW"", ""requiredWorkers"": 5570, ""requiredPowerMW"": 100.26, ""requiredWaterM3Day"": 10026, ""maintenanceGcuDay"": 47041.81, ""equipmentUnits"": 278, ""constructionSimDays"": 443, ""recipeStatus"": ""CORE_COEFFICIENT_BINDING_REQUIRED"", ""inputCategories"": [""LABOUR"", ""MACHINERY"", ""ELECTRICITY""], ""gridNodeId"": ""GRID-visual-territory-04"", ""accessNodeId"": ""SF025"", ""capacityBasis"": ""GEOGRAPHIC_SCENARIO_ESTIMATE""}",5570,0,0,279,90,22280.0,,,UNBUILT_OPTION,,,,,,,,,,,,,,
SF026,visual-territory-04,visual-territory-04-E2,风能设施,PROJECT-11,"[1559, 224]",124090.44,MW,OP-04,GOV-04,DEVELOPMENT_OPTION,False,False,UNAPPROVED_SCENARIO_ASSET,EXISTING_MAP_POINT,,"{""id"": ""SF026"", ""countryId"": ""visual-territory-04"", ""projectId"": ""PROJECT-11"", ""projectNumber"": 11, ""name"": ""风能设施"", ""lifecycle"": ""CANDIDATE"", ""operational"": false, ""estimatedCapacity"": 124090.44, ""capacityUnit"": ""MW"", ""requiredWorkers"": 5570, ""requiredPowerMW"": 100.26, ""requiredWaterM3Day"": 10026, ""maintenanceGcuDay"": 47041.81, ""equipmentUnits"": 278, ""constructionSimDays"": 443, ""recipeStatus"": ""CORE_COEFFICIENT_BINDING_REQUIRED"", ""inputCategories"": [""LABOUR"", ""MACHINERY"", ""ELECTRICITY""], ""gridNodeId"": ""GRID-visual-territory-04"", ""accessNodeId"": ""SF026"", ""capacityBasis"": ""GEOGRAPHIC_SCENARIO_ESTIMATE""}",5570,0,0,279,90,22280.0,,,UNBUILT_OPTION,,,,,,,,,,,,,,
SF027,visual-territory-04,visual-territory-04-E1,物流枢纽,PROJECT-25,"[1481, 334]",124090.44,tonne/sim-day,OP-04,GOV-04,DEVELOPMENT_OPTION,False,False,UNAPPROVED_SCENARIO_ASSET,EXISTING_MAP_POINT,,"{""id"": ""SF027"", ""countryId"": ""visual-territory-04"", ""projectId"": ""PROJECT-25"", ""projectNumber"": 25, ""name"": ""物流枢纽"", ""lifecycle"": ""CANDIDATE"", ""operational"": false, ""estimatedCapacity"": 124090.44, ""capacityUnit"": ""tonne/sim-day"", ""requiredWorkers"": 5570, ""requiredPowerMW"": 100.26, ""requiredWaterM3Day"": 10026, ""maintenanceGcuDay"": 47041.81, ""equipmentUnits"": 278, ""constructionSimDays"": 443, ""recipeStatus"": ""CORE_COEFFICIENT_BINDING_REQUIRED"", ""inputCategories"": [""LABOUR"", ""MACHINERY"", ""ELECTRICITY""], ""gridNodeId"": ""GRID-visual-territory-04"", ""accessNodeId"": ""SF027"", ""capacityBasis"": ""GEOGRAPHIC_SCENARIO_ESTIMATE""}",5570,0,0,279,90,22280.0,,,UNBUILT_OPTION,,,,,,,,,,,,,,
SF028,visual-territory-05,visual-territory-05-E1,锂矿,PROJECT-06,"[1556, 356]",63.0215,tonne LCE/sim-day,OP-05,GOV-05,DEVELOPMENT_OPTION,False,False,UNAPPROVED_SCENARIO_ASSET,EXISTING_MAP_POINT,RES107,"{""id"": ""SF028"", ""countryId"": ""visual-territory-05"", ""projectId"": ""PROJECT-06"", ""projectNumber"": 6, ""name"": ""锂矿"", ""lifecycle"": ""CANDIDATE"", ""operational"": false, ""estimatedCapacity"": 63.0215, ""capacityUnit"": ""tonne LCE/sim-day"", ""requiredWorkers"": 7184, ""requiredPowerMW"": 129.312, ""requiredWaterM3Day"": 12931, ""maintenanceGcuDay"": 57473.26, ""equipmentUnits"": 359, ""constructionSimDays"": 524, ""recipeStatus"": ""CORE_COEFFICIENT_BINDING_REQUIRED"", ""inputCategories"": [""LABOUR"", ""MACHINERY"", ""ELECTRICITY"", ""LITHIUM_DEVELOPED_RESERVE""], ""gridNodeId"": ""GRID-visual-territory-05"", ""accessNodeId"": ""SF028"", ""capacityBasis"": ""GEOGRAPHIC_SCENARIO_ESTIMATE""}",7184,0,0,360,90,28736.0,,,UNBUILT_OPTION,,,,,,,,,,,,,,
SF029,visual-territory-05,visual-territory-05-E2,气田开发,PROJECT-02,"[1645, 382]",811182.4212,MMBtu/sim-day,OP-05,GOV-05,DEVELOPMENT_OPTION,False,False,UNAPPROVED_SCENARIO_ASSET,EXISTING_MAP_POINT,RES108,"{""id"": ""SF029"", ""countryId"": ""visual-territory-05"", ""projectId"": ""PROJECT-02"", ""projectNumber"": 2, ""name"": ""气田开发"", ""lifecycle"": ""CANDIDATE"", ""operational"": false, ""estimatedCapacity"": 811182.4212, ""capacityUnit"": ""MMBtu/sim-day"", ""requiredWorkers"": 4490, ""requiredPowerMW"": 80.82, ""requiredWaterM3Day"": 8082, ""maintenanceGcuDay"": 52143.65, ""equipmentUnits"": 224, ""constructionSimDays"": 389, ""recipeStatus"": ""CORE_COEFFICIENT_BINDING_REQUIRED"", ""inputCategories"": [""LABOUR"", ""MACHINERY"", ""ELECTRICITY"", ""NATURAL_GAS_DEVELOPED_RESERVE""], ""gridNodeId"": ""GRID-visual-territory-05"", ""accessNodeId"": ""SF029"", ""capacityBasis"": ""GEOGRAPHIC_SCENARIO_ESTIMATE""}",4490,0,0,225,90,17960.0,,,UNBUILT_OPTION,,,,,,,,,,,,,,
SF030,visual-territory-05,visual-territory-05-E1,油田开发,PROJECT-01,"[1593, 418]",392918.6769,barrel/sim-day,OP-05,GOV-05,DEVELOPMENT_OPTION,False,False,UNAPPROVED_SCENARIO_ASSET,EXISTING_MAP_POINT,RES109,"{""id"": ""SF030"", ""countryId"": ""visual-territory-05"", ""projectId"": ""PROJECT-01"", ""projectNumber"": 1, ""name"": ""油田开发"", ""lifecycle"": ""CANDIDATE"", ""operational"": false, ""estimatedCapacity"": 392918.6769, ""capacityUnit"": ""barrel/sim-day"", ""requiredWorkers"": 4490, ""requiredPowerMW"": 80.82, ""requiredWaterM3Day"": 8082, ""maintenanceGcuDay"": 43778.37, ""equipmentUnits"": 224, ""constructionSimDays"": 384, ""recipeStatus"": ""CORE_COEFFICIENT_BINDING_REQUIRED"", ""inputCategories"": [""LABOUR"", ""MACHINERY"", ""ELECTRICITY"", ""CRUDE_OIL_DEVELOPED_RESERVE""], ""gridNodeId"": ""GRID-visual-territory-05"", ""accessNodeId"": ""SF030"", ""capacityBasis"": ""GEOGRAPHIC_SCENARIO_ESTIMATE""}",4490,0,0,225,90,17960.0,,,UNBUILT_OPTION,,,,,,,,,,,,,,
SF031,visual-territory-05,visual-territory-05-E2,铜矿,PROJECT-05,"[1612, 327]",3026.8803,tonne/sim-day,OP-05,GOV-05,DEVELOPMENT_OPTION,False,False,UNAPPROVED_SCENARIO_ASSET,EXISTING_MAP_POINT,RES110,"{""id"": ""SF031"", ""countryId"": ""visual-territory-05"", ""projectId"": ""PROJECT-05"", ""projectNumber"": 5, ""name"": ""铜矿"", ""lifecycle"": ""CANDIDATE"", ""operational"": false, ""estimatedCapacity"": 3026.8803, ""capacityUnit"": ""tonne/sim-day"", ""requiredWorkers"": 7184, ""requiredPowerMW"": 129.312, ""requiredWaterM3Day"": 12931, ""maintenanceGcuDay"": 57532.54, ""equipmentUnits"": 359, ""constructionSimDays"": 528, ""recipeStatus"": ""CORE_COEFFICIENT_BINDING_REQUIRED"", ""inputCategories"": [""LABOUR"", ""MACHINERY"", ""ELECTRICITY"", ""COPPER_DEVELOPED_RESERVE""], ""gridNodeId"": ""GRID-visual-territory-05"", ""accessNodeId"": ""SF031"", ""capacityBasis"": ""GEOGRAPHIC_SCENARIO_ESTIMATE""}",7184,0,0,360,90,28736.0,,,UNBUILT_OPTION,,,,,,,,,,,,,,
SF032,visual-territory-05,visual-territory-05-E2,太阳能设施,PROJECT-10,"[1600, 372]",92168.87,MW,OP-05,GOV-05,DEVELOPMENT_OPTION,False,False,UNAPPROVED_SCENARIO_ASSET,EXISTING_MAP_POINT,,"{""id"": ""SF032"", ""countryId"": ""visual-territory-05"", ""projectId"": ""PROJECT-10"", ""projectNumber"": 10, ""name"": ""太阳能设施"", ""lifecycle"": ""CANDIDATE"", ""operational"": false, ""estimatedCapacity"": 92168.87, ""capacityUnit"": ""MW"", ""requiredWorkers"": 4490, ""requiredPowerMW"": 80.82, ""requiredWaterM3Day"": 8082, ""maintenanceGcuDay"": 37763.38, ""equipmentUnits"": 224, ""constructionSimDays"": 377, ""recipeStatus"": ""CORE_COEFFICIENT_BINDING_REQUIRED"", ""inputCategories"": [""LABOUR"", ""MACHINERY"", ""ELECTRICITY""], ""gridNodeId"": ""GRID-visual-territory-05"", ""accessNodeId"": ""SF032"", ""capacityBasis"": ""GEOGRAPHIC_SCENARIO_ESTIMATE""}",4490,0,0,225,90,17960.0,,,UNBUILT_OPTION,,,,,,,,,,,,,,
SF033,visual-territory-05,visual-territory-05-E1,风能设施,PROJECT-11,"[1574, 323]",92168.87,MW,OP-05,GOV-05,DEVELOPMENT_OPTION,False,False,UNAPPROVED_SCENARIO_ASSET,EXISTING_MAP_POINT,,"{""id"": ""SF033"", ""countryId"": ""visual-territory-05"", ""projectId"": ""PROJECT-11"", ""projectNumber"": 11, ""name"": ""风能设施"", ""lifecycle"": ""CANDIDATE"", ""operational"": false, ""estimatedCapacity"": 92168.87, ""capacityUnit"": ""MW"", ""requiredWorkers"": 4490, ""requiredPowerMW"": 80.82, ""requiredWaterM3Day"": 8082, ""maintenanceGcuDay"": 37763.38, ""equipmentUnits"": 224, ""constructionSimDays"": 377, ""recipeStatus"": ""CORE_COEFFICIENT_BINDING_REQUIRED"", ""inputCategories"": [""LABOUR"", ""MACHINERY"", ""ELECTRICITY""], ""gridNodeId"": ""GRID-visual-territory-05"", ""accessNodeId"": ""SF033"", ""capacityBasis"": ""GEOGRAPHIC_SCENARIO_ESTIMATE""}",4490,0,0,225,90,17960.0,,,UNBUILT_OPTION,,,,,,,,,,,,,,
SF034,visual-territory-05,visual-territory-05-E2,物流枢纽,PROJECT-25,"[1628, 413]",92168.87,tonne/sim-day,OP-05,GOV-05,DEVELOPMENT_OPTION,False,False,UNAPPROVED_SCENARIO_ASSET,EXISTING_MAP_POINT,,"{""id"": ""SF034"", ""countryId"": ""visual-territory-05"", ""projectId"": ""PROJECT-25"", ""projectNumber"": 25, ""name"": ""物流枢纽"", ""lifecycle"": ""CANDIDATE"", ""operational"": false, ""estimatedCapacity"": 92168.87, ""capacityUnit"": ""tonne/sim-day"", ""requiredWorkers"": 4490, ""requiredPowerMW"": 80.82, ""requiredWaterM3Day"": 8082, ""maintenanceGcuDay"": 37763.38, ""equipmentUnits"": 224, ""constructionSimDays"": 377, ""recipeStatus"": ""CORE_COEFFICIENT_BINDING_REQUIRED"", ""inputCategories"": [""LABOUR"", ""MACHINERY"", ""ELECTRICITY""], ""gridNodeId"": ""GRID-visual-territory-05"", ""accessNodeId"": ""SF034"", ""capacityBasis"": ""GEOGRAPHIC_SCENARIO_ESTIMATE""}",4490,0,0,225,90,17960.0,,,UNBUILT_OPTION,,,,,,,,,,,,,,
SF035,visual-territory-06,visual-territory-06-E2,铁矿,PROJECT-04,"[1378, 444]",123100.9722,tonne/sim-day,OP-06,GOV-06,DEVELOPMENT_OPTION,False,False,UNAPPROVED_SCENARIO_ASSET,EXISTING_MAP_POINT,RES81,"{""id"": ""SF035"", ""countryId"": ""visual-territory-06"", ""projectId"": ""PROJECT-04"", ""projectNumber"": 4, ""name"": ""铁矿"", ""lifecycle"": ""CANDIDATE"", ""operational"": false, ""estimatedCapacity"": 123100.9722, ""capacityUnit"": ""tonne/sim-day"", ""requiredWorkers"": 7206, ""requiredPowerMW"": 129.708, ""requiredWaterM3Day"": 12971, ""maintenanceGcuDay"": 60110.02, ""equipmentUnits"": 360, ""constructionSimDays"": 541, ""recipeStatus"": ""CORE_COEFFICIENT_BINDING_REQUIRED"", ""inputCategories"": [""LABOUR"", ""MACHINERY"", ""ELECTRICITY"", ""IRON_ORE_DEVELOPED_RESERVE""], ""gridNodeId"": ""GRID-visual-territory-06"", ""accessNodeId"": ""SF035"", ""capacityBasis"": ""GEOGRAPHIC_SCENARIO_ESTIMATE""}",7206,0,0,361,90,28824.0,,,UNBUILT_OPTION,,,,,,,,,,,,,,
SF036,visual-territory-06,visual-territory-06-E1,气田开发,PROJECT-02,"[1288, 457]",1451157.7149,MMBtu/sim-day,OP-06,GOV-06,DEVELOPMENT_OPTION,False,False,UNAPPROVED_SCENARIO_ASSET,EXISTING_MAP_POINT,RES111,"{""id"": ""SF036"", ""countryId"": ""visual-territory-06"", ""projectId"": ""PROJECT-02"", ""projectNumber"": 2, ""name"": ""气田开发"", ""lifecycle"": ""CANDIDATE"", ""operational"": false, ""estimatedCapacity"": 1451157.7149, ""capacityUnit"": ""MMBtu/sim-day"", ""requiredWorkers"": 4504, ""requiredPowerMW"": 81.072, ""requiredWaterM3Day"": 8107, ""maintenanceGcuDay"": 65055.15, ""equipmentUnits"": 225, ""constructionSimDays"": 395, ""recipeStatus"": ""CORE_COEFFICIENT_BINDING_REQUIRED"", ""inputCategories"": [""LABOUR"", ""MACHINERY"", ""ELECTRICITY"", ""NATURAL_GAS_DEVELOPED_RESERVE""], ""gridNodeId"": ""GRID-visual-territory-06"", ""accessNodeId"": ""SF036"", ""capacityBasis"": ""GEOGRAPHIC_SCENARIO_ESTIMATE""}",4504,0,0,226,90,18016.0,,,UNBUILT_OPTION,,,,,,,,,,,,,,
SF037,visual-territory-06,visual-territory-06-E1,油田开发,PROJECT-01,"[1325, 385]",679260.5305,barrel/sim-day,OP-06,GOV-06,DEVELOPMENT_OPTION,False,False,UNAPPROVED_SCENARIO_ASSET,EXISTING_MAP_POINT,RES112,"{""id"": ""SF037"", ""countryId"": ""visual-territory-06"", ""projectId"": ""PROJECT-01"", ""projectNumber"": 1, ""name"": ""油田开发"", ""lifecycle"": ""CANDIDATE"", ""operational"": false, ""estimatedCapacity"": 679260.5305, ""capacityUnit"": ""barrel/sim-day"", ""requiredWorkers"": 4504, ""requiredPowerMW"": 81.072, ""requiredWaterM3Day"": 8107, ""maintenanceGcuDay"": 49617.21, ""equipmentUnits"": 225, ""constructionSimDays"": 389, ""recipeStatus"": ""CORE_COEFFICIENT_BINDING_REQUIRED"", ""inputCategories"": [""LABOUR"", ""MACHINERY"", ""ELECTRICITY"", ""CRUDE_OIL_DEVELOPED_RESERVE""], ""gridNodeId"": ""GRID-visual-territory-06"", ""accessNodeId"": ""SF037"", ""capacityBasis"": ""GEOGRAPHIC_SCENARIO_ESTIMATE""}",4504,0,0,226,90,18016.0,,,UNBUILT_OPTION,,,,,,,,,,,,,,
SF038,visual-territory-06,visual-territory-06-E1,锂矿,PROJECT-06,"[1349, 501]",157.9666,tonne LCE/sim-day,OP-06,GOV-06,DEVELOPMENT_OPTION,False,False,UNAPPROVED_SCENARIO_ASSET,EXISTING_MAP_POINT,RES113,"{""id"": ""SF038"", ""countryId"": ""visual-territory-06"", ""projectId"": ""PROJECT-06"", ""projectNumber"": 6, ""name"": ""锂矿"", ""lifecycle"": ""CANDIDATE"", ""operational"": false, ""estimatedCapacity"": 157.9666, ""capacityUnit"": ""tonne LCE/sim-day"", ""requiredWorkers"": 7206, ""requiredPowerMW"": 129.708, ""requiredWaterM3Day"": 12971, ""maintenanceGcuDay"": 57651.16, ""equipmentUnits"": 360, ""constructionSimDays"": 526, ""recipeStatus"": ""CORE_COEFFICIENT_BINDING_REQUIRED"", ""inputCategories"": [""LABOUR"", ""MACHINERY"", ""ELECTRICITY"", ""LITHIUM_DEVELOPED_RESERVE""], ""gridNodeId"": ""GRID-visual-territory-06"", ""accessNodeId"": ""SF038"", ""capacityBasis"": ""GEOGRAPHIC_SCENARIO_ESTIMATE""}",7206,0,0,361,90,28824.0,,,UNBUILT_OPTION,,,,,,,,,,,,,,
SF039,visual-territory-06,visual-territory-06-E2,太阳能设施,PROJECT-10,"[1429, 473]",92727.58,MW,OP-06,GOV-06,DEVELOPMENT_OPTION,False,False,UNAPPROVED_SCENARIO_ASSET,EXISTING_MAP_POINT,,"{""id"": ""SF039"", ""countryId"": ""visual-territory-06"", ""projectId"": ""PROJECT-10"", ""projectNumber"": 10, ""name"": ""太阳能设施"", ""lifecycle"": ""CANDIDATE"", ""operational"": false, ""estimatedCapacity"": 92727.58, ""capacityUnit"": ""MW"", ""requiredWorkers"": 4504, ""requiredPowerMW"": 81.072, ""requiredWaterM3Day"": 8107, ""maintenanceGcuDay"": 37886.55, ""equipmentUnits"": 225, ""constructionSimDays"": 378, ""recipeStatus"": ""CORE_COEFFICIENT_BINDING_REQUIRED"", ""inputCategories"": [""LABOUR"", ""MACHINERY"", ""ELECTRICITY""], ""gridNodeId"": ""GRID-visual-territory-06"", ""accessNodeId"": ""SF039"", ""capacityBasis"": ""GEOGRAPHIC_SCENARIO_ESTIMATE""}",4504,0,0,226,90,18016.0,,,UNBUILT_OPTION,,,,,,,,,,,,,,
SF040,visual-territory-06,visual-territory-06-E2,风能设施,PROJECT-11,"[1404, 396]",92727.58,MW,OP-06,GOV-06,DEVELOPMENT_OPTION,False,False,UNAPPROVED_SCENARIO_ASSET,EXISTING_MAP_POINT,,"{""id"": ""SF040"", ""countryId"": ""visual-territory-06"", ""projectId"": ""PROJECT-11"", ""projectNumber"": 11, ""name"": ""风能设施"", ""lifecycle"": ""CANDIDATE"", ""operational"": false, ""estimatedCapacity"": 92727.58, ""capacityUnit"": ""MW"", ""requiredWorkers"": 4504, ""requiredPowerMW"": 81.072, ""requiredWaterM3Day"": 8107, ""maintenanceGcuDay"": 37886.55, ""equipmentUnits"": 225, ""constructionSimDays"": 378, ""recipeStatus"": ""CORE_COEFFICIENT_BINDING_REQUIRED"", ""inputCategories"": [""LABOUR"", ""MACHINERY"", ""ELECTRICITY""], ""gridNodeId"": ""GRID-visual-territory-06"", ""accessNodeId"": ""SF040"", ""capacityBasis"": ""GEOGRAPHIC_SCENARIO_ESTIMATE""}",4504,0,0,226,90,18016.0,,,UNBUILT_OPTION,,,,,,,,,,,,,,
SF041,visual-territory-06,visual-territory-06-E1,物流枢纽,PROJECT-25,"[1331, 433]",92727.58,tonne/sim-day,OP-06,GOV-06,DEVELOPMENT_OPTION,False,False,UNAPPROVED_SCENARIO_ASSET,EXISTING_MAP_POINT,,"{""id"": ""SF041"", ""countryId"": ""visual-territory-06"", ""projectId"": ""PROJECT-25"", ""projectNumber"": 25, ""name"": ""物流枢纽"", ""lifecycle"": ""CANDIDATE"", ""operational"": false, ""estimatedCapacity"": 92727.58, ""capacityUnit"": ""tonne/sim-day"", ""requiredWorkers"": 4504, ""requiredPowerMW"": 81.072, ""requiredWaterM3Day"": 8107, ""maintenanceGcuDay"": 37886.55, ""equipmentUnits"": 225, ""constructionSimDays"": 378, ""recipeStatus"": ""CORE_COEFFICIENT_BINDING_REQUIRED"", ""inputCategories"": [""LABOUR"", ""MACHINERY"", ""ELECTRICITY""], ""gridNodeId"": ""GRID-visual-territory-06"", ""accessNodeId"": ""SF041"", ""capacityBasis"": ""GEOGRAPHIC_SCENARIO_ESTIMATE""}",4504,0,0,226,90,18016.0,,,UNBUILT_OPTION,,,,,,,,,,,,,,
SF042,visual-territory-07,visual-territory-07-E1,锂矿,PROJECT-06,"[1446, 427]",104.5683,tonne LCE/sim-day,OP-07,GOV-07,DEVELOPMENT_OPTION,False,False,UNAPPROVED_SCENARIO_ASSET,EXISTING_MAP_POINT,RES70,"{""id"": ""SF042"", ""countryId"": ""visual-territory-07"", ""projectId"": ""PROJECT-06"", ""projectNumber"": 6, ""name"": ""锂矿"", ""lifecycle"": ""CANDIDATE"", ""operational"": false, ""estimatedCapacity"": 104.5683, ""capacityUnit"": ""tonne LCE/sim-day"", ""requiredWorkers"": 7310, ""requiredPowerMW"": 131.58, ""requiredWaterM3Day"": 13158, ""maintenanceGcuDay"": 58482.09, ""equipmentUnits"": 366, ""constructionSimDays"": 532, ""recipeStatus"": ""CORE_COEFFICIENT_BINDING_REQUIRED"", ""inputCategories"": [""LABOUR"", ""MACHINERY"", ""ELECTRICITY"", ""LITHIUM_DEVELOPED_RESERVE""], ""gridNodeId"": ""GRID-visual-territory-07"", ""accessNodeId"": ""SF042"", ""capacityBasis"": ""GEOGRAPHIC_SCENARIO_ESTIMATE""}",7310,0,0,366,90,29240.0,,,UNBUILT_OPTION,,,,,,,,,,,,,,
SF043,visual-territory-07,visual-territory-07-E2,气田开发,PROJECT-02,"[1525, 467]",1042797.6218,MMBtu/sim-day,OP-07,GOV-07,DEVELOPMENT_OPTION,False,False,UNAPPROVED_SCENARIO_ASSET,EXISTING_MAP_POINT,RES114,"{""id"": ""SF043"", ""countryId"": ""visual-territory-07"", ""projectId"": ""PROJECT-02"", ""projectNumber"": 2, ""name"": ""气田开发"", ""lifecycle"": ""CANDIDATE"", ""operational"": false, ""estimatedCapacity"": 1042797.6218, ""capacityUnit"": ""MMBtu/sim-day"", ""requiredWorkers"": 4569, ""requiredPowerMW"": 82.242, ""requiredWaterM3Day"": 8224, ""maintenanceGcuDay"": 57407.95, ""equipmentUnits"": 228, ""constructionSimDays"": 396, ""recipeStatus"": ""CORE_COEFFICIENT_BINDING_REQUIRED"", ""inputCategories"": [""LABOUR"", ""MACHINERY"", ""ELECTRICITY"", ""NATURAL_GAS_DEVELOPED_RESERVE""], ""gridNodeId"": ""GRID-visual-territory-07"", ""accessNodeId"": ""SF043"", ""capacityBasis"": ""GEOGRAPHIC_SCENARIO_ESTIMATE""}",4569,0,0,229,90,18276.0,,,UNBUILT_OPTION,,,,,,,,,,,,,,
SF044,visual-territory-07,visual-territory-07-E1,油田开发,PROJECT-01,"[1437, 486]",492478.8321,barrel/sim-day,OP-07,GOV-07,DEVELOPMENT_OPTION,False,False,UNAPPROVED_SCENARIO_ASSET,EXISTING_MAP_POINT,RES115,"{""id"": ""SF044"", ""countryId"": ""visual-territory-07"", ""projectId"": ""PROJECT-01"", ""projectNumber"": 1, ""name"": ""油田开发"", ""lifecycle"": ""CANDIDATE"", ""operational"": false, ""estimatedCapacity"": 492478.8321, ""capacityUnit"": ""barrel/sim-day"", ""requiredWorkers"": 4569, ""requiredPowerMW"": 82.242, ""requiredWaterM3Day"": 8224, ""maintenanceGcuDay"": 46401.58, ""equipmentUnits"": 228, ""constructionSimDays"": 391, ""recipeStatus"": ""CORE_COEFFICIENT_BINDING_REQUIRED"", ""inputCategories"": [""LABOUR"", ""MACHINERY"", ""ELECTRICITY"", ""CRUDE_OIL_DEVELOPED_RESERVE""], ""gridNodeId"": ""GRID-visual-territory-07"", ""accessNodeId"": ""SF044"", ""capacityBasis"": ""GEOGRAPHIC_SCENARIO_ESTIMATE""}",4569,0,0,229,90,18276.0,,,UNBUILT_OPTION,,,,,,,,,,,,,,
SF045,visual-territory-07,visual-territory-07-E2,太阳能设施,PROJECT-10,"[1494, 389]",95421.95,MW,OP-07,GOV-07,DEVELOPMENT_OPTION,False,False,UNAPPROVED_SCENARIO_ASSET,EXISTING_MAP_POINT,,"{""id"": ""SF045"", ""countryId"": ""visual-territory-07"", ""projectId"": ""PROJECT-10"", ""projectNumber"": 10, ""name"": ""太阳能设施"", ""lifecycle"": ""CANDIDATE"", ""operational"": false, ""estimatedCapacity"": 95421.95, ""capacityUnit"": ""MW"", ""requiredWorkers"": 4569, ""requiredPowerMW"": 82.242, ""requiredWaterM3Day"": 8224, ""maintenanceGcuDay"": 38460.44, ""equipmentUnits"": 228, ""constructionSimDays"": 382, ""recipeStatus"": ""CORE_COEFFICIENT_BINDING_REQUIRED"", ""inputCategories"": [""LABOUR"", ""MACHINERY"", ""ELECTRICITY""], ""gridNodeId"": ""GRID-visual-territory-07"", ""accessNodeId"": ""SF045"", ""capacityBasis"": ""GEOGRAPHIC_SCENARIO_ESTIMATE""}",4569,0,0,229,90,18276.0,,,UNBUILT_OPTION,,,,,,,,,,,,,,
SF046,visual-territory-07,visual-territory-07-E2,风能设施,PROJECT-11,"[1502, 431]",95421.95,MW,OP-07,GOV-07,DEVELOPMENT_OPTION,False,False,UNAPPROVED_SCENARIO_ASSET,EXISTING_MAP_POINT,,"{""id"": ""SF046"", ""countryId"": ""visual-territory-07"", ""projectId"": ""PROJECT-11"", ""projectNumber"": 11, ""name"": ""风能设施"", ""lifecycle"": ""CANDIDATE"", ""operational"": false, ""estimatedCapacity"": 95421.95, ""capacityUnit"": ""MW"", ""requiredWorkers"": 4569, ""requiredPowerMW"": 82.242, ""requiredWaterM3Day"": 8224, ""maintenanceGcuDay"": 38460.44, ""equipmentUnits"": 228, ""constructionSimDays"": 382, ""recipeStatus"": ""CORE_COEFFICIENT_BINDING_REQUIRED"", ""inputCategories"": [""LABOUR"", ""MACHINERY"", ""ELECTRICITY""], ""gridNodeId"": ""GRID-visual-territory-07"", ""accessNodeId"": ""SF046"", ""capacityBasis"": ""GEOGRAPHIC_SCENARIO_ESTIMATE""}",4569,0,0,229,90,18276.0,,,UNBUILT_OPTION,,,,,,,,,,,,,,
SF047,visual-territory-07,visual-territory-07-E1,物流枢纽,PROJECT-25,"[1428, 454]",95421.95,tonne/sim-day,OP-07,GOV-07,DEVELOPMENT_OPTION,False,False,UNAPPROVED_SCENARIO_ASSET,EXISTING_MAP_POINT,,"{""id"": ""SF047"", ""countryId"": ""visual-territory-07"", ""projectId"": ""PROJECT-25"", ""projectNumber"": 25, ""name"": ""物流枢纽"", ""lifecycle"": ""CANDIDATE"", ""operational"": false, ""estimatedCapacity"": 95421.95, ""capacityUnit"": ""tonne/sim-day"", ""requiredWorkers"": 4569, ""requiredPowerMW"": 82.242, ""requiredWaterM3Day"": 8224, ""maintenanceGcuDay"": 38460.44, ""equipmentUnits"": 228, ""constructionSimDays"": 382, ""recipeStatus"": ""CORE_COEFFICIENT_BINDING_REQUIRED"", ""inputCategories"": [""LABOUR"", ""MACHINERY"", ""ELECTRICITY""], ""gridNodeId"": ""GRID-visual-territory-07"", ""accessNodeId"": ""SF047"", ""capacityBasis"": ""GEOGRAPHIC_SCENARIO_ESTIMATE""}",4569,0,0,229,90,18276.0,,,UNBUILT_OPTION,,,,,,,,,,,,,,
SF048,visual-territory-08,visual-territory-08-E2,铜矿,PROJECT-05,"[1554, 399]",2975.7744,tonne/sim-day,OP-08,GOV-08,DEVELOPMENT_OPTION,False,False,UNAPPROVED_SCENARIO_ASSET,EXISTING_MAP_POINT,RES87,"{""id"": ""SF048"", ""countryId"": ""visual-territory-08"", ""projectId"": ""PROJECT-05"", ""projectNumber"": 5, ""name"": ""铜矿"", ""lifecycle"": ""CANDIDATE"", ""operational"": false, ""estimatedCapacity"": 2975.7744, ""capacityUnit"": ""tonne/sim-day"", ""requiredWorkers"": 7526, ""requiredPowerMW"": 135.468, ""requiredWaterM3Day"": 13547, ""maintenanceGcuDay"": 60267.52, ""equipmentUnits"": 376, ""constructionSimDays"": 549, ""recipeStatus"": ""CORE_COEFFICIENT_BINDING_REQUIRED"", ""inputCategories"": [""LABOUR"", ""MACHINERY"", ""ELECTRICITY"", ""COPPER_DEVELOPED_RESERVE""], ""gridNodeId"": ""GRID-visual-territory-08"", ""accessNodeId"": ""SF048"", ""capacityBasis"": ""GEOGRAPHIC_SCENARIO_ESTIMATE""}",7526,0,0,377,90,30104.0,,,UNBUILT_OPTION,,,,,,,,,,,,,,
SF049,visual-territory-08,visual-territory-08-E2,气田开发,PROJECT-02,"[1546, 482]",971670.0515,MMBtu/sim-day,OP-08,GOV-08,DEVELOPMENT_OPTION,False,False,UNAPPROVED_SCENARIO_ASSET,EXISTING_MAP_POINT,RES116,"{""id"": ""SF049"", ""countryId"": ""visual-territory-08"", ""projectId"": ""PROJECT-02"", ""projectNumber"": 2, ""name"": ""气田开发"", ""lifecycle"": ""CANDIDATE"", ""operational"": false, ""estimatedCapacity"": 971670.0515, ""capacityUnit"": ""MMBtu/sim-day"", ""requiredWorkers"": 4704, ""requiredPowerMW"": 84.672, ""requiredWaterM3Day"": 8467, ""maintenanceGcuDay"": 57065.4, ""equipmentUnits"": 235, ""constructionSimDays"": 404, ""recipeStatus"": ""CORE_COEFFICIENT_BINDING_REQUIRED"", ""inputCategories"": [""LABOUR"", ""MACHINERY"", ""ELECTRICITY"", ""NATURAL_GAS_DEVELOPED_RESERVE""], ""gridNodeId"": ""GRID-visual-territory-08"", ""accessNodeId"": ""SF049"", ""capacityBasis"": ""GEOGRAPHIC_SCENARIO_ESTIMATE""}",4704,0,0,236,90,18816.0,,,UNBUILT_OPTION,,,,,,,,,,,,,,
SF050,visual-territory-08,visual-territory-08-E1,铁矿,PROJECT-04,"[1495, 388]",60790.9528,tonne/sim-day,OP-08,GOV-08,DEVELOPMENT_OPTION,False,False,UNAPPROVED_SCENARIO_ASSET,EXISTING_MAP_POINT,RES117,"{""id"": ""SF050"", ""countryId"": ""visual-territory-08"", ""projectId"": ""PROJECT-04"", ""projectNumber"": 4, ""name"": ""铁矿"", ""lifecycle"": ""CANDIDATE"", ""operational"": false, ""estimatedCapacity"": 60790.9528, ""capacityUnit"": ""tonne/sim-day"", ""requiredWorkers"": 7526, ""requiredPowerMW"": 135.468, ""requiredWaterM3Day"": 13547, ""maintenanceGcuDay"": 61423.82, ""equipmentUnits"": 376, ""constructionSimDays"": 557, ""recipeStatus"": ""CORE_COEFFICIENT_BINDING_REQUIRED"", ""inputCategories"": [""LABOUR"", ""MACHINERY"", ""ELECTRICITY"", ""IRON_ORE_DEVELOPED_RESERVE""], ""gridNodeId"": ""GRID-visual-territory-08"", ""accessNodeId"": ""SF050"", ""capacityBasis"": ""GEOGRAPHIC_SCENARIO_ESTIMATE""}",7526,0,0,377,90,30104.0,,,UNBUILT_OPTION,,,,,,,,,,,,,,
SF051,visual-territory-08,visual-territory-08-E1,锂矿,PROJECT-06,"[1515, 438]",218.0982,tonne LCE/sim-day,OP-08,GOV-08,DEVELOPMENT_OPTION,False,False,UNAPPROVED_SCENARIO_ASSET,EXISTING_MAP_POINT,RES118,"{""id"": ""SF051"", ""countryId"": ""visual-territory-08"", ""projectId"": ""PROJECT-06"", ""projectNumber"": 6, ""name"": ""锂矿"", ""lifecycle"": ""CANDIDATE"", ""operational"": false, ""estimatedCapacity"": 218.0982, ""capacityUnit"": ""tonne LCE/sim-day"", ""requiredWorkers"": 7526, ""requiredPowerMW"": 135.468, ""requiredWaterM3Day"": 13547, ""maintenanceGcuDay"": 60212.36, ""equipmentUnits"": 376, ""constructionSimDays"": 545, ""recipeStatus"": ""CORE_COEFFICIENT_BINDING_REQUIRED"", ""inputCategories"": [""LABOUR"", ""MACHINERY"", ""ELECTRICITY"", ""LITHIUM_DEVELOPED_RESERVE""], ""gridNodeId"": ""GRID-visual-territory-08"", ""accessNodeId"": ""SF051"", ""capacityBasis"": ""GEOGRAPHIC_SCENARIO_ESTIMATE""}",7526,0,0,377,90,30104.0,,,UNBUILT_OPTION,,,,,,,,,,,,,,
SF052,visual-territory-08,visual-territory-08-E2,太阳能设施,PROJECT-10,"[1555, 356]",101145.7,MW,OP-08,GOV-08,DEVELOPMENT_OPTION,False,False,UNAPPROVED_SCENARIO_ASSET,EXISTING_MAP_POINT,,"{""id"": ""SF052"", ""countryId"": ""visual-territory-08"", ""projectId"": ""PROJECT-10"", ""projectNumber"": 10, ""name"": ""太阳能设施"", ""lifecycle"": ""CANDIDATE"", ""operational"": false, ""estimatedCapacity"": 101145.7, ""capacityUnit"": ""MW"", ""requiredWorkers"": 4704, ""requiredPowerMW"": 84.672, ""requiredWaterM3Day"": 8467, ""maintenanceGcuDay"": 39654.91, ""equipmentUnits"": 235, ""constructionSimDays"": 390, ""recipeStatus"": ""CORE_COEFFICIENT_BINDING_REQUIRED"", ""inputCategories"": [""LABOUR"", ""MACHINERY"", ""ELECTRICITY""], ""gridNodeId"": ""GRID-visual-territory-08"", ""accessNodeId"": ""SF052"", ""capacityBasis"": ""GEOGRAPHIC_SCENARIO_ESTIMATE""}",4704,0,0,236,90,18816.0,,,UNBUILT_OPTION,,,,,,,,,,,,,,
SF053,visual-territory-08,visual-territory-08-E2,风能设施,PROJECT-11,"[1562, 441]",101145.7,MW,OP-08,GOV-08,DEVELOPMENT_OPTION,False,False,UNAPPROVED_SCENARIO_ASSET,EXISTING_MAP_POINT,,"{""id"": ""SF053"", ""countryId"": ""visual-territory-08"", ""projectId"": ""PROJECT-11"", ""projectNumber"": 11, ""name"": ""风能设施"", ""lifecycle"": ""CANDIDATE"", ""operational"": false, ""estimatedCapacity"": 101145.7, ""capacityUnit"": ""MW"", ""requiredWorkers"": 4704, ""requiredPowerMW"": 84.672, ""requiredWaterM3Day"": 8467, ""maintenanceGcuDay"": 39654.91, ""equipmentUnits"": 235, ""constructionSimDays"": 390, ""recipeStatus"": ""CORE_COEFFICIENT_BINDING_REQUIRED"", ""inputCategories"": [""LABOUR"", ""MACHINERY"", ""ELECTRICITY""], ""gridNodeId"": ""GRID-visual-territory-08"", ""accessNodeId"": ""SF053"", ""capacityBasis"": ""GEOGRAPHIC_SCENARIO_ESTIMATE""}",4704,0,0,236,90,18816.0,,,UNBUILT_OPTION,,,,,,,,,,,,,,
SF054,visual-territory-08,visual-territory-08-E2,物流枢纽,PROJECT-25,"[1591, 414]",101145.7,tonne/sim-day,OP-08,GOV-08,DEVELOPMENT_OPTION,False,False,UNAPPROVED_SCENARIO_ASSET,EXISTING_MAP_POINT,,"{""id"": ""SF054"", ""countryId"": ""visual-territory-08"", ""projectId"": ""PROJECT-25"", ""projectNumber"": 25, ""name"": ""物流枢纽"", ""lifecycle"": ""CANDIDATE"", ""operational"": false, ""estimatedCapacity"": 101145.7, ""capacityUnit"": ""tonne/sim-day"", ""requiredWorkers"": 4704, ""requiredPowerMW"": 84.672, ""requiredWaterM3Day"": 8467, ""maintenanceGcuDay"": 39654.91, ""equipmentUnits"": 235, ""constructionSimDays"": 390, ""recipeStatus"": ""CORE_COEFFICIENT_BINDING_REQUIRED"", ""inputCategories"": [""LABOUR"", ""MACHINERY"", ""ELECTRICITY""], ""gridNodeId"": ""GRID-visual-territory-08"", ""accessNodeId"": ""SF054"", ""capacityBasis"": ""GEOGRAPHIC_SCENARIO_ESTIMATE""}",4704,0,0,236,90,18816.0,,,UNBUILT_OPTION,,,,,,,,,,,,,,
SF055,visual-territory-09,visual-territory-09-E2,铀矿,PROJECT-03,"[1111, 527]",0.6716,tonne U/sim-day,OP-09,GOV-09,DEVELOPMENT_OPTION,False,False,UNAPPROVED_SCENARIO_ASSET,EXISTING_MAP_POINT,RES42,"{""id"": ""SF055"", ""countryId"": ""visual-territory-09"", ""projectId"": ""PROJECT-03"", ""projectNumber"": 3, ""name"": ""铀矿"", ""lifecycle"": ""CANDIDATE"", ""operational"": false, ""estimatedCapacity"": 0.6716, ""capacityUnit"": ""tonne U/sim-day"", ""requiredWorkers"": 4344, ""requiredPowerMW"": 78.192, ""requiredWaterM3Day"": 7819, ""maintenanceGcuDay"": 34752.01, ""equipmentUnits"": 217, ""constructionSimDays"": 352, ""recipeStatus"": ""CORE_COEFFICIENT_BINDING_REQUIRED"", ""inputCategories"": [""LABOUR"", ""MACHINERY"", ""ELECTRICITY"", ""URANIUM_DEVELOPED_RESERVE""], ""gridNodeId"": ""GRID-visual-territory-09"", ""accessNodeId"": ""SF055"", ""capacityBasis"": ""GEOGRAPHIC_SCENARIO_ESTIMATE""}",4344,0,0,218,90,17376.0,,,UNBUILT_OPTION,,,,,,,,,,,,,,
SF056,visual-territory-09,visual-territory-09-E2,锂矿,PROJECT-06,"[1131, 577]",141.3638,tonne LCE/sim-day,OP-09,GOV-09,DEVELOPMENT_OPTION,False,False,UNAPPROVED_SCENARIO_ASSET,EXISTING_MAP_POINT,RES50,"{""id"": ""SF056"", ""countryId"": ""visual-territory-09"", ""projectId"": ""PROJECT-06"", ""projectNumber"": 6, ""name"": ""锂矿"", ""lifecycle"": ""CANDIDATE"", ""operational"": false, ""estimatedCapacity"": 141.3638, ""capacityUnit"": ""tonne LCE/sim-day"", ""requiredWorkers"": 4344, ""requiredPowerMW"": 78.192, ""requiredWaterM3Day"": 7819, ""maintenanceGcuDay"": 34754.83, ""equipmentUnits"": 217, ""constructionSimDays"": 354, ""recipeStatus"": ""CORE_COEFFICIENT_BINDING_REQUIRED"", ""inputCategories"": [""LABOUR"", ""MACHINERY"", ""ELECTRICITY"", ""LITHIUM_DEVELOPED_RESERVE""], ""gridNodeId"": ""GRID-visual-territory-09"", ""accessNodeId"": ""SF056"", ""capacityBasis"": ""GEOGRAPHIC_SCENARIO_ESTIMATE""}",4344,0,0,218,90,17376.0,,,UNBUILT_OPTION,,,,,,,,,,,,,,
SF057,visual-territory-09,visual-territory-09-E1,铜矿,PROJECT-05,"[1049, 579]",8324.5552,tonne/sim-day,OP-09,GOV-09,DEVELOPMENT_OPTION,False,False,UNAPPROVED_SCENARIO_ASSET,EXISTING_MAP_POINT,RES119,"{""id"": ""SF057"", ""countryId"": ""visual-territory-09"", ""projectId"": ""PROJECT-05"", ""projectNumber"": 5, ""name"": ""铜矿"", ""lifecycle"": ""CANDIDATE"", ""operational"": false, ""estimatedCapacity"": 8324.5552, ""capacityUnit"": ""tonne/sim-day"", ""requiredWorkers"": 4344, ""requiredPowerMW"": 78.192, ""requiredWaterM3Day"": 7819, ""maintenanceGcuDay"": 34918.49, ""equipmentUnits"": 217, ""constructionSimDays"": 360, ""recipeStatus"": ""CORE_COEFFICIENT_BINDING_REQUIRED"", ""inputCategories"": [""LABOUR"", ""MACHINERY"", ""ELECTRICITY"", ""COPPER_DEVELOPED_RESERVE""], ""gridNodeId"": ""GRID-visual-territory-09"", ""accessNodeId"": ""SF057"", ""capacityBasis"": ""GEOGRAPHIC_SCENARIO_ESTIMATE""}",4344,0,0,218,90,17376.0,,,UNBUILT_OPTION,,,,,,,,,,,,,,
SF058,visual-territory-09,visual-territory-09-E1,铁矿,PROJECT-04,"[1091, 600]",56254.5845,tonne/sim-day,OP-09,GOV-09,DEVELOPMENT_OPTION,False,False,UNAPPROVED_SCENARIO_ASSET,EXISTING_MAP_POINT,RES120,"{""id"": ""SF058"", ""countryId"": ""visual-territory-09"", ""projectId"": ""PROJECT-04"", ""projectNumber"": 4, ""name"": ""铁矿"", ""lifecycle"": ""CANDIDATE"", ""operational"": false, ""estimatedCapacity"": 56254.5845, ""capacityUnit"": ""tonne/sim-day"", ""requiredWorkers"": 4344, ""requiredPowerMW"": 78.192, ""requiredWaterM3Day"": 7819, ""maintenanceGcuDay"": 35877.09, ""equipmentUnits"": 217, ""constructionSimDays"": 366, ""recipeStatus"": ""CORE_COEFFICIENT_BINDING_REQUIRED"", ""inputCategories"": [""LABOUR"", ""MACHINERY"", ""ELECTRICITY"", ""IRON_ORE_DEVELOPED_RESERVE""], ""gridNodeId"": ""GRID-visual-territory-09"", ""accessNodeId"": ""SF058"", ""capacityBasis"": ""GEOGRAPHIC_SCENARIO_ESTIMATE""}",4344,0,0,218,90,17376.0,,,UNBUILT_OPTION,,,,,,,,,,,,,,
SF059,visual-territory-10,visual-territory-10-E1,锂矿,PROJECT-06,"[1135, 546]",112.8511,tonne LCE/sim-day,OP-10,GOV-10,DEVELOPMENT_OPTION,False,False,UNAPPROVED_SCENARIO_ASSET,EXISTING_MAP_POINT,RES121,"{""id"": ""SF059"", ""countryId"": ""visual-territory-10"", ""projectId"": ""PROJECT-06"", ""projectNumber"": 6, ""name"": ""锂矿"", ""lifecycle"": ""CANDIDATE"", ""operational"": false, ""estimatedCapacity"": 112.8511, ""capacityUnit"": ""tonne LCE/sim-day"", ""requiredWorkers"": 3198, ""requiredPowerMW"": 57.564, ""requiredWaterM3Day"": 5756, ""maintenanceGcuDay"": 25586.26, ""equipmentUnits"": 160, ""constructionSimDays"": 285, ""recipeStatus"": ""CORE_COEFFICIENT_BINDING_REQUIRED"", ""inputCategories"": [""LABOUR"", ""MACHINERY"", ""ELECTRICITY"", ""LITHIUM_DEVELOPED_RESERVE""], ""gridNodeId"": ""GRID-visual-territory-10"", ""accessNodeId"": ""SF059"", ""capacityBasis"": ""GEOGRAPHIC_SCENARIO_ESTIMATE""}",3198,0,0,160,90,12792.0,,,UNBUILT_OPTION,,,,,,,,,,,,,,
SF060,visual-territory-10,visual-territory-10-E2,气田开发,PROJECT-02,"[1226, 420]",985412.409,MMBtu/sim-day,OP-10,GOV-10,DEVELOPMENT_OPTION,False,False,UNAPPROVED_SCENARIO_ASSET,EXISTING_MAP_POINT,RES122,"{""id"": ""SF060"", ""countryId"": ""visual-territory-10"", ""projectId"": ""PROJECT-02"", ""projectNumber"": 2, ""name"": ""气田开发"", ""lifecycle"": ""CANDIDATE"", ""operational"": false, ""estimatedCapacity"": 985412.409, ""capacityUnit"": ""MMBtu/sim-day"", ""requiredWorkers"": 1999, ""requiredPowerMW"": 35.982, ""requiredWaterM3Day"": 3598, ""maintenanceGcuDay"": 35700.25, ""equipmentUnits"": 100, ""constructionSimDays"": 241, ""recipeStatus"": ""CORE_COEFFICIENT_BINDING_REQUIRED"", ""inputCategories"": [""LABOUR"", ""MACHINERY"", ""ELECTRICITY"", ""NATURAL_GAS_DEVELOPED_RESERVE""], ""gridNodeId"": ""GRID-visual-territory-10"", ""accessNodeId"": ""SF060"", ""capacityBasis"": ""GEOGRAPHIC_SCENARIO_ESTIMATE""}",1999,0,0,100,90,7996.0,,,UNBUILT_OPTION,,,,,,,,,,,,,,
SF061,visual-territory-10,visual-territory-10-E1,油田开发,PROJECT-01,"[1152, 462]",475703.6894,barrel/sim-day,OP-10,GOV-10,DEVELOPMENT_OPTION,False,False,UNAPPROVED_SCENARIO_ASSET,EXISTING_MAP_POINT,RES123,"{""id"": ""SF061"", ""countryId"": ""visual-territory-10"", ""projectId"": ""PROJECT-01"", ""projectNumber"": 1, ""name"": ""油田开发"", ""lifecycle"": ""CANDIDATE"", ""operational"": false, ""estimatedCapacity"": 475703.6894, ""capacityUnit"": ""barrel/sim-day"", ""requiredWorkers"": 1999, ""requiredPowerMW"": 35.982, ""requiredWaterM3Day"": 3598, ""maintenanceGcuDay"": 25506.07, ""equipmentUnits"": 100, ""constructionSimDays"": 236, ""recipeStatus"": ""CORE_COEFFICIENT_BINDING_REQUIRED"", ""inputCategories"": [""LABOUR"", ""MACHINERY"", ""ELECTRICITY"", ""CRUDE_OIL_DEVELOPED_RESERVE""], ""gridNodeId"": ""GRID-visual-territory-10"", ""accessNodeId"": ""SF061"", ""capacityBasis"": ""GEOGRAPHIC_SCENARIO_ESTIMATE""}",1999,0,0,100,90,7996.0,,,UNBUILT_OPTION,,,,,,,,,,,,,,
SF062,visual-territory-11,visual-territory-11-E1,油田开发,PROJECT-01,"[1205, 570]",95910.182,barrel/sim-day,OP-11,GOV-11,DEVELOPMENT_OPTION,False,False,UNAPPROVED_SCENARIO_ASSET,EXISTING_MAP_POINT,RES24,"{""id"": ""SF062"", ""countryId"": ""visual-territory-11"", ""projectId"": ""PROJECT-01"", ""projectNumber"": 1, ""name"": ""油田开发"", ""lifecycle"": ""CANDIDATE"", ""operational"": false, ""estimatedCapacity"": 95910.182, ""capacityUnit"": ""barrel/sim-day"", ""requiredWorkers"": 1920, ""requiredPowerMW"": 34.56, ""requiredWaterM3Day"": 3456, ""maintenanceGcuDay"": 17278.2, ""equipmentUnits"": 96, ""constructionSimDays"": 223, ""recipeStatus"": ""CORE_COEFFICIENT_BINDING_REQUIRED"", ""inputCategories"": [""LABOUR"", ""MACHINERY"", ""ELECTRICITY"", ""CRUDE_OIL_DEVELOPED_RESERVE""], ""gridNodeId"": ""GRID-visual-territory-11"", ""accessNodeId"": ""SF062"", ""capacityBasis"": ""GEOGRAPHIC_SCENARIO_ESTIMATE""}",1920,0,0,96,90,7680.0,,,UNBUILT_OPTION,,,,,,,,,,,,,,
SF063,visual-territory-11,visual-territory-11-E1,锂矿,PROJECT-06,"[1214, 594]",252.3326,tonne LCE/sim-day,OP-11,GOV-11,DEVELOPMENT_OPTION,False,False,UNAPPROVED_SCENARIO_ASSET,EXISTING_MAP_POINT,RES60,"{""id"": ""SF063"", ""countryId"": ""visual-territory-11"", ""projectId"": ""PROJECT-06"", ""projectNumber"": 6, ""name"": ""锂矿"", ""lifecycle"": ""CANDIDATE"", ""operational"": false, ""estimatedCapacity"": 252.3326, ""capacityUnit"": ""tonne LCE/sim-day"", ""requiredWorkers"": 3071, ""requiredPowerMW"": 55.278, ""requiredWaterM3Day"": 5528, ""maintenanceGcuDay"": 24573.05, ""equipmentUnits"": 154, ""constructionSimDays"": 278, ""recipeStatus"": ""CORE_COEFFICIENT_BINDING_REQUIRED"", ""inputCategories"": [""LABOUR"", ""MACHINERY"", ""ELECTRICITY"", ""LITHIUM_DEVELOPED_RESERVE""], ""gridNodeId"": ""GRID-visual-territory-11"", ""accessNodeId"": ""SF063"", ""capacityBasis"": ""GEOGRAPHIC_SCENARIO_ESTIMATE""}",3071,0,0,154,90,12284.0,,,UNBUILT_OPTION,,,,,,,,,,,,,,
SF064,visual-territory-11,visual-territory-11-E1,铜矿,PROJECT-05,"[1267, 565]",5007.5779,tonne/sim-day,OP-11,GOV-11,DEVELOPMENT_OPTION,False,False,UNAPPROVED_SCENARIO_ASSET,EXISTING_MAP_POINT,RES125,"{""id"": ""SF064"", ""countryId"": ""visual-territory-11"", ""projectId"": ""PROJECT-05"", ""projectNumber"": 5, ""name"": ""铜矿"", ""lifecycle"": ""CANDIDATE"", ""operational"": false, ""estimatedCapacity"": 5007.5779, ""capacityUnit"": ""tonne/sim-day"", ""requiredWorkers"": 3071, ""requiredPowerMW"": 55.278, ""requiredWaterM3Day"": 5528, ""maintenanceGcuDay"": 24668.15, ""equipmentUnits"": 154, ""constructionSimDays"": 283, ""recipeStatus"": ""CORE_COEFFICIENT_BINDING_REQUIRED"", ""inputCategories"": [""LABOUR"", ""MACHINERY"", ""ELECTRICITY"", ""COPPER_DEVELOPED_RESERVE""], ""gridNodeId"": ""GRID-visual-territory-11"", ""accessNodeId"": ""SF064"", ""capacityBasis"": ""GEOGRAPHIC_SCENARIO_ESTIMATE""}",3071,0,0,154,90,12284.0,,,UNBUILT_OPTION,,,,,,,,,,,,,,
SF065,visual-territory-12,visual-territory-12-E2,气田开发,PROJECT-02,"[1310, 547]",190086.7053,MMBtu/sim-day,OP-12,GOV-12,DEVELOPMENT_OPTION,False,False,UNAPPROVED_SCENARIO_ASSET,EXISTING_MAP_POINT,RES23,"{""id"": ""SF065"", ""countryId"": ""visual-territory-12"", ""projectId"": ""PROJECT-02"", ""projectNumber"": 2, ""name"": ""气田开发"", ""lifecycle"": ""CANDIDATE"", ""operational"": false, ""estimatedCapacity"": 190086.7053, ""capacityUnit"": ""MMBtu/sim-day"", ""requiredWorkers"": 2573, ""requiredPowerMW"": 46.314, ""requiredWaterM3Day"": 4631, ""maintenanceGcuDay"": 24385.73, ""equipmentUnits"": 129, ""constructionSimDays"": 265, ""recipeStatus"": ""CORE_COEFFICIENT_BINDING_REQUIRED"", ""inputCategories"": [""LABOUR"", ""MACHINERY"", ""ELECTRICITY"", ""NATURAL_GAS_DEVELOPED_RESERVE""], ""gridNodeId"": ""GRID-visual-territory-12"", ""accessNodeId"": ""SF065"", ""capacityBasis"": ""GEOGRAPHIC_SCENARIO_ESTIMATE""}",2573,0,0,129,90,10292.0,,,UNBUILT_OPTION,,,,,,,,,,,,,,
SF066,visual-territory-12,visual-territory-12-E1,油田开发,PROJECT-01,"[1215, 528]",594288.8959,barrel/sim-day,OP-12,GOV-12,DEVELOPMENT_OPTION,False,False,UNAPPROVED_SCENARIO_ASSET,EXISTING_MAP_POINT,RES127,"{""id"": ""SF066"", ""countryId"": ""visual-territory-12"", ""projectId"": ""PROJECT-01"", ""projectNumber"": 1, ""name"": ""油田开发"", ""lifecycle"": ""CANDIDATE"", ""operational"": false, ""estimatedCapacity"": 594288.8959, ""capacityUnit"": ""barrel/sim-day"", ""requiredWorkers"": 2573, ""requiredPowerMW"": 46.314, ""requiredWaterM3Day"": 4631, ""maintenanceGcuDay"": 32469.78, ""equipmentUnits"": 129, ""constructionSimDays"": 272, ""recipeStatus"": ""CORE_COEFFICIENT_BINDING_REQUIRED"", ""inputCategories"": [""LABOUR"", ""MACHINERY"", ""ELECTRICITY"", ""CRUDE_OIL_DEVELOPED_RESERVE""], ""gridNodeId"": ""GRID-visual-territory-12"", ""accessNodeId"": ""SF066"", ""capacityBasis"": ""GEOGRAPHIC_SCENARIO_ESTIMATE""}",2573,0,0,129,90,10292.0,,,UNBUILT_OPTION,,,,,,,,,,,,,,
SF067,visual-territory-12,visual-territory-12-E1,铜矿,PROJECT-05,"[1288, 458]",11373.9753,tonne/sim-day,OP-12,GOV-12,DEVELOPMENT_OPTION,False,False,UNAPPROVED_SCENARIO_ASSET,EXISTING_MAP_POINT,RES128,"{""id"": ""SF067"", ""countryId"": ""visual-territory-12"", ""projectId"": ""PROJECT-05"", ""projectNumber"": 5, ""name"": ""铜矿"", ""lifecycle"": ""CANDIDATE"", ""operational"": false, ""estimatedCapacity"": 11373.9753, ""capacityUnit"": ""tonne/sim-day"", ""requiredWorkers"": 4117, ""requiredPowerMW"": 74.106, ""requiredWaterM3Day"": 7411, ""maintenanceGcuDay"": 33163.48, ""equipmentUnits"": 206, ""constructionSimDays"": 347, ""recipeStatus"": ""CORE_COEFFICIENT_BINDING_REQUIRED"", ""inputCategories"": [""LABOUR"", ""MACHINERY"", ""ELECTRICITY"", ""COPPER_DEVELOPED_RESERVE""], ""gridNodeId"": ""GRID-visual-territory-12"", ""accessNodeId"": ""SF067"", ""capacityBasis"": ""GEOGRAPHIC_SCENARIO_ESTIMATE""}",4117,0,0,206,90,16468.0,,,UNBUILT_OPTION,,,,,,,,,,,,,,
SF068,visual-territory-13,visual-territory-13-E1,锂矿,PROJECT-06,"[1284, 605]",424.8422,tonne LCE/sim-day,OP-13,GOV-13,DEVELOPMENT_OPTION,False,False,UNAPPROVED_SCENARIO_ASSET,EXISTING_MAP_POINT,RES25,"{""id"": ""SF068"", ""countryId"": ""visual-territory-13"", ""projectId"": ""PROJECT-06"", ""projectNumber"": 6, ""name"": ""锂矿"", ""lifecycle"": ""CANDIDATE"", ""operational"": false, ""estimatedCapacity"": 424.8422, ""capacityUnit"": ""tonne LCE/sim-day"", ""requiredWorkers"": 2381, ""requiredPowerMW"": 42.858, ""requiredWaterM3Day"": 4286, ""maintenanceGcuDay"": 19056.5, ""equipmentUnits"": 119, ""constructionSimDays"": 237, ""recipeStatus"": ""CORE_COEFFICIENT_BINDING_REQUIRED"", ""inputCategories"": [""LABOUR"", ""MACHINERY"", ""ELECTRICITY"", ""LITHIUM_DEVELOPED_RESERVE""], ""gridNodeId"": ""GRID-visual-territory-13"", ""accessNodeId"": ""SF068"", ""capacityBasis"": ""GEOGRAPHIC_SCENARIO_ESTIMATE""}",2381,0,0,120,90,9524.0,,,UNBUILT_OPTION,,,,,,,,,,,,,,
SF069,visual-territory-13,visual-territory-13-E2,锂矿,PROJECT-06,"[1337, 563]",216.0437,tonne LCE/sim-day,OP-13,GOV-13,DEVELOPMENT_OPTION,False,False,UNAPPROVED_SCENARIO_ASSET,EXISTING_MAP_POINT,RES51,"{""id"": ""SF069"", ""countryId"": ""visual-territory-13"", ""projectId"": ""PROJECT-06"", ""projectNumber"": 6, ""name"": ""锂矿"", ""lifecycle"": ""CANDIDATE"", ""operational"": false, ""estimatedCapacity"": 216.0437, ""capacityUnit"": ""tonne LCE/sim-day"", ""requiredWorkers"": 2381, ""requiredPowerMW"": 42.858, ""requiredWaterM3Day"": 4286, ""maintenanceGcuDay"": 19052.32, ""equipmentUnits"": 119, ""constructionSimDays"": 237, ""recipeStatus"": ""CORE_COEFFICIENT_BINDING_REQUIRED"", ""inputCategories"": [""LABOUR"", ""MACHINERY"", ""ELECTRICITY"", ""LITHIUM_DEVELOPED_RESERVE""], ""gridNodeId"": ""GRID-visual-territory-13"", ""accessNodeId"": ""SF069"", ""capacityBasis"": ""GEOGRAPHIC_SCENARIO_ESTIMATE""}",2381,0,0,120,90,9524.0,,,UNBUILT_OPTION,,,,,,,,,,,,,,
SF070,visual-territory-14,visual-territory-14-E1,锂矿,PROJECT-06,"[1360, 505]",121.9065,tonne LCE/sim-day,OP-14,GOV-14,DEVELOPMENT_OPTION,False,False,UNAPPROVED_SCENARIO_ASSET,EXISTING_MAP_POINT,RES43,"{""id"": ""SF070"", ""countryId"": ""visual-territory-14"", ""projectId"": ""PROJECT-06"", ""projectNumber"": 6, ""name"": ""锂矿"", ""lifecycle"": ""CANDIDATE"", ""operational"": false, ""estimatedCapacity"": 121.9065, ""capacityUnit"": ""tonne LCE/sim-day"", ""requiredWorkers"": 5558, ""requiredPowerMW"": 100.044, ""requiredWaterM3Day"": 10004, ""maintenanceGcuDay"": 44466.44, ""equipmentUnits"": 278, ""constructionSimDays"": 427, ""recipeStatus"": ""CORE_COEFFICIENT_BINDING_REQUIRED"", ""inputCategories"": [""LABOUR"", ""MACHINERY"", ""ELECTRICITY"", ""LITHIUM_DEVELOPED_RESERVE""], ""gridNodeId"": ""GRID-visual-territory-14"", ""accessNodeId"": ""SF070"", ""capacityBasis"": ""GEOGRAPHIC_SCENARIO_ESTIMATE""}",5558,0,0,278,90,22232.0,,,UNBUILT_OPTION,,,,,,,,,,,,,,
SF071,visual-territory-14,visual-territory-14-E1,铜矿,PROJECT-05,"[1383, 561]",987.9618,tonne/sim-day,OP-14,GOV-14,DEVELOPMENT_OPTION,False,False,UNAPPROVED_SCENARIO_ASSET,EXISTING_MAP_POINT,RES63,"{""id"": ""SF071"", ""countryId"": ""visual-territory-14"", ""projectId"": ""PROJECT-05"", ""projectNumber"": 5, ""name"": ""铜矿"", ""lifecycle"": ""CANDIDATE"", ""operational"": false, ""estimatedCapacity"": 987.9618, ""capacityUnit"": ""tonne/sim-day"", ""requiredWorkers"": 5558, ""requiredPowerMW"": 100.044, ""requiredWaterM3Day"": 10004, ""maintenanceGcuDay"": 44483.76, ""equipmentUnits"": 278, ""constructionSimDays"": 429, ""recipeStatus"": ""CORE_COEFFICIENT_BINDING_REQUIRED"", ""inputCategories"": [""LABOUR"", ""MACHINERY"", ""ELECTRICITY"", ""COPPER_DEVELOPED_RESERVE""], ""gridNodeId"": ""GRID-visual-territory-14"", ""accessNodeId"": ""SF071"", ""capacityBasis"": ""GEOGRAPHIC_SCENARIO_ESTIMATE""}",5558,0,0,278,90,22232.0,,,UNBUILT_OPTION,,,,,,,,,,,,,,
SF072,visual-territory-14,visual-territory-14-E2,气田开发,PROJECT-02,"[1448, 513]",948466.2602,MMBtu/sim-day,OP-14,GOV-14,DEVELOPMENT_OPTION,False,False,UNAPPROVED_SCENARIO_ASSET,EXISTING_MAP_POINT,RES130,"{""id"": ""SF072"", ""countryId"": ""visual-territory-14"", ""projectId"": ""PROJECT-02"", ""projectNumber"": 2, ""name"": ""气田开发"", ""lifecycle"": ""CANDIDATE"", ""operational"": false, ""estimatedCapacity"": 948466.2602, ""capacityUnit"": ""MMBtu/sim-day"", ""requiredWorkers"": 3474, ""requiredPowerMW"": 62.532, ""requiredWaterM3Day"": 6253, ""maintenanceGcuDay"": 46761.33, ""equipmentUnits"": 174, ""constructionSimDays"": 330, ""recipeStatus"": ""CORE_COEFFICIENT_BINDING_REQUIRED"", ""inputCategories"": [""LABOUR"", ""MACHINERY"", ""ELECTRICITY"", ""NATURAL_GAS_DEVELOPED_RESERVE""], ""gridNodeId"": ""GRID-visual-territory-14"", ""accessNodeId"": ""SF072"", ""capacityBasis"": ""GEOGRAPHIC_SCENARIO_ESTIMATE""}",3474,0,0,174,90,13896.0,,,UNBUILT_OPTION,,,,,,,,,,,,,,
SF073,visual-territory-14,visual-territory-14-E2,铀矿,PROJECT-03,"[1407, 472]",0.4792,tonne U/sim-day,OP-14,GOV-14,DEVELOPMENT_OPTION,False,False,UNAPPROVED_SCENARIO_ASSET,EXISTING_MAP_POINT,RES131,"{""id"": ""SF073"", ""countryId"": ""visual-territory-14"", ""projectId"": ""PROJECT-03"", ""projectNumber"": 3, ""name"": ""铀矿"", ""lifecycle"": ""CANDIDATE"", ""operational"": false, ""estimatedCapacity"": 0.4792, ""capacityUnit"": ""tonne U/sim-day"", ""requiredWorkers"": 5558, ""requiredPowerMW"": 100.044, ""requiredWaterM3Day"": 10004, ""maintenanceGcuDay"": 44464.01, ""equipmentUnits"": 278, ""constructionSimDays"": 424, ""recipeStatus"": ""CORE_COEFFICIENT_BINDING_REQUIRED"", ""inputCategories"": [""LABOUR"", ""MACHINERY"", ""ELECTRICITY"", ""URANIUM_DEVELOPED_RESERVE""], ""gridNodeId"": ""GRID-visual-territory-14"", ""accessNodeId"": ""SF073"", ""capacityBasis"": ""GEOGRAPHIC_SCENARIO_ESTIMATE""}",5558,0,0,278,90,22232.0,,,UNBUILT_OPTION,,,,,,,,,,,,,,
SF074,visual-territory-14,visual-territory-14-E1,太阳能设施,PROJECT-10,"[1337, 546]",77223.53,MW,OP-14,GOV-14,DEVELOPMENT_OPTION,False,False,UNAPPROVED_SCENARIO_ASSET,EXISTING_MAP_POINT,,"{""id"": ""SF074"", ""countryId"": ""visual-territory-14"", ""projectId"": ""PROJECT-10"", ""projectNumber"": 10, ""name"": ""太阳能设施"", ""lifecycle"": ""CANDIDATE"", ""operational"": false, ""estimatedCapacity"": 77223.53, ""capacityUnit"": ""MW"", ""requiredWorkers"": 3474, ""requiredPowerMW"": 62.532, ""requiredWaterM3Day"": 6253, ""maintenanceGcuDay"": 29336.47, ""equipmentUnits"": 174, ""constructionSimDays"": 315, ""recipeStatus"": ""CORE_COEFFICIENT_BINDING_REQUIRED"", ""inputCategories"": [""LABOUR"", ""MACHINERY"", ""ELECTRICITY""], ""gridNodeId"": ""GRID-visual-territory-14"", ""accessNodeId"": ""SF074"", ""capacityBasis"": ""GEOGRAPHIC_SCENARIO_ESTIMATE""}",3474,0,0,174,90,13896.0,,,UNBUILT_OPTION,,,,,,,,,,,,,,
SF075,visual-territory-15,visual-territory-15-E1,气田开发,PROJECT-02,"[1424, 583]",228953.9873,MMBtu/sim-day,OP-15,GOV-15,DEVELOPMENT_OPTION,False,False,UNAPPROVED_SCENARIO_ASSET,EXISTING_MAP_POINT,RES91,"{""id"": ""SF075"", ""countryId"": ""visual-territory-15"", ""projectId"": ""PROJECT-02"", ""projectNumber"": 2, ""name"": ""气田开发"", ""lifecycle"": ""CANDIDATE"", ""operational"": false, ""estimatedCapacity"": 228953.9873, ""capacityUnit"": ""MMBtu/sim-day"", ""requiredWorkers"": 4604, ""requiredPowerMW"": 82.872, ""requiredWaterM3Day"": 8287, ""maintenanceGcuDay"": 41411.08, ""equipmentUnits"": 230, ""constructionSimDays"": 388, ""recipeStatus"": ""CORE_COEFFICIENT_BINDING_REQUIRED"", ""inputCategories"": [""LABOUR"", ""MACHINERY"", ""ELECTRICITY"", ""NATURAL_GAS_DEVELOPED_RESERVE""], ""gridNodeId"": ""GRID-visual-territory-15"", ""accessNodeId"": ""SF075"", ""capacityBasis"": ""GEOGRAPHIC_SCENARIO_ESTIMATE""}",4604,0,0,231,90,18416.0,,,UNBUILT_OPTION,,,,,,,,,,,,,,
SF076,visual-territory-15,visual-territory-15-E2,油田开发,PROJECT-01,"[1478, 521]",630831.0069,barrel/sim-day,OP-15,GOV-15,DEVELOPMENT_OPTION,False,False,UNAPPROVED_SCENARIO_ASSET,EXISTING_MAP_POINT,RES132,"{""id"": ""SF076"", ""countryId"": ""visual-territory-15"", ""projectId"": ""PROJECT-01"", ""projectNumber"": 1, ""name"": ""油田开发"", ""lifecycle"": ""CANDIDATE"", ""operational"": false, ""estimatedCapacity"": 630831.0069, ""capacityUnit"": ""barrel/sim-day"", ""requiredWorkers"": 4604, ""requiredPowerMW"": 82.872, ""requiredWaterM3Day"": 8287, ""maintenanceGcuDay"": 49448.62, ""equipmentUnits"": 230, ""constructionSimDays"": 394, ""recipeStatus"": ""CORE_COEFFICIENT_BINDING_REQUIRED"", ""inputCategories"": [""LABOUR"", ""MACHINERY"", ""ELECTRICITY"", ""CRUDE_OIL_DEVELOPED_RESERVE""], ""gridNodeId"": ""GRID-visual-territory-15"", ""accessNodeId"": ""SF076"", ""capacityBasis"": ""GEOGRAPHIC_SCENARIO_ESTIMATE""}",4604,0,0,231,90,18416.0,,,UNBUILT_OPTION,,,,,,,,,,,,,,
SF077,visual-territory-15,visual-territory-15-E2,铜矿,PROJECT-05,"[1481, 620]",12100.0938,tonne/sim-day,OP-15,GOV-15,DEVELOPMENT_OPTION,False,False,UNAPPROVED_SCENARIO_ASSET,EXISTING_MAP_POINT,RES133,"{""id"": ""SF077"", ""countryId"": ""visual-territory-15"", ""projectId"": ""PROJECT-05"", ""projectNumber"": 5, ""name"": ""铜矿"", ""lifecycle"": ""CANDIDATE"", ""operational"": false, ""estimatedCapacity"": 12100.0938, ""capacityUnit"": ""tonne/sim-day"", ""requiredWorkers"": 7366, ""requiredPowerMW"": 132.588, ""requiredWaterM3Day"": 13259, ""maintenanceGcuDay"": 59170.0, ""equipmentUnits"": 368, ""constructionSimDays"": 542, ""recipeStatus"": ""CORE_COEFFICIENT_BINDING_REQUIRED"", ""inputCategories"": [""LABOUR"", ""MACHINERY"", ""ELECTRICITY"", ""COPPER_DEVELOPED_RESERVE""], ""gridNodeId"": ""GRID-visual-territory-15"", ""accessNodeId"": ""SF077"", ""capacityBasis"": ""GEOGRAPHIC_SCENARIO_ESTIMATE""}",7366,0,0,369,90,29464.0,,,UNBUILT_OPTION,,,,,,,,,,,,,,
SF078,visual-territory-15,visual-territory-15-E1,锂矿,PROJECT-06,"[1369, 619]",180.243,tonne LCE/sim-day,OP-15,GOV-15,DEVELOPMENT_OPTION,False,False,UNAPPROVED_SCENARIO_ASSET,EXISTING_MAP_POINT,RES134,"{""id"": ""SF078"", ""countryId"": ""visual-territory-15"", ""projectId"": ""PROJECT-06"", ""projectNumber"": 6, ""name"": ""锂矿"", ""lifecycle"": ""CANDIDATE"", ""operational"": false, ""estimatedCapacity"": 180.243, ""capacityUnit"": ""tonne LCE/sim-day"", ""requiredWorkers"": 7366, ""requiredPowerMW"": 132.588, ""requiredWaterM3Day"": 13259, ""maintenanceGcuDay"": 58931.6, ""equipmentUnits"": 368, ""constructionSimDays"": 536, ""recipeStatus"": ""CORE_COEFFICIENT_BINDING_REQUIRED"", ""inputCategories"": [""LABOUR"", ""MACHINERY"", ""ELECTRICITY"", ""LITHIUM_DEVELOPED_RESERVE""], ""gridNodeId"": ""GRID-visual-territory-15"", ""accessNodeId"": ""SF078"", ""capacityBasis"": ""GEOGRAPHIC_SCENARIO_ESTIMATE""}",7366,0,0,369,90,29464.0,,,UNBUILT_OPTION,,,,,,,,,,,,,,
SF079,visual-territory-15,visual-territory-15-E1,太阳能设施,PROJECT-10,"[1365, 560]",96892.45,MW,OP-15,GOV-15,DEVELOPMENT_OPTION,False,False,UNAPPROVED_SCENARIO_ASSET,EXISTING_MAP_POINT,,"{""id"": ""SF079"", ""countryId"": ""visual-territory-15"", ""projectId"": ""PROJECT-10"", ""projectNumber"": 10, ""name"": ""太阳能设施"", ""lifecycle"": ""CANDIDATE"", ""operational"": false, ""estimatedCapacity"": 96892.45, ""capacityUnit"": ""MW"", ""requiredWorkers"": 4604, ""requiredPowerMW"": 82.872, ""requiredWaterM3Day"": 8287, ""maintenanceGcuDay"": 38769.85, ""equipmentUnits"": 230, ""constructionSimDays"": 384, ""recipeStatus"": ""CORE_COEFFICIENT_BINDING_REQUIRED"", ""inputCategories"": [""LABOUR"", ""MACHINERY"", ""ELECTRICITY""], ""gridNodeId"": ""GRID-visual-territory-15"", ""accessNodeId"": ""SF079"", ""capacityBasis"": ""GEOGRAPHIC_SCENARIO_ESTIMATE""}",4604,0,0,231,90,18416.0,,,UNBUILT_OPTION,,,,,,,,,,,,,,
SF080,visual-territory-15,visual-territory-15-E1,风能设施,PROJECT-11,"[1427, 531]",96892.45,MW,OP-15,GOV-15,DEVELOPMENT_OPTION,False,False,UNAPPROVED_SCENARIO_ASSET,EXISTING_MAP_POINT,,"{""id"": ""SF080"", ""countryId"": ""visual-territory-15"", ""projectId"": ""PROJECT-11"", ""projectNumber"": 11, ""name"": ""风能设施"", ""lifecycle"": ""CANDIDATE"", ""operational"": false, ""estimatedCapacity"": 96892.45, ""capacityUnit"": ""MW"", ""requiredWorkers"": 4604, ""requiredPowerMW"": 82.872, ""requiredWaterM3Day"": 8287, ""maintenanceGcuDay"": 38769.85, ""equipmentUnits"": 230, ""constructionSimDays"": 384, ""recipeStatus"": ""CORE_COEFFICIENT_BINDING_REQUIRED"", ""inputCategories"": [""LABOUR"", ""MACHINERY"", ""ELECTRICITY""], ""gridNodeId"": ""GRID-visual-territory-15"", ""accessNodeId"": ""SF080"", ""capacityBasis"": ""GEOGRAPHIC_SCENARIO_ESTIMATE""}",4604,0,0,231,90,18416.0,,,UNBUILT_OPTION,,,,,,,,,,,,,,
SF081,visual-territory-15,visual-territory-15-E2,物流枢纽,PROJECT-25,"[1434, 629]",96892.45,tonne/sim-day,OP-15,GOV-15,DEVELOPMENT_OPTION,False,False,UNAPPROVED_SCENARIO_ASSET,EXISTING_MAP_POINT,,"{""id"": ""SF081"", ""countryId"": ""visual-territory-15"", ""projectId"": ""PROJECT-25"", ""projectNumber"": 25, ""name"": ""物流枢纽"", ""lifecycle"": ""CANDIDATE"", ""operational"": false, ""estimatedCapacity"": 96892.45, ""capacityUnit"": ""tonne/sim-day"", ""requiredWorkers"": 4604, ""requiredPowerMW"": 82.872, ""requiredWaterM3Day"": 8287, ""maintenanceGcuDay"": 38769.85, ""equipmentUnits"": 230, ""constructionSimDays"": 384, ""recipeStatus"": ""CORE_COEFFICIENT_BINDING_REQUIRED"", ""inputCategories"": [""LABOUR"", ""MACHINERY"", ""ELECTRICITY""], ""gridNodeId"": ""GRID-visual-territory-15"", ""accessNodeId"": ""SF081"", ""capacityBasis"": ""GEOGRAPHIC_SCENARIO_ESTIMATE""}",4604,0,0,231,90,18416.0,,,UNBUILT_OPTION,,,,,,,,,,,,,,
SF082,visual-territory-16,visual-territory-16-E1,油田开发,PROJECT-01,"[1522, 613]",241821.2851,barrel/sim-day,OP-16,GOV-16,DEVELOPMENT_OPTION,False,False,UNAPPROVED_SCENARIO_ASSET,EXISTING_MAP_POINT,RES71,"{""id"": ""SF082"", ""countryId"": ""visual-territory-16"", ""projectId"": ""PROJECT-01"", ""projectNumber"": 1, ""name"": ""油田开发"", ""lifecycle"": ""CANDIDATE"", ""operational"": false, ""estimatedCapacity"": 241821.2851, ""capacityUnit"": ""barrel/sim-day"", ""requiredWorkers"": 5358, ""requiredPowerMW"": 96.444, ""requiredWaterM3Day"": 9644, ""maintenanceGcuDay"": 47700.43, ""equipmentUnits"": 268, ""constructionSimDays"": 434, ""recipeStatus"": ""CORE_COEFFICIENT_BINDING_REQUIRED"", ""inputCategories"": [""LABOUR"", ""MACHINERY"", ""ELECTRICITY"", ""CRUDE_OIL_DEVELOPED_RESERVE""], ""gridNodeId"": ""GRID-visual-territory-16"", ""accessNodeId"": ""SF082"", ""capacityBasis"": ""GEOGRAPHIC_SCENARIO_ESTIMATE""}",5358,0,0,268,90,21432.0,,,UNBUILT_OPTION,,,,,,,,,,,,,,
SF083,visual-territory-16,visual-territory-16-E2,气田开发,PROJECT-02,"[1620, 533]",1257199.2595,MMBtu/sim-day,OP-16,GOV-16,DEVELOPMENT_OPTION,False,False,UNAPPROVED_SCENARIO_ASSET,EXISTING_MAP_POINT,RES135,"{""id"": ""SF083"", ""countryId"": ""visual-territory-16"", ""projectId"": ""PROJECT-02"", ""projectNumber"": 2, ""name"": ""气田开发"", ""lifecycle"": ""CANDIDATE"", ""operational"": false, ""estimatedCapacity"": 1257199.2595, ""capacityUnit"": ""MMBtu/sim-day"", ""requiredWorkers"": 5358, ""requiredPowerMW"": 96.444, ""requiredWaterM3Day"": 9644, ""maintenanceGcuDay"": 68007.99, ""equipmentUnits"": 268, ""constructionSimDays"": 445, ""recipeStatus"": ""CORE_COEFFICIENT_BINDING_REQUIRED"", ""inputCategories"": [""LABOUR"", ""MACHINERY"", ""ELECTRICITY"", ""NATURAL_GAS_DEVELOPED_RESERVE""], ""gridNodeId"": ""GRID-visual-territory-16"", ""accessNodeId"": ""SF083"", ""capacityBasis"": ""GEOGRAPHIC_SCENARIO_ESTIMATE""}",5358,0,0,268,90,21432.0,,,UNBUILT_OPTION,,,,,,,,,,,,,,
SF084,visual-territory-16,visual-territory-16-E1,铜矿,PROJECT-05,"[1520, 510]",11639.6777,tonne/sim-day,OP-16,GOV-16,DEVELOPMENT_OPTION,False,False,UNAPPROVED_SCENARIO_ASSET,EXISTING_MAP_POINT,RES136,"{""id"": ""SF084"", ""countryId"": ""visual-territory-16"", ""projectId"": ""PROJECT-05"", ""projectNumber"": 5, ""name"": ""铜矿"", ""lifecycle"": ""CANDIDATE"", ""operational"": false, ""estimatedCapacity"": 11639.6777, ""capacityUnit"": ""tonne/sim-day"", ""requiredWorkers"": 8572, ""requiredPowerMW"": 154.296, ""requiredWaterM3Day"": 15430, ""maintenanceGcuDay"": 68808.79, ""equipmentUnits"": 429, ""constructionSimDays"": 615, ""recipeStatus"": ""CORE_COEFFICIENT_BINDING_REQUIRED"", ""inputCategories"": [""LABOUR"", ""MACHINERY"", ""ELECTRICITY"", ""COPPER_DEVELOPED_RESERVE""], ""gridNodeId"": ""GRID-visual-territory-16"", ""accessNodeId"": ""SF084"", ""capacityBasis"": ""GEOGRAPHIC_SCENARIO_ESTIMATE""}",8572,0,0,429,90,34288.0,,,UNBUILT_OPTION,,,,,,,,,,,,,,
SF085,visual-territory-16,visual-territory-16-E2,锂矿,PROJECT-06,"[1611, 670]",637.2343,tonne LCE/sim-day,OP-16,GOV-16,DEVELOPMENT_OPTION,False,False,UNAPPROVED_SCENARIO_ASSET,EXISTING_MAP_POINT,RES137,"{""id"": ""SF085"", ""countryId"": ""visual-territory-16"", ""projectId"": ""PROJECT-06"", ""projectNumber"": 6, ""name"": ""锂矿"", ""lifecycle"": ""CANDIDATE"", ""operational"": false, ""estimatedCapacity"": 637.2343, ""capacityUnit"": ""tonne LCE/sim-day"", ""requiredWorkers"": 8572, ""requiredPowerMW"": 154.296, ""requiredWaterM3Day"": 15430, ""maintenanceGcuDay"": 68588.74, ""equipmentUnits"": 429, ""constructionSimDays"": 609, ""recipeStatus"": ""CORE_COEFFICIENT_BINDING_REQUIRED"", ""inputCategories"": [""LABOUR"", ""MACHINERY"", ""ELECTRICITY"", ""LITHIUM_DEVELOPED_RESERVE""], ""gridNodeId"": ""GRID-visual-territory-16"", ""accessNodeId"": ""SF085"", ""capacityBasis"": ""GEOGRAPHIC_SCENARIO_ESTIMATE""}",8572,0,0,429,90,34288.0,,,UNBUILT_OPTION,,,,,,,,,,,,,,
SF086,visual-territory-16,visual-territory-16-E1,太阳能设施,PROJECT-10,"[1466, 568]",114816.01,MW,OP-16,GOV-16,DEVELOPMENT_OPTION,False,False,UNAPPROVED_SCENARIO_ASSET,EXISTING_MAP_POINT,,"{""id"": ""SF086"", ""countryId"": ""visual-territory-16"", ""projectId"": ""PROJECT-10"", ""projectNumber"": 10, ""name"": ""太阳能设施"", ""lifecycle"": ""CANDIDATE"", ""operational"": false, ""estimatedCapacity"": 114816.01, ""capacityUnit"": ""MW"", ""requiredWorkers"": 5358, ""requiredPowerMW"": 96.444, ""requiredWaterM3Day"": 9644, ""maintenanceGcuDay"": 45160.32, ""equipmentUnits"": 268, ""constructionSimDays"": 430, ""recipeStatus"": ""CORE_COEFFICIENT_BINDING_REQUIRED"", ""inputCategories"": [""LABOUR"", ""MACHINERY"", ""ELECTRICITY""], ""gridNodeId"": ""GRID-visual-territory-16"", ""accessNodeId"": ""SF086"", ""capacityBasis"": ""GEOGRAPHIC_SCENARIO_ESTIMATE""}",5358,0,0,268,90,21432.0,,,UNBUILT_OPTION,,,,,,,,,,,,,,
SF087,visual-territory-16,visual-territory-16-E2,风能设施,PROJECT-11,"[1560, 551]",114816.01,MW,OP-16,GOV-16,DEVELOPMENT_OPTION,False,False,UNAPPROVED_SCENARIO_ASSET,EXISTING_MAP_POINT,,"{""id"": ""SF087"", ""countryId"": ""visual-territory-16"", ""projectId"": ""PROJECT-11"", ""projectNumber"": 11, ""name"": ""风能设施"", ""lifecycle"": ""CANDIDATE"", ""operational"": false, ""estimatedCapacity"": 114816.01, ""capacityUnit"": ""MW"", ""requiredWorkers"": 5358, ""requiredPowerMW"": 96.444, ""requiredWaterM3Day"": 9644, ""maintenanceGcuDay"": 45160.32, ""equipmentUnits"": 268, ""constructionSimDays"": 430, ""recipeStatus"": ""CORE_COEFFICIENT_BINDING_REQUIRED"", ""inputCategories"": [""LABOUR"", ""MACHINERY"", ""ELECTRICITY""], ""gridNodeId"": ""GRID-visual-territory-16"", ""accessNodeId"": ""SF087"", ""capacityBasis"": ""GEOGRAPHIC_SCENARIO_ESTIMATE""}",5358,0,0,268,90,21432.0,,,UNBUILT_OPTION,,,,,,,,,,,,,,
SF088,visual-territory-16,visual-territory-16-E2,物流枢纽,PROJECT-25,"[1572, 500]",114816.01,tonne/sim-day,OP-16,GOV-16,DEVELOPMENT_OPTION,False,False,UNAPPROVED_SCENARIO_ASSET,EXISTING_MAP_POINT,,"{""id"": ""SF088"", ""countryId"": ""visual-territory-16"", ""projectId"": ""PROJECT-25"", ""projectNumber"": 25, ""name"": ""物流枢纽"", ""lifecycle"": ""CANDIDATE"", ""operational"": false, ""estimatedCapacity"": 114816.01, ""capacityUnit"": ""tonne/sim-day"", ""requiredWorkers"": 5358, ""requiredPowerMW"": 96.444, ""requiredWaterM3Day"": 9644, ""maintenanceGcuDay"": 45160.32, ""equipmentUnits"": 268, ""constructionSimDays"": 430, ""recipeStatus"": ""CORE_COEFFICIENT_BINDING_REQUIRED"", ""inputCategories"": [""LABOUR"", ""MACHINERY"", ""ELECTRICITY""], ""gridNodeId"": ""GRID-visual-territory-16"", ""accessNodeId"": ""SF088"", ""capacityBasis"": ""GEOGRAPHIC_SCENARIO_ESTIMATE""}",5358,0,0,268,90,21432.0,,,UNBUILT_OPTION,,,,,,,,,,,,,,
SF089,visual-territory-16,visual-territory-16-E1,基础教育设施,PROJECT-31,"[1514, 565]",114816.01,student-seat,OP-16,GOV-16,DEVELOPMENT_OPTION,False,False,UNAPPROVED_SCENARIO_ASSET,EXISTING_MAP_POINT,,"{""id"": ""SF089"", ""countryId"": ""visual-territory-16"", ""projectId"": ""PROJECT-31"", ""projectNumber"": 31, ""name"": ""基础教育设施"", ""lifecycle"": ""CANDIDATE"", ""operational"": false, ""estimatedCapacity"": 114816.01, ""capacityUnit"": ""student-seat"", ""requiredWorkers"": 5358, ""requiredPowerMW"": 96.444, ""requiredWaterM3Day"": 9644, ""maintenanceGcuDay"": 45160.32, ""equipmentUnits"": 268, ""constructionSimDays"": 430, ""recipeStatus"": ""CORE_COEFFICIENT_BINDING_REQUIRED"", ""inputCategories"": [""LABOUR"", ""MACHINERY"", ""ELECTRICITY""], ""gridNodeId"": ""GRID-visual-territory-16"", ""accessNodeId"": ""SF089"", ""capacityBasis"": ""GEOGRAPHIC_SCENARIO_ESTIMATE""}",5358,0,0,268,90,21432.0,,,UNBUILT_OPTION,,,,,,,,,,,,,,
SF090,visual-territory-17,visual-territory-17-E1,铜矿,PROJECT-05,"[1006, 635]",4979.7051,tonne/sim-day,OP-17,GOV-17,DEVELOPMENT_OPTION,False,False,UNAPPROVED_SCENARIO_ASSET,EXISTING_MAP_POINT,RES138,"{""id"": ""SF090"", ""countryId"": ""visual-territory-17"", ""projectId"": ""PROJECT-05"", ""projectNumber"": 5, ""name"": ""铜矿"", ""lifecycle"": ""CANDIDATE"", ""operational"": false, ""estimatedCapacity"": 4979.7051, ""capacityUnit"": ""tonne/sim-day"", ""requiredWorkers"": 4612, ""requiredPowerMW"": 83.016, ""requiredWaterM3Day"": 8302, ""maintenanceGcuDay"": 36995.59, ""equipmentUnits"": 231, ""constructionSimDays"": 375, ""recipeStatus"": ""CORE_COEFFICIENT_BINDING_REQUIRED"", ""inputCategories"": [""LABOUR"", ""MACHINERY"", ""ELECTRICITY"", ""COPPER_DEVELOPED_RESERVE""], ""gridNodeId"": ""GRID-visual-territory-17"", ""accessNodeId"": ""SF090"", ""capacityBasis"": ""GEOGRAPHIC_SCENARIO_ESTIMATE""}",4612,0,0,231,90,18448.0,,,UNBUILT_OPTION,,,,,,,,,,,,,,
SF091,visual-territory-17,visual-territory-17-E1,气田开发,PROJECT-02,"[992, 565]",895218.025,MMBtu/sim-day,OP-17,GOV-17,DEVELOPMENT_OPTION,False,False,UNAPPROVED_SCENARIO_ASSET,EXISTING_MAP_POINT,RES140,"{""id"": ""SF091"", ""countryId"": ""visual-territory-17"", ""projectId"": ""PROJECT-02"", ""projectNumber"": 2, ""name"": ""气田开发"", ""lifecycle"": ""CANDIDATE"", ""operational"": false, ""estimatedCapacity"": 895218.025, ""capacityUnit"": ""MMBtu/sim-day"", ""requiredWorkers"": 2882, ""requiredPowerMW"": 51.876, ""requiredWaterM3Day"": 5188, ""maintenanceGcuDay"": 40960.36, ""equipmentUnits"": 144, ""constructionSimDays"": 294, ""recipeStatus"": ""CORE_COEFFICIENT_BINDING_REQUIRED"", ""inputCategories"": [""LABOUR"", ""MACHINERY"", ""ELECTRICITY"", ""NATURAL_GAS_DEVELOPED_RESERVE""], ""gridNodeId"": ""GRID-visual-territory-17"", ""accessNodeId"": ""SF091"", ""capacityBasis"": ""GEOGRAPHIC_SCENARIO_ESTIMATE""}",2882,0,0,145,90,11528.0,,,UNBUILT_OPTION,,,,,,,,,,,,,,
SF092,visual-territory-17,visual-territory-17-E1,铁矿,PROJECT-04,"[972, 605]",144693.0256,tonne/sim-day,OP-17,GOV-17,DEVELOPMENT_OPTION,False,False,UNAPPROVED_SCENARIO_ASSET,EXISTING_MAP_POINT,RES141,"{""id"": ""SF092"", ""countryId"": ""visual-territory-17"", ""projectId"": ""PROJECT-04"", ""projectNumber"": 4, ""name"": ""铁矿"", ""lifecycle"": ""CANDIDATE"", ""operational"": false, ""estimatedCapacity"": 144693.0256, ""capacityUnit"": ""tonne/sim-day"", ""requiredWorkers"": 4612, ""requiredPowerMW"": 83.016, ""requiredWaterM3Day"": 8302, ""maintenanceGcuDay"": 39789.86, ""equipmentUnits"": 231, ""constructionSimDays"": 386, ""recipeStatus"": ""CORE_COEFFICIENT_BINDING_REQUIRED"", ""inputCategories"": [""LABOUR"", ""MACHINERY"", ""ELECTRICITY"", ""IRON_ORE_DEVELOPED_RESERVE""], ""gridNodeId"": ""GRID-visual-territory-17"", ""accessNodeId"": ""SF092"", ""capacityBasis"": ""GEOGRAPHIC_SCENARIO_ESTIMATE""}",4612,0,0,231,90,18448.0,,,UNBUILT_OPTION,,,,,,,,,,,,,,
SF093,visual-territory-18,visual-territory-18-E1,锂矿,PROJECT-06,"[1044, 717]",269.8869,tonne LCE/sim-day,OP-18,GOV-18,DEVELOPMENT_OPTION,False,False,UNAPPROVED_SCENARIO_ASSET,EXISTING_MAP_POINT,RES142,"{""id"": ""SF093"", ""countryId"": ""visual-territory-18"", ""projectId"": ""PROJECT-06"", ""projectNumber"": 6, ""name"": ""锂矿"", ""lifecycle"": ""CANDIDATE"", ""operational"": false, ""estimatedCapacity"": 269.8869, ""capacityUnit"": ""tonne LCE/sim-day"", ""requiredWorkers"": 2762, ""requiredPowerMW"": 49.716, ""requiredWaterM3Day"": 4972, ""maintenanceGcuDay"": 22101.4, ""equipmentUnits"": 138, ""constructionSimDays"": 260, ""recipeStatus"": ""CORE_COEFFICIENT_BINDING_REQUIRED"", ""inputCategories"": [""LABOUR"", ""MACHINERY"", ""ELECTRICITY"", ""LITHIUM_DEVELOPED_RESERVE""], ""gridNodeId"": ""GRID-visual-territory-18"", ""accessNodeId"": ""SF093"", ""capacityBasis"": ""GEOGRAPHIC_SCENARIO_ESTIMATE""}",2762,0,0,139,90,11048.0,,,UNBUILT_OPTION,,,,,,,,,,,,,,
SF094,visual-territory-18,visual-territory-18-E1,油田开发,PROJECT-01,"[1004, 664]",400953.4334,barrel/sim-day,OP-18,GOV-18,DEVELOPMENT_OPTION,False,False,UNAPPROVED_SCENARIO_ASSET,EXISTING_MAP_POINT,RES144,"{""id"": ""SF094"", ""countryId"": ""visual-territory-18"", ""projectId"": ""PROJECT-01"", ""projectNumber"": 1, ""name"": ""油田开发"", ""lifecycle"": ""CANDIDATE"", ""operational"": false, ""estimatedCapacity"": 400953.4334, ""capacityUnit"": ""barrel/sim-day"", ""requiredWorkers"": 1726, ""requiredPowerMW"": 31.068, ""requiredWaterM3Day"": 3107, ""maintenanceGcuDay"": 21827.07, ""equipmentUnits"": 86, ""constructionSimDays"": 219, ""recipeStatus"": ""CORE_COEFFICIENT_BINDING_REQUIRED"", ""inputCategories"": [""LABOUR"", ""MACHINERY"", ""ELECTRICITY"", ""CRUDE_OIL_DEVELOPED_RESERVE""], ""gridNodeId"": ""GRID-visual-territory-18"", ""accessNodeId"": ""SF094"", ""capacityBasis"": ""GEOGRAPHIC_SCENARIO_ESTIMATE""}",1726,0,0,87,90,6904.0,,,UNBUILT_OPTION,,,,,,,,,,,,,,
SF095,visual-territory-19,visual-territory-19-E1,铀矿,PROJECT-03,"[1093, 602]",0.4158,tonne U/sim-day,OP-19,GOV-19,DEVELOPMENT_OPTION,False,False,UNAPPROVED_SCENARIO_ASSET,EXISTING_MAP_POINT,RES26,"{""id"": ""SF095"", ""countryId"": ""visual-territory-19"", ""projectId"": ""PROJECT-03"", ""projectNumber"": 3, ""name"": ""铀矿"", ""lifecycle"": ""CANDIDATE"", ""operational"": false, ""estimatedCapacity"": 0.4158, ""capacityUnit"": ""tonne U/sim-day"", ""requiredWorkers"": 4121, ""requiredPowerMW"": 74.178, ""requiredWaterM3Day"": 7418, ""maintenanceGcuDay"": 32968.01, ""equipmentUnits"": 206, ""constructionSimDays"": 338, ""recipeStatus"": ""CORE_COEFFICIENT_BINDING_REQUIRED"", ""inputCategories"": [""LABOUR"", ""MACHINERY"", ""ELECTRICITY"", ""URANIUM_DEVELOPED_RESERVE""], ""gridNodeId"": ""GRID-visual-territory-19"", ""accessNodeId"": ""SF095"", ""capacityBasis"": ""GEOGRAPHIC_SCENARIO_ESTIMATE""}",4121,0,0,207,90,16484.0,,,UNBUILT_OPTION,,,,,,,,,,,,,,
SF096,visual-territory-19,visual-territory-19-E1,气田开发,PROJECT-02,"[1015, 651]",831625.0282,MMBtu/sim-day,OP-19,GOV-19,DEVELOPMENT_OPTION,False,False,UNAPPROVED_SCENARIO_ASSET,EXISTING_MAP_POINT,RES146,"{""id"": ""SF096"", ""countryId"": ""visual-territory-19"", ""projectId"": ""PROJECT-02"", ""projectNumber"": 2, ""name"": ""气田开发"", ""lifecycle"": ""CANDIDATE"", ""operational"": false, ""estimatedCapacity"": 831625.0282, ""capacityUnit"": ""MMBtu/sim-day"", ""requiredWorkers"": 2576, ""requiredPowerMW"": 46.368, ""requiredWaterM3Day"": 4637, ""maintenanceGcuDay"": 37240.5, ""equipmentUnits"": 129, ""constructionSimDays"": 275, ""recipeStatus"": ""CORE_COEFFICIENT_BINDING_REQUIRED"", ""inputCategories"": [""LABOUR"", ""MACHINERY"", ""ELECTRICITY"", ""NATURAL_GAS_DEVELOPED_RESERVE""], ""gridNodeId"": ""GRID-visual-territory-19"", ""accessNodeId"": ""SF096"", ""capacityBasis"": ""GEOGRAPHIC_SCENARIO_ESTIMATE""}",2576,0,0,129,90,10304.0,,,UNBUILT_OPTION,,,,,,,,,,,,,,
SF097,visual-territory-19,visual-territory-19-E1,锂矿,PROJECT-06,"[1072, 655]",134.2651,tonne LCE/sim-day,OP-19,GOV-19,DEVELOPMENT_OPTION,False,False,UNAPPROVED_SCENARIO_ASSET,EXISTING_MAP_POINT,RES148,"{""id"": ""SF097"", ""countryId"": ""visual-territory-19"", ""projectId"": ""PROJECT-06"", ""projectNumber"": 6, ""name"": ""锂矿"", ""lifecycle"": ""CANDIDATE"", ""operational"": false, ""estimatedCapacity"": 134.2651, ""capacityUnit"": ""tonne LCE/sim-day"", ""requiredWorkers"": 4121, ""requiredPowerMW"": 74.178, ""requiredWaterM3Day"": 7418, ""maintenanceGcuDay"": 32970.69, ""equipmentUnits"": 206, ""constructionSimDays"": 341, ""recipeStatus"": ""CORE_COEFFICIENT_BINDING_REQUIRED"", ""inputCategories"": [""LABOUR"", ""MACHINERY"", ""ELECTRICITY"", ""LITHIUM_DEVELOPED_RESERVE""], ""gridNodeId"": ""GRID-visual-territory-19"", ""accessNodeId"": ""SF097"", ""capacityBasis"": ""GEOGRAPHIC_SCENARIO_ESTIMATE""}",4121,0,0,207,90,16484.0,,,UNBUILT_OPTION,,,,,,,,,,,,,,
SF098,visual-territory-19,visual-territory-19-E1,太阳能设施,PROJECT-10,"[1031, 574]",53067.05,MW,OP-19,GOV-19,DEVELOPMENT_OPTION,False,False,UNAPPROVED_SCENARIO_ASSET,EXISTING_MAP_POINT,,"{""id"": ""SF098"", ""countryId"": ""visual-territory-19"", ""projectId"": ""PROJECT-10"", ""projectNumber"": 10, ""name"": ""太阳能设施"", ""lifecycle"": ""CANDIDATE"", ""operational"": false, ""estimatedCapacity"": 53067.05, ""capacityUnit"": ""MW"", ""requiredWorkers"": 2576, ""requiredPowerMW"": 46.368, ""requiredWaterM3Day"": 4637, ""maintenanceGcuDay"": 21669.34, ""equipmentUnits"": 129, ""constructionSimDays"": 260, ""recipeStatus"": ""CORE_COEFFICIENT_BINDING_REQUIRED"", ""inputCategories"": [""LABOUR"", ""MACHINERY"", ""ELECTRICITY""], ""gridNodeId"": ""GRID-visual-territory-19"", ""accessNodeId"": ""SF098"", ""capacityBasis"": ""GEOGRAPHIC_SCENARIO_ESTIMATE""}",2576,0,0,129,90,10304.0,,,UNBUILT_OPTION,,,,,,,,,,,,,,
SF099,visual-territory-20,visual-territory-20-E1,铁矿,PROJECT-04,"[1122, 648]",39269.4631,tonne/sim-day,OP-20,GOV-20,DEVELOPMENT_OPTION,False,False,UNAPPROVED_SCENARIO_ASSET,EXISTING_MAP_POINT,RES27,"{""id"": ""SF099"", ""countryId"": ""visual-territory-20"", ""projectId"": ""PROJECT-04"", ""projectNumber"": 4, ""name"": ""铁矿"", ""lifecycle"": ""CANDIDATE"", ""operational"": false, ""estimatedCapacity"": 39269.4631, ""capacityUnit"": ""tonne/sim-day"", ""requiredWorkers"": 586, ""requiredPowerMW"": 10.548, ""requiredWaterM3Day"": 1055, ""maintenanceGcuDay"": 5473.39, ""equipmentUnits"": 29, ""constructionSimDays"": 139, ""recipeStatus"": ""CORE_COEFFICIENT_BINDING_REQUIRED"", ""inputCategories"": [""LABOUR"", ""MACHINERY"", ""ELECTRICITY"", ""IRON_ORE_DEVELOPED_RESERVE""], ""gridNodeId"": ""GRID-visual-territory-20"", ""accessNodeId"": ""SF099"", ""capacityBasis"": ""GEOGRAPHIC_SCENARIO_ESTIMATE""}",586,0,0,30,90,2344.0,,,UNBUILT_OPTION,,,,,,,,,,,,,,
SF100,visual-territory-20,visual-territory-20-E2,锂矿,PROJECT-06,"[1160, 592]",181.0823,tonne LCE/sim-day,OP-20,GOV-20,DEVELOPMENT_OPTION,False,False,UNAPPROVED_SCENARIO_ASSET,EXISTING_MAP_POINT,RES36,"{""id"": ""SF100"", ""countryId"": ""visual-territory-20"", ""projectId"": ""PROJECT-06"", ""projectNumber"": 6, ""name"": ""锂矿"", ""lifecycle"": ""CANDIDATE"", ""operational"": false, ""estimatedCapacity"": 181.0823, ""capacityUnit"": ""tonne LCE/sim-day"", ""requiredWorkers"": 586, ""requiredPowerMW"": 10.548, ""requiredWaterM3Day"": 1055, ""maintenanceGcuDay"": 4691.62, ""equipmentUnits"": 29, ""constructionSimDays"": 129, ""recipeStatus"": ""CORE_COEFFICIENT_BINDING_REQUIRED"", ""inputCategories"": [""LABOUR"", ""MACHINERY"", ""ELECTRICITY"", ""LITHIUM_DEVELOPED_RESERVE""], ""gridNodeId"": ""GRID-visual-territory-20"", ""accessNodeId"": ""SF100"", ""capacityBasis"": ""GEOGRAPHIC_SCENARIO_ESTIMATE""}",586,0,0,30,90,2344.0,,,UNBUILT_OPTION,,,,,,,,,,,,,,
SF101,visual-territory-21,visual-territory-21-E2,铜矿,PROJECT-05,"[1256, 698]",691.9825,tonne/sim-day,OP-21,GOV-21,DEVELOPMENT_OPTION,False,False,UNAPPROVED_SCENARIO_ASSET,EXISTING_MAP_POINT,RES28,"{""id"": ""SF101"", ""countryId"": ""visual-territory-21"", ""projectId"": ""PROJECT-05"", ""projectNumber"": 5, ""name"": ""铜矿"", ""lifecycle"": ""CANDIDATE"", ""operational"": false, ""estimatedCapacity"": 691.9825, ""capacityUnit"": ""tonne/sim-day"", ""requiredWorkers"": 5202, ""requiredPowerMW"": 93.636, ""requiredWaterM3Day"": 9364, ""maintenanceGcuDay"": 41629.84, ""equipmentUnits"": 260, ""constructionSimDays"": 407, ""recipeStatus"": ""CORE_COEFFICIENT_BINDING_REQUIRED"", ""inputCategories"": [""LABOUR"", ""MACHINERY"", ""ELECTRICITY"", ""COPPER_DEVELOPED_RESERVE""], ""gridNodeId"": ""GRID-visual-territory-21"", ""accessNodeId"": ""SF101"", ""capacityBasis"": ""GEOGRAPHIC_SCENARIO_ESTIMATE""}",5202,0,0,261,90,20808.0,,,UNBUILT_OPTION,,,,,,,,,,,,,,
SF102,visual-territory-21,visual-territory-21-E2,锂矿,PROJECT-06,"[1264, 623]",576.0171,tonne LCE/sim-day,OP-21,GOV-21,DEVELOPMENT_OPTION,False,False,UNAPPROVED_SCENARIO_ASSET,EXISTING_MAP_POINT,RES61,"{""id"": ""SF102"", ""countryId"": ""visual-territory-21"", ""projectId"": ""PROJECT-06"", ""projectNumber"": 6, ""name"": ""锂矿"", ""lifecycle"": ""CANDIDATE"", ""operational"": false, ""estimatedCapacity"": 576.0171, ""capacityUnit"": ""tonne LCE/sim-day"", ""requiredWorkers"": 5202, ""requiredPowerMW"": 93.636, ""requiredWaterM3Day"": 9364, ""maintenanceGcuDay"": 41627.52, ""equipmentUnits"": 260, ""constructionSimDays"": 407, ""recipeStatus"": ""CORE_COEFFICIENT_BINDING_REQUIRED"", ""inputCategories"": [""LABOUR"", ""MACHINERY"", ""ELECTRICITY"", ""LITHIUM_DEVELOPED_RESERVE""], ""gridNodeId"": ""GRID-visual-territory-21"", ""accessNodeId"": ""SF102"", ""capacityBasis"": ""GEOGRAPHIC_SCENARIO_ESTIMATE""}",5202,0,0,261,90,20808.0,,,UNBUILT_OPTION,,,,,,,,,,,,,,
SF103,visual-territory-21,visual-territory-21-E1,油田开发,PROJECT-01,"[1187, 704]",30342.0349,barrel/sim-day,OP-21,GOV-21,DEVELOPMENT_OPTION,False,False,UNAPPROVED_SCENARIO_ASSET,EXISTING_MAP_POINT,RES94,"{""id"": ""SF103"", ""countryId"": ""visual-territory-21"", ""projectId"": ""PROJECT-01"", ""projectNumber"": 1, ""name"": ""油田开发"", ""lifecycle"": ""CANDIDATE"", ""operational"": false, ""estimatedCapacity"": 30342.0349, ""capacityUnit"": ""barrel/sim-day"", ""requiredWorkers"": 3251, ""requiredPowerMW"": 58.518, ""requiredWaterM3Day"": 5852, ""maintenanceGcuDay"": 26614.84, ""equipmentUnits"": 163, ""constructionSimDays"": 298, ""recipeStatus"": ""CORE_COEFFICIENT_BINDING_REQUIRED"", ""inputCategories"": [""LABOUR"", ""MACHINERY"", ""ELECTRICITY"", ""CRUDE_OIL_DEVELOPED_RESERVE""], ""gridNodeId"": ""GRID-visual-territory-21"", ""accessNodeId"": ""SF103"", ""capacityBasis"": ""GEOGRAPHIC_SCENARIO_ESTIMATE""}",3251,0,0,163,90,13004.0,,,UNBUILT_OPTION,,,,,,,,,,,,,,
SF104,visual-territory-21,visual-territory-21-E1,铁矿,PROJECT-04,"[1184, 616]",66264.723,tonne/sim-day,OP-21,GOV-21,DEVELOPMENT_OPTION,False,False,UNAPPROVED_SCENARIO_ASSET,EXISTING_MAP_POINT,RES150,"{""id"": ""SF104"", ""countryId"": ""visual-territory-21"", ""projectId"": ""PROJECT-04"", ""projectNumber"": 4, ""name"": ""铁矿"", ""lifecycle"": ""CANDIDATE"", ""operational"": false, ""estimatedCapacity"": 66264.723, ""capacityUnit"": ""tonne/sim-day"", ""requiredWorkers"": 5202, ""requiredPowerMW"": 93.636, ""requiredWaterM3Day"": 9364, ""maintenanceGcuDay"": 42941.29, ""equipmentUnits"": 260, ""constructionSimDays"": 418, ""recipeStatus"": ""CORE_COEFFICIENT_BINDING_REQUIRED"", ""inputCategories"": [""LABOUR"", ""MACHINERY"", ""ELECTRICITY"", ""IRON_ORE_DEVELOPED_RESERVE""], ""gridNodeId"": ""GRID-visual-territory-21"", ""accessNodeId"": ""SF104"", ""capacityBasis"": ""GEOGRAPHIC_SCENARIO_ESTIMATE""}",5202,0,0,261,90,20808.0,,,UNBUILT_OPTION,,,,,,,,,,,,,,
SF105,visual-territory-21,visual-territory-21-E1,太阳能设施,PROJECT-10,"[1220, 657]",67642.7,MW,OP-21,GOV-21,DEVELOPMENT_OPTION,False,False,UNAPPROVED_SCENARIO_ASSET,EXISTING_MAP_POINT,,"{""id"": ""SF105"", ""countryId"": ""visual-territory-21"", ""projectId"": ""PROJECT-10"", ""projectNumber"": 10, ""name"": ""太阳能设施"", ""lifecycle"": ""CANDIDATE"", ""operational"": false, ""estimatedCapacity"": 67642.7, ""capacityUnit"": ""MW"", ""requiredWorkers"": 3251, ""requiredPowerMW"": 58.518, ""requiredWaterM3Day"": 5852, ""maintenanceGcuDay"": 27360.85, ""equipmentUnits"": 163, ""constructionSimDays"": 301, ""recipeStatus"": ""CORE_COEFFICIENT_BINDING_REQUIRED"", ""inputCategories"": [""LABOUR"", ""MACHINERY"", ""ELECTRICITY""], ""gridNodeId"": ""GRID-visual-territory-21"", ""accessNodeId"": ""SF105"", ""capacityBasis"": ""GEOGRAPHIC_SCENARIO_ESTIMATE""}",3251,0,0,163,90,13004.0,,,UNBUILT_OPTION,,,,,,,,,,,,,,
SF106,visual-territory-22,visual-territory-22-E1,铀矿,PROJECT-03,"[1277, 681]",0.6868,tonne U/sim-day,OP-22,GOV-22,DEVELOPMENT_OPTION,False,False,UNAPPROVED_SCENARIO_ASSET,EXISTING_MAP_POINT,RES151,"{""id"": ""SF106"", ""countryId"": ""visual-territory-22"", ""projectId"": ""PROJECT-03"", ""projectNumber"": 3, ""name"": ""铀矿"", ""lifecycle"": ""CANDIDATE"", ""operational"": false, ""estimatedCapacity"": 0.6868, ""capacityUnit"": ""tonne U/sim-day"", ""requiredWorkers"": 4603, ""requiredPowerMW"": 82.854, ""requiredWaterM3Day"": 8285, ""maintenanceGcuDay"": 36824.01, ""equipmentUnits"": 230, ""constructionSimDays"": 367, ""recipeStatus"": ""CORE_COEFFICIENT_BINDING_REQUIRED"", ""inputCategories"": [""LABOUR"", ""MACHINERY"", ""ELECTRICITY"", ""URANIUM_DEVELOPED_RESERVE""], ""gridNodeId"": ""GRID-visual-territory-22"", ""accessNodeId"": ""SF106"", ""capacityBasis"": ""GEOGRAPHIC_SCENARIO_ESTIMATE""}",4603,0,0,231,90,18412.0,,,UNBUILT_OPTION,,,,,,,,,,,,,,
SF107,visual-territory-22,visual-territory-22-E1,气田开发,PROJECT-02,"[1274, 613]",431626.5624,MMBtu/sim-day,OP-22,GOV-22,DEVELOPMENT_OPTION,False,False,UNAPPROVED_SCENARIO_ASSET,EXISTING_MAP_POINT,RES153,"{""id"": ""SF107"", ""countryId"": ""visual-territory-22"", ""projectId"": ""PROJECT-02"", ""projectNumber"": 2, ""name"": ""气田开发"", ""lifecycle"": ""CANDIDATE"", ""operational"": false, ""estimatedCapacity"": 431626.5624, ""capacityUnit"": ""MMBtu/sim-day"", ""requiredWorkers"": 2877, ""requiredPowerMW"": 51.786, ""requiredWaterM3Day"": 5179, ""maintenanceGcuDay"": 31648.53, ""equipmentUnits"": 144, ""constructionSimDays"": 288, ""recipeStatus"": ""CORE_COEFFICIENT_BINDING_REQUIRED"", ""inputCategories"": [""LABOUR"", ""MACHINERY"", ""ELECTRICITY"", ""NATURAL_GAS_DEVELOPED_RESERVE""], ""gridNodeId"": ""GRID-visual-territory-22"", ""accessNodeId"": ""SF107"", ""capacityBasis"": ""GEOGRAPHIC_SCENARIO_ESTIMATE""}",2877,0,0,144,90,11508.0,,,UNBUILT_OPTION,,,,,,,,,,,,,,
SF108,visual-territory-22,visual-territory-22-E1,铁矿,PROJECT-04,"[1320, 720]",69984.6466,tonne/sim-day,OP-22,GOV-22,DEVELOPMENT_OPTION,False,False,UNAPPROVED_SCENARIO_ASSET,EXISTING_MAP_POINT,RES154,"{""id"": ""SF108"", ""countryId"": ""visual-territory-22"", ""projectId"": ""PROJECT-04"", ""projectNumber"": 4, ""name"": ""铁矿"", ""lifecycle"": ""CANDIDATE"", ""operational"": false, ""estimatedCapacity"": 69984.6466, ""capacityUnit"": ""tonne/sim-day"", ""requiredWorkers"": 4603, ""requiredPowerMW"": 82.854, ""requiredWaterM3Day"": 8285, ""maintenanceGcuDay"": 38223.69, ""equipmentUnits"": 230, ""constructionSimDays"": 382, ""recipeStatus"": ""CORE_COEFFICIENT_BINDING_REQUIRED"", ""inputCategories"": [""LABOUR"", ""MACHINERY"", ""ELECTRICITY"", ""IRON_ORE_DEVELOPED_RESERVE""], ""gridNodeId"": ""GRID-visual-territory-22"", ""accessNodeId"": ""SF108"", ""capacityBasis"": ""GEOGRAPHIC_SCENARIO_ESTIMATE""}",4603,0,0,231,90,18412.0,,,UNBUILT_OPTION,,,,,,,,,,,,,,
SF109,visual-territory-22,visual-territory-22-E1,太阳能设施,PROJECT-10,"[1377, 707]",66219.23,MW,OP-22,GOV-22,DEVELOPMENT_OPTION,False,False,UNAPPROVED_SCENARIO_ASSET,EXISTING_MAP_POINT,,"{""id"": ""SF109"", ""countryId"": ""visual-territory-22"", ""projectId"": ""PROJECT-10"", ""projectNumber"": 10, ""name"": ""太阳能设施"", ""lifecycle"": ""CANDIDATE"", ""operational"": false, ""estimatedCapacity"": 66219.23, ""capacityUnit"": ""MW"", ""requiredWorkers"": 2877, ""requiredPowerMW"": 51.786, ""requiredWaterM3Day"": 5179, ""maintenanceGcuDay"": 24340.38, ""equipmentUnits"": 144, ""constructionSimDays"": 279, ""recipeStatus"": ""CORE_COEFFICIENT_BINDING_REQUIRED"", ""inputCategories"": [""LABOUR"", ""MACHINERY"", ""ELECTRICITY""], ""gridNodeId"": ""GRID-visual-territory-22"", ""accessNodeId"": ""SF109"", ""capacityBasis"": ""GEOGRAPHIC_SCENARIO_ESTIMATE""}",2877,0,0,144,90,11508.0,,,UNBUILT_OPTION,,,,,,,,,,,,,,
SF110,visual-territory-23,visual-territory-23-E2,锂矿,PROJECT-06,"[1430, 660]",242.425,tonne LCE/sim-day,OP-23,GOV-23,DEVELOPMENT_OPTION,False,False,UNAPPROVED_SCENARIO_ASSET,EXISTING_MAP_POINT,RES37,"{""id"": ""SF110"", ""countryId"": ""visual-territory-23"", ""projectId"": ""PROJECT-06"", ""projectNumber"": 6, ""name"": ""锂矿"", ""lifecycle"": ""CANDIDATE"", ""operational"": false, ""estimatedCapacity"": 242.425, ""capacityUnit"": ""tonne LCE/sim-day"", ""requiredWorkers"": 7530, ""requiredPowerMW"": 135.54, ""requiredWaterM3Day"": 13554, ""maintenanceGcuDay"": 60244.85, ""equipmentUnits"": 376, ""constructionSimDays"": 546, ""recipeStatus"": ""CORE_COEFFICIENT_BINDING_REQUIRED"", ""inputCategories"": [""LABOUR"", ""MACHINERY"", ""ELECTRICITY"", ""LITHIUM_DEVELOPED_RESERVE""], ""gridNodeId"": ""GRID-visual-territory-23"", ""accessNodeId"": ""SF110"", ""capacityBasis"": ""GEOGRAPHIC_SCENARIO_ESTIMATE""}",7530,0,0,377,90,30120.0,,,UNBUILT_OPTION,,,,,,,,,,,,,,
SF111,visual-territory-23,visual-territory-23-E1,气田开发,PROJECT-02,"[1292, 654]",1356297.1665,MMBtu/sim-day,OP-23,GOV-23,DEVELOPMENT_OPTION,False,False,UNAPPROVED_SCENARIO_ASSET,EXISTING_MAP_POINT,RES155,"{""id"": ""SF111"", ""countryId"": ""visual-territory-23"", ""projectId"": ""PROJECT-02"", ""projectNumber"": 2, ""name"": ""气田开发"", ""lifecycle"": ""CANDIDATE"", ""operational"": false, ""estimatedCapacity"": 1356297.1665, ""capacityUnit"": ""MMBtu/sim-day"", ""requiredWorkers"": 4706, ""requiredPowerMW"": 84.708, ""requiredWaterM3Day"": 8471, ""maintenanceGcuDay"": 64773.94, ""equipmentUnits"": 235, ""constructionSimDays"": 406, ""recipeStatus"": ""CORE_COEFFICIENT_BINDING_REQUIRED"", ""inputCategories"": [""LABOUR"", ""MACHINERY"", ""ELECTRICITY"", ""NATURAL_GAS_DEVELOPED_RESERVE""], ""gridNodeId"": ""GRID-visual-territory-23"", ""accessNodeId"": ""SF111"", ""capacityBasis"": ""GEOGRAPHIC_SCENARIO_ESTIMATE""}",4706,0,0,236,90,18824.0,,,UNBUILT_OPTION,,,,,,,,,,,,,,
SF112,visual-territory-23,visual-territory-23-E2,铁矿,PROJECT-04,"[1441, 728]",330393.1816,tonne/sim-day,OP-23,GOV-23,DEVELOPMENT_OPTION,False,False,UNAPPROVED_SCENARIO_ASSET,EXISTING_MAP_POINT,RES156,"{""id"": ""SF112"", ""countryId"": ""visual-territory-23"", ""projectId"": ""PROJECT-04"", ""projectNumber"": 4, ""name"": ""铁矿"", ""lifecycle"": ""CANDIDATE"", ""operational"": false, ""estimatedCapacity"": 330393.1816, ""capacityUnit"": ""tonne/sim-day"", ""requiredWorkers"": 7530, ""requiredPowerMW"": 135.54, ""requiredWaterM3Day"": 13554, ""maintenanceGcuDay"": 66847.86, ""equipmentUnits"": 376, ""constructionSimDays"": 566, ""recipeStatus"": ""CORE_COEFFICIENT_BINDING_REQUIRED"", ""inputCategories"": [""LABOUR"", ""MACHINERY"", ""ELECTRICITY"", ""IRON_ORE_DEVELOPED_RESERVE""], ""gridNodeId"": ""GRID-visual-territory-23"", ""accessNodeId"": ""SF112"", ""capacityBasis"": ""GEOGRAPHIC_SCENARIO_ESTIMATE""}",7530,0,0,377,90,30120.0,,,UNBUILT_OPTION,,,,,,,,,,,,,,
SF113,visual-territory-23,visual-territory-23-E1,铜矿,PROJECT-05,"[1349, 685]",14428.2229,tonne/sim-day,OP-23,GOV-23,DEVELOPMENT_OPTION,False,False,UNAPPROVED_SCENARIO_ASSET,EXISTING_MAP_POINT,RES319,"{""id"": ""SF113"", ""countryId"": ""visual-territory-23"", ""projectId"": ""PROJECT-05"", ""projectNumber"": 5, ""name"": ""铜矿"", ""lifecycle"": ""CANDIDATE"", ""operational"": false, ""estimatedCapacity"": 14428.2229, ""capacityUnit"": ""tonne/sim-day"", ""requiredWorkers"": 7530, ""requiredPowerMW"": 135.54, ""requiredWaterM3Day"": 13554, ""maintenanceGcuDay"": 60528.56, ""equipmentUnits"": 376, ""constructionSimDays"": 553, ""recipeStatus"": ""CORE_COEFFICIENT_BINDING_REQUIRED"", ""inputCategories"": [""LABOUR"", ""MACHINERY"", ""ELECTRICITY"", ""COPPER_DEVELOPED_RESERVE""], ""gridNodeId"": ""GRID-visual-territory-23"", ""accessNodeId"": ""SF113"", ""capacityBasis"": ""GEOGRAPHIC_SCENARIO_ESTIMATE""}",7530,0,0,377,90,30120.0,,,UNBUILT_OPTION,,,,,,,,,,,,,,
SF114,visual-territory-23,visual-territory-23-E1,太阳能设施,PROJECT-10,"[1372, 620]",101254.62,MW,OP-23,GOV-23,DEVELOPMENT_OPTION,False,False,UNAPPROVED_SCENARIO_ASSET,EXISTING_MAP_POINT,,"{""id"": ""SF114"", ""countryId"": ""visual-territory-23"", ""projectId"": ""PROJECT-10"", ""projectNumber"": 10, ""name"": ""太阳能设施"", ""lifecycle"": ""CANDIDATE"", ""operational"": false, ""estimatedCapacity"": 101254.62, ""capacityUnit"": ""MW"", ""requiredWorkers"": 4706, ""requiredPowerMW"": 84.708, ""requiredWaterM3Day"": 8471, ""maintenanceGcuDay"": 39673.09, ""equipmentUnits"": 235, ""constructionSimDays"": 390, ""recipeStatus"": ""CORE_COEFFICIENT_BINDING_REQUIRED"", ""inputCategories"": [""LABOUR"", ""MACHINERY"", ""ELECTRICITY""], ""gridNodeId"": ""GRID-visual-territory-23"", ""accessNodeId"": ""SF114"", ""capacityBasis"": ""GEOGRAPHIC_SCENARIO_ESTIMATE""}",4706,0,0,236,90,18824.0,,,UNBUILT_OPTION,,,,,,,,,,,,,,
SF115,visual-territory-23,visual-territory-23-E1,风能设施,PROJECT-11,"[1398, 700]",101254.62,MW,OP-23,GOV-23,DEVELOPMENT_OPTION,False,False,UNAPPROVED_SCENARIO_ASSET,EXISTING_MAP_POINT,,"{""id"": ""SF115"", ""countryId"": ""visual-territory-23"", ""projectId"": ""PROJECT-11"", ""projectNumber"": 11, ""name"": ""风能设施"", ""lifecycle"": ""CANDIDATE"", ""operational"": false, ""estimatedCapacity"": 101254.62, ""capacityUnit"": ""MW"", ""requiredWorkers"": 4706, ""requiredPowerMW"": 84.708, ""requiredWaterM3Day"": 8471, ""maintenanceGcuDay"": 39673.09, ""equipmentUnits"": 235, ""constructionSimDays"": 390, ""recipeStatus"": ""CORE_COEFFICIENT_BINDING_REQUIRED"", ""inputCategories"": [""LABOUR"", ""MACHINERY"", ""ELECTRICITY""], ""gridNodeId"": ""GRID-visual-territory-23"", ""accessNodeId"": ""SF115"", ""capacityBasis"": ""GEOGRAPHIC_SCENARIO_ESTIMATE""}",4706,0,0,236,90,18824.0,,,UNBUILT_OPTION,,,,,,,,,,,,,,
SF116,visual-territory-24,visual-territory-24-E2,气田开发,PROJECT-02,"[1542, 695]",1054674.7412,MMBtu/sim-day,OP-24,GOV-24,DEVELOPMENT_OPTION,False,False,UNAPPROVED_SCENARIO_ASSET,EXISTING_MAP_POINT,RES53,"{""id"": ""SF116"", ""countryId"": ""visual-territory-24"", ""projectId"": ""PROJECT-02"", ""projectNumber"": 2, ""name"": ""气田开发"", ""lifecycle"": ""CANDIDATE"", ""operational"": false, ""estimatedCapacity"": 1054674.7412, ""capacityUnit"": ""MMBtu/sim-day"", ""requiredWorkers"": 3837, ""requiredPowerMW"": 69.066, ""requiredWaterM3Day"": 6907, ""maintenanceGcuDay"": 51789.49, ""equipmentUnits"": 192, ""constructionSimDays"": 352, ""recipeStatus"": ""CORE_COEFFICIENT_BINDING_REQUIRED"", ""inputCategories"": [""LABOUR"", ""MACHINERY"", ""ELECTRICITY"", ""NATURAL_GAS_DEVELOPED_RESERVE""], ""gridNodeId"": ""GRID-visual-territory-24"", ""accessNodeId"": ""SF116"", ""capacityBasis"": ""GEOGRAPHIC_SCENARIO_ESTIMATE""}",3837,0,0,192,90,15348.0,,,UNBUILT_OPTION,,,,,,,,,,,,,,
SF117,visual-territory-24,visual-territory-24-E1,锂矿,PROJECT-06,"[1479, 682]",262.8424,tonne LCE/sim-day,OP-24,GOV-24,DEVELOPMENT_OPTION,False,False,UNAPPROVED_SCENARIO_ASSET,EXISTING_MAP_POINT,RES76,"{""id"": ""SF117"", ""countryId"": ""visual-territory-24"", ""projectId"": ""PROJECT-06"", ""projectNumber"": 6, ""name"": ""锂矿"", ""lifecycle"": ""CANDIDATE"", ""operational"": false, ""estimatedCapacity"": 262.8424, ""capacityUnit"": ""tonne LCE/sim-day"", ""requiredWorkers"": 6139, ""requiredPowerMW"": 110.502, ""requiredWaterM3Day"": 11050, ""maintenanceGcuDay"": 49117.26, ""equipmentUnits"": 307, ""constructionSimDays"": 462, ""recipeStatus"": ""CORE_COEFFICIENT_BINDING_REQUIRED"", ""inputCategories"": [""LABOUR"", ""MACHINERY"", ""ELECTRICITY"", ""LITHIUM_DEVELOPED_RESERVE""], ""gridNodeId"": ""GRID-visual-territory-24"", ""accessNodeId"": ""SF117"", ""capacityBasis"": ""GEOGRAPHIC_SCENARIO_ESTIMATE""}",6139,0,0,307,90,24556.0,,,UNBUILT_OPTION,,,,,,,,,,,,,,
SF118,visual-territory-24,visual-territory-24-E1,油田开发,PROJECT-01,"[1489, 604]",275827.7684,barrel/sim-day,OP-24,GOV-24,DEVELOPMENT_OPTION,False,False,UNAPPROVED_SCENARIO_ASSET,EXISTING_MAP_POINT,RES157,"{""id"": ""SF118"", ""countryId"": ""visual-territory-24"", ""projectId"": ""PROJECT-01"", ""projectNumber"": 1, ""name"": ""油田开发"", ""lifecycle"": ""CANDIDATE"", ""operational"": false, ""estimatedCapacity"": 275827.7684, ""capacityUnit"": ""barrel/sim-day"", ""requiredWorkers"": 3837, ""requiredPowerMW"": 69.066, ""requiredWaterM3Day"": 6907, ""maintenanceGcuDay"": 36212.56, ""equipmentUnits"": 192, ""constructionSimDays"": 343, ""recipeStatus"": ""CORE_COEFFICIENT_BINDING_REQUIRED"", ""inputCategories"": [""LABOUR"", ""MACHINERY"", ""ELECTRICITY"", ""CRUDE_OIL_DEVELOPED_RESERVE""], ""gridNodeId"": ""GRID-visual-territory-24"", ""accessNodeId"": ""SF118"", ""capacityBasis"": ""GEOGRAPHIC_SCENARIO_ESTIMATE""}",3837,0,0,192,90,15348.0,,,UNBUILT_OPTION,,,,,,,,,,,,,,
SF119,visual-territory-24,visual-territory-24-E2,太阳能设施,PROJECT-10,"[1606, 679]",78510.14,MW,OP-24,GOV-24,DEVELOPMENT_OPTION,False,False,UNAPPROVED_SCENARIO_ASSET,EXISTING_MAP_POINT,,"{""id"": ""SF119"", ""countryId"": ""visual-territory-24"", ""projectId"": ""PROJECT-10"", ""projectNumber"": 10, ""name"": ""太阳能设施"", ""lifecycle"": ""CANDIDATE"", ""operational"": false, ""estimatedCapacity"": 78510.14, ""capacityUnit"": ""MW"", ""requiredWorkers"": 3837, ""requiredPowerMW"": 69.066, ""requiredWaterM3Day"": 6907, ""maintenanceGcuDay"": 32266.2, ""equipmentUnits"": 192, ""constructionSimDays"": 337, ""recipeStatus"": ""CORE_COEFFICIENT_BINDING_REQUIRED"", ""inputCategories"": [""LABOUR"", ""MACHINERY"", ""ELECTRICITY""], ""gridNodeId"": ""GRID-visual-territory-24"", ""accessNodeId"": ""SF119"", ""capacityBasis"": ""GEOGRAPHIC_SCENARIO_ESTIMATE""}",3837,0,0,192,90,15348.0,,,UNBUILT_OPTION,,,,,,,,,,,,,,
SF120,visual-territory-24,visual-territory-24-E2,风能设施,PROJECT-11,"[1543, 631]",78510.14,MW,OP-24,GOV-24,DEVELOPMENT_OPTION,False,False,UNAPPROVED_SCENARIO_ASSET,EXISTING_MAP_POINT,,"{""id"": ""SF120"", ""countryId"": ""visual-territory-24"", ""projectId"": ""PROJECT-11"", ""projectNumber"": 11, ""name"": ""风能设施"", ""lifecycle"": ""CANDIDATE"", ""operational"": false, ""estimatedCapacity"": 78510.14, ""capacityUnit"": ""MW"", ""requiredWorkers"": 3837, ""requiredPowerMW"": 69.066, ""requiredWaterM3Day"": 6907, ""maintenanceGcuDay"": 32266.2, ""equipmentUnits"": 192, ""constructionSimDays"": 337, ""recipeStatus"": ""CORE_COEFFICIENT_BINDING_REQUIRED"", ""inputCategories"": [""LABOUR"", ""MACHINERY"", ""ELECTRICITY""], ""gridNodeId"": ""GRID-visual-territory-24"", ""accessNodeId"": ""SF120"", ""capacityBasis"": ""GEOGRAPHIC_SCENARIO_ESTIMATE""}",3837,0,0,192,90,15348.0,,,UNBUILT_OPTION,,,,,,,,,,,,,,
SF121,visual-territory-25,visual-territory-25-E1,锂矿,PROJECT-06,"[998, 752]",276.6263,tonne LCE/sim-day,OP-25,GOV-25,DEVELOPMENT_OPTION,False,False,UNAPPROVED_SCENARIO_ASSET,EXISTING_MAP_POINT,RES159,"{""id"": ""SF121"", ""countryId"": ""visual-territory-25"", ""projectId"": ""PROJECT-06"", ""projectNumber"": 6, ""name"": ""锂矿"", ""lifecycle"": ""CANDIDATE"", ""operational"": false, ""estimatedCapacity"": 276.6263, ""capacityUnit"": ""tonne LCE/sim-day"", ""requiredWorkers"": 3949, ""requiredPowerMW"": 71.082, ""requiredWaterM3Day"": 7108, ""maintenanceGcuDay"": 31597.53, ""equipmentUnits"": 197, ""constructionSimDays"": 331, ""recipeStatus"": ""CORE_COEFFICIENT_BINDING_REQUIRED"", ""inputCategories"": [""LABOUR"", ""MACHINERY"", ""ELECTRICITY"", ""LITHIUM_DEVELOPED_RESERVE""], ""gridNodeId"": ""GRID-visual-territory-25"", ""accessNodeId"": ""SF121"", ""capacityBasis"": ""GEOGRAPHIC_SCENARIO_ESTIMATE""}",3949,0,0,198,90,15796.0,,,UNBUILT_OPTION,,,,,,,,,,,,,,
SF122,visual-territory-25,visual-territory-25-E1,油田开发,PROJECT-01,"[952, 667]",453443.5652,barrel/sim-day,OP-25,GOV-25,DEVELOPMENT_OPTION,False,False,UNAPPROVED_SCENARIO_ASSET,EXISTING_MAP_POINT,RES161,"{""id"": ""SF122"", ""countryId"": ""visual-territory-25"", ""projectId"": ""PROJECT-01"", ""projectNumber"": 1, ""name"": ""油田开发"", ""lifecycle"": ""CANDIDATE"", ""operational"": false, ""estimatedCapacity"": 453443.5652, ""capacityUnit"": ""barrel/sim-day"", ""requiredWorkers"": 2468, ""requiredPowerMW"": 44.424, ""requiredWaterM3Day"": 4442, ""maintenanceGcuDay"": 28812.87, ""equipmentUnits"": 123, ""constructionSimDays"": 264, ""recipeStatus"": ""CORE_COEFFICIENT_BINDING_REQUIRED"", ""inputCategories"": [""LABOUR"", ""MACHINERY"", ""ELECTRICITY"", ""CRUDE_OIL_DEVELOPED_RESERVE""], ""gridNodeId"": ""GRID-visual-territory-25"", ""accessNodeId"": ""SF122"", ""capacityBasis"": ""GEOGRAPHIC_SCENARIO_ESTIMATE""}",2468,0,0,124,90,9872.0,,,UNBUILT_OPTION,,,,,,,,,,,,,,
SF123,visual-territory-25,visual-territory-25-E1,铁矿,PROJECT-04,"[923, 749]",186270.9295,tonne/sim-day,OP-25,GOV-25,DEVELOPMENT_OPTION,False,False,UNAPPROVED_SCENARIO_ASSET,EXISTING_MAP_POINT,RES162,"{""id"": ""SF123"", ""countryId"": ""visual-territory-25"", ""projectId"": ""PROJECT-04"", ""projectNumber"": 4, ""name"": ""铁矿"", ""lifecycle"": ""CANDIDATE"", ""operational"": false, ""estimatedCapacity"": 186270.9295, ""capacityUnit"": ""tonne/sim-day"", ""requiredWorkers"": 3949, ""requiredPowerMW"": 71.082, ""requiredWaterM3Day"": 7108, ""maintenanceGcuDay"": 35317.42, ""equipmentUnits"": 197, ""constructionSimDays"": 348, ""recipeStatus"": ""CORE_COEFFICIENT_BINDING_REQUIRED"", ""inputCategories"": [""LABOUR"", ""MACHINERY"", ""ELECTRICITY"", ""IRON_ORE_DEVELOPED_RESERVE""], ""gridNodeId"": ""GRID-visual-territory-25"", ""accessNodeId"": ""SF123"", ""capacityBasis"": ""GEOGRAPHIC_SCENARIO_ESTIMATE""}",3949,0,0,198,90,15796.0,,,UNBUILT_OPTION,,,,,,,,,,,,,,
SF124,visual-territory-26,visual-territory-26-E2,锂矿,PROJECT-06,"[1084, 719]",175.3271,tonne LCE/sim-day,OP-26,GOV-26,DEVELOPMENT_OPTION,False,False,UNAPPROVED_SCENARIO_ASSET,EXISTING_MAP_POINT,RES163,"{""id"": ""SF124"", ""countryId"": ""visual-territory-26"", ""projectId"": ""PROJECT-06"", ""projectNumber"": 6, ""name"": ""锂矿"", ""lifecycle"": ""CANDIDATE"", ""operational"": false, ""estimatedCapacity"": 175.3271, ""capacityUnit"": ""tonne LCE/sim-day"", ""requiredWorkers"": 2935, ""requiredPowerMW"": 52.83, ""requiredWaterM3Day"": 5283, ""maintenanceGcuDay"": 23483.51, ""equipmentUnits"": 147, ""constructionSimDays"": 270, ""recipeStatus"": ""CORE_COEFFICIENT_BINDING_REQUIRED"", ""inputCategories"": [""LABOUR"", ""MACHINERY"", ""ELECTRICITY"", ""LITHIUM_DEVELOPED_RESERVE""], ""gridNodeId"": ""GRID-visual-territory-26"", ""accessNodeId"": ""SF124"", ""capacityBasis"": ""GEOGRAPHIC_SCENARIO_ESTIMATE""}",2935,0,0,147,90,11740.0,,,UNBUILT_OPTION,,,,,,,,,,,,,,
SF125,visual-territory-26,visual-territory-26-E2,油田开发,PROJECT-01,"[1088, 793]",573830.8846,barrel/sim-day,OP-26,GOV-26,DEVELOPMENT_OPTION,False,False,UNAPPROVED_SCENARIO_ASSET,EXISTING_MAP_POINT,RES165,"{""id"": ""SF125"", ""countryId"": ""visual-territory-26"", ""projectId"": ""PROJECT-01"", ""projectNumber"": 1, ""name"": ""油田开发"", ""lifecycle"": ""CANDIDATE"", ""operational"": false, ""estimatedCapacity"": 573830.8846, ""capacityUnit"": ""barrel/sim-day"", ""requiredWorkers"": 1834, ""requiredPowerMW"": 33.012, ""requiredWaterM3Day"": 3301, ""maintenanceGcuDay"": 26148.62, ""equipmentUnits"": 92, ""constructionSimDays"": 228, ""recipeStatus"": ""CORE_COEFFICIENT_BINDING_REQUIRED"", ""inputCategories"": [""LABOUR"", ""MACHINERY"", ""ELECTRICITY"", ""CRUDE_OIL_DEVELOPED_RESERVE""], ""gridNodeId"": ""GRID-visual-territory-26"", ""accessNodeId"": ""SF125"", ""capacityBasis"": ""GEOGRAPHIC_SCENARIO_ESTIMATE""}",1834,0,0,92,90,7336.0,,,UNBUILT_OPTION,,,,,,,,,,,,,,
SF126,visual-territory-27,visual-territory-27-E2,锂矿,PROJECT-06,"[1167, 683]",126.0693,tonne LCE/sim-day,OP-27,GOV-27,DEVELOPMENT_OPTION,False,False,UNAPPROVED_SCENARIO_ASSET,EXISTING_MAP_POINT,RES167,"{""id"": ""SF126"", ""countryId"": ""visual-territory-27"", ""projectId"": ""PROJECT-06"", ""projectNumber"": 6, ""name"": ""锂矿"", ""lifecycle"": ""CANDIDATE"", ""operational"": false, ""estimatedCapacity"": 126.0693, ""capacityUnit"": ""tonne LCE/sim-day"", ""requiredWorkers"": 4300, ""requiredPowerMW"": 77.4, ""requiredWaterM3Day"": 7740, ""maintenanceGcuDay"": 34402.52, ""equipmentUnits"": 215, ""constructionSimDays"": 351, ""recipeStatus"": ""CORE_COEFFICIENT_BINDING_REQUIRED"", ""inputCategories"": [""LABOUR"", ""MACHINERY"", ""ELECTRICITY"", ""LITHIUM_DEVELOPED_RESERVE""], ""gridNodeId"": ""GRID-visual-territory-27"", ""accessNodeId"": ""SF126"", ""capacityBasis"": ""GEOGRAPHIC_SCENARIO_ESTIMATE""}",4300,0,0,215,90,17200.0,,,UNBUILT_OPTION,,,,,,,,,,,,,,
SF127,visual-territory-27,visual-territory-27-E2,气田开发,PROJECT-02,"[1158, 779]",1493476.1434,MMBtu/sim-day,OP-27,GOV-27,DEVELOPMENT_OPTION,False,False,UNAPPROVED_SCENARIO_ASSET,EXISTING_MAP_POINT,RES169,"{""id"": ""SF127"", ""countryId"": ""visual-territory-27"", ""projectId"": ""PROJECT-02"", ""projectNumber"": 2, ""name"": ""气田开发"", ""lifecycle"": ""CANDIDATE"", ""operational"": false, ""estimatedCapacity"": 1493476.1434, ""capacityUnit"": ""MMBtu/sim-day"", ""requiredWorkers"": 2687, ""requiredPowerMW"": 48.366, ""requiredWaterM3Day"": 4837, ""maintenanceGcuDay"": 51365.52, ""equipmentUnits"": 134, ""constructionSimDays"": 286, ""recipeStatus"": ""CORE_COEFFICIENT_BINDING_REQUIRED"", ""inputCategories"": [""LABOUR"", ""MACHINERY"", ""ELECTRICITY"", ""NATURAL_GAS_DEVELOPED_RESERVE""], ""gridNodeId"": ""GRID-visual-territory-27"", ""accessNodeId"": ""SF127"", ""capacityBasis"": ""GEOGRAPHIC_SCENARIO_ESTIMATE""}",2687,0,0,135,90,10748.0,,,UNBUILT_OPTION,,,,,,,,,,,,,,
SF128,visual-territory-27,visual-territory-27-E1,铁矿,PROJECT-04,"[1106, 808]",296057.8051,tonne/sim-day,OP-27,GOV-27,DEVELOPMENT_OPTION,False,False,UNAPPROVED_SCENARIO_ASSET,EXISTING_MAP_POINT,RES170,"{""id"": ""SF128"", ""countryId"": ""visual-territory-27"", ""projectId"": ""PROJECT-04"", ""projectNumber"": 4, ""name"": ""铁矿"", ""lifecycle"": ""CANDIDATE"", ""operational"": false, ""estimatedCapacity"": 296057.8051, ""capacityUnit"": ""tonne/sim-day"", ""requiredWorkers"": 4300, ""requiredPowerMW"": 77.4, ""requiredWaterM3Day"": 7740, ""maintenanceGcuDay"": 40321.16, ""equipmentUnits"": 215, ""constructionSimDays"": 371, ""recipeStatus"": ""CORE_COEFFICIENT_BINDING_REQUIRED"", ""inputCategories"": [""LABOUR"", ""MACHINERY"", ""ELECTRICITY"", ""IRON_ORE_DEVELOPED_RESERVE""], ""gridNodeId"": ""GRID-visual-territory-27"", ""accessNodeId"": ""SF128"", ""capacityBasis"": ""GEOGRAPHIC_SCENARIO_ESTIMATE""}",4300,0,0,215,90,17200.0,,,UNBUILT_OPTION,,,,,,,,,,,,,,
SF129,visual-territory-27,visual-territory-27-E1,太阳能设施,PROJECT-10,"[1084, 718]",57775.88,MW,OP-27,GOV-27,DEVELOPMENT_OPTION,False,False,UNAPPROVED_SCENARIO_ASSET,EXISTING_MAP_POINT,,"{""id"": ""SF129"", ""countryId"": ""visual-territory-27"", ""projectId"": ""PROJECT-10"", ""projectNumber"": 10, ""name"": ""太阳能设施"", ""lifecycle"": ""CANDIDATE"", ""operational"": false, ""estimatedCapacity"": 57775.88, ""capacityUnit"": ""MW"", ""requiredWorkers"": 2687, ""requiredPowerMW"": 48.366, ""requiredWaterM3Day"": 4837, ""maintenanceGcuDay"": 22651.52, ""equipmentUnits"": 134, ""constructionSimDays"": 267, ""recipeStatus"": ""CORE_COEFFICIENT_BINDING_REQUIRED"", ""inputCategories"": [""LABOUR"", ""MACHINERY"", ""ELECTRICITY""], ""gridNodeId"": ""GRID-visual-territory-27"", ""accessNodeId"": ""SF129"", ""capacityBasis"": ""GEOGRAPHIC_SCENARIO_ESTIMATE""}",2687,0,0,135,90,10748.0,,,UNBUILT_OPTION,,,,,,,,,,,,,,
SF130,visual-territory-28,visual-territory-28-E2,铁矿,PROJECT-04,"[1230, 729]",54406.5537,tonne/sim-day,OP-28,GOV-28,DEVELOPMENT_OPTION,False,False,UNAPPROVED_SCENARIO_ASSET,EXISTING_MAP_POINT,RES84,"{""id"": ""SF130"", ""countryId"": ""visual-territory-28"", ""projectId"": ""PROJECT-04"", ""projectNumber"": 4, ""name"": ""铁矿"", ""lifecycle"": ""CANDIDATE"", ""operational"": false, ""estimatedCapacity"": 54406.5537, ""capacityUnit"": ""tonne/sim-day"", ""requiredWorkers"": 3818, ""requiredPowerMW"": 68.724, ""requiredWaterM3Day"": 6872, ""maintenanceGcuDay"": 31632.13, ""equipmentUnits"": 191, ""constructionSimDays"": 334, ""recipeStatus"": ""CORE_COEFFICIENT_BINDING_REQUIRED"", ""inputCategories"": [""LABOUR"", ""MACHINERY"", ""ELECTRICITY"", ""IRON_ORE_DEVELOPED_RESERVE""], ""gridNodeId"": ""GRID-visual-territory-28"", ""accessNodeId"": ""SF130"", ""capacityBasis"": ""GEOGRAPHIC_SCENARIO_ESTIMATE""}",3818,0,0,191,90,15272.0,,,UNBUILT_OPTION,,,,,,,,,,,,,,
SF131,visual-territory-28,visual-territory-28-E1,油田开发,PROJECT-01,"[1146, 820]",758738.5155,barrel/sim-day,OP-28,GOV-28,DEVELOPMENT_OPTION,False,False,UNAPPROVED_SCENARIO_ASSET,EXISTING_MAP_POINT,RES171,"{""id"": ""SF131"", ""countryId"": ""visual-territory-28"", ""projectId"": ""PROJECT-01"", ""projectNumber"": 1, ""name"": ""油田开发"", ""lifecycle"": ""CANDIDATE"", ""operational"": false, ""estimatedCapacity"": 758738.5155, ""capacityUnit"": ""barrel/sim-day"", ""requiredWorkers"": 2386, ""requiredPowerMW"": 42.948, ""requiredWaterM3Day"": 4295, ""maintenanceGcuDay"": 34262.77, ""equipmentUnits"": 119, ""constructionSimDays"": 263, ""recipeStatus"": ""CORE_COEFFICIENT_BINDING_REQUIRED"", ""inputCategories"": [""LABOUR"", ""MACHINERY"", ""ELECTRICITY"", ""CRUDE_OIL_DEVELOPED_RESERVE""], ""gridNodeId"": ""GRID-visual-territory-28"", ""accessNodeId"": ""SF131"", ""capacityBasis"": ""GEOGRAPHIC_SCENARIO_ESTIMATE""}",2386,0,0,120,90,9544.0,,,UNBUILT_OPTION,,,,,,,,,,,,,,
SF132,visual-territory-29,visual-territory-29-E1,锂矿,PROJECT-06,"[1292, 721]",165.8158,tonne LCE/sim-day,OP-29,GOV-29,DEVELOPMENT_OPTION,False,False,UNAPPROVED_SCENARIO_ASSET,EXISTING_MAP_POINT,RES59,"{""id"": ""SF132"", ""countryId"": ""visual-territory-29"", ""projectId"": ""PROJECT-06"", ""projectNumber"": 6, ""name"": ""锂矿"", ""lifecycle"": ""CANDIDATE"", ""operational"": false, ""estimatedCapacity"": 165.8158, ""capacityUnit"": ""tonne LCE/sim-day"", ""requiredWorkers"": 3986, ""requiredPowerMW"": 71.748, ""requiredWaterM3Day"": 7175, ""maintenanceGcuDay"": 31891.32, ""equipmentUnits"": 199, ""constructionSimDays"": 333, ""recipeStatus"": ""CORE_COEFFICIENT_BINDING_REQUIRED"", ""inputCategories"": [""LABOUR"", ""MACHINERY"", ""ELECTRICITY"", ""LITHIUM_DEVELOPED_RESERVE""], ""gridNodeId"": ""GRID-visual-territory-29"", ""accessNodeId"": ""SF132"", ""capacityBasis"": ""GEOGRAPHIC_SCENARIO_ESTIMATE""}",3986,0,0,200,90,15944.0,,,UNBUILT_OPTION,,,,,,,,,,,,,,
SF133,visual-territory-29,visual-territory-29-E1,油田开发,PROJECT-01,"[1262, 826]",577690.5259,barrel/sim-day,OP-29,GOV-29,DEVELOPMENT_OPTION,False,False,UNAPPROVED_SCENARIO_ASSET,EXISTING_MAP_POINT,RES173,"{""id"": ""SF133"", ""countryId"": ""visual-territory-29"", ""projectId"": ""PROJECT-01"", ""projectNumber"": 1, ""name"": ""油田开发"", ""lifecycle"": ""CANDIDATE"", ""operational"": false, ""estimatedCapacity"": 577690.5259, ""capacityUnit"": ""barrel/sim-day"", ""requiredWorkers"": 2491, ""requiredPowerMW"": 44.838, ""requiredWaterM3Day"": 4484, ""maintenanceGcuDay"": 31481.81, ""equipmentUnits"": 125, ""constructionSimDays"": 267, ""recipeStatus"": ""CORE_COEFFICIENT_BINDING_REQUIRED"", ""inputCategories"": [""LABOUR"", ""MACHINERY"", ""ELECTRICITY"", ""CRUDE_OIL_DEVELOPED_RESERVE""], ""gridNodeId"": ""GRID-visual-territory-29"", ""accessNodeId"": ""SF133"", ""capacityBasis"": ""GEOGRAPHIC_SCENARIO_ESTIMATE""}",2491,0,0,125,90,9964.0,,,UNBUILT_OPTION,,,,,,,,,,,,,,
SF134,visual-territory-29,visual-territory-29-E2,气田开发,PROJECT-02,"[1334, 818]",1196121.1015,MMBtu/sim-day,OP-29,GOV-29,DEVELOPMENT_OPTION,False,False,UNAPPROVED_SCENARIO_ASSET,EXISTING_MAP_POINT,RES174,"{""id"": ""SF134"", ""countryId"": ""visual-territory-29"", ""projectId"": ""PROJECT-02"", ""projectNumber"": 2, ""name"": ""气田开发"", ""lifecycle"": ""CANDIDATE"", ""operational"": false, ""estimatedCapacity"": 1196121.1015, ""capacityUnit"": ""MMBtu/sim-day"", ""requiredWorkers"": 2491, ""requiredPowerMW"": 44.838, ""requiredWaterM3Day"": 4484, ""maintenanceGcuDay"": 43850.42, ""equipmentUnits"": 125, ""constructionSimDays"": 273, ""recipeStatus"": ""CORE_COEFFICIENT_BINDING_REQUIRED"", ""inputCategories"": [""LABOUR"", ""MACHINERY"", ""ELECTRICITY"", ""NATURAL_GAS_DEVELOPED_RESERVE""], ""gridNodeId"": ""GRID-visual-territory-29"", ""accessNodeId"": ""SF134"", ""capacityBasis"": ""GEOGRAPHIC_SCENARIO_ESTIMATE""}",2491,0,0,125,90,9964.0,,,UNBUILT_OPTION,,,,,,,,,,,,,,
SF135,visual-territory-30,visual-territory-30-E2,锂矿,PROJECT-06,"[1409, 747]",250.6097,tonne LCE/sim-day,OP-30,GOV-30,DEVELOPMENT_OPTION,False,False,UNAPPROVED_SCENARIO_ASSET,EXISTING_MAP_POINT,RES75,"{""id"": ""SF135"", ""countryId"": ""visual-territory-30"", ""projectId"": ""PROJECT-06"", ""projectNumber"": 6, ""name"": ""锂矿"", ""lifecycle"": ""CANDIDATE"", ""operational"": false, ""estimatedCapacity"": 250.6097, ""capacityUnit"": ""tonne LCE/sim-day"", ""requiredWorkers"": 4177, ""requiredPowerMW"": 75.186, ""requiredWaterM3Day"": 7519, ""maintenanceGcuDay"": 33421.01, ""equipmentUnits"": 209, ""constructionSimDays"": 345, ""recipeStatus"": ""CORE_COEFFICIENT_BINDING_REQUIRED"", ""inputCategories"": [""LABOUR"", ""MACHINERY"", ""ELECTRICITY"", ""LITHIUM_DEVELOPED_RESERVE""], ""gridNodeId"": ""GRID-visual-territory-30"", ""accessNodeId"": ""SF135"", ""capacityBasis"": ""GEOGRAPHIC_SCENARIO_ESTIMATE""}",4177,0,0,209,90,16708.0,,,UNBUILT_OPTION,,,,,,,,,,,,,,
SF136,visual-territory-30,visual-territory-30-E2,气田开发,PROJECT-02,"[1424, 811]",993334.8738,MMBtu/sim-day,OP-30,GOV-30,DEVELOPMENT_OPTION,False,False,UNAPPROVED_SCENARIO_ASSET,EXISTING_MAP_POINT,RES175,"{""id"": ""SF136"", ""countryId"": ""visual-territory-30"", ""projectId"": ""PROJECT-02"", ""projectNumber"": 2, ""name"": ""气田开发"", ""lifecycle"": ""CANDIDATE"", ""operational"": false, ""estimatedCapacity"": 993334.8738, ""capacityUnit"": ""MMBtu/sim-day"", ""requiredWorkers"": 2610, ""requiredPowerMW"": 46.98, ""requiredWaterM3Day"": 4698, ""maintenanceGcuDay"": 40746.7, ""equipmentUnits"": 130, ""constructionSimDays"": 278, ""recipeStatus"": ""CORE_COEFFICIENT_BINDING_REQUIRED"", ""inputCategories"": [""LABOUR"", ""MACHINERY"", ""ELECTRICITY"", ""NATURAL_GAS_DEVELOPED_RESERVE""], ""gridNodeId"": ""GRID-visual-territory-30"", ""accessNodeId"": ""SF136"", ""capacityBasis"": ""GEOGRAPHIC_SCENARIO_ESTIMATE""}",2610,0,0,131,90,10440.0,,,UNBUILT_OPTION,,,,,,,,,,,,,,
SF137,visual-territory-30,visual-territory-30-E1,油田开发,PROJECT-01,"[1365, 782]",462857.7997,barrel/sim-day,OP-30,GOV-30,DEVELOPMENT_OPTION,False,False,UNAPPROVED_SCENARIO_ASSET,EXISTING_MAP_POINT,RES177,"{""id"": ""SF137"", ""countryId"": ""visual-territory-30"", ""projectId"": ""PROJECT-01"", ""projectNumber"": 1, ""name"": ""油田开发"", ""lifecycle"": ""CANDIDATE"", ""operational"": false, ""estimatedCapacity"": 462857.7997, ""capacityUnit"": ""barrel/sim-day"", ""requiredWorkers"": 2610, ""requiredPowerMW"": 46.98, ""requiredWaterM3Day"": 4698, ""maintenanceGcuDay"": 30137.16, ""equipmentUnits"": 130, ""constructionSimDays"": 273, ""recipeStatus"": ""CORE_COEFFICIENT_BINDING_REQUIRED"", ""inputCategories"": [""LABOUR"", ""MACHINERY"", ""ELECTRICITY"", ""CRUDE_OIL_DEVELOPED_RESERVE""], ""gridNodeId"": ""GRID-visual-territory-30"", ""accessNodeId"": ""SF137"", ""capacityBasis"": ""GEOGRAPHIC_SCENARIO_ESTIMATE""}",2610,0,0,131,90,10440.0,,,UNBUILT_OPTION,,,,,,,,,,,,,,
SF138,visual-territory-30,visual-territory-30-E1,铁矿,PROJECT-04,"[1385, 706]",209853.6955,tonne/sim-day,OP-30,GOV-30,DEVELOPMENT_OPTION,False,False,UNAPPROVED_SCENARIO_ASSET,EXISTING_MAP_POINT,RES314,"{""id"": ""SF138"", ""countryId"": ""visual-territory-30"", ""projectId"": ""PROJECT-04"", ""projectNumber"": 4, ""name"": ""铁矿"", ""lifecycle"": ""CANDIDATE"", ""operational"": false, ""estimatedCapacity"": 209853.6955, ""capacityUnit"": ""tonne/sim-day"", ""requiredWorkers"": 4177, ""requiredPowerMW"": 75.186, ""requiredWaterM3Day"": 7519, ""maintenanceGcuDay"": 37613.07, ""equipmentUnits"": 209, ""constructionSimDays"": 362, ""recipeStatus"": ""CORE_COEFFICIENT_BINDING_REQUIRED"", ""inputCategories"": [""LABOUR"", ""MACHINERY"", ""ELECTRICITY"", ""IRON_ORE_DEVELOPED_RESERVE""], ""gridNodeId"": ""GRID-visual-territory-30"", ""accessNodeId"": ""SF138"", ""capacityBasis"": ""GEOGRAPHIC_SCENARIO_ESTIMATE""}",4177,0,0,209,90,16708.0,,,UNBUILT_OPTION,,,,,,,,,,,,,,
SF139,visual-territory-31,visual-territory-31-E2,气田开发,PROJECT-02,"[1510, 714]",937433.8247,MMBtu/sim-day,OP-31,GOV-31,DEVELOPMENT_OPTION,False,False,UNAPPROVED_SCENARIO_ASSET,EXISTING_MAP_POINT,RES32,"{""id"": ""SF139"", ""countryId"": ""visual-territory-31"", ""projectId"": ""PROJECT-02"", ""projectNumber"": 2, ""name"": ""气田开发"", ""lifecycle"": ""CANDIDATE"", ""operational"": false, ""estimatedCapacity"": 937433.8247, ""capacityUnit"": ""MMBtu/sim-day"", ""requiredWorkers"": 2975, ""requiredPowerMW"": 53.55, ""requiredWaterM3Day"": 5355, ""maintenanceGcuDay"": 42548.68, ""equipmentUnits"": 149, ""constructionSimDays"": 300, ""recipeStatus"": ""CORE_COEFFICIENT_BINDING_REQUIRED"", ""inputCategories"": [""LABOUR"", ""MACHINERY"", ""ELECTRICITY"", ""NATURAL_GAS_DEVELOPED_RESERVE""], ""gridNodeId"": ""GRID-visual-territory-31"", ""accessNodeId"": ""SF139"", ""capacityBasis"": ""GEOGRAPHIC_SCENARIO_ESTIMATE""}",2975,0,0,149,90,11900.0,,,UNBUILT_OPTION,,,,,,,,,,,,,,
SF140,visual-territory-31,visual-territory-31-E2,锂矿,PROJECT-06,"[1520, 773]",678.1197,tonne LCE/sim-day,OP-31,GOV-31,DEVELOPMENT_OPTION,False,False,UNAPPROVED_SCENARIO_ASSET,EXISTING_MAP_POINT,RES178,"{""id"": ""SF140"", ""countryId"": ""visual-territory-31"", ""projectId"": ""PROJECT-06"", ""projectNumber"": 6, ""name"": ""锂矿"", ""lifecycle"": ""CANDIDATE"", ""operational"": false, ""estimatedCapacity"": 678.1197, ""capacityUnit"": ""tonne LCE/sim-day"", ""requiredWorkers"": 4760, ""requiredPowerMW"": 85.68, ""requiredWaterM3Day"": 8568, ""maintenanceGcuDay"": 38093.56, ""equipmentUnits"": 238, ""constructionSimDays"": 381, ""recipeStatus"": ""CORE_COEFFICIENT_BINDING_REQUIRED"", ""inputCategories"": [""LABOUR"", ""MACHINERY"", ""ELECTRICITY"", ""LITHIUM_DEVELOPED_RESERVE""], ""gridNodeId"": ""GRID-visual-territory-31"", ""accessNodeId"": ""SF140"", ""capacityBasis"": ""GEOGRAPHIC_SCENARIO_ESTIMATE""}",4760,0,0,238,90,19040.0,,,UNBUILT_OPTION,,,,,,,,,,,,,,
SF141,visual-territory-31,visual-territory-31-E2,油田开发,PROJECT-01,"[1568, 720]",584438.6651,barrel/sim-day,OP-31,GOV-31,DEVELOPMENT_OPTION,False,False,UNAPPROVED_SCENARIO_ASSET,EXISTING_MAP_POINT,RES179,"{""id"": ""SF141"", ""countryId"": ""visual-territory-31"", ""projectId"": ""PROJECT-01"", ""projectNumber"": 1, ""name"": ""油田开发"", ""lifecycle"": ""CANDIDATE"", ""operational"": false, ""estimatedCapacity"": 584438.6651, ""capacityUnit"": ""barrel/sim-day"", ""requiredWorkers"": 2975, ""requiredPowerMW"": 53.55, ""requiredWaterM3Day"": 5355, ""maintenanceGcuDay"": 35488.77, ""equipmentUnits"": 149, ""constructionSimDays"": 296, ""recipeStatus"": ""CORE_COEFFICIENT_BINDING_REQUIRED"", ""inputCategories"": [""LABOUR"", ""MACHINERY"", ""ELECTRICITY"", ""CRUDE_OIL_DEVELOPED_RESERVE""], ""gridNodeId"": ""GRID-visual-territory-31"", ""accessNodeId"": ""SF141"", ""capacityBasis"": ""GEOGRAPHIC_SCENARIO_ESTIMATE""}",2975,0,0,149,90,11900.0,,,UNBUILT_OPTION,,,,,,,,,,,,,,
SF142,visual-territory-31,visual-territory-31-E1,太阳能设施,PROJECT-10,"[1449, 761]",70798.26,MW,OP-31,GOV-31,DEVELOPMENT_OPTION,False,False,UNAPPROVED_SCENARIO_ASSET,EXISTING_MAP_POINT,,"{""id"": ""SF142"", ""countryId"": ""visual-territory-31"", ""projectId"": ""PROJECT-10"", ""projectNumber"": 10, ""name"": ""太阳能设施"", ""lifecycle"": ""CANDIDATE"", ""operational"": false, ""estimatedCapacity"": 70798.26, ""capacityUnit"": ""MW"", ""requiredWorkers"": 2975, ""requiredPowerMW"": 53.55, ""requiredWaterM3Day"": 5355, ""maintenanceGcuDay"": 25215.97, ""equipmentUnits"": 149, ""constructionSimDays"": 285, ""recipeStatus"": ""CORE_COEFFICIENT_BINDING_REQUIRED"", ""inputCategories"": [""LABOUR"", ""MACHINERY"", ""ELECTRICITY""], ""gridNodeId"": ""GRID-visual-territory-31"", ""accessNodeId"": ""SF142"", ""capacityBasis"": ""GEOGRAPHIC_SCENARIO_ESTIMATE""}",2975,0,0,149,90,11900.0,,,UNBUILT_OPTION,,,,,,,,,,,,,,
SF143,visual-territory-32,visual-territory-32-E1,锂矿,PROJECT-06,"[1533, 783]",370.7431,tonne LCE/sim-day,OP-32,GOV-32,DEVELOPMENT_OPTION,False,False,UNAPPROVED_SCENARIO_ASSET,EXISTING_MAP_POINT,RES180,"{""id"": ""SF143"", ""countryId"": ""visual-territory-32"", ""projectId"": ""PROJECT-06"", ""projectNumber"": 6, ""name"": ""锂矿"", ""lifecycle"": ""CANDIDATE"", ""operational"": false, ""estimatedCapacity"": 370.7431, ""capacityUnit"": ""tonne LCE/sim-day"", ""requiredWorkers"": 1896, ""requiredPowerMW"": 34.128, ""requiredWaterM3Day"": 3413, ""maintenanceGcuDay"": 15175.41, ""equipmentUnits"": 95, ""constructionSimDays"": 208, ""recipeStatus"": ""CORE_COEFFICIENT_BINDING_REQUIRED"", ""inputCategories"": [""LABOUR"", ""MACHINERY"", ""ELECTRICITY"", ""LITHIUM_DEVELOPED_RESERVE""], ""gridNodeId"": ""GRID-visual-territory-32"", ""accessNodeId"": ""SF143"", ""capacityBasis"": ""GEOGRAPHIC_SCENARIO_ESTIMATE""}",1896,0,0,95,90,7584.0,,,UNBUILT_OPTION,,,,,,,,,,,,,,
SF144,visual-territory-32,visual-territory-32-E2,气田开发,PROJECT-02,"[1773, 806]",1178470.4603,MMBtu/sim-day,OP-32,GOV-32,DEVELOPMENT_OPTION,False,False,UNAPPROVED_SCENARIO_ASSET,EXISTING_MAP_POINT,RES182,"{""id"": ""SF144"", ""countryId"": ""visual-territory-32"", ""projectId"": ""PROJECT-02"", ""projectNumber"": 2, ""name"": ""气田开发"", ""lifecycle"": ""CANDIDATE"", ""operational"": false, ""estimatedCapacity"": 1178470.4603, ""capacityUnit"": ""MMBtu/sim-day"", ""requiredWorkers"": 1185, ""requiredPowerMW"": 21.33, ""requiredWaterM3Day"": 2133, ""maintenanceGcuDay"": 33049.41, ""equipmentUnits"": 59, ""constructionSimDays"": 194, ""recipeStatus"": ""CORE_COEFFICIENT_BINDING_REQUIRED"", ""inputCategories"": [""LABOUR"", ""MACHINERY"", ""ELECTRICITY"", ""NATURAL_GAS_DEVELOPED_RESERVE""], ""gridNodeId"": ""GRID-visual-territory-32"", ""accessNodeId"": ""SF144"", ""capacityBasis"": ""GEOGRAPHIC_SCENARIO_ESTIMATE""}",1185,0,0,60,90,4740.0,,,UNBUILT_OPTION,,,,,,,,,,,,,,
SF145,visual-territory-33,visual-territory-33-E2,铀矿,PROJECT-03,"[188, 178]",0.6767,tonne U/sim-day,OP-33,GOV-33,DEVELOPMENT_OPTION,False,False,UNAPPROVED_SCENARIO_ASSET,EXISTING_MAP_POINT,RES55,"{""id"": ""SF145"", ""countryId"": ""visual-territory-33"", ""projectId"": ""PROJECT-03"", ""projectNumber"": 3, ""name"": ""铀矿"", ""lifecycle"": ""CANDIDATE"", ""operational"": false, ""estimatedCapacity"": 0.6767, ""capacityUnit"": ""tonne U/sim-day"", ""requiredWorkers"": 4941, ""requiredPowerMW"": 88.938, ""requiredWaterM3Day"": 8894, ""maintenanceGcuDay"": 39528.01, ""equipmentUnits"": 247, ""constructionSimDays"": 387, ""recipeStatus"": ""CORE_COEFFICIENT_BINDING_REQUIRED"", ""inputCategories"": [""LABOUR"", ""MACHINERY"", ""ELECTRICITY"", ""URANIUM_DEVELOPED_RESERVE""], ""gridNodeId"": ""GRID-visual-territory-33"", ""accessNodeId"": ""SF145"", ""capacityBasis"": ""GEOGRAPHIC_SCENARIO_ESTIMATE""}",4941,0,0,248,90,19764.0,,,UNBUILT_OPTION,,,,,,,,,,,,,,
SF146,visual-territory-33,visual-territory-33-E1,气田开发,PROJECT-02,"[114, 176]",1106822.6898,MMBtu/sim-day,OP-33,GOV-33,DEVELOPMENT_OPTION,False,False,UNAPPROVED_SCENARIO_ASSET,EXISTING_MAP_POINT,RES184,"{""id"": ""SF146"", ""countryId"": ""visual-territory-33"", ""projectId"": ""PROJECT-02"", ""projectNumber"": 2, ""name"": ""气田开发"", ""lifecycle"": ""CANDIDATE"", ""operational"": false, ""estimatedCapacity"": 1106822.6898, ""capacityUnit"": ""MMBtu/sim-day"", ""requiredWorkers"": 3088, ""requiredPowerMW"": 55.584, ""requiredWaterM3Day"": 5558, ""maintenanceGcuDay"": 46840.45, ""equipmentUnits"": 154, ""constructionSimDays"": 308, ""recipeStatus"": ""CORE_COEFFICIENT_BINDING_REQUIRED"", ""inputCategories"": [""LABOUR"", ""MACHINERY"", ""ELECTRICITY"", ""NATURAL_GAS_DEVELOPED_RESERVE""], ""gridNodeId"": ""GRID-visual-territory-33"", ""accessNodeId"": ""SF146"", ""capacityBasis"": ""GEOGRAPHIC_SCENARIO_ESTIMATE""}",3088,0,0,155,90,12352.0,,,UNBUILT_OPTION,,,,,,,,,,,,,,
SF147,visual-territory-33,visual-territory-33-E1,铜矿,PROJECT-05,"[155, 130]",9814.7503,tonne/sim-day,OP-33,GOV-33,DEVELOPMENT_OPTION,False,False,UNAPPROVED_SCENARIO_ASSET,EXISTING_MAP_POINT,RES186,"{""id"": ""SF147"", ""countryId"": ""visual-territory-33"", ""projectId"": ""PROJECT-05"", ""projectNumber"": 5, ""name"": ""铜矿"", ""lifecycle"": ""CANDIDATE"", ""operational"": false, ""estimatedCapacity"": 9814.7503, ""capacityUnit"": ""tonne/sim-day"", ""requiredWorkers"": 4941, ""requiredPowerMW"": 88.938, ""requiredWaterM3Day"": 8894, ""maintenanceGcuDay"": 39724.3, ""equipmentUnits"": 247, ""constructionSimDays"": 396, ""recipeStatus"": ""CORE_COEFFICIENT_BINDING_REQUIRED"", ""inputCategories"": [""LABOUR"", ""MACHINERY"", ""ELECTRICITY"", ""COPPER_DEVELOPED_RESERVE""], ""gridNodeId"": ""GRID-visual-territory-33"", ""accessNodeId"": ""SF147"", ""capacityBasis"": ""GEOGRAPHIC_SCENARIO_ESTIMATE""}",4941,0,0,248,90,19764.0,,,UNBUILT_OPTION,,,,,,,,,,,,,,
SF148,visual-territory-33,visual-territory-33-E2,铁矿,PROJECT-04,"[220, 216]",74789.0294,tonne/sim-day,OP-33,GOV-33,DEVELOPMENT_OPTION,False,False,UNAPPROVED_SCENARIO_ASSET,EXISTING_MAP_POINT,RES310,"{""id"": ""SF148"", ""countryId"": ""visual-territory-33"", ""projectId"": ""PROJECT-04"", ""projectNumber"": 4, ""name"": ""铁矿"", ""lifecycle"": ""CANDIDATE"", ""operational"": false, ""estimatedCapacity"": 74789.0294, ""capacityUnit"": ""tonne/sim-day"", ""requiredWorkers"": 4941, ""requiredPowerMW"": 88.938, ""requiredWaterM3Day"": 8894, ""maintenanceGcuDay"": 41023.78, ""equipmentUnits"": 247, ""constructionSimDays"": 403, ""recipeStatus"": ""CORE_COEFFICIENT_BINDING_REQUIRED"", ""inputCategories"": [""LABOUR"", ""MACHINERY"", ""ELECTRICITY"", ""IRON_ORE_DEVELOPED_RESERVE""], ""gridNodeId"": ""GRID-visual-territory-33"", ""accessNodeId"": ""SF148"", ""capacityBasis"": ""GEOGRAPHIC_SCENARIO_ESTIMATE""}",4941,0,0,248,90,19764.0,,,UNBUILT_OPTION,,,,,,,,,,,,,,
SF149,visual-territory-34,visual-territory-34-E2,铀矿,PROJECT-03,"[409, 181]",0.9038,tonne U/sim-day,OP-34,GOV-34,DEVELOPMENT_OPTION,False,False,UNAPPROVED_SCENARIO_ASSET,EXISTING_MAP_POINT,RES56,"{""id"": ""SF149"", ""countryId"": ""visual-territory-34"", ""projectId"": ""PROJECT-03"", ""projectNumber"": 3, ""name"": ""铀矿"", ""lifecycle"": ""CANDIDATE"", ""operational"": false, ""estimatedCapacity"": 0.9038, ""capacityUnit"": ""tonne U/sim-day"", ""requiredWorkers"": 5896, ""requiredPowerMW"": 106.128, ""requiredWaterM3Day"": 10613, ""maintenanceGcuDay"": 47168.02, ""equipmentUnits"": 295, ""constructionSimDays"": 445, ""recipeStatus"": ""CORE_COEFFICIENT_BINDING_REQUIRED"", ""inputCategories"": [""LABOUR"", ""MACHINERY"", ""ELECTRICITY"", ""URANIUM_DEVELOPED_RESERVE""], ""gridNodeId"": ""GRID-visual-territory-34"", ""accessNodeId"": ""SF149"", ""capacityBasis"": ""GEOGRAPHIC_SCENARIO_ESTIMATE""}",5896,0,0,295,90,23584.0,,,UNBUILT_OPTION,,,,,,,,,,,,,,
SF150,visual-territory-34,visual-territory-34-E1,锂矿,PROJECT-06,"[322, 247]",182.5622,tonne LCE/sim-day,OP-34,GOV-34,DEVELOPMENT_OPTION,False,False,UNAPPROVED_SCENARIO_ASSET,EXISTING_MAP_POINT,RES187,"{""id"": ""SF150"", ""countryId"": ""visual-territory-34"", ""projectId"": ""PROJECT-06"", ""projectNumber"": 6, ""name"": ""锂矿"", ""lifecycle"": ""CANDIDATE"", ""operational"": false, ""estimatedCapacity"": 182.5622, ""capacityUnit"": ""tonne LCE/sim-day"", ""requiredWorkers"": 5896, ""requiredPowerMW"": 106.128, ""requiredWaterM3Day"": 10613, ""maintenanceGcuDay"": 47171.65, ""equipmentUnits"": 295, ""constructionSimDays"": 447, ""recipeStatus"": ""CORE_COEFFICIENT_BINDING_REQUIRED"", ""inputCategories"": [""LABOUR"", ""MACHINERY"", ""ELECTRICITY"", ""LITHIUM_DEVELOPED_RESERVE""], ""gridNodeId"": ""GRID-visual-territory-34"", ""accessNodeId"": ""SF150"", ""capacityBasis"": ""GEOGRAPHIC_SCENARIO_ESTIMATE""}",5896,0,0,295,90,23584.0,,,UNBUILT_OPTION,,,,,,,,,,,,,,
SF151,visual-territory-34,visual-territory-34-E2,铜矿,PROJECT-05,"[384, 239]",1892.7212,tonne/sim-day,OP-34,GOV-34,DEVELOPMENT_OPTION,False,False,UNAPPROVED_SCENARIO_ASSET,EXISTING_MAP_POINT,RES189,"{""id"": ""SF151"", ""countryId"": ""visual-territory-34"", ""projectId"": ""PROJECT-05"", ""projectNumber"": 5, ""name"": ""铜矿"", ""lifecycle"": ""CANDIDATE"", ""operational"": false, ""estimatedCapacity"": 1892.7212, ""capacityUnit"": ""tonne/sim-day"", ""requiredWorkers"": 5896, ""requiredPowerMW"": 106.128, ""requiredWaterM3Day"": 10613, ""maintenanceGcuDay"": 47205.85, ""equipmentUnits"": 295, ""constructionSimDays"": 450, ""recipeStatus"": ""CORE_COEFFICIENT_BINDING_REQUIRED"", ""inputCategories"": [""LABOUR"", ""MACHINERY"", ""ELECTRICITY"", ""COPPER_DEVELOPED_RESERVE""], ""gridNodeId"": ""GRID-visual-territory-34"", ""accessNodeId"": ""SF151"", ""capacityBasis"": ""GEOGRAPHIC_SCENARIO_ESTIMATE""}",5896,0,0,295,90,23584.0,,,UNBUILT_OPTION,,,,,,,,,,,,,,
SF152,visual-territory-34,visual-territory-34-E1,铁矿,PROJECT-04,"[362, 195]",108216.9454,tonne/sim-day,OP-34,GOV-34,DEVELOPMENT_OPTION,False,False,UNAPPROVED_SCENARIO_ASSET,EXISTING_MAP_POINT,RES299,"{""id"": ""SF152"", ""countryId"": ""visual-territory-34"", ""projectId"": ""PROJECT-04"", ""projectNumber"": 4, ""name"": ""铁矿"", ""lifecycle"": ""CANDIDATE"", ""operational"": false, ""estimatedCapacity"": 108216.9454, ""capacityUnit"": ""tonne/sim-day"", ""requiredWorkers"": 5896, ""requiredPowerMW"": 106.128, ""requiredWaterM3Day"": 10613, ""maintenanceGcuDay"": 49332.34, ""equipmentUnits"": 295, ""constructionSimDays"": 462, ""recipeStatus"": ""CORE_COEFFICIENT_BINDING_REQUIRED"", ""inputCategories"": [""LABOUR"", ""MACHINERY"", ""ELECTRICITY"", ""IRON_ORE_DEVELOPED_RESERVE""], ""gridNodeId"": ""GRID-visual-territory-34"", ""accessNodeId"": ""SF152"", ""capacityBasis"": ""GEOGRAPHIC_SCENARIO_ESTIMATE""}",5896,0,0,295,90,23584.0,,,UNBUILT_OPTION,,,,,,,,,,,,,,
SF153,visual-territory-34,visual-territory-34-E1,太阳能设施,PROJECT-10,"[314, 170]",86897.81,MW,OP-34,GOV-34,DEVELOPMENT_OPTION,False,False,UNAPPROVED_SCENARIO_ASSET,EXISTING_MAP_POINT,,"{""id"": ""SF153"", ""countryId"": ""visual-territory-34"", ""projectId"": ""PROJECT-10"", ""projectNumber"": 10, ""name"": ""太阳能设施"", ""lifecycle"": ""CANDIDATE"", ""operational"": false, ""estimatedCapacity"": 86897.81, ""capacityUnit"": ""MW"", ""requiredWorkers"": 3685, ""requiredPowerMW"": 66.33, ""requiredWaterM3Day"": 6633, ""maintenanceGcuDay"": 31217.96, ""equipmentUnits"": 184, ""constructionSimDays"": 328, ""recipeStatus"": ""CORE_COEFFICIENT_BINDING_REQUIRED"", ""inputCategories"": [""LABOUR"", ""MACHINERY"", ""ELECTRICITY""], ""gridNodeId"": ""GRID-visual-territory-34"", ""accessNodeId"": ""SF153"", ""capacityBasis"": ""GEOGRAPHIC_SCENARIO_ESTIMATE""}",3685,0,0,185,90,14740.0,,,UNBUILT_OPTION,,,,,,,,,,,,,,
SF154,visual-territory-35,visual-territory-35-E2,铜矿,PROJECT-05,"[467, 184]",1231.6136,tonne/sim-day,OP-35,GOV-35,DEVELOPMENT_OPTION,False,False,UNAPPROVED_SCENARIO_ASSET,EXISTING_MAP_POINT,RES07,"{""id"": ""SF154"", ""countryId"": ""visual-territory-35"", ""projectId"": ""PROJECT-05"", ""projectNumber"": 5, ""name"": ""铜矿"", ""lifecycle"": ""CANDIDATE"", ""operational"": false, ""estimatedCapacity"": 1231.6136, ""capacityUnit"": ""tonne/sim-day"", ""requiredWorkers"": 5571, ""requiredPowerMW"": 100.278, ""requiredWaterM3Day"": 10028, ""maintenanceGcuDay"": 44592.63, ""equipmentUnits"": 279, ""constructionSimDays"": 430, ""recipeStatus"": ""CORE_COEFFICIENT_BINDING_REQUIRED"", ""inputCategories"": [""LABOUR"", ""MACHINERY"", ""ELECTRICITY"", ""COPPER_DEVELOPED_RESERVE""], ""gridNodeId"": ""GRID-visual-territory-35"", ""accessNodeId"": ""SF154"", ""capacityBasis"": ""GEOGRAPHIC_SCENARIO_ESTIMATE""}",5571,0,0,279,90,22284.0,,,UNBUILT_OPTION,,,,,,,,,,,,,,
SF155,visual-territory-35,visual-territory-35-E2,锂矿,PROJECT-06,"[501, 115]",723.9134,tonne LCE/sim-day,OP-35,GOV-35,DEVELOPMENT_OPTION,False,False,UNAPPROVED_SCENARIO_ASSET,EXISTING_MAP_POINT,RES190,"{""id"": ""SF155"", ""countryId"": ""visual-territory-35"", ""projectId"": ""PROJECT-06"", ""projectNumber"": 6, ""name"": ""锂矿"", ""lifecycle"": ""CANDIDATE"", ""operational"": false, ""estimatedCapacity"": 723.9134, ""capacityUnit"": ""tonne LCE/sim-day"", ""requiredWorkers"": 5571, ""requiredPowerMW"": 100.278, ""requiredWaterM3Day"": 10028, ""maintenanceGcuDay"": 44582.48, ""equipmentUnits"": 279, ""constructionSimDays"": 429, ""recipeStatus"": ""CORE_COEFFICIENT_BINDING_REQUIRED"", ""inputCategories"": [""LABOUR"", ""MACHINERY"", ""ELECTRICITY"", ""LITHIUM_DEVELOPED_RESERVE""], ""gridNodeId"": ""GRID-visual-territory-35"", ""accessNodeId"": ""SF155"", ""capacityBasis"": ""GEOGRAPHIC_SCENARIO_ESTIMATE""}",5571,0,0,279,90,22284.0,,,UNBUILT_OPTION,,,,,,,,,,,,,,
SF156,visual-territory-35,visual-territory-35-E1,铀矿,PROJECT-03,"[419, 211]",0.4303,tonne U/sim-day,OP-35,GOV-35,DEVELOPMENT_OPTION,False,False,UNAPPROVED_SCENARIO_ASSET,EXISTING_MAP_POINT,RES192,"{""id"": ""SF156"", ""countryId"": ""visual-territory-35"", ""projectId"": ""PROJECT-03"", ""projectNumber"": 3, ""name"": ""铀矿"", ""lifecycle"": ""CANDIDATE"", ""operational"": false, ""estimatedCapacity"": 0.4303, ""capacityUnit"": ""tonne U/sim-day"", ""requiredWorkers"": 5571, ""requiredPowerMW"": 100.278, ""requiredWaterM3Day"": 10028, ""maintenanceGcuDay"": 44568.01, ""equipmentUnits"": 279, ""constructionSimDays"": 425, ""recipeStatus"": ""CORE_COEFFICIENT_BINDING_REQUIRED"", ""inputCategories"": [""LABOUR"", ""MACHINERY"", ""ELECTRICITY"", ""URANIUM_DEVELOPED_RESERVE""], ""gridNodeId"": ""GRID-visual-territory-35"", ""accessNodeId"": ""SF156"", ""capacityBasis"": ""GEOGRAPHIC_SCENARIO_ESTIMATE""}",5571,0,0,279,90,22284.0,,,UNBUILT_OPTION,,,,,,,,,,,,,,
SF157,visual-territory-35,visual-territory-35-E2,铁矿,PROJECT-04,"[503, 217]",230215.6069,tonne/sim-day,OP-35,GOV-35,DEVELOPMENT_OPTION,False,False,UNAPPROVED_SCENARIO_ASSET,EXISTING_MAP_POINT,RES308,"{""id"": ""SF157"", ""countryId"": ""visual-territory-35"", ""projectId"": ""PROJECT-04"", ""projectNumber"": 4, ""name"": ""铁矿"", ""lifecycle"": ""CANDIDATE"", ""operational"": false, ""estimatedCapacity"": 230215.6069, ""capacityUnit"": ""tonne/sim-day"", ""requiredWorkers"": 5571, ""requiredPowerMW"": 100.278, ""requiredWaterM3Day"": 10028, ""maintenanceGcuDay"": 49172.31, ""equipmentUnits"": 279, ""constructionSimDays"": 446, ""recipeStatus"": ""CORE_COEFFICIENT_BINDING_REQUIRED"", ""inputCategories"": [""LABOUR"", ""MACHINERY"", ""ELECTRICITY"", ""IRON_ORE_DEVELOPED_RESERVE""], ""gridNodeId"": ""GRID-visual-territory-35"", ""accessNodeId"": ""SF157"", ""capacityBasis"": ""GEOGRAPHIC_SCENARIO_ESTIMATE""}",5571,0,0,279,90,22284.0,,,UNBUILT_OPTION,,,,,,,,,,,,,,
SF158,visual-territory-35,visual-territory-35-E1,太阳能设施,PROJECT-10,"[421, 136]",77597.83,MW,OP-35,GOV-35,DEVELOPMENT_OPTION,False,False,UNAPPROVED_SCENARIO_ASSET,EXISTING_MAP_POINT,,"{""id"": ""SF158"", ""countryId"": ""visual-territory-35"", ""projectId"": ""PROJECT-10"", ""projectNumber"": 10, ""name"": ""太阳能设施"", ""lifecycle"": ""CANDIDATE"", ""operational"": false, ""estimatedCapacity"": 77597.83, ""capacityUnit"": ""MW"", ""requiredWorkers"": 3482, ""requiredPowerMW"": 62.676, ""requiredWaterM3Day"": 6268, ""maintenanceGcuDay"": 29407.96, ""equipmentUnits"": 174, ""constructionSimDays"": 316, ""recipeStatus"": ""CORE_COEFFICIENT_BINDING_REQUIRED"", ""inputCategories"": [""LABOUR"", ""MACHINERY"", ""ELECTRICITY""], ""gridNodeId"": ""GRID-visual-territory-35"", ""accessNodeId"": ""SF158"", ""capacityBasis"": ""GEOGRAPHIC_SCENARIO_ESTIMATE""}",3482,0,0,175,90,13928.0,,,UNBUILT_OPTION,,,,,,,,,,,,,,
SF159,visual-territory-36,visual-territory-36-E1,铜矿,PROJECT-05,"[566, 184]",3739.1904,tonne/sim-day,OP-36,GOV-36,DEVELOPMENT_OPTION,False,False,UNAPPROVED_SCENARIO_ASSET,EXISTING_MAP_POINT,RES85,"{""id"": ""SF159"", ""countryId"": ""visual-territory-36"", ""projectId"": ""PROJECT-05"", ""projectNumber"": 5, ""name"": ""铜矿"", ""lifecycle"": ""CANDIDATE"", ""operational"": false, ""estimatedCapacity"": 3739.1904, ""capacityUnit"": ""tonne/sim-day"", ""requiredWorkers"": 3982, ""requiredPowerMW"": 71.676, ""requiredWaterM3Day"": 7168, ""maintenanceGcuDay"": 31930.78, ""equipmentUnits"": 199, ""constructionSimDays"": 337, ""recipeStatus"": ""CORE_COEFFICIENT_BINDING_REQUIRED"", ""inputCategories"": [""LABOUR"", ""MACHINERY"", ""ELECTRICITY"", ""COPPER_DEVELOPED_RESERVE""], ""gridNodeId"": ""GRID-visual-territory-36"", ""accessNodeId"": ""SF159"", ""capacityBasis"": ""GEOGRAPHIC_SCENARIO_ESTIMATE""}",3982,0,0,200,90,15928.0,,,UNBUILT_OPTION,,,,,,,,,,,,,,
SF160,visual-territory-36,visual-territory-36-E1,锂矿,PROJECT-06,"[585, 113]",595.0827,tonne LCE/sim-day,OP-36,GOV-36,DEVELOPMENT_OPTION,False,False,UNAPPROVED_SCENARIO_ASSET,EXISTING_MAP_POINT,RES193,"{""id"": ""SF160"", ""countryId"": ""visual-territory-36"", ""projectId"": ""PROJECT-06"", ""projectNumber"": 6, ""name"": ""锂矿"", ""lifecycle"": ""CANDIDATE"", ""operational"": false, ""estimatedCapacity"": 595.0827, ""capacityUnit"": ""tonne LCE/sim-day"", ""requiredWorkers"": 3982, ""requiredPowerMW"": 71.676, ""requiredWaterM3Day"": 7168, ""maintenanceGcuDay"": 31867.9, ""equipmentUnits"": 199, ""constructionSimDays"": 334, ""recipeStatus"": ""CORE_COEFFICIENT_BINDING_REQUIRED"", ""inputCategories"": [""LABOUR"", ""MACHINERY"", ""ELECTRICITY"", ""LITHIUM_DEVELOPED_RESERVE""], ""gridNodeId"": ""GRID-visual-territory-36"", ""accessNodeId"": ""SF160"", ""capacityBasis"": ""GEOGRAPHIC_SCENARIO_ESTIMATE""}",3982,0,0,200,90,15928.0,,,UNBUILT_OPTION,,,,,,,,,,,,,,
SF161,visual-territory-36,visual-territory-36-E1,气田开发,PROJECT-02,"[505, 213]",710720.2006,MMBtu/sim-day,OP-36,GOV-36,DEVELOPMENT_OPTION,False,False,UNAPPROVED_SCENARIO_ASSET,EXISTING_MAP_POINT,RES195,"{""id"": ""SF161"", ""countryId"": ""visual-territory-36"", ""projectId"": ""PROJECT-02"", ""projectNumber"": 2, ""name"": ""气田开发"", ""lifecycle"": ""CANDIDATE"", ""operational"": false, ""estimatedCapacity"": 710720.2006, ""capacityUnit"": ""MMBtu/sim-day"", ""requiredWorkers"": 2489, ""requiredPowerMW"": 44.802, ""requiredWaterM3Day"": 4480, ""maintenanceGcuDay"": 34126.4, ""equipmentUnits"": 124, ""constructionSimDays"": 268, ""recipeStatus"": ""CORE_COEFFICIENT_BINDING_REQUIRED"", ""inputCategories"": [""LABOUR"", ""MACHINERY"", ""ELECTRICITY"", ""NATURAL_GAS_DEVELOPED_RESERVE""], ""gridNodeId"": ""GRID-visual-territory-36"", ""accessNodeId"": ""SF161"", ""capacityBasis"": ""GEOGRAPHIC_SCENARIO_ESTIMATE""}",2489,0,0,125,90,9956.0,,,UNBUILT_OPTION,,,,,,,,,,,,,,
SF162,visual-territory-36,visual-territory-36-E1,太阳能设施,PROJECT-10,"[513, 139]",49543.16,MW,OP-36,GOV-36,DEVELOPMENT_OPTION,False,False,UNAPPROVED_SCENARIO_ASSET,EXISTING_MAP_POINT,,"{""id"": ""SF162"", ""countryId"": ""visual-territory-36"", ""projectId"": ""PROJECT-10"", ""projectNumber"": 10, ""name"": ""太阳能设施"", ""lifecycle"": ""CANDIDATE"", ""operational"": false, ""estimatedCapacity"": 49543.16, ""capacityUnit"": ""MW"", ""requiredWorkers"": 2489, ""requiredPowerMW"": 44.802, ""requiredWaterM3Day"": 4480, ""maintenanceGcuDay"": 20902.86, ""equipmentUnits"": 124, ""constructionSimDays"": 254, ""recipeStatus"": ""CORE_COEFFICIENT_BINDING_REQUIRED"", ""inputCategories"": [""LABOUR"", ""MACHINERY"", ""ELECTRICITY""], ""gridNodeId"": ""GRID-visual-territory-36"", ""accessNodeId"": ""SF162"", ""capacityBasis"": ""GEOGRAPHIC_SCENARIO_ESTIMATE""}",2489,0,0,125,90,9956.0,,,UNBUILT_OPTION,,,,,,,,,,,,,,
SF163,visual-territory-37,visual-territory-37-E1,铁矿,PROJECT-04,"[592, 183]",72602.6863,tonne/sim-day,OP-37,GOV-37,DEVELOPMENT_OPTION,False,False,UNAPPROVED_SCENARIO_ASSET,EXISTING_MAP_POINT,RES08,"{""id"": ""SF163"", ""countryId"": ""visual-territory-37"", ""projectId"": ""PROJECT-04"", ""projectNumber"": 4, ""name"": ""铁矿"", ""lifecycle"": ""CANDIDATE"", ""operational"": false, ""estimatedCapacity"": 72602.6863, ""capacityUnit"": ""tonne/sim-day"", ""requiredWorkers"": 4256, ""requiredPowerMW"": 76.608, ""requiredWaterM3Day"": 7661, ""maintenanceGcuDay"": 35500.05, ""equipmentUnits"": 213, ""constructionSimDays"": 362, ""recipeStatus"": ""CORE_COEFFICIENT_BINDING_REQUIRED"", ""inputCategories"": [""LABOUR"", ""MACHINERY"", ""ELECTRICITY"", ""IRON_ORE_DEVELOPED_RESERVE""], ""gridNodeId"": ""GRID-visual-territory-37"", ""accessNodeId"": ""SF163"", ""capacityBasis"": ""GEOGRAPHIC_SCENARIO_ESTIMATE""}",4256,0,0,213,90,17024.0,,,UNBUILT_OPTION,,,,,,,,,,,,,,
SF164,visual-territory-37,visual-territory-37-E1,油田开发,PROJECT-01,"[665, 186]",317788.031,barrel/sim-day,OP-37,GOV-37,DEVELOPMENT_OPTION,False,False,UNAPPROVED_SCENARIO_ASSET,EXISTING_MAP_POINT,RES196,"{""id"": ""SF164"", ""countryId"": ""visual-territory-37"", ""projectId"": ""PROJECT-01"", ""projectNumber"": 1, ""name"": ""油田开发"", ""lifecycle"": ""CANDIDATE"", ""operational"": false, ""estimatedCapacity"": 317788.031, ""capacityUnit"": ""barrel/sim-day"", ""requiredWorkers"": 2660, ""requiredPowerMW"": 47.88, ""requiredWaterM3Day"": 4788, ""maintenanceGcuDay"": 27635.76, ""equipmentUnits"": 133, ""constructionSimDays"": 273, ""recipeStatus"": ""CORE_COEFFICIENT_BINDING_REQUIRED"", ""inputCategories"": [""LABOUR"", ""MACHINERY"", ""ELECTRICITY"", ""CRUDE_OIL_DEVELOPED_RESERVE""], ""gridNodeId"": ""GRID-visual-territory-37"", ""accessNodeId"": ""SF164"", ""capacityBasis"": ""GEOGRAPHIC_SCENARIO_ESTIMATE""}",2660,0,0,133,90,10640.0,,,UNBUILT_OPTION,,,,,,,,,,,,,,
SF165,visual-territory-37,visual-territory-37-E1,气田开发,PROJECT-02,"[627, 212]",647893.5586,MMBtu/sim-day,OP-37,GOV-37,DEVELOPMENT_OPTION,False,False,UNAPPROVED_SCENARIO_ASSET,EXISTING_MAP_POINT,RES198,"{""id"": ""SF165"", ""countryId"": ""visual-territory-37"", ""projectId"": ""PROJECT-02"", ""projectNumber"": 2, ""name"": ""气田开发"", ""lifecycle"": ""CANDIDATE"", ""operational"": false, ""estimatedCapacity"": 647893.5586, ""capacityUnit"": ""MMBtu/sim-day"", ""requiredWorkers"": 2660, ""requiredPowerMW"": 47.88, ""requiredWaterM3Day"": 4788, ""maintenanceGcuDay"": 34237.87, ""equipmentUnits"": 133, ""constructionSimDays"": 278, ""recipeStatus"": ""CORE_COEFFICIENT_BINDING_REQUIRED"", ""inputCategories"": [""LABOUR"", ""MACHINERY"", ""ELECTRICITY"", ""NATURAL_GAS_DEVELOPED_RESERVE""], ""gridNodeId"": ""GRID-visual-territory-37"", ""accessNodeId"": ""SF165"", ""capacityBasis"": ""GEOGRAPHIC_SCENARIO_ESTIMATE""}",2660,0,0,133,90,10640.0,,,UNBUILT_OPTION,,,,,,,,,,,,,,
SF166,visual-territory-37,visual-territory-37-E1,太阳能设施,PROJECT-10,"[630, 155]",56603.77,MW,OP-37,GOV-37,DEVELOPMENT_OPTION,False,False,UNAPPROVED_SCENARIO_ASSET,EXISTING_MAP_POINT,,"{""id"": ""SF166"", ""countryId"": ""visual-territory-37"", ""projectId"": ""PROJECT-10"", ""projectNumber"": 10, ""name"": ""太阳能设施"", ""lifecycle"": ""CANDIDATE"", ""operational"": false, ""estimatedCapacity"": 56603.77, ""capacityUnit"": ""MW"", ""requiredWorkers"": 2660, ""requiredPowerMW"": 47.88, ""requiredWaterM3Day"": 4788, ""maintenanceGcuDay"": 22412.08, ""equipmentUnits"": 133, ""constructionSimDays"": 265, ""recipeStatus"": ""CORE_COEFFICIENT_BINDING_REQUIRED"", ""inputCategories"": [""LABOUR"", ""MACHINERY"", ""ELECTRICITY""], ""gridNodeId"": ""GRID-visual-territory-37"", ""accessNodeId"": ""SF166"", ""capacityBasis"": ""GEOGRAPHIC_SCENARIO_ESTIMATE""}",2660,0,0,133,90,10640.0,,,UNBUILT_OPTION,,,,,,,,,,,,,,
SF167,visual-territory-38,visual-territory-38-E2,铁矿,PROJECT-04,"[216, 241]",170704.2146,tonne/sim-day,OP-38,GOV-38,DEVELOPMENT_OPTION,False,False,UNAPPROVED_SCENARIO_ASSET,EXISTING_MAP_POINT,RES01,"{""id"": ""SF167"", ""countryId"": ""visual-territory-38"", ""projectId"": ""PROJECT-04"", ""projectNumber"": 4, ""name"": ""铁矿"", ""lifecycle"": ""CANDIDATE"", ""operational"": false, ""estimatedCapacity"": 170704.2146, ""capacityUnit"": ""tonne/sim-day"", ""requiredWorkers"": 7201, ""requiredPowerMW"": 129.618, ""requiredWaterM3Day"": 12962, ""maintenanceGcuDay"": 61022.08, ""equipmentUnits"": 360, ""constructionSimDays"": 542, ""recipeStatus"": ""CORE_COEFFICIENT_BINDING_REQUIRED"", ""inputCategories"": [""LABOUR"", ""MACHINERY"", ""ELECTRICITY"", ""IRON_ORE_DEVELOPED_RESERVE""], ""gridNodeId"": ""GRID-visual-territory-38"", ""accessNodeId"": ""SF167"", ""capacityBasis"": ""GEOGRAPHIC_SCENARIO_ESTIMATE""}",7201,0,0,361,90,28804.0,,,UNBUILT_OPTION,,,,,,,,,,,,,,
SF168,visual-territory-38,visual-territory-38-E1,油田开发,PROJECT-01,"[40, 300]",1014465.9469,barrel/sim-day,OP-38,GOV-38,DEVELOPMENT_OPTION,False,False,UNAPPROVED_SCENARIO_ASSET,EXISTING_MAP_POINT,RES199,"{""id"": ""SF168"", ""countryId"": ""visual-territory-38"", ""projectId"": ""PROJECT-01"", ""projectNumber"": 1, ""name"": ""油田开发"", ""lifecycle"": ""CANDIDATE"", ""operational"": false, ""estimatedCapacity"": 1014465.9469, ""capacityUnit"": ""barrel/sim-day"", ""requiredWorkers"": 4501, ""requiredPowerMW"": 81.018, ""requiredWaterM3Day"": 8102, ""maintenanceGcuDay"": 56297.32, ""equipmentUnits"": 225, ""constructionSimDays"": 392, ""recipeStatus"": ""CORE_COEFFICIENT_BINDING_REQUIRED"", ""inputCategories"": [""LABOUR"", ""MACHINERY"", ""ELECTRICITY"", ""CRUDE_OIL_DEVELOPED_RESERVE""], ""gridNodeId"": ""GRID-visual-territory-38"", ""accessNodeId"": ""SF168"", ""capacityBasis"": ""GEOGRAPHIC_SCENARIO_ESTIMATE""}",4501,0,0,226,90,18004.0,,,UNBUILT_OPTION,,,,,,,,,,,,,,
SF169,visual-territory-38,visual-territory-38-E1,气田开发,PROJECT-02,"[143, 299]",2098316.8235,MMBtu/sim-day,OP-38,GOV-38,DEVELOPMENT_OPTION,False,False,UNAPPROVED_SCENARIO_ASSET,EXISTING_MAP_POINT,RES201,"{""id"": ""SF169"", ""countryId"": ""visual-territory-38"", ""projectId"": ""PROJECT-02"", ""projectNumber"": 2, ""name"": ""气田开发"", ""lifecycle"": ""CANDIDATE"", ""operational"": false, ""estimatedCapacity"": 2098316.8235, ""capacityUnit"": ""MMBtu/sim-day"", ""requiredWorkers"": 4501, ""requiredPowerMW"": 81.018, ""requiredWaterM3Day"": 8102, ""maintenanceGcuDay"": 77974.34, ""equipmentUnits"": 225, ""constructionSimDays"": 398, ""recipeStatus"": ""CORE_COEFFICIENT_BINDING_REQUIRED"", ""inputCategories"": [""LABOUR"", ""MACHINERY"", ""ELECTRICITY"", ""NATURAL_GAS_DEVELOPED_RESERVE""], ""gridNodeId"": ""GRID-visual-territory-38"", ""accessNodeId"": ""SF169"", ""capacityBasis"": ""GEOGRAPHIC_SCENARIO_ESTIMATE""}",4501,0,0,226,90,18004.0,,,UNBUILT_OPTION,,,,,,,,,,,,,,
SF170,visual-territory-38,visual-territory-38-E1,太阳能设施,PROJECT-10,"[113, 218]",92598.43,MW,OP-38,GOV-38,DEVELOPMENT_OPTION,False,False,UNAPPROVED_SCENARIO_ASSET,EXISTING_MAP_POINT,,"{""id"": ""SF170"", ""countryId"": ""visual-territory-38"", ""projectId"": ""PROJECT-10"", ""projectNumber"": 10, ""name"": ""太阳能设施"", ""lifecycle"": ""CANDIDATE"", ""operational"": false, ""estimatedCapacity"": 92598.43, ""capacityUnit"": ""MW"", ""requiredWorkers"": 4501, ""requiredPowerMW"": 81.018, ""requiredWaterM3Day"": 8102, ""maintenanceGcuDay"": 37859.97, ""equipmentUnits"": 225, ""constructionSimDays"": 378, ""recipeStatus"": ""CORE_COEFFICIENT_BINDING_REQUIRED"", ""inputCategories"": [""LABOUR"", ""MACHINERY"", ""ELECTRICITY""], ""gridNodeId"": ""GRID-visual-territory-38"", ""accessNodeId"": ""SF170"", ""capacityBasis"": ""GEOGRAPHIC_SCENARIO_ESTIMATE""}",4501,0,0,226,90,18004.0,,,UNBUILT_OPTION,,,,,,,,,,,,,,
SF171,visual-territory-38,visual-territory-38-E2,风能设施,PROJECT-11,"[218, 320]",92598.43,MW,OP-38,GOV-38,DEVELOPMENT_OPTION,False,False,UNAPPROVED_SCENARIO_ASSET,EXISTING_MAP_POINT,,"{""id"": ""SF171"", ""countryId"": ""visual-territory-38"", ""projectId"": ""PROJECT-11"", ""projectNumber"": 11, ""name"": ""风能设施"", ""lifecycle"": ""CANDIDATE"", ""operational"": false, ""estimatedCapacity"": 92598.43, ""capacityUnit"": ""MW"", ""requiredWorkers"": 4501, ""requiredPowerMW"": 81.018, ""requiredWaterM3Day"": 8102, ""maintenanceGcuDay"": 37859.97, ""equipmentUnits"": 225, ""constructionSimDays"": 378, ""recipeStatus"": ""CORE_COEFFICIENT_BINDING_REQUIRED"", ""inputCategories"": [""LABOUR"", ""MACHINERY"", ""ELECTRICITY""], ""gridNodeId"": ""GRID-visual-territory-38"", ""accessNodeId"": ""SF171"", ""capacityBasis"": ""GEOGRAPHIC_SCENARIO_ESTIMATE""}",4501,0,0,226,90,18004.0,,,UNBUILT_OPTION,,,,,,,,,,,,,,
SF172,visual-territory-38,visual-territory-38-E1,物流枢纽,PROJECT-25,"[57, 242]",92598.43,tonne/sim-day,OP-38,GOV-38,DEVELOPMENT_OPTION,False,False,UNAPPROVED_SCENARIO_ASSET,EXISTING_MAP_POINT,,"{""id"": ""SF172"", ""countryId"": ""visual-territory-38"", ""projectId"": ""PROJECT-25"", ""projectNumber"": 25, ""name"": ""物流枢纽"", ""lifecycle"": ""CANDIDATE"", ""operational"": false, ""estimatedCapacity"": 92598.43, ""capacityUnit"": ""tonne/sim-day"", ""requiredWorkers"": 4501, ""requiredPowerMW"": 81.018, ""requiredWaterM3Day"": 8102, ""maintenanceGcuDay"": 37859.97, ""equipmentUnits"": 225, ""constructionSimDays"": 378, ""recipeStatus"": ""CORE_COEFFICIENT_BINDING_REQUIRED"", ""inputCategories"": [""LABOUR"", ""MACHINERY"", ""ELECTRICITY""], ""gridNodeId"": ""GRID-visual-territory-38"", ""accessNodeId"": ""SF172"", ""capacityBasis"": ""GEOGRAPHIC_SCENARIO_ESTIMATE""}",4501,0,0,226,90,18004.0,,,UNBUILT_OPTION,,,,,,,,,,,,,,
SF173,visual-territory-38,visual-territory-38-E1,基础教育设施,PROJECT-31,"[161, 246]",92598.43,student-seat,OP-38,GOV-38,DEVELOPMENT_OPTION,False,False,UNAPPROVED_SCENARIO_ASSET,EXISTING_MAP_POINT,,"{""id"": ""SF173"", ""countryId"": ""visual-territory-38"", ""projectId"": ""PROJECT-31"", ""projectNumber"": 31, ""name"": ""基础教育设施"", ""lifecycle"": ""CANDIDATE"", ""operational"": false, ""estimatedCapacity"": 92598.43, ""capacityUnit"": ""student-seat"", ""requiredWorkers"": 4501, ""requiredPowerMW"": 81.018, ""requiredWaterM3Day"": 8102, ""maintenanceGcuDay"": 37859.97, ""equipmentUnits"": 225, ""constructionSimDays"": 378, ""recipeStatus"": ""CORE_COEFFICIENT_BINDING_REQUIRED"", ""inputCategories"": [""LABOUR"", ""MACHINERY"", ""ELECTRICITY""], ""gridNodeId"": ""GRID-visual-territory-38"", ""accessNodeId"": ""SF173"", ""capacityBasis"": ""GEOGRAPHIC_SCENARIO_ESTIMATE""}",4501,0,0,226,90,18004.0,,,UNBUILT_OPTION,,,,,,,,,,,,,,
SF174,visual-territory-39,visual-territory-39-E2,锂矿,PROJECT-06,"[285, 225]",303.8035,tonne LCE/sim-day,OP-39,GOV-39,DEVELOPMENT_OPTION,False,False,UNAPPROVED_SCENARIO_ASSET,EXISTING_MAP_POINT,RES64,"{""id"": ""SF174"", ""countryId"": ""visual-territory-39"", ""projectId"": ""PROJECT-06"", ""projectNumber"": 6, ""name"": ""锂矿"", ""lifecycle"": ""CANDIDATE"", ""operational"": false, ""estimatedCapacity"": 303.8035, ""capacityUnit"": ""tonne LCE/sim-day"", ""requiredWorkers"": 5640, ""requiredPowerMW"": 101.52, ""requiredWaterM3Day"": 10152, ""maintenanceGcuDay"": 45126.08, ""equipmentUnits"": 282, ""constructionSimDays"": 433, ""recipeStatus"": ""CORE_COEFFICIENT_BINDING_REQUIRED"", ""inputCategories"": [""LABOUR"", ""MACHINERY"", ""ELECTRICITY"", ""LITHIUM_DEVELOPED_RESERVE""], ""gridNodeId"": ""GRID-visual-territory-39"", ""accessNodeId"": ""SF174"", ""capacityBasis"": ""GEOGRAPHIC_SCENARIO_ESTIMATE""}",5640,0,0,282,90,22560.0,,,UNBUILT_OPTION,,,,,,,,,,,,,,
SF175,visual-territory-39,visual-territory-39-E1,铀矿,PROJECT-03,"[222, 214]",0.8704,tonne U/sim-day,OP-39,GOV-39,DEVELOPMENT_OPTION,False,False,UNAPPROVED_SCENARIO_ASSET,EXISTING_MAP_POINT,RES203,"{""id"": ""SF175"", ""countryId"": ""visual-territory-39"", ""projectId"": ""PROJECT-03"", ""projectNumber"": 3, ""name"": ""铀矿"", ""lifecycle"": ""CANDIDATE"", ""operational"": false, ""estimatedCapacity"": 0.8704, ""capacityUnit"": ""tonne U/sim-day"", ""requiredWorkers"": 5640, ""requiredPowerMW"": 101.52, ""requiredWaterM3Day"": 10152, ""maintenanceGcuDay"": 45120.02, ""equipmentUnits"": 282, ""constructionSimDays"": 429, ""recipeStatus"": ""CORE_COEFFICIENT_BINDING_REQUIRED"", ""inputCategories"": [""LABOUR"", ""MACHINERY"", ""ELECTRICITY"", ""URANIUM_DEVELOPED_RESERVE""], ""gridNodeId"": ""GRID-visual-territory-39"", ""accessNodeId"": ""SF175"", ""capacityBasis"": ""GEOGRAPHIC_SCENARIO_ESTIMATE""}",5640,0,0,282,90,22560.0,,,UNBUILT_OPTION,,,,,,,,,,,,,,
SF176,visual-territory-39,visual-territory-39-E2,铁矿,PROJECT-04,"[290, 169]",377942.7757,tonne/sim-day,OP-39,GOV-39,DEVELOPMENT_OPTION,False,False,UNAPPROVED_SCENARIO_ASSET,EXISTING_MAP_POINT,RES204,"{""id"": ""SF176"", ""countryId"": ""visual-territory-39"", ""projectId"": ""PROJECT-04"", ""projectNumber"": 4, ""name"": ""铁矿"", ""lifecycle"": ""CANDIDATE"", ""operational"": false, ""estimatedCapacity"": 377942.7757, ""capacityUnit"": ""tonne/sim-day"", ""requiredWorkers"": 5640, ""requiredPowerMW"": 101.52, ""requiredWaterM3Day"": 10152, ""maintenanceGcuDay"": 52678.86, ""equipmentUnits"": 282, ""constructionSimDays"": 453, ""recipeStatus"": ""CORE_COEFFICIENT_BINDING_REQUIRED"", ""inputCategories"": [""LABOUR"", ""MACHINERY"", ""ELECTRICITY"", ""IRON_ORE_DEVELOPED_RESERVE""], ""gridNodeId"": ""GRID-visual-territory-39"", ""accessNodeId"": ""SF176"", ""capacityBasis"": ""GEOGRAPHIC_SCENARIO_ESTIMATE""}",5640,0,0,282,90,22560.0,,,UNBUILT_OPTION,,,,,,,,,,,,,,
SF177,visual-territory-39,visual-territory-39-E1,太阳能设施,PROJECT-10,"[233, 156]",79515.45,MW,OP-39,GOV-39,DEVELOPMENT_OPTION,False,False,UNAPPROVED_SCENARIO_ASSET,EXISTING_MAP_POINT,,"{""id"": ""SF177"", ""countryId"": ""visual-territory-39"", ""projectId"": ""PROJECT-10"", ""projectNumber"": 10, ""name"": ""太阳能设施"", ""lifecycle"": ""CANDIDATE"", ""operational"": false, ""estimatedCapacity"": 79515.45, ""capacityUnit"": ""MW"", ""requiredWorkers"": 3525, ""requiredPowerMW"": 63.45, ""requiredWaterM3Day"": 6345, ""maintenanceGcuDay"": 29790.31, ""equipmentUnits"": 176, ""constructionSimDays"": 318, ""recipeStatus"": ""CORE_COEFFICIENT_BINDING_REQUIRED"", ""inputCategories"": [""LABOUR"", ""MACHINERY"", ""ELECTRICITY""], ""gridNodeId"": ""GRID-visual-territory-39"", ""accessNodeId"": ""SF177"", ""capacityBasis"": ""GEOGRAPHIC_SCENARIO_ESTIMATE""}",3525,0,0,177,90,14100.0,,,UNBUILT_OPTION,,,,,,,,,,,,,,
SF178,visual-territory-39,visual-territory-39-E1,风能设施,PROJECT-11,"[247, 260]",79515.45,MW,OP-39,GOV-39,DEVELOPMENT_OPTION,False,False,UNAPPROVED_SCENARIO_ASSET,EXISTING_MAP_POINT,,"{""id"": ""SF178"", ""countryId"": ""visual-territory-39"", ""projectId"": ""PROJECT-11"", ""projectNumber"": 11, ""name"": ""风能设施"", ""lifecycle"": ""CANDIDATE"", ""operational"": false, ""estimatedCapacity"": 79515.45, ""capacityUnit"": ""MW"", ""requiredWorkers"": 3525, ""requiredPowerMW"": 63.45, ""requiredWaterM3Day"": 6345, ""maintenanceGcuDay"": 29790.31, ""equipmentUnits"": 176, ""constructionSimDays"": 318, ""recipeStatus"": ""CORE_COEFFICIENT_BINDING_REQUIRED"", ""inputCategories"": [""LABOUR"", ""MACHINERY"", ""ELECTRICITY""], ""gridNodeId"": ""GRID-visual-territory-39"", ""accessNodeId"": ""SF178"", ""capacityBasis"": ""GEOGRAPHIC_SCENARIO_ESTIMATE""}",3525,0,0,177,90,14100.0,,,UNBUILT_OPTION,,,,,,,,,,,,,,
SF179,visual-territory-40,visual-territory-40-E1,油田开发,PROJECT-01,"[314, 341]",328661.7993,barrel/sim-day,OP-40,GOV-40,DEVELOPMENT_OPTION,False,False,UNAPPROVED_SCENARIO_ASSET,EXISTING_MAP_POINT,RES205,"{""id"": ""SF179"", ""countryId"": ""visual-territory-40"", ""projectId"": ""PROJECT-01"", ""projectNumber"": 1, ""name"": ""油田开发"", ""lifecycle"": ""CANDIDATE"", ""operational"": false, ""estimatedCapacity"": 328661.7993, ""capacityUnit"": ""barrel/sim-day"", ""requiredWorkers"": 2177, ""requiredPowerMW"": 39.186, ""requiredWaterM3Day"": 3919, ""maintenanceGcuDay"": 23989.24, ""equipmentUnits"": 109, ""constructionSimDays"": 245, ""recipeStatus"": ""CORE_COEFFICIENT_BINDING_REQUIRED"", ""inputCategories"": [""LABOUR"", ""MACHINERY"", ""ELECTRICITY"", ""CRUDE_OIL_DEVELOPED_RESERVE""], ""gridNodeId"": ""GRID-visual-territory-40"", ""accessNodeId"": ""SF179"", ""capacityBasis"": ""GEOGRAPHIC_SCENARIO_ESTIMATE""}",2177,0,0,109,90,8708.0,,,UNBUILT_OPTION,,,,,,,,,,,,,,
SF180,visual-territory-40,visual-territory-40-E1,锂矿,PROJECT-06,"[295, 273]",261.1784,tonne LCE/sim-day,OP-40,GOV-40,DEVELOPMENT_OPTION,False,False,UNAPPROVED_SCENARIO_ASSET,EXISTING_MAP_POINT,RES206,"{""id"": ""SF180"", ""countryId"": ""visual-territory-40"", ""projectId"": ""PROJECT-06"", ""projectNumber"": 6, ""name"": ""锂矿"", ""lifecycle"": ""CANDIDATE"", ""operational"": false, ""estimatedCapacity"": 261.1784, ""capacityUnit"": ""tonne LCE/sim-day"", ""requiredWorkers"": 3484, ""requiredPowerMW"": 62.712, ""requiredWaterM3Day"": 6271, ""maintenanceGcuDay"": 27877.22, ""equipmentUnits"": 174, ""constructionSimDays"": 303, ""recipeStatus"": ""CORE_COEFFICIENT_BINDING_REQUIRED"", ""inputCategories"": [""LABOUR"", ""MACHINERY"", ""ELECTRICITY"", ""LITHIUM_DEVELOPED_RESERVE""], ""gridNodeId"": ""GRID-visual-territory-40"", ""accessNodeId"": ""SF180"", ""capacityBasis"": ""GEOGRAPHIC_SCENARIO_ESTIMATE""}",3484,0,0,175,90,13936.0,,,UNBUILT_OPTION,,,,,,,,,,,,,,
SF181,visual-territory-41,visual-territory-41-E1,锂矿,PROJECT-06,"[407, 239]",203.2787,tonne LCE/sim-day,OP-41,GOV-41,DEVELOPMENT_OPTION,False,False,UNAPPROVED_SCENARIO_ASSET,EXISTING_MAP_POINT,RES65,"{""id"": ""SF181"", ""countryId"": ""visual-territory-41"", ""projectId"": ""PROJECT-06"", ""projectNumber"": 6, ""name"": ""锂矿"", ""lifecycle"": ""CANDIDATE"", ""operational"": false, ""estimatedCapacity"": 203.2787, ""capacityUnit"": ""tonne LCE/sim-day"", ""requiredWorkers"": 5462, ""requiredPowerMW"": 98.316, ""requiredWaterM3Day"": 9832, ""maintenanceGcuDay"": 43700.07, ""equipmentUnits"": 273, ""constructionSimDays"": 421, ""recipeStatus"": ""CORE_COEFFICIENT_BINDING_REQUIRED"", ""inputCategories"": [""LABOUR"", ""MACHINERY"", ""ELECTRICITY"", ""LITHIUM_DEVELOPED_RESERVE""], ""gridNodeId"": ""GRID-visual-territory-41"", ""accessNodeId"": ""SF181"", ""capacityBasis"": ""GEOGRAPHIC_SCENARIO_ESTIMATE""}",5462,0,0,274,90,21848.0,,,UNBUILT_OPTION,,,,,,,,,,,,,,
SF182,visual-territory-41,visual-territory-41-E2,油田开发,PROJECT-01,"[477, 230]",547320.4839,barrel/sim-day,OP-41,GOV-41,DEVELOPMENT_OPTION,False,False,UNAPPROVED_SCENARIO_ASSET,EXISTING_MAP_POINT,RES209,"{""id"": ""SF182"", ""countryId"": ""visual-territory-41"", ""projectId"": ""PROJECT-01"", ""projectNumber"": 1, ""name"": ""油田开发"", ""lifecycle"": ""CANDIDATE"", ""operational"": false, ""estimatedCapacity"": 547320.4839, ""capacityUnit"": ""barrel/sim-day"", ""requiredWorkers"": 3414, ""requiredPowerMW"": 61.452, ""requiredWaterM3Day"": 6145, ""maintenanceGcuDay"": 38258.41, ""equipmentUnits"": 171, ""constructionSimDays"": 322, ""recipeStatus"": ""CORE_COEFFICIENT_BINDING_REQUIRED"", ""inputCategories"": [""LABOUR"", ""MACHINERY"", ""ELECTRICITY"", ""CRUDE_OIL_DEVELOPED_RESERVE""], ""gridNodeId"": ""GRID-visual-territory-41"", ""accessNodeId"": ""SF182"", ""capacityBasis"": ""GEOGRAPHIC_SCENARIO_ESTIMATE""}",3414,0,0,171,90,13656.0,,,UNBUILT_OPTION,,,,,,,,,,,,,,
SF183,visual-territory-41,visual-territory-41-E2,铁矿,PROJECT-04,"[447, 270]",236747.3646,tonne/sim-day,OP-41,GOV-41,DEVELOPMENT_OPTION,False,False,UNAPPROVED_SCENARIO_ASSET,EXISTING_MAP_POINT,RES210,"{""id"": ""SF183"", ""countryId"": ""visual-territory-41"", ""projectId"": ""PROJECT-04"", ""projectNumber"": 4, ""name"": ""铁矿"", ""lifecycle"": ""CANDIDATE"", ""operational"": false, ""estimatedCapacity"": 236747.3646, ""capacityUnit"": ""tonne/sim-day"", ""requiredWorkers"": 5462, ""requiredPowerMW"": 98.316, ""requiredWaterM3Day"": 9832, ""maintenanceGcuDay"": 48430.95, ""equipmentUnits"": 273, ""constructionSimDays"": 440, ""recipeStatus"": ""CORE_COEFFICIENT_BINDING_REQUIRED"", ""inputCategories"": [""LABOUR"", ""MACHINERY"", ""ELECTRICITY"", ""IRON_ORE_DEVELOPED_RESERVE""], ""gridNodeId"": ""GRID-visual-territory-41"", ""accessNodeId"": ""SF183"", ""capacityBasis"": ""GEOGRAPHIC_SCENARIO_ESTIMATE""}",5462,0,0,274,90,21848.0,,,UNBUILT_OPTION,,,,,,,,,,,,,,
SF184,visual-territory-41,visual-territory-41-E1,太阳能设施,PROJECT-10,"[372, 307]",74578.08,MW,OP-41,GOV-41,DEVELOPMENT_OPTION,False,False,UNAPPROVED_SCENARIO_ASSET,EXISTING_MAP_POINT,,"{""id"": ""SF184"", ""countryId"": ""visual-territory-41"", ""projectId"": ""PROJECT-10"", ""projectNumber"": 10, ""name"": ""太阳能设施"", ""lifecycle"": ""CANDIDATE"", ""operational"": false, ""estimatedCapacity"": 74578.08, ""capacityUnit"": ""MW"", ""requiredWorkers"": 3414, ""requiredPowerMW"": 61.452, ""requiredWaterM3Day"": 6145, ""maintenanceGcuDay"": 28803.56, ""equipmentUnits"": 171, ""constructionSimDays"": 311, ""recipeStatus"": ""CORE_COEFFICIENT_BINDING_REQUIRED"", ""inputCategories"": [""LABOUR"", ""MACHINERY"", ""ELECTRICITY""], ""gridNodeId"": ""GRID-visual-territory-41"", ""accessNodeId"": ""SF184"", ""capacityBasis"": ""GEOGRAPHIC_SCENARIO_ESTIMATE""}",3414,0,0,171,90,13656.0,,,UNBUILT_OPTION,,,,,,,,,,,,,,
SF185,visual-territory-41,visual-territory-41-E1,风能设施,PROJECT-11,"[363, 260]",74578.08,MW,OP-41,GOV-41,DEVELOPMENT_OPTION,False,False,UNAPPROVED_SCENARIO_ASSET,EXISTING_MAP_POINT,,"{""id"": ""SF185"", ""countryId"": ""visual-territory-41"", ""projectId"": ""PROJECT-11"", ""projectNumber"": 11, ""name"": ""风能设施"", ""lifecycle"": ""CANDIDATE"", ""operational"": false, ""estimatedCapacity"": 74578.08, ""capacityUnit"": ""MW"", ""requiredWorkers"": 3414, ""requiredPowerMW"": 61.452, ""requiredWaterM3Day"": 6145, ""maintenanceGcuDay"": 28803.56, ""equipmentUnits"": 171, ""constructionSimDays"": 311, ""recipeStatus"": ""CORE_COEFFICIENT_BINDING_REQUIRED"", ""inputCategories"": [""LABOUR"", ""MACHINERY"", ""ELECTRICITY""], ""gridNodeId"": ""GRID-visual-territory-41"", ""accessNodeId"": ""SF185"", ""capacityBasis"": ""GEOGRAPHIC_SCENARIO_ESTIMATE""}",3414,0,0,171,90,13656.0,,,UNBUILT_OPTION,,,,,,,,,,,,,,
SF186,visual-territory-42,visual-territory-42-E1,锂矿,PROJECT-06,"[528, 247]",165.1378,tonne LCE/sim-day,OP-42,GOV-42,DEVELOPMENT_OPTION,False,False,UNAPPROVED_SCENARIO_ASSET,EXISTING_MAP_POINT,RES211,"{""id"": ""SF186"", ""countryId"": ""visual-territory-42"", ""projectId"": ""PROJECT-06"", ""projectNumber"": 6, ""name"": ""锂矿"", ""lifecycle"": ""CANDIDATE"", ""operational"": false, ""estimatedCapacity"": 165.1378, ""capacityUnit"": ""tonne LCE/sim-day"", ""requiredWorkers"": 4959, ""requiredPowerMW"": 89.262, ""requiredWaterM3Day"": 8926, ""maintenanceGcuDay"": 39675.3, ""equipmentUnits"": 248, ""constructionSimDays"": 391, ""recipeStatus"": ""CORE_COEFFICIENT_BINDING_REQUIRED"", ""inputCategories"": [""LABOUR"", ""MACHINERY"", ""ELECTRICITY"", ""LITHIUM_DEVELOPED_RESERVE""], ""gridNodeId"": ""GRID-visual-territory-42"", ""accessNodeId"": ""SF186"", ""capacityBasis"": ""GEOGRAPHIC_SCENARIO_ESTIMATE""}",4959,0,0,248,90,19836.0,,,UNBUILT_OPTION,,,,,,,,,,,,,,
SF187,visual-territory-42,visual-territory-42-E1,气田开发,PROJECT-02,"[512, 307]",812228.451,MMBtu/sim-day,OP-42,GOV-42,DEVELOPMENT_OPTION,False,False,UNAPPROVED_SCENARIO_ASSET,EXISTING_MAP_POINT,RES213,"{""id"": ""SF187"", ""countryId"": ""visual-territory-42"", ""projectId"": ""PROJECT-02"", ""projectNumber"": 2, ""name"": ""气田开发"", ""lifecycle"": ""CANDIDATE"", ""operational"": false, ""estimatedCapacity"": 812228.451, ""capacityUnit"": ""MMBtu/sim-day"", ""requiredWorkers"": 3099, ""requiredPowerMW"": 55.782, ""requiredWaterM3Day"": 5578, ""maintenanceGcuDay"": 41036.57, ""equipmentUnits"": 155, ""constructionSimDays"": 306, ""recipeStatus"": ""CORE_COEFFICIENT_BINDING_REQUIRED"", ""inputCategories"": [""LABOUR"", ""MACHINERY"", ""ELECTRICITY"", ""NATURAL_GAS_DEVELOPED_RESERVE""], ""gridNodeId"": ""GRID-visual-territory-42"", ""accessNodeId"": ""SF187"", ""capacityBasis"": ""GEOGRAPHIC_SCENARIO_ESTIMATE""}",3099,0,0,155,90,12396.0,,,UNBUILT_OPTION,,,,,,,,,,,,,,
SF188,visual-territory-42,visual-territory-42-E1,铁矿,PROJECT-04,"[491, 270]",116149.4715,tonne/sim-day,OP-42,GOV-42,DEVELOPMENT_OPTION,False,False,UNAPPROVED_SCENARIO_ASSET,EXISTING_MAP_POINT,RES214,"{""id"": ""SF188"", ""countryId"": ""visual-territory-42"", ""projectId"": ""PROJECT-04"", ""projectNumber"": 4, ""name"": ""铁矿"", ""lifecycle"": ""CANDIDATE"", ""operational"": false, ""estimatedCapacity"": 116149.4715, ""capacityUnit"": ""tonne/sim-day"", ""requiredWorkers"": 4959, ""requiredPowerMW"": 89.262, ""requiredWaterM3Day"": 8926, ""maintenanceGcuDay"": 41994.99, ""equipmentUnits"": 248, ""constructionSimDays"": 406, ""recipeStatus"": ""CORE_COEFFICIENT_BINDING_REQUIRED"", ""inputCategories"": [""LABOUR"", ""MACHINERY"", ""ELECTRICITY"", ""IRON_ORE_DEVELOPED_RESERVE""], ""gridNodeId"": ""GRID-visual-territory-42"", ""accessNodeId"": ""SF188"", ""capacityBasis"": ""GEOGRAPHIC_SCENARIO_ESTIMATE""}",4959,0,0,248,90,19836.0,,,UNBUILT_OPTION,,,,,,,,,,,,,,
SF189,visual-territory-42,visual-territory-42-E1,太阳能设施,PROJECT-10,"[482, 227]",61468.48,MW,OP-42,GOV-42,DEVELOPMENT_OPTION,False,False,UNAPPROVED_SCENARIO_ASSET,EXISTING_MAP_POINT,,"{""id"": ""SF189"", ""countryId"": ""visual-territory-42"", ""projectId"": ""PROJECT-10"", ""projectNumber"": 10, ""name"": ""太阳能设施"", ""lifecycle"": ""CANDIDATE"", ""operational"": false, ""estimatedCapacity"": 61468.48, ""capacityUnit"": ""MW"", ""requiredWorkers"": 3099, ""requiredPowerMW"": 55.782, ""requiredWaterM3Day"": 5578, ""maintenanceGcuDay"": 26021.37, ""equipmentUnits"": 155, ""constructionSimDays"": 292, ""recipeStatus"": ""CORE_COEFFICIENT_BINDING_REQUIRED"", ""inputCategories"": [""LABOUR"", ""MACHINERY"", ""ELECTRICITY""], ""gridNodeId"": ""GRID-visual-territory-42"", ""accessNodeId"": ""SF189"", ""capacityBasis"": ""GEOGRAPHIC_SCENARIO_ESTIMATE""}",3099,0,0,155,90,12396.0,,,UNBUILT_OPTION,,,,,,,,,,,,,,
SF190,visual-territory-42,visual-territory-42-E1,风能设施,PROJECT-11,"[540, 281]",61468.48,MW,OP-42,GOV-42,DEVELOPMENT_OPTION,False,False,UNAPPROVED_SCENARIO_ASSET,EXISTING_MAP_POINT,,"{""id"": ""SF190"", ""countryId"": ""visual-territory-42"", ""projectId"": ""PROJECT-11"", ""projectNumber"": 11, ""name"": ""风能设施"", ""lifecycle"": ""CANDIDATE"", ""operational"": false, ""estimatedCapacity"": 61468.48, ""capacityUnit"": ""MW"", ""requiredWorkers"": 3099, ""requiredPowerMW"": 55.782, ""requiredWaterM3Day"": 5578, ""maintenanceGcuDay"": 26021.37, ""equipmentUnits"": 155, ""constructionSimDays"": 292, ""recipeStatus"": ""CORE_COEFFICIENT_BINDING_REQUIRED"", ""inputCategories"": [""LABOUR"", ""MACHINERY"", ""ELECTRICITY""], ""gridNodeId"": ""GRID-visual-territory-42"", ""accessNodeId"": ""SF190"", ""capacityBasis"": ""GEOGRAPHIC_SCENARIO_ESTIMATE""}",3099,0,0,155,90,12396.0,,,UNBUILT_OPTION,,,,,,,,,,,,,,
SF191,visual-territory-43,visual-territory-43-E1,气田开发,PROJECT-02,"[514, 216]",686417.3312,MMBtu/sim-day,OP-43,GOV-43,DEVELOPMENT_OPTION,False,False,UNAPPROVED_SCENARIO_ASSET,EXISTING_MAP_POINT,RES66,"{""id"": ""SF191"", ""countryId"": ""visual-territory-43"", ""projectId"": ""PROJECT-02"", ""projectNumber"": 2, ""name"": ""气田开发"", ""lifecycle"": ""CANDIDATE"", ""operational"": false, ""estimatedCapacity"": 686417.3312, ""capacityUnit"": ""MMBtu/sim-day"", ""requiredWorkers"": 3138, ""requiredPowerMW"": 56.484, ""requiredWaterM3Day"": 5648, ""maintenanceGcuDay"": 38832.35, ""equipmentUnits"": 157, ""constructionSimDays"": 307, ""recipeStatus"": ""CORE_COEFFICIENT_BINDING_REQUIRED"", ""inputCategories"": [""LABOUR"", ""MACHINERY"", ""ELECTRICITY"", ""NATURAL_GAS_DEVELOPED_RESERVE""], ""gridNodeId"": ""GRID-visual-territory-43"", ""accessNodeId"": ""SF191"", ""capacityBasis"": ""GEOGRAPHIC_SCENARIO_ESTIMATE""}",3138,0,0,157,90,12552.0,,,UNBUILT_OPTION,,,,,,,,,,,,,,
SF192,visual-territory-43,visual-territory-43-E1,铜矿,PROJECT-05,"[584, 208]",5633.7472,tonne/sim-day,OP-43,GOV-43,DEVELOPMENT_OPTION,False,False,UNAPPROVED_SCENARIO_ASSET,EXISTING_MAP_POINT,RES216,"{""id"": ""SF192"", ""countryId"": ""visual-territory-43"", ""projectId"": ""PROJECT-05"", ""projectNumber"": 5, ""name"": ""铜矿"", ""lifecycle"": ""CANDIDATE"", ""operational"": false, ""estimatedCapacity"": 5633.7472, ""capacityUnit"": ""tonne/sim-day"", ""requiredWorkers"": 5021, ""requiredPowerMW"": 90.378, ""requiredWaterM3Day"": 9038, ""maintenanceGcuDay"": 40280.67, ""equipmentUnits"": 251, ""constructionSimDays"": 400, ""recipeStatus"": ""CORE_COEFFICIENT_BINDING_REQUIRED"", ""inputCategories"": [""LABOUR"", ""MACHINERY"", ""ELECTRICITY"", ""COPPER_DEVELOPED_RESERVE""], ""gridNodeId"": ""GRID-visual-territory-43"", ""accessNodeId"": ""SF192"", ""capacityBasis"": ""GEOGRAPHIC_SCENARIO_ESTIMATE""}",5021,0,0,252,90,20084.0,,,UNBUILT_OPTION,,,,,,,,,,,,,,
SF193,visual-territory-43,visual-territory-43-E1,铁矿,PROJECT-04,"[539, 267]",111037.309,tonne/sim-day,OP-43,GOV-43,DEVELOPMENT_OPTION,False,False,UNAPPROVED_SCENARIO_ASSET,EXISTING_MAP_POINT,RES217,"{""id"": ""SF193"", ""countryId"": ""visual-territory-43"", ""projectId"": ""PROJECT-04"", ""projectNumber"": 4, ""name"": ""铁矿"", ""lifecycle"": ""CANDIDATE"", ""operational"": false, ""estimatedCapacity"": 111037.309, ""capacityUnit"": ""tonne/sim-day"", ""requiredWorkers"": 5021, ""requiredPowerMW"": 90.378, ""requiredWaterM3Day"": 9038, ""maintenanceGcuDay"": 42388.75, ""equipmentUnits"": 251, ""constructionSimDays"": 410, ""recipeStatus"": ""CORE_COEFFICIENT_BINDING_REQUIRED"", ""inputCategories"": [""LABOUR"", ""MACHINERY"", ""ELECTRICITY"", ""IRON_ORE_DEVELOPED_RESERVE""], ""gridNodeId"": ""GRID-visual-territory-43"", ""accessNodeId"": ""SF193"", ""capacityBasis"": ""GEOGRAPHIC_SCENARIO_ESTIMATE""}",5021,0,0,252,90,20084.0,,,UNBUILT_OPTION,,,,,,,,,,,,,,
SF194,visual-territory-43,visual-territory-43-E1,太阳能设施,PROJECT-10,"[594, 279]",63023.96,MW,OP-43,GOV-43,DEVELOPMENT_OPTION,False,False,UNAPPROVED_SCENARIO_ASSET,EXISTING_MAP_POINT,,"{""id"": ""SF194"", ""countryId"": ""visual-territory-43"", ""projectId"": ""PROJECT-10"", ""projectNumber"": 10, ""name"": ""太阳能设施"", ""lifecycle"": ""CANDIDATE"", ""operational"": false, ""estimatedCapacity"": 63023.96, ""capacityUnit"": ""MW"", ""requiredWorkers"": 3138, ""requiredPowerMW"": 56.484, ""requiredWaterM3Day"": 5648, ""maintenanceGcuDay"": 26364.48, ""equipmentUnits"": 157, ""constructionSimDays"": 294, ""recipeStatus"": ""CORE_COEFFICIENT_BINDING_REQUIRED"", ""inputCategories"": [""LABOUR"", ""MACHINERY"", ""ELECTRICITY""], ""gridNodeId"": ""GRID-visual-territory-43"", ""accessNodeId"": ""SF194"", ""capacityBasis"": ""GEOGRAPHIC_SCENARIO_ESTIMATE""}",3138,0,0,157,90,12552.0,,,UNBUILT_OPTION,,,,,,,,,,,,,,
SF195,visual-territory-43,visual-territory-43-E1,风能设施,PROJECT-11,"[551, 229]",63023.96,MW,OP-43,GOV-43,DEVELOPMENT_OPTION,False,False,UNAPPROVED_SCENARIO_ASSET,EXISTING_MAP_POINT,,"{""id"": ""SF195"", ""countryId"": ""visual-territory-43"", ""projectId"": ""PROJECT-11"", ""projectNumber"": 11, ""name"": ""风能设施"", ""lifecycle"": ""CANDIDATE"", ""operational"": false, ""estimatedCapacity"": 63023.96, ""capacityUnit"": ""MW"", ""requiredWorkers"": 3138, ""requiredPowerMW"": 56.484, ""requiredWaterM3Day"": 5648, ""maintenanceGcuDay"": 26364.48, ""equipmentUnits"": 157, ""constructionSimDays"": 294, ""recipeStatus"": ""CORE_COEFFICIENT_BINDING_REQUIRED"", ""inputCategories"": [""LABOUR"", ""MACHINERY"", ""ELECTRICITY""], ""gridNodeId"": ""GRID-visual-territory-43"", ""accessNodeId"": ""SF195"", ""capacityBasis"": ""GEOGRAPHIC_SCENARIO_ESTIMATE""}",3138,0,0,157,90,12552.0,,,UNBUILT_OPTION,,,,,,,,,,,,,,
SF196,visual-territory-44,visual-territory-44-E2,铜矿,PROJECT-05,"[206, 318]",2152.0243,tonne/sim-day,OP-44,GOV-44,DEVELOPMENT_OPTION,False,False,UNAPPROVED_SCENARIO_ASSET,EXISTING_MAP_POINT,RES218,"{""id"": ""SF196"", ""countryId"": ""visual-territory-44"", ""projectId"": ""PROJECT-05"", ""projectNumber"": 5, ""name"": ""铜矿"", ""lifecycle"": ""CANDIDATE"", ""operational"": false, ""estimatedCapacity"": 2152.0243, ""capacityUnit"": ""tonne/sim-day"", ""requiredWorkers"": 4384, ""requiredPowerMW"": 78.912, ""requiredWaterM3Day"": 7891, ""maintenanceGcuDay"": 35115.04, ""equipmentUnits"": 219, ""constructionSimDays"": 360, ""recipeStatus"": ""CORE_COEFFICIENT_BINDING_REQUIRED"", ""inputCategories"": [""LABOUR"", ""MACHINERY"", ""ELECTRICITY"", ""COPPER_DEVELOPED_RESERVE""], ""gridNodeId"": ""GRID-visual-territory-44"", ""accessNodeId"": ""SF196"", ""capacityBasis"": ""GEOGRAPHIC_SCENARIO_ESTIMATE""}",4384,0,0,220,90,17536.0,,,UNBUILT_OPTION,,,,,,,,,,,,,,
SF197,visual-territory-44,visual-territory-44-E1,油田开发,PROJECT-01,"[79, 358]",512189.8122,barrel/sim-day,OP-44,GOV-44,DEVELOPMENT_OPTION,False,False,UNAPPROVED_SCENARIO_ASSET,EXISTING_MAP_POINT,RES219,"{""id"": ""SF197"", ""countryId"": ""visual-territory-44"", ""projectId"": ""PROJECT-01"", ""projectNumber"": 1, ""name"": ""油田开发"", ""lifecycle"": ""CANDIDATE"", ""operational"": false, ""estimatedCapacity"": 512189.8122, ""capacityUnit"": ""barrel/sim-day"", ""requiredWorkers"": 2740, ""requiredPowerMW"": 49.32, ""requiredWaterM3Day"": 4932, ""maintenanceGcuDay"": 32163.8, ""equipmentUnits"": 137, ""constructionSimDays"": 281, ""recipeStatus"": ""CORE_COEFFICIENT_BINDING_REQUIRED"", ""inputCategories"": [""LABOUR"", ""MACHINERY"", ""ELECTRICITY"", ""CRUDE_OIL_DEVELOPED_RESERVE""], ""gridNodeId"": ""GRID-visual-territory-44"", ""accessNodeId"": ""SF197"", ""capacityBasis"": ""GEOGRAPHIC_SCENARIO_ESTIMATE""}",2740,0,0,137,90,10960.0,,,UNBUILT_OPTION,,,,,,,,,,,,,,
SF198,visual-territory-44,visual-territory-44-E2,铁矿,PROJECT-04,"[192, 397]",198690.7885,tonne/sim-day,OP-44,GOV-44,DEVELOPMENT_OPTION,False,False,UNAPPROVED_SCENARIO_ASSET,EXISTING_MAP_POINT,RES220,"{""id"": ""SF198"", ""countryId"": ""visual-territory-44"", ""projectId"": ""PROJECT-04"", ""projectNumber"": 4, ""name"": ""铁矿"", ""lifecycle"": ""CANDIDATE"", ""operational"": false, ""estimatedCapacity"": 198690.7885, ""capacityUnit"": ""tonne/sim-day"", ""requiredWorkers"": 4384, ""requiredPowerMW"": 78.912, ""requiredWaterM3Day"": 7891, ""maintenanceGcuDay"": 39045.82, ""equipmentUnits"": 219, ""constructionSimDays"": 374, ""recipeStatus"": ""CORE_COEFFICIENT_BINDING_REQUIRED"", ""inputCategories"": [""LABOUR"", ""MACHINERY"", ""ELECTRICITY"", ""IRON_ORE_DEVELOPED_RESERVE""], ""gridNodeId"": ""GRID-visual-territory-44"", ""accessNodeId"": ""SF198"", ""capacityBasis"": ""GEOGRAPHIC_SCENARIO_ESTIMATE""}",4384,0,0,220,90,17536.0,,,UNBUILT_OPTION,,,,,,,,,,,,,,
SF199,visual-territory-45,visual-territory-45-E1,铜矿,PROJECT-05,"[228, 327]",485.7682,tonne/sim-day,OP-45,GOV-45,DEVELOPMENT_OPTION,False,False,UNAPPROVED_SCENARIO_ASSET,EXISTING_MAP_POINT,RES02,"{""id"": ""SF199"", ""countryId"": ""visual-territory-45"", ""projectId"": ""PROJECT-05"", ""projectNumber"": 5, ""name"": ""铜矿"", ""lifecycle"": ""CANDIDATE"", ""operational"": false, ""estimatedCapacity"": 485.7682, ""capacityUnit"": ""tonne/sim-day"", ""requiredWorkers"": 4543, ""requiredPowerMW"": 81.774, ""requiredWaterM3Day"": 8177, ""maintenanceGcuDay"": 36353.72, ""equipmentUnits"": 227, ""constructionSimDays"": 367, ""recipeStatus"": ""CORE_COEFFICIENT_BINDING_REQUIRED"", ""inputCategories"": [""LABOUR"", ""MACHINERY"", ""ELECTRICITY"", ""COPPER_DEVELOPED_RESERVE""], ""gridNodeId"": ""GRID-visual-territory-45"", ""accessNodeId"": ""SF199"", ""capacityBasis"": ""GEOGRAPHIC_SCENARIO_ESTIMATE""}",4543,0,0,228,90,18172.0,,,UNBUILT_OPTION,,,,,,,,,,,,,,
SF200,visual-territory-45,visual-territory-45-E2,锂矿,PROJECT-06,"[313, 322]",287.5802,tonne LCE/sim-day,OP-45,GOV-45,DEVELOPMENT_OPTION,False,False,UNAPPROVED_SCENARIO_ASSET,EXISTING_MAP_POINT,RES222,"{""id"": ""SF200"", ""countryId"": ""visual-territory-45"", ""projectId"": ""PROJECT-06"", ""projectNumber"": 6, ""name"": ""锂矿"", ""lifecycle"": ""CANDIDATE"", ""operational"": false, ""estimatedCapacity"": 287.5802, ""capacityUnit"": ""tonne LCE/sim-day"", ""requiredWorkers"": 4543, ""requiredPowerMW"": 81.774, ""requiredWaterM3Day"": 8177, ""maintenanceGcuDay"": 36349.75, ""equipmentUnits"": 227, ""constructionSimDays"": 367, ""recipeStatus"": ""CORE_COEFFICIENT_BINDING_REQUIRED"", ""inputCategories"": [""LABOUR"", ""MACHINERY"", ""ELECTRICITY"", ""LITHIUM_DEVELOPED_RESERVE""], ""gridNodeId"": ""GRID-visual-territory-45"", ""accessNodeId"": ""SF200"", ""capacityBasis"": ""GEOGRAPHIC_SCENARIO_ESTIMATE""}",4543,0,0,228,90,18172.0,,,UNBUILT_OPTION,,,,,,,,,,,,,,
SF201,visual-territory-45,visual-territory-45-E1,铁矿,PROJECT-04,"[266, 271]",182987.2414,tonne/sim-day,OP-45,GOV-45,DEVELOPMENT_OPTION,False,False,UNAPPROVED_SCENARIO_ASSET,EXISTING_MAP_POINT,RES223,"{""id"": ""SF201"", ""countryId"": ""visual-territory-45"", ""projectId"": ""PROJECT-04"", ""projectNumber"": 4, ""name"": ""铁矿"", ""lifecycle"": ""CANDIDATE"", ""operational"": false, ""estimatedCapacity"": 182987.2414, ""capacityUnit"": ""tonne/sim-day"", ""requiredWorkers"": 4543, ""requiredPowerMW"": 81.774, ""requiredWaterM3Day"": 8177, ""maintenanceGcuDay"": 40003.74, ""equipmentUnits"": 227, ""constructionSimDays"": 383, ""recipeStatus"": ""CORE_COEFFICIENT_BINDING_REQUIRED"", ""inputCategories"": [""LABOUR"", ""MACHINERY"", ""ELECTRICITY"", ""IRON_ORE_DEVELOPED_RESERVE""], ""gridNodeId"": ""GRID-visual-territory-45"", ""accessNodeId"": ""SF201"", ""capacityBasis"": ""GEOGRAPHIC_SCENARIO_ESTIMATE""}",4543,0,0,228,90,18172.0,,,UNBUILT_OPTION,,,,,,,,,,,,,,
SF202,visual-territory-45,visual-territory-45-E2,气田开发,PROJECT-02,"[274, 377]",330459.5711,MMBtu/sim-day,OP-45,GOV-45,DEVELOPMENT_OPTION,False,False,UNAPPROVED_SCENARIO_ASSET,EXISTING_MAP_POINT,RES224,"{""id"": ""SF202"", ""countryId"": ""visual-territory-45"", ""projectId"": ""PROJECT-02"", ""projectNumber"": 2, ""name"": ""气田开发"", ""lifecycle"": ""CANDIDATE"", ""operational"": false, ""estimatedCapacity"": 330459.5711, ""capacityUnit"": ""MMBtu/sim-day"", ""requiredWorkers"": 2839, ""requiredPowerMW"": 51.102, ""requiredWaterM3Day"": 5110, ""maintenanceGcuDay"": 29321.19, ""equipmentUnits"": 142, ""constructionSimDays"": 284, ""recipeStatus"": ""CORE_COEFFICIENT_BINDING_REQUIRED"", ""inputCategories"": [""LABOUR"", ""MACHINERY"", ""ELECTRICITY"", ""NATURAL_GAS_DEVELOPED_RESERVE""], ""gridNodeId"": ""GRID-visual-territory-45"", ""accessNodeId"": ""SF202"", ""capacityBasis"": ""GEOGRAPHIC_SCENARIO_ESTIMATE""}",2839,0,0,142,90,11356.0,,,UNBUILT_OPTION,,,,,,,,,,,,,,
SF203,visual-territory-46,visual-territory-46-E1,气田开发,PROJECT-02,"[329, 355]",772039.244,MMBtu/sim-day,OP-46,GOV-46,DEVELOPMENT_OPTION,False,False,UNAPPROVED_SCENARIO_ASSET,EXISTING_MAP_POINT,RES05,"{""id"": ""SF203"", ""countryId"": ""visual-territory-46"", ""projectId"": ""PROJECT-02"", ""projectNumber"": 2, ""name"": ""气田开发"", ""lifecycle"": ""CANDIDATE"", ""operational"": false, ""estimatedCapacity"": 772039.244, ""capacityUnit"": ""MMBtu/sim-day"", ""requiredWorkers"": 3277, ""requiredPowerMW"": 58.986, ""requiredWaterM3Day"": 5899, ""maintenanceGcuDay"": 41656.78, ""equipmentUnits"": 164, ""constructionSimDays"": 316, ""recipeStatus"": ""CORE_COEFFICIENT_BINDING_REQUIRED"", ""inputCategories"": [""LABOUR"", ""MACHINERY"", ""ELECTRICITY"", ""NATURAL_GAS_DEVELOPED_RESERVE""], ""gridNodeId"": ""GRID-visual-territory-46"", ""accessNodeId"": ""SF203"", ""capacityBasis"": ""GEOGRAPHIC_SCENARIO_ESTIMATE""}",3277,0,0,164,90,13108.0,,,UNBUILT_OPTION,,,,,,,,,,,,,,
SF204,visual-territory-46,visual-territory-46-E1,锂矿,PROJECT-06,"[380, 335]",199.5296,tonne LCE/sim-day,OP-46,GOV-46,DEVELOPMENT_OPTION,False,False,UNAPPROVED_SCENARIO_ASSET,EXISTING_MAP_POINT,RES33,"{""id"": ""SF204"", ""countryId"": ""visual-territory-46"", ""projectId"": ""PROJECT-06"", ""projectNumber"": 6, ""name"": ""锂矿"", ""lifecycle"": ""CANDIDATE"", ""operational"": false, ""estimatedCapacity"": 199.5296, ""capacityUnit"": ""tonne LCE/sim-day"", ""requiredWorkers"": 5243, ""requiredPowerMW"": 94.374, ""requiredWaterM3Day"": 9437, ""maintenanceGcuDay"": 41947.99, ""equipmentUnits"": 262, ""constructionSimDays"": 408, ""recipeStatus"": ""CORE_COEFFICIENT_BINDING_REQUIRED"", ""inputCategories"": [""LABOUR"", ""MACHINERY"", ""ELECTRICITY"", ""LITHIUM_DEVELOPED_RESERVE""], ""gridNodeId"": ""GRID-visual-territory-46"", ""accessNodeId"": ""SF204"", ""capacityBasis"": ""GEOGRAPHIC_SCENARIO_ESTIMATE""}",5243,0,0,263,90,20972.0,,,UNBUILT_OPTION,,,,,,,,,,,,,,
SF205,visual-territory-46,visual-territory-46-E2,铜矿,PROJECT-05,"[402, 323]",2321.4394,tonne/sim-day,OP-46,GOV-46,DEVELOPMENT_OPTION,False,False,UNAPPROVED_SCENARIO_ASSET,EXISTING_MAP_POINT,RES54,"{""id"": ""SF205"", ""countryId"": ""visual-territory-46"", ""projectId"": ""PROJECT-05"", ""projectNumber"": 5, ""name"": ""铜矿"", ""lifecycle"": ""CANDIDATE"", ""operational"": false, ""estimatedCapacity"": 2321.4394, ""capacityUnit"": ""tonne/sim-day"", ""requiredWorkers"": 5243, ""requiredPowerMW"": 94.374, ""requiredWaterM3Day"": 9437, ""maintenanceGcuDay"": 41990.43, ""equipmentUnits"": 262, ""constructionSimDays"": 412, ""recipeStatus"": ""CORE_COEFFICIENT_BINDING_REQUIRED"", ""inputCategories"": [""LABOUR"", ""MACHINERY"", ""ELECTRICITY"", ""COPPER_DEVELOPED_RESERVE""], ""gridNodeId"": ""GRID-visual-territory-46"", ""accessNodeId"": ""SF205"", ""capacityBasis"": ""GEOGRAPHIC_SCENARIO_ESTIMATE""}",5243,0,0,263,90,20972.0,,,UNBUILT_OPTION,,,,,,,,,,,,,,
SF206,visual-territory-46,visual-territory-46-E1,油田开发,PROJECT-01,"[355, 338]",119279.5808,barrel/sim-day,OP-46,GOV-46,DEVELOPMENT_OPTION,False,False,UNAPPROVED_SCENARIO_ASSET,EXISTING_MAP_POINT,RES62,"{""id"": ""SF206"", ""countryId"": ""visual-territory-46"", ""projectId"": ""PROJECT-01"", ""projectNumber"": 1, ""name"": ""油田开发"", ""lifecycle"": ""CANDIDATE"", ""operational"": false, ""estimatedCapacity"": 119279.5808, ""capacityUnit"": ""barrel/sim-day"", ""requiredWorkers"": 3277, ""requiredPowerMW"": 58.986, ""requiredWaterM3Day"": 5899, ""maintenanceGcuDay"": 28601.59, ""equipmentUnits"": 164, ""constructionSimDays"": 305, ""recipeStatus"": ""CORE_COEFFICIENT_BINDING_REQUIRED"", ""inputCategories"": [""LABOUR"", ""MACHINERY"", ""ELECTRICITY"", ""CRUDE_OIL_DEVELOPED_RESERVE""], ""gridNodeId"": ""GRID-visual-territory-46"", ""accessNodeId"": ""SF206"", ""capacityBasis"": ""GEOGRAPHIC_SCENARIO_ESTIMATE""}",3277,0,0,164,90,13108.0,,,UNBUILT_OPTION,,,,,,,,,,,,,,
SF207,visual-territory-46,visual-territory-46-E1,锂矿,PROJECT-06,"[380, 309]",274.3977,tonne LCE/sim-day,OP-46,GOV-46,DEVELOPMENT_OPTION,False,False,UNAPPROVED_SCENARIO_ASSET,EXISTING_MAP_POINT,RES72,"{""id"": ""SF207"", ""countryId"": ""visual-territory-46"", ""projectId"": ""PROJECT-06"", ""projectNumber"": 6, ""name"": ""锂矿"", ""lifecycle"": ""CANDIDATE"", ""operational"": false, ""estimatedCapacity"": 274.3977, ""capacityUnit"": ""tonne LCE/sim-day"", ""requiredWorkers"": 5243, ""requiredPowerMW"": 94.374, ""requiredWaterM3Day"": 9437, ""maintenanceGcuDay"": 41949.49, ""equipmentUnits"": 262, ""constructionSimDays"": 409, ""recipeStatus"": ""CORE_COEFFICIENT_BINDING_REQUIRED"", ""inputCategories"": [""LABOUR"", ""MACHINERY"", ""ELECTRICITY"", ""LITHIUM_DEVELOPED_RESERVE""], ""gridNodeId"": ""GRID-visual-territory-46"", ""accessNodeId"": ""SF207"", ""capacityBasis"": ""GEOGRAPHIC_SCENARIO_ESTIMATE""}",5243,0,0,263,90,20972.0,,,UNBUILT_OPTION,,,,,,,,,,,,,,
SF208,visual-territory-47,visual-territory-47-E2,油田开发,PROJECT-01,"[497, 343]",671315.4223,barrel/sim-day,OP-47,GOV-47,DEVELOPMENT_OPTION,False,False,UNAPPROVED_SCENARIO_ASSET,EXISTING_MAP_POINT,RES34,"{""id"": ""SF208"", ""countryId"": ""visual-territory-47"", ""projectId"": ""PROJECT-01"", ""projectNumber"": 1, ""name"": ""油田开发"", ""lifecycle"": ""CANDIDATE"", ""operational"": false, ""estimatedCapacity"": 671315.4223, ""capacityUnit"": ""barrel/sim-day"", ""requiredWorkers"": 4412, ""requiredPowerMW"": 79.416, ""requiredWaterM3Day"": 7942, ""maintenanceGcuDay"": 48722.31, ""equipmentUnits"": 221, ""constructionSimDays"": 383, ""recipeStatus"": ""CORE_COEFFICIENT_BINDING_REQUIRED"", ""inputCategories"": [""LABOUR"", ""MACHINERY"", ""ELECTRICITY"", ""CRUDE_OIL_DEVELOPED_RESERVE""], ""gridNodeId"": ""GRID-visual-territory-47"", ""accessNodeId"": ""SF208"", ""capacityBasis"": ""GEOGRAPHIC_SCENARIO_ESTIMATE""}",4412,0,0,221,90,17648.0,,,UNBUILT_OPTION,,,,,,,,,,,,,,
SF209,visual-territory-47,visual-territory-47-E2,气田开发,PROJECT-02,"[473, 372]",1825037.3276,MMBtu/sim-day,OP-47,GOV-47,DEVELOPMENT_OPTION,False,False,UNAPPROVED_SCENARIO_ASSET,EXISTING_MAP_POINT,RES73,"{""id"": ""SF209"", ""countryId"": ""visual-territory-47"", ""projectId"": ""PROJECT-02"", ""projectNumber"": 2, ""name"": ""气田开发"", ""lifecycle"": ""CANDIDATE"", ""operational"": false, ""estimatedCapacity"": 1825037.3276, ""capacityUnit"": ""MMBtu/sim-day"", ""requiredWorkers"": 4412, ""requiredPowerMW"": 79.416, ""requiredWaterM3Day"": 7942, ""maintenanceGcuDay"": 71796.75, ""equipmentUnits"": 221, ""constructionSimDays"": 391, ""recipeStatus"": ""CORE_COEFFICIENT_BINDING_REQUIRED"", ""inputCategories"": [""LABOUR"", ""MACHINERY"", ""ELECTRICITY"", ""NATURAL_GAS_DEVELOPED_RESERVE""], ""gridNodeId"": ""GRID-visual-territory-47"", ""accessNodeId"": ""SF209"", ""capacityBasis"": ""GEOGRAPHIC_SCENARIO_ESTIMATE""}",4412,0,0,221,90,17648.0,,,UNBUILT_OPTION,,,,,,,,,,,,,,
SF210,visual-territory-47,visual-territory-47-E1,太阳能设施,PROJECT-10,"[406, 291]",88985.26,MW,OP-47,GOV-47,DEVELOPMENT_OPTION,False,False,UNAPPROVED_SCENARIO_ASSET,EXISTING_MAP_POINT,,"{""id"": ""SF210"", ""countryId"": ""visual-territory-47"", ""projectId"": ""PROJECT-10"", ""projectNumber"": 10, ""name"": ""太阳能设施"", ""lifecycle"": ""CANDIDATE"", ""operational"": false, ""estimatedCapacity"": 88985.26, ""capacityUnit"": ""MW"", ""requiredWorkers"": 4412, ""requiredPowerMW"": 79.416, ""requiredWaterM3Day"": 7942, ""maintenanceGcuDay"": 37075.71, ""equipmentUnits"": 221, ""constructionSimDays"": 372, ""recipeStatus"": ""CORE_COEFFICIENT_BINDING_REQUIRED"", ""inputCategories"": [""LABOUR"", ""MACHINERY"", ""ELECTRICITY""], ""gridNodeId"": ""GRID-visual-territory-47"", ""accessNodeId"": ""SF210"", ""capacityBasis"": ""GEOGRAPHIC_SCENARIO_ESTIMATE""}",4412,0,0,221,90,17648.0,,,UNBUILT_OPTION,,,,,,,,,,,,,,
SF211,visual-territory-47,visual-territory-47-E2,风能设施,PROJECT-11,"[476, 275]",88985.26,MW,OP-47,GOV-47,DEVELOPMENT_OPTION,False,False,UNAPPROVED_SCENARIO_ASSET,EXISTING_MAP_POINT,,"{""id"": ""SF211"", ""countryId"": ""visual-territory-47"", ""projectId"": ""PROJECT-11"", ""projectNumber"": 11, ""name"": ""风能设施"", ""lifecycle"": ""CANDIDATE"", ""operational"": false, ""estimatedCapacity"": 88985.26, ""capacityUnit"": ""MW"", ""requiredWorkers"": 4412, ""requiredPowerMW"": 79.416, ""requiredWaterM3Day"": 7942, ""maintenanceGcuDay"": 37075.71, ""equipmentUnits"": 221, ""constructionSimDays"": 372, ""recipeStatus"": ""CORE_COEFFICIENT_BINDING_REQUIRED"", ""inputCategories"": [""LABOUR"", ""MACHINERY"", ""ELECTRICITY""], ""gridNodeId"": ""GRID-visual-territory-47"", ""accessNodeId"": ""SF211"", ""capacityBasis"": ""GEOGRAPHIC_SCENARIO_ESTIMATE""}",4412,0,0,221,90,17648.0,,,UNBUILT_OPTION,,,,,,,,,,,,,,
SF212,visual-territory-47,visual-territory-47-E1,物流枢纽,PROJECT-25,"[426, 343]",88985.26,tonne/sim-day,OP-47,GOV-47,DEVELOPMENT_OPTION,False,False,UNAPPROVED_SCENARIO_ASSET,EXISTING_MAP_POINT,,"{""id"": ""SF212"", ""countryId"": ""visual-territory-47"", ""projectId"": ""PROJECT-25"", ""projectNumber"": 25, ""name"": ""物流枢纽"", ""lifecycle"": ""CANDIDATE"", ""operational"": false, ""estimatedCapacity"": 88985.26, ""capacityUnit"": ""tonne/sim-day"", ""requiredWorkers"": 4412, ""requiredPowerMW"": 79.416, ""requiredWaterM3Day"": 7942, ""maintenanceGcuDay"": 37075.71, ""equipmentUnits"": 221, ""constructionSimDays"": 372, ""recipeStatus"": ""CORE_COEFFICIENT_BINDING_REQUIRED"", ""inputCategories"": [""LABOUR"", ""MACHINERY"", ""ELECTRICITY""], ""gridNodeId"": ""GRID-visual-territory-47"", ""accessNodeId"": ""SF212"", ""capacityBasis"": ""GEOGRAPHIC_SCENARIO_ESTIMATE""}",4412,0,0,221,90,17648.0,,,UNBUILT_OPTION,,,,,,,,,,,,,,
SF213,visual-territory-47,visual-territory-47-E1,基础教育设施,PROJECT-31,"[461, 316]",88985.26,student-seat,OP-47,GOV-47,DEVELOPMENT_OPTION,False,False,UNAPPROVED_SCENARIO_ASSET,EXISTING_MAP_POINT,,"{""id"": ""SF213"", ""countryId"": ""visual-territory-47"", ""projectId"": ""PROJECT-31"", ""projectNumber"": 31, ""name"": ""基础教育设施"", ""lifecycle"": ""CANDIDATE"", ""operational"": false, ""estimatedCapacity"": 88985.26, ""capacityUnit"": ""student-seat"", ""requiredWorkers"": 4412, ""requiredPowerMW"": 79.416, ""requiredWaterM3Day"": 7942, ""maintenanceGcuDay"": 37075.71, ""equipmentUnits"": 221, ""constructionSimDays"": 372, ""recipeStatus"": ""CORE_COEFFICIENT_BINDING_REQUIRED"", ""inputCategories"": [""LABOUR"", ""MACHINERY"", ""ELECTRICITY""], ""gridNodeId"": ""GRID-visual-territory-47"", ""accessNodeId"": ""SF213"", ""capacityBasis"": ""GEOGRAPHIC_SCENARIO_ESTIMATE""}",4412,0,0,221,90,17648.0,,,UNBUILT_OPTION,,,,,,,,,,,,,,
SF214,visual-territory-47,visual-territory-47-E2,基层医疗设施,PROJECT-34,"[508, 303]",88985.26,patient-visit/sim-day,OP-47,GOV-47,DEVELOPMENT_OPTION,False,False,UNAPPROVED_SCENARIO_ASSET,EXISTING_MAP_POINT,,"{""id"": ""SF214"", ""countryId"": ""visual-territory-47"", ""projectId"": ""PROJECT-34"", ""projectNumber"": 34, ""name"": ""基层医疗设施"", ""lifecycle"": ""CANDIDATE"", ""operational"": false, ""estimatedCapacity"": 88985.26, ""capacityUnit"": ""patient-visit/sim-day"", ""requiredWorkers"": 4412, ""requiredPowerMW"": 79.416, ""requiredWaterM3Day"": 7942, ""maintenanceGcuDay"": 37075.71, ""equipmentUnits"": 221, ""constructionSimDays"": 372, ""recipeStatus"": ""CORE_COEFFICIENT_BINDING_REQUIRED"", ""inputCategories"": [""LABOUR"", ""MACHINERY"", ""ELECTRICITY""], ""gridNodeId"": ""GRID-visual-territory-47"", ""accessNodeId"": ""SF214"", ""capacityBasis"": ""GEOGRAPHIC_SCENARIO_ESTIMATE""}",4412,0,0,221,90,17648.0,,,UNBUILT_OPTION,,,,,,,,,,,,,,
SF215,visual-territory-48,visual-territory-48-E1,铜矿,PROJECT-05,"[150, 377]",1931.9991,tonne/sim-day,OP-48,GOV-48,DEVELOPMENT_OPTION,False,False,UNAPPROVED_SCENARIO_ASSET,EXISTING_MAP_POINT,RES225,"{""id"": ""SF215"", ""countryId"": ""visual-territory-48"", ""projectId"": ""PROJECT-05"", ""projectNumber"": 5, ""name"": ""铜矿"", ""lifecycle"": ""CANDIDATE"", ""operational"": false, ""estimatedCapacity"": 1931.9991, ""capacityUnit"": ""tonne/sim-day"", ""requiredWorkers"": 1010, ""requiredPowerMW"": 18.18, ""requiredWaterM3Day"": 1818, ""maintenanceGcuDay"": 8118.64, ""equipmentUnits"": 50, ""constructionSimDays"": 157, ""recipeStatus"": ""CORE_COEFFICIENT_BINDING_REQUIRED"", ""inputCategories"": [""LABOUR"", ""MACHINERY"", ""ELECTRICITY"", ""COPPER_DEVELOPED_RESERVE""], ""gridNodeId"": ""GRID-visual-territory-48"", ""accessNodeId"": ""SF215"", ""capacityBasis"": ""GEOGRAPHIC_SCENARIO_ESTIMATE""}",1010,0,0,51,90,4040.0,,,UNBUILT_OPTION,,,,,,,,,,,,,,
SF216,visual-territory-48,visual-territory-48-E1,气田开发,PROJECT-02,"[143, 451]",544311.828,MMBtu/sim-day,OP-48,GOV-48,DEVELOPMENT_OPTION,False,False,UNAPPROVED_SCENARIO_ASSET,EXISTING_MAP_POINT,RES226,"{""id"": ""SF216"", ""countryId"": ""visual-territory-48"", ""projectId"": ""PROJECT-02"", ""projectNumber"": 2, ""name"": ""气田开发"", ""lifecycle"": ""CANDIDATE"", ""operational"": false, ""estimatedCapacity"": 544311.828, ""capacityUnit"": ""MMBtu/sim-day"", ""requiredWorkers"": 631, ""requiredPowerMW"": 11.358, ""requiredWaterM3Day"": 1136, ""maintenanceGcuDay"": 15934.24, ""equipmentUnits"": 32, ""constructionSimDays"": 155, ""recipeStatus"": ""CORE_COEFFICIENT_BINDING_REQUIRED"", ""inputCategories"": [""LABOUR"", ""MACHINERY"", ""ELECTRICITY"", ""NATURAL_GAS_DEVELOPED_RESERVE""], ""gridNodeId"": ""GRID-visual-territory-48"", ""accessNodeId"": ""SF216"", ""capacityBasis"": ""GEOGRAPHIC_SCENARIO_ESTIMATE""}",631,0,0,32,90,2524.0,,,UNBUILT_OPTION,,,,,,,,,,,,,,
SF217,visual-territory-49,visual-territory-49-E2,锂矿,PROJECT-06,"[258, 400]",176.801,tonne LCE/sim-day,OP-49,GOV-49,DEVELOPMENT_OPTION,False,False,UNAPPROVED_SCENARIO_ASSET,EXISTING_MAP_POINT,RES229,"{""id"": ""SF217"", ""countryId"": ""visual-territory-49"", ""projectId"": ""PROJECT-06"", ""projectNumber"": 6, ""name"": ""锂矿"", ""lifecycle"": ""CANDIDATE"", ""operational"": false, ""estimatedCapacity"": 176.801, ""capacityUnit"": ""tonne LCE/sim-day"", ""requiredWorkers"": 4716, ""requiredPowerMW"": 84.888, ""requiredWaterM3Day"": 8489, ""maintenanceGcuDay"": 37731.54, ""equipmentUnits"": 236, ""constructionSimDays"": 377, ""recipeStatus"": ""CORE_COEFFICIENT_BINDING_REQUIRED"", ""inputCategories"": [""LABOUR"", ""MACHINERY"", ""ELECTRICITY"", ""LITHIUM_DEVELOPED_RESERVE""], ""gridNodeId"": ""GRID-visual-territory-49"", ""accessNodeId"": ""SF217"", ""capacityBasis"": ""GEOGRAPHIC_SCENARIO_ESTIMATE""}",4716,0,0,236,90,18864.0,,,UNBUILT_OPTION,,,,,,,,,,,,,,
SF218,visual-territory-49,visual-territory-49-E1,铁矿,PROJECT-04,"[195, 431]",164534.4427,tonne/sim-day,OP-49,GOV-49,DEVELOPMENT_OPTION,False,False,UNAPPROVED_SCENARIO_ASSET,EXISTING_MAP_POINT,RES230,"{""id"": ""SF218"", ""countryId"": ""visual-territory-49"", ""projectId"": ""PROJECT-04"", ""projectNumber"": 4, ""name"": ""铁矿"", ""lifecycle"": ""CANDIDATE"", ""operational"": false, ""estimatedCapacity"": 164534.4427, ""capacityUnit"": ""tonne/sim-day"", ""requiredWorkers"": 4716, ""requiredPowerMW"": 84.888, ""requiredWaterM3Day"": 8489, ""maintenanceGcuDay"": 41018.69, ""equipmentUnits"": 236, ""constructionSimDays"": 393, ""recipeStatus"": ""CORE_COEFFICIENT_BINDING_REQUIRED"", ""inputCategories"": [""LABOUR"", ""MACHINERY"", ""ELECTRICITY"", ""IRON_ORE_DEVELOPED_RESERVE""], ""gridNodeId"": ""GRID-visual-territory-49"", ""accessNodeId"": ""SF218"", ""capacityBasis"": ""GEOGRAPHIC_SCENARIO_ESTIMATE""}",4716,0,0,236,90,18864.0,,,UNBUILT_OPTION,,,,,,,,,,,,,,
SF219,visual-territory-49,visual-territory-49-E1,铀矿,PROJECT-03,"[208, 375]",0.9428,tonne U/sim-day,OP-49,GOV-49,DEVELOPMENT_OPTION,False,False,UNAPPROVED_SCENARIO_ASSET,EXISTING_MAP_POINT,RES231,"{""id"": ""SF219"", ""countryId"": ""visual-territory-49"", ""projectId"": ""PROJECT-03"", ""projectNumber"": 3, ""name"": ""铀矿"", ""lifecycle"": ""CANDIDATE"", ""operational"": false, ""estimatedCapacity"": 0.9428, ""capacityUnit"": ""tonne U/sim-day"", ""requiredWorkers"": 4716, ""requiredPowerMW"": 84.888, ""requiredWaterM3Day"": 8489, ""maintenanceGcuDay"": 37728.02, ""equipmentUnits"": 236, ""constructionSimDays"": 374, ""recipeStatus"": ""CORE_COEFFICIENT_BINDING_REQUIRED"", ""inputCategories"": [""LABOUR"", ""MACHINERY"", ""ELECTRICITY"", ""URANIUM_DEVELOPED_RESERVE""], ""gridNodeId"": ""GRID-visual-territory-49"", ""accessNodeId"": ""SF219"", ""capacityBasis"": ""GEOGRAPHIC_SCENARIO_ESTIMATE""}",4716,0,0,236,90,18864.0,,,UNBUILT_OPTION,,,,,,,,,,,,,,
SF220,visual-territory-49,visual-territory-49-E2,油田开发,PROJECT-01,"[292, 377]",373850.0408,barrel/sim-day,OP-49,GOV-49,DEVELOPMENT_OPTION,False,False,UNAPPROVED_SCENARIO_ASSET,EXISTING_MAP_POINT,RES232,"{""id"": ""SF220"", ""countryId"": ""visual-territory-49"", ""projectId"": ""PROJECT-01"", ""projectNumber"": 1, ""name"": ""油田开发"", ""lifecycle"": ""CANDIDATE"", ""operational"": false, ""estimatedCapacity"": 373850.0408, ""capacityUnit"": ""barrel/sim-day"", ""requiredWorkers"": 2948, ""requiredPowerMW"": 53.064, ""requiredWaterM3Day"": 5306, ""maintenanceGcuDay"": 31061.0, ""equipmentUnits"": 147, ""constructionSimDays"": 292, ""recipeStatus"": ""CORE_COEFFICIENT_BINDING_REQUIRED"", ""inputCategories"": [""LABOUR"", ""MACHINERY"", ""ELECTRICITY"", ""CRUDE_OIL_DEVELOPED_RESERVE""], ""gridNodeId"": ""GRID-visual-territory-49"", ""accessNodeId"": ""SF220"", ""capacityBasis"": ""GEOGRAPHIC_SCENARIO_ESTIMATE""}",2948,0,0,148,90,11792.0,,,UNBUILT_OPTION,,,,,,,,,,,,,,
SF221,visual-territory-50,visual-territory-50-E1,油田开发,PROJECT-01,"[270, 455]",267220.4082,barrel/sim-day,OP-50,GOV-50,DEVELOPMENT_OPTION,False,False,UNAPPROVED_SCENARIO_ASSET,EXISTING_MAP_POINT,RES38,"{""id"": ""SF221"", ""countryId"": ""visual-territory-50"", ""projectId"": ""PROJECT-01"", ""projectNumber"": 1, ""name"": ""油田开发"", ""lifecycle"": ""CANDIDATE"", ""operational"": false, ""estimatedCapacity"": 267220.4082, ""capacityUnit"": ""barrel/sim-day"", ""requiredWorkers"": 1304, ""requiredPowerMW"": 23.472, ""requiredWaterM3Day"": 2347, ""maintenanceGcuDay"": 15776.41, ""equipmentUnits"": 65, ""constructionSimDays"": 191, ""recipeStatus"": ""CORE_COEFFICIENT_BINDING_REQUIRED"", ""inputCategories"": [""LABOUR"", ""MACHINERY"", ""ELECTRICITY"", ""CRUDE_OIL_DEVELOPED_RESERVE""], ""gridNodeId"": ""GRID-visual-territory-50"", ""accessNodeId"": ""SF221"", ""capacityBasis"": ""GEOGRAPHIC_SCENARIO_ESTIMATE""}",1304,0,0,66,90,5216.0,,,UNBUILT_OPTION,,,,,,,,,,,,,,
SF222,visual-territory-50,visual-territory-50-E2,气田开发,PROJECT-02,"[332, 525]",1025963.1065,MMBtu/sim-day,OP-50,GOV-50,DEVELOPMENT_OPTION,False,False,UNAPPROVED_SCENARIO_ASSET,EXISTING_MAP_POINT,RES233,"{""id"": ""SF222"", ""countryId"": ""visual-territory-50"", ""projectId"": ""PROJECT-02"", ""projectNumber"": 2, ""name"": ""气田开发"", ""lifecycle"": ""CANDIDATE"", ""operational"": false, ""estimatedCapacity"": 1025963.1065, ""capacityUnit"": ""MMBtu/sim-day"", ""requiredWorkers"": 1304, ""requiredPowerMW"": 23.472, ""requiredWaterM3Day"": 2347, ""maintenanceGcuDay"": 30951.26, ""equipmentUnits"": 65, ""constructionSimDays"": 200, ""recipeStatus"": ""CORE_COEFFICIENT_BINDING_REQUIRED"", ""inputCategories"": [""LABOUR"", ""MACHINERY"", ""ELECTRICITY"", ""NATURAL_GAS_DEVELOPED_RESERVE""], ""gridNodeId"": ""GRID-visual-territory-50"", ""accessNodeId"": ""SF222"", ""capacityBasis"": ""GEOGRAPHIC_SCENARIO_ESTIMATE""}",1304,0,0,66,90,5216.0,,,UNBUILT_OPTION,,,,,,,,,,,,,,
SF223,visual-territory-51,visual-territory-51-E1,铜矿,PROJECT-05,"[308, 456]",1795.5953,tonne/sim-day,OP-51,GOV-51,DEVELOPMENT_OPTION,False,False,UNAPPROVED_SCENARIO_ASSET,EXISTING_MAP_POINT,RES235,"{""id"": ""SF223"", ""countryId"": ""visual-territory-51"", ""projectId"": ""PROJECT-05"", ""projectNumber"": 5, ""name"": ""铜矿"", ""lifecycle"": ""CANDIDATE"", ""operational"": false, ""estimatedCapacity"": 1795.5953, ""capacityUnit"": ""tonne/sim-day"", ""requiredWorkers"": 16, ""requiredPowerMW"": 0.288, ""requiredWaterM3Day"": 29, ""maintenanceGcuDay"": 163.91, ""equipmentUnits"": 1, ""constructionSimDays"": 97, ""recipeStatus"": ""CORE_COEFFICIENT_BINDING_REQUIRED"", ""inputCategories"": [""LABOUR"", ""MACHINERY"", ""ELECTRICITY"", ""COPPER_DEVELOPED_RESERVE""], ""gridNodeId"": ""GRID-visual-territory-51"", ""accessNodeId"": ""SF223"", ""capacityBasis"": ""GEOGRAPHIC_SCENARIO_ESTIMATE""}",16,0,0,1,90,64.0,,,UNBUILT_OPTION,,,,,,,,,,,,,,
SF224,visual-territory-52,visual-territory-52-E1,铜矿,PROJECT-05,"[519, 387]",2170.2828,tonne/sim-day,OP-52,GOV-52,DEVELOPMENT_OPTION,False,False,UNAPPROVED_SCENARIO_ASSET,EXISTING_MAP_POINT,RES239,"{""id"": ""SF224"", ""countryId"": ""visual-territory-52"", ""projectId"": ""PROJECT-05"", ""projectNumber"": 5, ""name"": ""铜矿"", ""lifecycle"": ""CANDIDATE"", ""operational"": false, ""estimatedCapacity"": 2170.2828, ""capacityUnit"": ""tonne/sim-day"", ""requiredWorkers"": 12, ""requiredPowerMW"": 0.216, ""requiredWaterM3Day"": 22, ""maintenanceGcuDay"": 139.41, ""equipmentUnits"": 1, ""constructionSimDays"": 98, ""recipeStatus"": ""CORE_COEFFICIENT_BINDING_REQUIRED"", ""inputCategories"": [""LABOUR"", ""MACHINERY"", ""ELECTRICITY"", ""COPPER_DEVELOPED_RESERVE""], ""gridNodeId"": ""GRID-visual-territory-52"", ""accessNodeId"": ""SF224"", ""capacityBasis"": ""GEOGRAPHIC_SCENARIO_ESTIMATE""}",12,0,0,1,90,48.0,,,UNBUILT_OPTION,,,,,,,,,,,,,,
SF225,visual-territory-53,visual-territory-53-E1,锂矿,PROJECT-06,"[767, 429]",372.1443,tonne LCE/sim-day,OP-53,GOV-53,DEVELOPMENT_OPTION,False,False,UNAPPROVED_SCENARIO_ASSET,EXISTING_MAP_POINT,RES39,"{""id"": ""SF225"", ""countryId"": ""visual-territory-53"", ""projectId"": ""PROJECT-06"", ""projectNumber"": 6, ""name"": ""锂矿"", ""lifecycle"": ""CANDIDATE"", ""operational"": false, ""estimatedCapacity"": 372.1443, ""capacityUnit"": ""tonne LCE/sim-day"", ""requiredWorkers"": 8886, ""requiredPowerMW"": 159.948, ""requiredWaterM3Day"": 15995, ""maintenanceGcuDay"": 71095.44, ""equipmentUnits"": 444, ""constructionSimDays"": 628, ""recipeStatus"": ""CORE_COEFFICIENT_BINDING_REQUIRED"", ""inputCategories"": [""LABOUR"", ""MACHINERY"", ""ELECTRICITY"", ""LITHIUM_DEVELOPED_RESERVE""], ""gridNodeId"": ""GRID-visual-territory-53"", ""accessNodeId"": ""SF225"", ""capacityBasis"": ""GEOGRAPHIC_SCENARIO_ESTIMATE""}",8886,0,0,445,90,35544.0,,,UNBUILT_OPTION,,,,,,,,,,,,,,
SF226,visual-territory-53,visual-territory-53-E1,铜矿,PROJECT-05,"[741, 455]",5663.5291,tonne/sim-day,OP-53,GOV-53,DEVELOPMENT_OPTION,False,False,UNAPPROVED_SCENARIO_ASSET,EXISTING_MAP_POINT,RES67,"{""id"": ""SF226"", ""countryId"": ""visual-territory-53"", ""projectId"": ""PROJECT-05"", ""projectNumber"": 5, ""name"": ""铜矿"", ""lifecycle"": ""CANDIDATE"", ""operational"": false, ""estimatedCapacity"": 5663.5291, ""capacityUnit"": ""tonne/sim-day"", ""requiredWorkers"": 8886, ""requiredPowerMW"": 159.948, ""requiredWaterM3Day"": 15995, ""maintenanceGcuDay"": 71201.27, ""equipmentUnits"": 444, ""constructionSimDays"": 632, ""recipeStatus"": ""CORE_COEFFICIENT_BINDING_REQUIRED"", ""inputCategories"": [""LABOUR"", ""MACHINERY"", ""ELECTRICITY"", ""COPPER_DEVELOPED_RESERVE""], ""gridNodeId"": ""GRID-visual-territory-53"", ""accessNodeId"": ""SF226"", ""capacityBasis"": ""GEOGRAPHIC_SCENARIO_ESTIMATE""}",8886,0,0,445,90,35544.0,,,UNBUILT_OPTION,,,,,,,,,,,,,,
SF227,visual-territory-53,visual-territory-53-E2,油田开发,PROJECT-01,"[816, 376]",752109.7761,barrel/sim-day,OP-53,GOV-53,DEVELOPMENT_OPTION,False,False,UNAPPROVED_SCENARIO_ASSET,EXISTING_MAP_POINT,RES243,"{""id"": ""SF227"", ""countryId"": ""visual-territory-53"", ""projectId"": ""PROJECT-01"", ""projectNumber"": 1, ""name"": ""油田开发"", ""lifecycle"": ""CANDIDATE"", ""operational"": false, ""estimatedCapacity"": 752109.7761, ""capacityUnit"": ""barrel/sim-day"", ""requiredWorkers"": 5554, ""requiredPowerMW"": 99.972, ""requiredWaterM3Day"": 9997, ""maintenanceGcuDay"": 59474.2, ""equipmentUnits"": 278, ""constructionSimDays"": 453, ""recipeStatus"": ""CORE_COEFFICIENT_BINDING_REQUIRED"", ""inputCategories"": [""LABOUR"", ""MACHINERY"", ""ELECTRICITY"", ""CRUDE_OIL_DEVELOPED_RESERVE""], ""gridNodeId"": ""GRID-visual-territory-53"", ""accessNodeId"": ""SF227"", ""capacityBasis"": ""GEOGRAPHIC_SCENARIO_ESTIMATE""}",5554,0,0,278,90,22216.0,,,UNBUILT_OPTION,,,,,,,,,,,,,,
SF228,visual-territory-53,visual-territory-53-E2,太阳能设施,PROJECT-10,"[831, 438]",123388.09,MW,OP-53,GOV-53,DEVELOPMENT_OPTION,False,False,UNAPPROVED_SCENARIO_ASSET,EXISTING_MAP_POINT,,"{""id"": ""SF228"", ""countryId"": ""visual-territory-53"", ""projectId"": ""PROJECT-10"", ""projectNumber"": 10, ""name"": ""太阳能设施"", ""lifecycle"": ""CANDIDATE"", ""operational"": false, ""estimatedCapacity"": 123388.09, ""capacityUnit"": ""MW"", ""requiredWorkers"": 5554, ""requiredPowerMW"": 99.972, ""requiredWaterM3Day"": 9997, ""maintenanceGcuDay"": 46899.76, ""equipmentUnits"": 278, ""constructionSimDays"": 442, ""recipeStatus"": ""CORE_COEFFICIENT_BINDING_REQUIRED"", ""inputCategories"": [""LABOUR"", ""MACHINERY"", ""ELECTRICITY""], ""gridNodeId"": ""GRID-visual-territory-53"", ""accessNodeId"": ""SF228"", ""capacityBasis"": ""GEOGRAPHIC_SCENARIO_ESTIMATE""}",5554,0,0,278,90,22216.0,,,UNBUILT_OPTION,,,,,,,,,,,,,,
SF229,visual-territory-53,visual-territory-53-E1,风能设施,PROJECT-11,"[693, 430]",123388.09,MW,OP-53,GOV-53,DEVELOPMENT_OPTION,False,False,UNAPPROVED_SCENARIO_ASSET,EXISTING_MAP_POINT,,"{""id"": ""SF229"", ""countryId"": ""visual-territory-53"", ""projectId"": ""PROJECT-11"", ""projectNumber"": 11, ""name"": ""风能设施"", ""lifecycle"": ""CANDIDATE"", ""operational"": false, ""estimatedCapacity"": 123388.09, ""capacityUnit"": ""MW"", ""requiredWorkers"": 5554, ""requiredPowerMW"": 99.972, ""requiredWaterM3Day"": 9997, ""maintenanceGcuDay"": 46899.76, ""equipmentUnits"": 278, ""constructionSimDays"": 442, ""recipeStatus"": ""CORE_COEFFICIENT_BINDING_REQUIRED"", ""inputCategories"": [""LABOUR"", ""MACHINERY"", ""ELECTRICITY""], ""gridNodeId"": ""GRID-visual-territory-53"", ""accessNodeId"": ""SF229"", ""capacityBasis"": ""GEOGRAPHIC_SCENARIO_ESTIMATE""}",5554,0,0,278,90,22216.0,,,UNBUILT_OPTION,,,,,,,,,,,,,,
SF230,visual-territory-53,visual-territory-53-E1,物流枢纽,PROJECT-25,"[762, 375]",123388.09,tonne/sim-day,OP-53,GOV-53,DEVELOPMENT_OPTION,False,False,UNAPPROVED_SCENARIO_ASSET,EXISTING_MAP_POINT,,"{""id"": ""SF230"", ""countryId"": ""visual-territory-53"", ""projectId"": ""PROJECT-25"", ""projectNumber"": 25, ""name"": ""物流枢纽"", ""lifecycle"": ""CANDIDATE"", ""operational"": false, ""estimatedCapacity"": 123388.09, ""capacityUnit"": ""tonne/sim-day"", ""requiredWorkers"": 5554, ""requiredPowerMW"": 99.972, ""requiredWaterM3Day"": 9997, ""maintenanceGcuDay"": 46899.76, ""equipmentUnits"": 278, ""constructionSimDays"": 442, ""recipeStatus"": ""CORE_COEFFICIENT_BINDING_REQUIRED"", ""inputCategories"": [""LABOUR"", ""MACHINERY"", ""ELECTRICITY""], ""gridNodeId"": ""GRID-visual-territory-53"", ""accessNodeId"": ""SF230"", ""capacityBasis"": ""GEOGRAPHIC_SCENARIO_ESTIMATE""}",5554,0,0,278,90,22216.0,,,UNBUILT_OPTION,,,,,,,,,,,,,,
SF231,visual-territory-53,visual-territory-53-E2,基础教育设施,PROJECT-31,"[793, 475]",123388.09,student-seat,OP-53,GOV-53,DEVELOPMENT_OPTION,False,False,UNAPPROVED_SCENARIO_ASSET,EXISTING_MAP_POINT,,"{""id"": ""SF231"", ""countryId"": ""visual-territory-53"", ""projectId"": ""PROJECT-31"", ""projectNumber"": 31, ""name"": ""基础教育设施"", ""lifecycle"": ""CANDIDATE"", ""operational"": false, ""estimatedCapacity"": 123388.09, ""capacityUnit"": ""student-seat"", ""requiredWorkers"": 5554, ""requiredPowerMW"": 99.972, ""requiredWaterM3Day"": 9997, ""maintenanceGcuDay"": 46899.76, ""equipmentUnits"": 278, ""constructionSimDays"": 442, ""recipeStatus"": ""CORE_COEFFICIENT_BINDING_REQUIRED"", ""inputCategories"": [""LABOUR"", ""MACHINERY"", ""ELECTRICITY""], ""gridNodeId"": ""GRID-visual-territory-53"", ""accessNodeId"": ""SF231"", ""capacityBasis"": ""GEOGRAPHIC_SCENARIO_ESTIMATE""}",5554,0,0,278,90,22216.0,,,UNBUILT_OPTION,,,,,,,,,,,,,,
SF232,visual-territory-53,visual-territory-53-E2,基层医疗设施,PROJECT-34,"[802, 412]",123388.09,patient-visit/sim-day,OP-53,GOV-53,DEVELOPMENT_OPTION,False,False,UNAPPROVED_SCENARIO_ASSET,EXISTING_MAP_POINT,,"{""id"": ""SF232"", ""countryId"": ""visual-territory-53"", ""projectId"": ""PROJECT-34"", ""projectNumber"": 34, ""name"": ""基层医疗设施"", ""lifecycle"": ""CANDIDATE"", ""operational"": false, ""estimatedCapacity"": 123388.09, ""capacityUnit"": ""patient-visit/sim-day"", ""requiredWorkers"": 5554, ""requiredPowerMW"": 99.972, ""requiredWaterM3Day"": 9997, ""maintenanceGcuDay"": 46899.76, ""equipmentUnits"": 278, ""constructionSimDays"": 442, ""recipeStatus"": ""CORE_COEFFICIENT_BINDING_REQUIRED"", ""inputCategories"": [""LABOUR"", ""MACHINERY"", ""ELECTRICITY""], ""gridNodeId"": ""GRID-visual-territory-53"", ""accessNodeId"": ""SF232"", ""capacityBasis"": ""GEOGRAPHIC_SCENARIO_ESTIMATE""}",5554,0,0,278,90,22216.0,,,UNBUILT_OPTION,,,,,,,,,,,,,,
SF233,visual-territory-54,visual-territory-54-E2,锂矿,PROJECT-06,"[884, 471]",426.6348,tonne LCE/sim-day,OP-54,GOV-54,DEVELOPMENT_OPTION,False,False,UNAPPROVED_SCENARIO_ASSET,EXISTING_MAP_POINT,RES40,"{""id"": ""SF233"", ""countryId"": ""visual-territory-54"", ""projectId"": ""PROJECT-06"", ""projectNumber"": 6, ""name"": ""锂矿"", ""lifecycle"": ""CANDIDATE"", ""operational"": false, ""estimatedCapacity"": 426.6348, ""capacityUnit"": ""tonne LCE/sim-day"", ""requiredWorkers"": 9602, ""requiredPowerMW"": 172.836, ""requiredWaterM3Day"": 17284, ""maintenanceGcuDay"": 76824.53, ""equipmentUnits"": 480, ""constructionSimDays"": 671, ""recipeStatus"": ""CORE_COEFFICIENT_BINDING_REQUIRED"", ""inputCategories"": [""LABOUR"", ""MACHINERY"", ""ELECTRICITY"", ""LITHIUM_DEVELOPED_RESERVE""], ""gridNodeId"": ""GRID-visual-territory-54"", ""accessNodeId"": ""SF233"", ""capacityBasis"": ""GEOGRAPHIC_SCENARIO_ESTIMATE""}",9602,0,0,481,90,38408.0,,,UNBUILT_OPTION,,,,,,,,,,,,,,
SF234,visual-territory-54,visual-territory-54-E1,铀矿,PROJECT-03,"[821, 497]",1.6369,tonne U/sim-day,OP-54,GOV-54,DEVELOPMENT_OPTION,False,False,UNAPPROVED_SCENARIO_ASSET,EXISTING_MAP_POINT,RES74,"{""id"": ""SF234"", ""countryId"": ""visual-territory-54"", ""projectId"": ""PROJECT-03"", ""projectNumber"": 3, ""name"": ""铀矿"", ""lifecycle"": ""CANDIDATE"", ""operational"": false, ""estimatedCapacity"": 1.6369, ""capacityUnit"": ""tonne U/sim-day"", ""requiredWorkers"": 9602, ""requiredPowerMW"": 172.836, ""requiredWaterM3Day"": 17284, ""maintenanceGcuDay"": 76816.03, ""equipmentUnits"": 480, ""constructionSimDays"": 667, ""recipeStatus"": ""CORE_COEFFICIENT_BINDING_REQUIRED"", ""inputCategories"": [""LABOUR"", ""MACHINERY"", ""ELECTRICITY"", ""URANIUM_DEVELOPED_RESERVE""], ""gridNodeId"": ""GRID-visual-territory-54"", ""accessNodeId"": ""SF234"", ""capacityBasis"": ""GEOGRAPHIC_SCENARIO_ESTIMATE""}",9602,0,0,481,90,38408.0,,,UNBUILT_OPTION,,,,,,,,,,,,,,
SF235,visual-territory-54,visual-territory-54-E1,铜矿,PROJECT-05,"[862, 457]",4984.8676,tonne/sim-day,OP-54,GOV-54,DEVELOPMENT_OPTION,False,False,UNAPPROVED_SCENARIO_ASSET,EXISTING_MAP_POINT,RES86,"{""id"": ""SF235"", ""countryId"": ""visual-territory-54"", ""projectId"": ""PROJECT-05"", ""projectNumber"": 5, ""name"": ""铜矿"", ""lifecycle"": ""CANDIDATE"", ""operational"": false, ""estimatedCapacity"": 4984.8676, ""capacityUnit"": ""tonne/sim-day"", ""requiredWorkers"": 9602, ""requiredPowerMW"": 172.836, ""requiredWaterM3Day"": 17284, ""maintenanceGcuDay"": 76915.7, ""equipmentUnits"": 480, ""constructionSimDays"": 675, ""recipeStatus"": ""CORE_COEFFICIENT_BINDING_REQUIRED"", ""inputCategories"": [""LABOUR"", ""MACHINERY"", ""ELECTRICITY"", ""COPPER_DEVELOPED_RESERVE""], ""gridNodeId"": ""GRID-visual-territory-54"", ""accessNodeId"": ""SF235"", ""capacityBasis"": ""GEOGRAPHIC_SCENARIO_ESTIMATE""}",9602,0,0,481,90,38408.0,,,UNBUILT_OPTION,,,,,,,,,,,,,,
SF236,visual-territory-54,visual-territory-54-E2,太阳能设施,PROJECT-10,"[914, 536]",128056.63,MW,OP-54,GOV-54,DEVELOPMENT_OPTION,False,False,UNAPPROVED_SCENARIO_ASSET,EXISTING_MAP_POINT,,"{""id"": ""SF236"", ""countryId"": ""visual-territory-54"", ""projectId"": ""PROJECT-10"", ""projectNumber"": 10, ""name"": ""太阳能设施"", ""lifecycle"": ""CANDIDATE"", ""operational"": false, ""estimatedCapacity"": 128056.63, ""capacityUnit"": ""MW"", ""requiredWorkers"": 6001, ""requiredPowerMW"": 108.018, ""requiredWaterM3Day"": 10802, ""maintenanceGcuDay"": 50569.13, ""equipmentUnits"": 300, ""constructionSimDays"": 469, ""recipeStatus"": ""CORE_COEFFICIENT_BINDING_REQUIRED"", ""inputCategories"": [""LABOUR"", ""MACHINERY"", ""ELECTRICITY""], ""gridNodeId"": ""GRID-visual-territory-54"", ""accessNodeId"": ""SF236"", ""capacityBasis"": ""GEOGRAPHIC_SCENARIO_ESTIMATE""}",6001,0,0,301,90,24004.0,,,UNBUILT_OPTION,,,,,,,,,,,,,,
SF237,visual-territory-54,visual-territory-54-E2,风能设施,PROJECT-11,"[893, 400]",128056.63,MW,OP-54,GOV-54,DEVELOPMENT_OPTION,False,False,UNAPPROVED_SCENARIO_ASSET,EXISTING_MAP_POINT,,"{""id"": ""SF237"", ""countryId"": ""visual-territory-54"", ""projectId"": ""PROJECT-11"", ""projectNumber"": 11, ""name"": ""风能设施"", ""lifecycle"": ""CANDIDATE"", ""operational"": false, ""estimatedCapacity"": 128056.63, ""capacityUnit"": ""MW"", ""requiredWorkers"": 6001, ""requiredPowerMW"": 108.018, ""requiredWaterM3Day"": 10802, ""maintenanceGcuDay"": 50569.13, ""equipmentUnits"": 300, ""constructionSimDays"": 469, ""recipeStatus"": ""CORE_COEFFICIENT_BINDING_REQUIRED"", ""inputCategories"": [""LABOUR"", ""MACHINERY"", ""ELECTRICITY""], ""gridNodeId"": ""GRID-visual-territory-54"", ""accessNodeId"": ""SF237"", ""capacityBasis"": ""GEOGRAPHIC_SCENARIO_ESTIMATE""}",6001,0,0,301,90,24004.0,,,UNBUILT_OPTION,,,,,,,,,,,,,,
SF238,visual-territory-54,visual-territory-54-E2,物流枢纽,PROJECT-25,"[924, 440]",128056.63,tonne/sim-day,OP-54,GOV-54,DEVELOPMENT_OPTION,False,False,UNAPPROVED_SCENARIO_ASSET,EXISTING_MAP_POINT,,"{""id"": ""SF238"", ""countryId"": ""visual-territory-54"", ""projectId"": ""PROJECT-25"", ""projectNumber"": 25, ""name"": ""物流枢纽"", ""lifecycle"": ""CANDIDATE"", ""operational"": false, ""estimatedCapacity"": 128056.63, ""capacityUnit"": ""tonne/sim-day"", ""requiredWorkers"": 6001, ""requiredPowerMW"": 108.018, ""requiredWaterM3Day"": 10802, ""maintenanceGcuDay"": 50569.13, ""equipmentUnits"": 300, ""constructionSimDays"": 469, ""recipeStatus"": ""CORE_COEFFICIENT_BINDING_REQUIRED"", ""inputCategories"": [""LABOUR"", ""MACHINERY"", ""ELECTRICITY""], ""gridNodeId"": ""GRID-visual-territory-54"", ""accessNodeId"": ""SF238"", ""capacityBasis"": ""GEOGRAPHIC_SCENARIO_ESTIMATE""}",6001,0,0,301,90,24004.0,,,UNBUILT_OPTION,,,,,,,,,,,,,,
SF239,visual-territory-54,visual-territory-54-E1,基础教育设施,PROJECT-31,"[843, 413]",128056.63,student-seat,OP-54,GOV-54,DEVELOPMENT_OPTION,False,False,UNAPPROVED_SCENARIO_ASSET,EXISTING_MAP_POINT,,"{""id"": ""SF239"", ""countryId"": ""visual-territory-54"", ""projectId"": ""PROJECT-31"", ""projectNumber"": 31, ""name"": ""基础教育设施"", ""lifecycle"": ""CANDIDATE"", ""operational"": false, ""estimatedCapacity"": 128056.63, ""capacityUnit"": ""student-seat"", ""requiredWorkers"": 6001, ""requiredPowerMW"": 108.018, ""requiredWaterM3Day"": 10802, ""maintenanceGcuDay"": 50569.13, ""equipmentUnits"": 300, ""constructionSimDays"": 469, ""recipeStatus"": ""CORE_COEFFICIENT_BINDING_REQUIRED"", ""inputCategories"": [""LABOUR"", ""MACHINERY"", ""ELECTRICITY""], ""gridNodeId"": ""GRID-visual-territory-54"", ""accessNodeId"": ""SF239"", ""capacityBasis"": ""GEOGRAPHIC_SCENARIO_ESTIMATE""}",6001,0,0,301,90,24004.0,,,UNBUILT_OPTION,,,,,,,,,,,,,,
SF240,visual-territory-54,visual-territory-54-E1,基层医疗设施,PROJECT-34,"[817, 453]",128056.63,patient-visit/sim-day,OP-54,GOV-54,DEVELOPMENT_OPTION,False,False,UNAPPROVED_SCENARIO_ASSET,EXISTING_MAP_POINT,,"{""id"": ""SF240"", ""countryId"": ""visual-territory-54"", ""projectId"": ""PROJECT-34"", ""projectNumber"": 34, ""name"": ""基层医疗设施"", ""lifecycle"": ""CANDIDATE"", ""operational"": false, ""estimatedCapacity"": 128056.63, ""capacityUnit"": ""patient-visit/sim-day"", ""requiredWorkers"": 6001, ""requiredPowerMW"": 108.018, ""requiredWaterM3Day"": 10802, ""maintenanceGcuDay"": 50569.13, ""equipmentUnits"": 300, ""constructionSimDays"": 469, ""recipeStatus"": ""CORE_COEFFICIENT_BINDING_REQUIRED"", ""inputCategories"": [""LABOUR"", ""MACHINERY"", ""ELECTRICITY""], ""gridNodeId"": ""GRID-visual-territory-54"", ""accessNodeId"": ""SF240"", ""capacityBasis"": ""GEOGRAPHIC_SCENARIO_ESTIMATE""}",6001,0,0,301,90,24004.0,,,UNBUILT_OPTION,,,,,,,,,,,,,,
SF241,visual-territory-54,visual-territory-54-E2,公共住房,PROJECT-36,"[923, 495]",128056.63,dwelling-unit,OP-54,GOV-54,DEVELOPMENT_OPTION,False,False,UNAPPROVED_SCENARIO_ASSET,EXISTING_MAP_POINT,,"{""id"": ""SF241"", ""countryId"": ""visual-territory-54"", ""projectId"": ""PROJECT-36"", ""projectNumber"": 36, ""name"": ""公共住房"", ""lifecycle"": ""CANDIDATE"", ""operational"": false, ""estimatedCapacity"": 128056.63, ""capacityUnit"": ""dwelling-unit"", ""requiredWorkers"": 6001, ""requiredPowerMW"": 108.018, ""requiredWaterM3Day"": 10802, ""maintenanceGcuDay"": 50569.13, ""equipmentUnits"": 300, ""constructionSimDays"": 469, ""recipeStatus"": ""CORE_COEFFICIENT_BINDING_REQUIRED"", ""inputCategories"": [""LABOUR"", ""MACHINERY"", ""ELECTRICITY""], ""gridNodeId"": ""GRID-visual-territory-54"", ""accessNodeId"": ""SF241"", ""capacityBasis"": ""GEOGRAPHIC_SCENARIO_ESTIMATE""}",6001,0,0,301,90,24004.0,,,UNBUILT_OPTION,,,,,,,,,,,,,,
SF242,visual-territory-55,visual-territory-55-E1,铜矿,PROJECT-05,"[925, 463]",2370.3991,tonne/sim-day,OP-55,GOV-55,DEVELOPMENT_OPTION,False,False,UNAPPROVED_SCENARIO_ASSET,EXISTING_MAP_POINT,RES244,"{""id"": ""SF242"", ""countryId"": ""visual-territory-55"", ""projectId"": ""PROJECT-05"", ""projectNumber"": 5, ""name"": ""铜矿"", ""lifecycle"": ""CANDIDATE"", ""operational"": false, ""estimatedCapacity"": 2370.3991, ""capacityUnit"": ""tonne/sim-day"", ""requiredWorkers"": 6479, ""requiredPowerMW"": 116.622, ""requiredWaterM3Day"": 11662, ""maintenanceGcuDay"": 51879.41, ""equipmentUnits"": 324, ""constructionSimDays"": 486, ""recipeStatus"": ""CORE_COEFFICIENT_BINDING_REQUIRED"", ""inputCategories"": [""LABOUR"", ""MACHINERY"", ""ELECTRICITY"", ""COPPER_DEVELOPED_RESERVE""], ""gridNodeId"": ""GRID-visual-territory-55"", ""accessNodeId"": ""SF242"", ""capacityBasis"": ""GEOGRAPHIC_SCENARIO_ESTIMATE""}",6479,0,0,324,90,25916.0,,,UNBUILT_OPTION,,,,,,,,,,,,,,
SF243,visual-territory-55,visual-territory-55-E1,气田开发,PROJECT-02,"[1064, 371]",571700.8596,MMBtu/sim-day,OP-55,GOV-55,DEVELOPMENT_OPTION,False,False,UNAPPROVED_SCENARIO_ASSET,EXISTING_MAP_POINT,RES245,"{""id"": ""SF243"", ""countryId"": ""visual-territory-55"", ""projectId"": ""PROJECT-02"", ""projectNumber"": 2, ""name"": ""气田开发"", ""lifecycle"": ""CANDIDATE"", ""operational"": false, ""estimatedCapacity"": 571700.8596, ""capacityUnit"": ""MMBtu/sim-day"", ""requiredWorkers"": 4050, ""requiredPowerMW"": 72.9, ""requiredWaterM3Day"": 7290, ""maintenanceGcuDay"": 43834.02, ""equipmentUnits"": 202, ""constructionSimDays"": 360, ""recipeStatus"": ""CORE_COEFFICIENT_BINDING_REQUIRED"", ""inputCategories"": [""LABOUR"", ""MACHINERY"", ""ELECTRICITY"", ""NATURAL_GAS_DEVELOPED_RESERVE""], ""gridNodeId"": ""GRID-visual-territory-55"", ""accessNodeId"": ""SF243"", ""capacityBasis"": ""GEOGRAPHIC_SCENARIO_ESTIMATE""}",4050,0,0,203,90,16200.0,,,UNBUILT_OPTION,,,,,,,,,,,,,,
SF244,visual-territory-55,visual-territory-55-E1,油田开发,PROJECT-01,"[1005, 433]",275977.9733,barrel/sim-day,OP-55,GOV-55,DEVELOPMENT_OPTION,False,False,UNAPPROVED_SCENARIO_ASSET,EXISTING_MAP_POINT,RES246,"{""id"": ""SF244"", ""countryId"": ""visual-territory-55"", ""projectId"": ""PROJECT-01"", ""projectNumber"": 1, ""name"": ""油田开发"", ""lifecycle"": ""CANDIDATE"", ""operational"": false, ""estimatedCapacity"": 275977.9733, ""capacityUnit"": ""barrel/sim-day"", ""requiredWorkers"": 4050, ""requiredPowerMW"": 72.9, ""requiredWaterM3Day"": 7290, ""maintenanceGcuDay"": 37919.56, ""equipmentUnits"": 202, ""constructionSimDays"": 356, ""recipeStatus"": ""CORE_COEFFICIENT_BINDING_REQUIRED"", ""inputCategories"": [""LABOUR"", ""MACHINERY"", ""ELECTRICITY"", ""CRUDE_OIL_DEVELOPED_RESERVE""], ""gridNodeId"": ""GRID-visual-territory-55"", ""accessNodeId"": ""SF244"", ""capacityBasis"": ""GEOGRAPHIC_SCENARIO_ESTIMATE""}",4050,0,0,203,90,16200.0,,,UNBUILT_OPTION,,,,,,,,,,,,,,
SF245,visual-territory-55,visual-territory-55-E1,锂矿,PROJECT-06,"[956, 417]",227.3635,tonne LCE/sim-day,OP-55,GOV-55,DEVELOPMENT_OPTION,False,False,UNAPPROVED_SCENARIO_ASSET,EXISTING_MAP_POINT,RES247,"{""id"": ""SF245"", ""countryId"": ""visual-territory-55"", ""projectId"": ""PROJECT-06"", ""projectNumber"": 6, ""name"": ""锂矿"", ""lifecycle"": ""CANDIDATE"", ""operational"": false, ""estimatedCapacity"": 227.3635, ""capacityUnit"": ""tonne LCE/sim-day"", ""requiredWorkers"": 6479, ""requiredPowerMW"": 116.622, ""requiredWaterM3Day"": 11662, ""maintenanceGcuDay"": 51836.55, ""equipmentUnits"": 324, ""constructionSimDays"": 483, ""recipeStatus"": ""CORE_COEFFICIENT_BINDING_REQUIRED"", ""inputCategories"": [""LABOUR"", ""MACHINERY"", ""ELECTRICITY"", ""LITHIUM_DEVELOPED_RESERVE""], ""gridNodeId"": ""GRID-visual-territory-55"", ""accessNodeId"": ""SF245"", ""capacityBasis"": ""GEOGRAPHIC_SCENARIO_ESTIMATE""}",6479,0,0,324,90,25916.0,,,UNBUILT_OPTION,,,,,,,,,,,,,,
SF246,visual-territory-55,visual-territory-55-E1,太阳能设施,PROJECT-10,"[1022, 380]",87464.78,MW,OP-55,GOV-55,DEVELOPMENT_OPTION,False,False,UNAPPROVED_SCENARIO_ASSET,EXISTING_MAP_POINT,,"{""id"": ""SF246"", ""countryId"": ""visual-territory-55"", ""projectId"": ""PROJECT-10"", ""projectNumber"": 10, ""name"": ""太阳能设施"", ""lifecycle"": ""CANDIDATE"", ""operational"": false, ""estimatedCapacity"": 87464.78, ""capacityUnit"": ""MW"", ""requiredWorkers"": 4050, ""requiredPowerMW"": 72.9, ""requiredWaterM3Day"": 7290, ""maintenanceGcuDay"": 34149.3, ""equipmentUnits"": 202, ""constructionSimDays"": 350, ""recipeStatus"": ""CORE_COEFFICIENT_BINDING_REQUIRED"", ""inputCategories"": [""LABOUR"", ""MACHINERY"", ""ELECTRICITY""], ""gridNodeId"": ""GRID-visual-territory-55"", ""accessNodeId"": ""SF246"", ""capacityBasis"": ""GEOGRAPHIC_SCENARIO_ESTIMATE""}",4050,0,0,203,90,16200.0,,,UNBUILT_OPTION,,,,,,,,,,,,,,
SF247,visual-territory-56,visual-territory-56-E2,锂矿,PROJECT-06,"[710, 529]",173.0994,tonne LCE/sim-day,OP-56,GOV-56,DEVELOPMENT_OPTION,False,False,UNAPPROVED_SCENARIO_ASSET,EXISTING_MAP_POINT,RES35,"{""id"": ""SF247"", ""countryId"": ""visual-territory-56"", ""projectId"": ""PROJECT-06"", ""projectNumber"": 6, ""name"": ""锂矿"", ""lifecycle"": ""CANDIDATE"", ""operational"": false, ""estimatedCapacity"": 173.0994, ""capacityUnit"": ""tonne LCE/sim-day"", ""requiredWorkers"": 4726, ""requiredPowerMW"": 85.068, ""requiredWaterM3Day"": 8507, ""maintenanceGcuDay"": 37811.46, ""equipmentUnits"": 236, ""constructionSimDays"": 377, ""recipeStatus"": ""CORE_COEFFICIENT_BINDING_REQUIRED"", ""inputCategories"": [""LABOUR"", ""MACHINERY"", ""ELECTRICITY"", ""LITHIUM_DEVELOPED_RESERVE""], ""gridNodeId"": ""GRID-visual-territory-56"", ""accessNodeId"": ""SF247"", ""capacityBasis"": ""GEOGRAPHIC_SCENARIO_ESTIMATE""}",4726,0,0,237,90,18904.0,,,UNBUILT_OPTION,,,,,,,,,,,,,,
SF248,visual-territory-56,visual-territory-56-E1,气田开发,PROJECT-02,"[572, 557]",1355319.8506,MMBtu/sim-day,OP-56,GOV-56,DEVELOPMENT_OPTION,False,False,UNAPPROVED_SCENARIO_ASSET,EXISTING_MAP_POINT,RES248,"{""id"": ""SF248"", ""countryId"": ""visual-territory-56"", ""projectId"": ""PROJECT-02"", ""projectNumber"": 2, ""name"": ""气田开发"", ""lifecycle"": ""CANDIDATE"", ""operational"": false, ""estimatedCapacity"": 1355319.8506, ""capacityUnit"": ""MMBtu/sim-day"", ""requiredWorkers"": 2954, ""requiredPowerMW"": 53.172, ""requiredWaterM3Day"": 5317, ""maintenanceGcuDay"": 50738.4, ""equipmentUnits"": 148, ""constructionSimDays"": 301, ""recipeStatus"": ""CORE_COEFFICIENT_BINDING_REQUIRED"", ""inputCategories"": [""LABOUR"", ""MACHINERY"", ""ELECTRICITY"", ""NATURAL_GAS_DEVELOPED_RESERVE""], ""gridNodeId"": ""GRID-visual-territory-56"", ""accessNodeId"": ""SF248"", ""capacityBasis"": ""GEOGRAPHIC_SCENARIO_ESTIMATE""}",2954,0,0,148,90,11816.0,,,UNBUILT_OPTION,,,,,,,,,,,,,,
SF249,visual-territory-56,visual-territory-56-E2,铜矿,PROJECT-05,"[693, 434]",11740.9594,tonne/sim-day,OP-56,GOV-56,DEVELOPMENT_OPTION,False,False,UNAPPROVED_SCENARIO_ASSET,EXISTING_MAP_POINT,RES249,"{""id"": ""SF249"", ""countryId"": ""visual-territory-56"", ""projectId"": ""PROJECT-05"", ""projectNumber"": 5, ""name"": ""铜矿"", ""lifecycle"": ""CANDIDATE"", ""operational"": false, ""estimatedCapacity"": 11740.9594, ""capacityUnit"": ""tonne/sim-day"", ""requiredWorkers"": 4726, ""requiredPowerMW"": 85.068, ""requiredWaterM3Day"": 8507, ""maintenanceGcuDay"": 38042.82, ""equipmentUnits"": 236, ""constructionSimDays"": 384, ""recipeStatus"": ""CORE_COEFFICIENT_BINDING_REQUIRED"", ""inputCategories"": [""LABOUR"", ""MACHINERY"", ""ELECTRICITY"", ""COPPER_DEVELOPED_RESERVE""], ""gridNodeId"": ""GRID-visual-territory-56"", ""accessNodeId"": ""SF249"", ""capacityBasis"": ""GEOGRAPHIC_SCENARIO_ESTIMATE""}",4726,0,0,237,90,18904.0,,,UNBUILT_OPTION,,,,,,,,,,,,,,
SF250,visual-territory-57,visual-territory-57-E1,锂矿,PROJECT-06,"[673, 564]",148.8599,tonne LCE/sim-day,OP-57,GOV-57,DEVELOPMENT_OPTION,False,False,UNAPPROVED_SCENARIO_ASSET,EXISTING_MAP_POINT,RES251,"{""id"": ""SF250"", ""countryId"": ""visual-territory-57"", ""projectId"": ""PROJECT-06"", ""projectNumber"": 6, ""name"": ""锂矿"", ""lifecycle"": ""CANDIDATE"", ""operational"": false, ""estimatedCapacity"": 148.8599, ""capacityUnit"": ""tonne LCE/sim-day"", ""requiredWorkers"": 5939, ""requiredPowerMW"": 106.902, ""requiredWaterM3Day"": 10690, ""maintenanceGcuDay"": 47514.98, ""equipmentUnits"": 297, ""constructionSimDays"": 450, ""recipeStatus"": ""CORE_COEFFICIENT_BINDING_REQUIRED"", ""inputCategories"": [""LABOUR"", ""MACHINERY"", ""ELECTRICITY"", ""LITHIUM_DEVELOPED_RESERVE""], ""gridNodeId"": ""GRID-visual-territory-57"", ""accessNodeId"": ""SF250"", ""capacityBasis"": ""GEOGRAPHIC_SCENARIO_ESTIMATE""}",5939,0,0,297,90,23756.0,,,UNBUILT_OPTION,,,,,,,,,,,,,,
SF251,visual-territory-57,visual-territory-57-E2,气田开发,PROJECT-02,"[740, 560]",1140708.3875,MMBtu/sim-day,OP-57,GOV-57,DEVELOPMENT_OPTION,False,False,UNAPPROVED_SCENARIO_ASSET,EXISTING_MAP_POINT,RES253,"{""id"": ""SF251"", ""countryId"": ""visual-territory-57"", ""projectId"": ""PROJECT-02"", ""projectNumber"": 2, ""name"": ""气田开发"", ""lifecycle"": ""CANDIDATE"", ""operational"": false, ""estimatedCapacity"": 1140708.3875, ""capacityUnit"": ""MMBtu/sim-day"", ""requiredWorkers"": 3712, ""requiredPowerMW"": 66.816, ""requiredWaterM3Day"": 6682, ""maintenanceGcuDay"": 52510.17, ""equipmentUnits"": 186, ""constructionSimDays"": 345, ""recipeStatus"": ""CORE_COEFFICIENT_BINDING_REQUIRED"", ""inputCategories"": [""LABOUR"", ""MACHINERY"", ""ELECTRICITY"", ""NATURAL_GAS_DEVELOPED_RESERVE""], ""gridNodeId"": ""GRID-visual-territory-57"", ""accessNodeId"": ""SF251"", ""capacityBasis"": ""GEOGRAPHIC_SCENARIO_ESTIMATE""}",3712,0,0,186,90,14848.0,,,UNBUILT_OPTION,,,,,,,,,,,,,,
SF252,visual-territory-57,visual-territory-57-E1,铁矿,PROJECT-04,"[666, 622]",167202.7521,tonne/sim-day,OP-57,GOV-57,DEVELOPMENT_OPTION,False,False,UNAPPROVED_SCENARIO_ASSET,EXISTING_MAP_POINT,RES254,"{""id"": ""SF252"", ""countryId"": ""visual-territory-57"", ""projectId"": ""PROJECT-04"", ""projectNumber"": 4, ""name"": ""铁矿"", ""lifecycle"": ""CANDIDATE"", ""operational"": false, ""estimatedCapacity"": 167202.7521, ""capacityUnit"": ""tonne/sim-day"", ""requiredWorkers"": 5939, ""requiredPowerMW"": 106.902, ""requiredWaterM3Day"": 10690, ""maintenanceGcuDay"": 50856.06, ""equipmentUnits"": 297, ""constructionSimDays"": 467, ""recipeStatus"": ""CORE_COEFFICIENT_BINDING_REQUIRED"", ""inputCategories"": [""LABOUR"", ""MACHINERY"", ""ELECTRICITY"", ""IRON_ORE_DEVELOPED_RESERVE""], ""gridNodeId"": ""GRID-visual-territory-57"", ""accessNodeId"": ""SF252"", ""capacityBasis"": ""GEOGRAPHIC_SCENARIO_ESTIMATE""}",5939,0,0,297,90,23756.0,,,UNBUILT_OPTION,,,,,,,,,,,,,,
SF253,visual-territory-57,visual-territory-57-E2,太阳能设施,PROJECT-10,"[733, 627]",88171.78,MW,OP-57,GOV-57,DEVELOPMENT_OPTION,False,False,UNAPPROVED_SCENARIO_ASSET,EXISTING_MAP_POINT,,"{""id"": ""SF253"", ""countryId"": ""visual-territory-57"", ""projectId"": ""PROJECT-10"", ""projectNumber"": 10, ""name"": ""太阳能设施"", ""lifecycle"": ""CANDIDATE"", ""operational"": false, ""estimatedCapacity"": 88171.78, ""capacityUnit"": ""MW"", ""requiredWorkers"": 3712, ""requiredPowerMW"": 66.816, ""requiredWaterM3Day"": 6682, ""maintenanceGcuDay"": 31459.44, ""equipmentUnits"": 186, ""constructionSimDays"": 330, ""recipeStatus"": ""CORE_COEFFICIENT_BINDING_REQUIRED"", ""inputCategories"": [""LABOUR"", ""MACHINERY"", ""ELECTRICITY""], ""gridNodeId"": ""GRID-visual-territory-57"", ""accessNodeId"": ""SF253"", ""capacityBasis"": ""GEOGRAPHIC_SCENARIO_ESTIMATE""}",3712,0,0,186,90,14848.0,,,UNBUILT_OPTION,,,,,,,,,,,,,,
SF254,visual-territory-57,visual-territory-57-E1,风能设施,PROJECT-11,"[622, 583]",88171.78,MW,OP-57,GOV-57,DEVELOPMENT_OPTION,False,False,UNAPPROVED_SCENARIO_ASSET,EXISTING_MAP_POINT,,"{""id"": ""SF254"", ""countryId"": ""visual-territory-57"", ""projectId"": ""PROJECT-11"", ""projectNumber"": 11, ""name"": ""风能设施"", ""lifecycle"": ""CANDIDATE"", ""operational"": false, ""estimatedCapacity"": 88171.78, ""capacityUnit"": ""MW"", ""requiredWorkers"": 3712, ""requiredPowerMW"": 66.816, ""requiredWaterM3Day"": 6682, ""maintenanceGcuDay"": 31459.44, ""equipmentUnits"": 186, ""constructionSimDays"": 330, ""recipeStatus"": ""CORE_COEFFICIENT_BINDING_REQUIRED"", ""inputCategories"": [""LABOUR"", ""MACHINERY"", ""ELECTRICITY""], ""gridNodeId"": ""GRID-visual-territory-57"", ""accessNodeId"": ""SF254"", ""capacityBasis"": ""GEOGRAPHIC_SCENARIO_ESTIMATE""}",3712,0,0,186,90,14848.0,,,UNBUILT_OPTION,,,,,,,,,,,,,,
SF255,visual-territory-58,visual-territory-58-E1,铁矿,PROJECT-04,"[745, 480]",123204.8628,tonne/sim-day,OP-58,GOV-58,DEVELOPMENT_OPTION,False,False,UNAPPROVED_SCENARIO_ASSET,EXISTING_MAP_POINT,RES11,"{""id"": ""SF255"", ""countryId"": ""visual-territory-58"", ""projectId"": ""PROJECT-04"", ""projectNumber"": 4, ""name"": ""铁矿"", ""lifecycle"": ""CANDIDATE"", ""operational"": false, ""estimatedCapacity"": 123204.8628, ""capacityUnit"": ""tonne/sim-day"", ""requiredWorkers"": 9907, ""requiredPowerMW"": 178.326, ""requiredWaterM3Day"": 17833, ""maintenanceGcuDay"": 81720.1, ""equipmentUnits"": 495, ""constructionSimDays"": 703, ""recipeStatus"": ""CORE_COEFFICIENT_BINDING_REQUIRED"", ""inputCategories"": [""LABOUR"", ""MACHINERY"", ""ELECTRICITY"", ""IRON_ORE_DEVELOPED_RESERVE""], ""gridNodeId"": ""GRID-visual-territory-58"", ""accessNodeId"": ""SF255"", ""capacityBasis"": ""GEOGRAPHIC_SCENARIO_ESTIMATE""}",9907,0,0,496,90,39628.0,,,UNBUILT_OPTION,,,,,,,,,,,,,,
SF256,visual-territory-58,visual-territory-58-E2,铀矿,PROJECT-03,"[821, 553]",2.1492,tonne U/sim-day,OP-58,GOV-58,DEVELOPMENT_OPTION,False,False,UNAPPROVED_SCENARIO_ASSET,EXISTING_MAP_POINT,RES68,"{""id"": ""SF256"", ""countryId"": ""visual-territory-58"", ""projectId"": ""PROJECT-03"", ""projectNumber"": 3, ""name"": ""铀矿"", ""lifecycle"": ""CANDIDATE"", ""operational"": false, ""estimatedCapacity"": 2.1492, ""capacityUnit"": ""tonne U/sim-day"", ""requiredWorkers"": 9907, ""requiredPowerMW"": 178.326, ""requiredWaterM3Day"": 17833, ""maintenanceGcuDay"": 79256.04, ""equipmentUnits"": 495, ""constructionSimDays"": 686, ""recipeStatus"": ""CORE_COEFFICIENT_BINDING_REQUIRED"", ""inputCategories"": [""LABOUR"", ""MACHINERY"", ""ELECTRICITY"", ""URANIUM_DEVELOPED_RESERVE""], ""gridNodeId"": ""GRID-visual-territory-58"", ""accessNodeId"": ""SF256"", ""capacityBasis"": ""GEOGRAPHIC_SCENARIO_ESTIMATE""}",9907,0,0,496,90,39628.0,,,UNBUILT_OPTION,,,,,,,,,,,,,,
SF257,visual-territory-58,visual-territory-58-E1,铀矿,PROJECT-03,"[765, 495]",1.4355,tonne U/sim-day,OP-58,GOV-58,DEVELOPMENT_OPTION,False,False,UNAPPROVED_SCENARIO_ASSET,EXISTING_MAP_POINT,RES78,"{""id"": ""SF257"", ""countryId"": ""visual-territory-58"", ""projectId"": ""PROJECT-03"", ""projectNumber"": 3, ""name"": ""铀矿"", ""lifecycle"": ""CANDIDATE"", ""operational"": false, ""estimatedCapacity"": 1.4355, ""capacityUnit"": ""tonne U/sim-day"", ""requiredWorkers"": 9907, ""requiredPowerMW"": 178.326, ""requiredWaterM3Day"": 17833, ""maintenanceGcuDay"": 79256.03, ""equipmentUnits"": 495, ""constructionSimDays"": 686, ""recipeStatus"": ""CORE_COEFFICIENT_BINDING_REQUIRED"", ""inputCategories"": [""LABOUR"", ""MACHINERY"", ""ELECTRICITY"", ""URANIUM_DEVELOPED_RESERVE""], ""gridNodeId"": ""GRID-visual-territory-58"", ""accessNodeId"": ""SF257"", ""capacityBasis"": ""GEOGRAPHIC_SCENARIO_ESTIMATE""}",9907,0,0,496,90,39628.0,,,UNBUILT_OPTION,,,,,,,,,,,,,,
SF258,visual-territory-58,visual-territory-58-E1,太阳能设施,PROJECT-10,"[739, 559]",136318.22,MW,OP-58,GOV-58,DEVELOPMENT_OPTION,False,False,UNAPPROVED_SCENARIO_ASSET,EXISTING_MAP_POINT,,"{""id"": ""SF258"", ""countryId"": ""visual-territory-58"", ""projectId"": ""PROJECT-10"", ""projectNumber"": 10, ""name"": ""太阳能设施"", ""lifecycle"": ""CANDIDATE"", ""operational"": false, ""estimatedCapacity"": 136318.22, ""capacityUnit"": ""MW"", ""requiredWorkers"": 6192, ""requiredPowerMW"": 111.456, ""requiredWaterM3Day"": 11146, ""maintenanceGcuDay"": 52262.36, ""equipmentUnits"": 310, ""constructionSimDays"": 481, ""recipeStatus"": ""CORE_COEFFICIENT_BINDING_REQUIRED"", ""inputCategories"": [""LABOUR"", ""MACHINERY"", ""ELECTRICITY""], ""gridNodeId"": ""GRID-visual-territory-58"", ""accessNodeId"": ""SF258"", ""capacityBasis"": ""GEOGRAPHIC_SCENARIO_ESTIMATE""}",6192,0,0,310,90,24768.0,,,UNBUILT_OPTION,,,,,,,,,,,,,,
SF259,visual-territory-58,visual-territory-58-E1,风能设施,PROJECT-11,"[779, 538]",136318.22,MW,OP-58,GOV-58,DEVELOPMENT_OPTION,False,False,UNAPPROVED_SCENARIO_ASSET,EXISTING_MAP_POINT,,"{""id"": ""SF259"", ""countryId"": ""visual-territory-58"", ""projectId"": ""PROJECT-11"", ""projectNumber"": 11, ""name"": ""风能设施"", ""lifecycle"": ""CANDIDATE"", ""operational"": false, ""estimatedCapacity"": 136318.22, ""capacityUnit"": ""MW"", ""requiredWorkers"": 6192, ""requiredPowerMW"": 111.456, ""requiredWaterM3Day"": 11146, ""maintenanceGcuDay"": 52262.36, ""equipmentUnits"": 310, ""constructionSimDays"": 481, ""recipeStatus"": ""CORE_COEFFICIENT_BINDING_REQUIRED"", ""inputCategories"": [""LABOUR"", ""MACHINERY"", ""ELECTRICITY""], ""gridNodeId"": ""GRID-visual-territory-58"", ""accessNodeId"": ""SF259"", ""capacityBasis"": ""GEOGRAPHIC_SCENARIO_ESTIMATE""}",6192,0,0,310,90,24768.0,,,UNBUILT_OPTION,,,,,,,,,,,,,,
SF260,visual-territory-58,visual-territory-58-E1,物流枢纽,PROJECT-25,"[722, 518]",136318.22,tonne/sim-day,OP-58,GOV-58,DEVELOPMENT_OPTION,False,False,UNAPPROVED_SCENARIO_ASSET,EXISTING_MAP_POINT,,"{""id"": ""SF260"", ""countryId"": ""visual-territory-58"", ""projectId"": ""PROJECT-25"", ""projectNumber"": 25, ""name"": ""物流枢纽"", ""lifecycle"": ""CANDIDATE"", ""operational"": false, ""estimatedCapacity"": 136318.22, ""capacityUnit"": ""tonne/sim-day"", ""requiredWorkers"": 6192, ""requiredPowerMW"": 111.456, ""requiredWaterM3Day"": 11146, ""maintenanceGcuDay"": 52262.36, ""equipmentUnits"": 310, ""constructionSimDays"": 481, ""recipeStatus"": ""CORE_COEFFICIENT_BINDING_REQUIRED"", ""inputCategories"": [""LABOUR"", ""MACHINERY"", ""ELECTRICITY""], ""gridNodeId"": ""GRID-visual-territory-58"", ""accessNodeId"": ""SF260"", ""capacityBasis"": ""GEOGRAPHIC_SCENARIO_ESTIMATE""}",6192,0,0,310,90,24768.0,,,UNBUILT_OPTION,,,,,,,,,,,,,,
SF261,visual-territory-58,visual-territory-58-E2,基础教育设施,PROJECT-31,"[838, 594]",136318.22,student-seat,OP-58,GOV-58,DEVELOPMENT_OPTION,False,False,UNAPPROVED_SCENARIO_ASSET,EXISTING_MAP_POINT,,"{""id"": ""SF261"", ""countryId"": ""visual-territory-58"", ""projectId"": ""PROJECT-31"", ""projectNumber"": 31, ""name"": ""基础教育设施"", ""lifecycle"": ""CANDIDATE"", ""operational"": false, ""estimatedCapacity"": 136318.22, ""capacityUnit"": ""student-seat"", ""requiredWorkers"": 6192, ""requiredPowerMW"": 111.456, ""requiredWaterM3Day"": 11146, ""maintenanceGcuDay"": 52262.36, ""equipmentUnits"": 310, ""constructionSimDays"": 481, ""recipeStatus"": ""CORE_COEFFICIENT_BINDING_REQUIRED"", ""inputCategories"": [""LABOUR"", ""MACHINERY"", ""ELECTRICITY""], ""gridNodeId"": ""GRID-visual-territory-58"", ""accessNodeId"": ""SF261"", ""capacityBasis"": ""GEOGRAPHIC_SCENARIO_ESTIMATE""}",6192,0,0,310,90,24768.0,,,UNBUILT_OPTION,,,,,,,,,,,,,,
SF262,visual-territory-58,visual-territory-58-E2,基层医疗设施,PROJECT-34,"[863, 559]",136318.22,patient-visit/sim-day,OP-58,GOV-58,DEVELOPMENT_OPTION,False,False,UNAPPROVED_SCENARIO_ASSET,EXISTING_MAP_POINT,,"{""id"": ""SF262"", ""countryId"": ""visual-territory-58"", ""projectId"": ""PROJECT-34"", ""projectNumber"": 34, ""name"": ""基层医疗设施"", ""lifecycle"": ""CANDIDATE"", ""operational"": false, ""estimatedCapacity"": 136318.22, ""capacityUnit"": ""patient-visit/sim-day"", ""requiredWorkers"": 6192, ""requiredPowerMW"": 111.456, ""requiredWaterM3Day"": 11146, ""maintenanceGcuDay"": 52262.36, ""equipmentUnits"": 310, ""constructionSimDays"": 481, ""recipeStatus"": ""CORE_COEFFICIENT_BINDING_REQUIRED"", ""inputCategories"": [""LABOUR"", ""MACHINERY"", ""ELECTRICITY""], ""gridNodeId"": ""GRID-visual-territory-58"", ""accessNodeId"": ""SF262"", ""capacityBasis"": ""GEOGRAPHIC_SCENARIO_ESTIMATE""}",6192,0,0,310,90,24768.0,,,UNBUILT_OPTION,,,,,,,,,,,,,,
SF263,visual-territory-59,visual-territory-59-E1,锂矿,PROJECT-06,"[624, 653]",141.5322,tonne LCE/sim-day,OP-59,GOV-59,DEVELOPMENT_OPTION,False,False,UNAPPROVED_SCENARIO_ASSET,EXISTING_MAP_POINT,RES255,"{""id"": ""SF263"", ""countryId"": ""visual-territory-59"", ""projectId"": ""PROJECT-06"", ""projectNumber"": 6, ""name"": ""锂矿"", ""lifecycle"": ""CANDIDATE"", ""operational"": false, ""estimatedCapacity"": 141.5322, ""capacityUnit"": ""tonne LCE/sim-day"", ""requiredWorkers"": 3384, ""requiredPowerMW"": 60.912, ""requiredWaterM3Day"": 6091, ""maintenanceGcuDay"": 27074.83, ""equipmentUnits"": 169, ""constructionSimDays"": 296, ""recipeStatus"": ""CORE_COEFFICIENT_BINDING_REQUIRED"", ""inputCategories"": [""LABOUR"", ""MACHINERY"", ""ELECTRICITY"", ""LITHIUM_DEVELOPED_RESERVE""], ""gridNodeId"": ""GRID-visual-territory-59"", ""accessNodeId"": ""SF263"", ""capacityBasis"": ""GEOGRAPHIC_SCENARIO_ESTIMATE""}",3384,0,0,170,90,13536.0,,,UNBUILT_OPTION,,,,,,,,,,,,,,
SF264,visual-territory-59,visual-territory-59-E1,气田开发,PROJECT-02,"[653, 682]",407962.9987,MMBtu/sim-day,OP-59,GOV-59,DEVELOPMENT_OPTION,False,False,UNAPPROVED_SCENARIO_ASSET,EXISTING_MAP_POINT,RES257,"{""id"": ""SF264"", ""countryId"": ""visual-territory-59"", ""projectId"": ""PROJECT-02"", ""projectNumber"": 2, ""name"": ""气田开发"", ""lifecycle"": ""CANDIDATE"", ""operational"": false, ""estimatedCapacity"": 407962.9987, ""capacityUnit"": ""MMBtu/sim-day"", ""requiredWorkers"": 2115, ""requiredPowerMW"": 38.07, ""requiredWaterM3Day"": 3807, ""maintenanceGcuDay"": 25079.26, ""equipmentUnits"": 106, ""constructionSimDays"": 242, ""recipeStatus"": ""CORE_COEFFICIENT_BINDING_REQUIRED"", ""inputCategories"": [""LABOUR"", ""MACHINERY"", ""ELECTRICITY"", ""NATURAL_GAS_DEVELOPED_RESERVE""], ""gridNodeId"": ""GRID-visual-territory-59"", ""accessNodeId"": ""SF264"", ""capacityBasis"": ""GEOGRAPHIC_SCENARIO_ESTIMATE""}",2115,0,0,106,90,8460.0,,,UNBUILT_OPTION,,,,,,,,,,,,,,
SF265,visual-territory-59,visual-territory-59-E1,铁矿,PROJECT-04,"[606, 678]",80866.1122,tonne/sim-day,OP-59,GOV-59,DEVELOPMENT_OPTION,False,False,UNAPPROVED_SCENARIO_ASSET,EXISTING_MAP_POINT,RES258,"{""id"": ""SF265"", ""countryId"": ""visual-territory-59"", ""projectId"": ""PROJECT-04"", ""projectNumber"": 4, ""name"": ""铁矿"", ""lifecycle"": ""CANDIDATE"", ""operational"": false, ""estimatedCapacity"": 80866.1122, ""capacityUnit"": ""tonne/sim-day"", ""requiredWorkers"": 3384, ""requiredPowerMW"": 60.912, ""requiredWaterM3Day"": 6091, ""maintenanceGcuDay"": 28689.32, ""equipmentUnits"": 169, ""constructionSimDays"": 310, ""recipeStatus"": ""CORE_COEFFICIENT_BINDING_REQUIRED"", ""inputCategories"": [""LABOUR"", ""MACHINERY"", ""ELECTRICITY"", ""IRON_ORE_DEVELOPED_RESERVE""], ""gridNodeId"": ""GRID-visual-territory-59"", ""accessNodeId"": ""SF265"", ""capacityBasis"": ""GEOGRAPHIC_SCENARIO_ESTIMATE""}",3384,0,0,170,90,13536.0,,,UNBUILT_OPTION,,,,,,,,,,,,,,
SF266,visual-territory-60,visual-territory-60-E2,铜矿,PROJECT-05,"[250, 554]",921.28,tonne/sim-day,OP-60,GOV-60,DEVELOPMENT_OPTION,False,False,UNAPPROVED_SCENARIO_ASSET,EXISTING_MAP_POINT,RES15,"{""id"": ""SF266"", ""countryId"": ""visual-territory-60"", ""projectId"": ""PROJECT-05"", ""projectNumber"": 5, ""name"": ""铜矿"", ""lifecycle"": ""CANDIDATE"", ""operational"": false, ""estimatedCapacity"": 921.28, ""capacityUnit"": ""tonne/sim-day"", ""requiredWorkers"": 8512, ""requiredPowerMW"": 153.216, ""requiredWaterM3Day"": 15322, ""maintenanceGcuDay"": 68114.43, ""equipmentUnits"": 426, ""constructionSimDays"": 606, ""recipeStatus"": ""CORE_COEFFICIENT_BINDING_REQUIRED"", ""inputCategories"": [""LABOUR"", ""MACHINERY"", ""ELECTRICITY"", ""COPPER_DEVELOPED_RESERVE""], ""gridNodeId"": ""GRID-visual-territory-60"", ""accessNodeId"": ""SF266"", ""capacityBasis"": ""GEOGRAPHIC_SCENARIO_ESTIMATE""}",8512,0,0,426,90,34048.0,,,UNBUILT_OPTION,,,,,,,,,,,,,,
SF267,visual-territory-60,visual-territory-60-E2,铀矿,PROJECT-03,"[231, 534]",1.2007,tonne U/sim-day,OP-60,GOV-60,DEVELOPMENT_OPTION,False,False,UNAPPROVED_SCENARIO_ASSET,EXISTING_MAP_POINT,RES69,"{""id"": ""SF267"", ""countryId"": ""visual-territory-60"", ""projectId"": ""PROJECT-03"", ""projectNumber"": 3, ""name"": ""铀矿"", ""lifecycle"": ""CANDIDATE"", ""operational"": false, ""estimatedCapacity"": 1.2007, ""capacityUnit"": ""tonne U/sim-day"", ""requiredWorkers"": 8512, ""requiredPowerMW"": 153.216, ""requiredWaterM3Day"": 15322, ""maintenanceGcuDay"": 68096.02, ""equipmentUnits"": 426, ""constructionSimDays"": 602, ""recipeStatus"": ""CORE_COEFFICIENT_BINDING_REQUIRED"", ""inputCategories"": [""LABOUR"", ""MACHINERY"", ""ELECTRICITY"", ""URANIUM_DEVELOPED_RESERVE""], ""gridNodeId"": ""GRID-visual-territory-60"", ""accessNodeId"": ""SF267"", ""capacityBasis"": ""GEOGRAPHIC_SCENARIO_ESTIMATE""}",8512,0,0,426,90,34048.0,,,UNBUILT_OPTION,,,,,,,,,,,,,,
SF268,visual-territory-60,visual-territory-60-E1,气田开发,PROJECT-02,"[181, 477]",1043181.4564,MMBtu/sim-day,OP-60,GOV-60,DEVELOPMENT_OPTION,False,False,UNAPPROVED_SCENARIO_ASSET,EXISTING_MAP_POINT,RES259,"{""id"": ""SF268"", ""countryId"": ""visual-territory-60"", ""projectId"": ""PROJECT-02"", ""projectNumber"": 2, ""name"": ""气田开发"", ""lifecycle"": ""CANDIDATE"", ""operational"": false, ""estimatedCapacity"": 1043181.4564, ""capacityUnit"": ""MMBtu/sim-day"", ""requiredWorkers"": 5320, ""requiredPowerMW"": 95.76, ""requiredWaterM3Day"": 9576, ""maintenanceGcuDay"": 63423.63, ""equipmentUnits"": 266, ""constructionSimDays"": 441, ""recipeStatus"": ""CORE_COEFFICIENT_BINDING_REQUIRED"", ""inputCategories"": [""LABOUR"", ""MACHINERY"", ""ELECTRICITY"", ""NATURAL_GAS_DEVELOPED_RESERVE""], ""gridNodeId"": ""GRID-visual-territory-60"", ""accessNodeId"": ""SF268"", ""capacityBasis"": ""GEOGRAPHIC_SCENARIO_ESTIMATE""}",5320,0,0,266,90,21280.0,,,UNBUILT_OPTION,,,,,,,,,,,,,,
SF269,visual-territory-60,visual-territory-60-E1,油田开发,PROJECT-01,"[171, 553]",502731.7771,barrel/sim-day,OP-60,GOV-60,DEVELOPMENT_OPTION,False,False,UNAPPROVED_SCENARIO_ASSET,EXISTING_MAP_POINT,RES260,"{""id"": ""SF269"", ""countryId"": ""visual-territory-60"", ""projectId"": ""PROJECT-01"", ""projectNumber"": 1, ""name"": ""油田开发"", ""lifecycle"": ""CANDIDATE"", ""operational"": false, ""estimatedCapacity"": 502731.7771, ""capacityUnit"": ""barrel/sim-day"", ""requiredWorkers"": 5320, ""requiredPowerMW"": 95.76, ""requiredWaterM3Day"": 9576, ""maintenanceGcuDay"": 52614.64, ""equipmentUnits"": 266, ""constructionSimDays"": 436, ""recipeStatus"": ""CORE_COEFFICIENT_BINDING_REQUIRED"", ""inputCategories"": [""LABOUR"", ""MACHINERY"", ""ELECTRICITY"", ""CRUDE_OIL_DEVELOPED_RESERVE""], ""gridNodeId"": ""GRID-visual-territory-60"", ""accessNodeId"": ""SF269"", ""capacityBasis"": ""GEOGRAPHIC_SCENARIO_ESTIMATE""}",5320,0,0,266,90,21280.0,,,UNBUILT_OPTION,,,,,,,,,,,,,,
SF270,visual-territory-60,visual-territory-60-E1,太阳能设施,PROJECT-10,"[214, 634]",113209.53,MW,OP-60,GOV-60,DEVELOPMENT_OPTION,False,False,UNAPPROVED_SCENARIO_ASSET,EXISTING_MAP_POINT,,"{""id"": ""SF270"", ""countryId"": ""visual-territory-60"", ""projectId"": ""PROJECT-10"", ""projectNumber"": 10, ""name"": ""太阳能设施"", ""lifecycle"": ""CANDIDATE"", ""operational"": false, ""estimatedCapacity"": 113209.53, ""capacityUnit"": ""MW"", ""requiredWorkers"": 5320, ""requiredPowerMW"": 95.76, ""requiredWaterM3Day"": 9576, ""maintenanceGcuDay"": 44824.19, ""equipmentUnits"": 266, ""constructionSimDays"": 428, ""recipeStatus"": ""CORE_COEFFICIENT_BINDING_REQUIRED"", ""inputCategories"": [""LABOUR"", ""MACHINERY"", ""ELECTRICITY""], ""gridNodeId"": ""GRID-visual-territory-60"", ""accessNodeId"": ""SF270"", ""capacityBasis"": ""GEOGRAPHIC_SCENARIO_ESTIMATE""}",5320,0,0,266,90,21280.0,,,UNBUILT_OPTION,,,,,,,,,,,,,,
SF271,visual-territory-60,visual-territory-60-E2,风能设施,PROJECT-11,"[285, 520]",113209.53,MW,OP-60,GOV-60,DEVELOPMENT_OPTION,False,False,UNAPPROVED_SCENARIO_ASSET,EXISTING_MAP_POINT,,"{""id"": ""SF271"", ""countryId"": ""visual-territory-60"", ""projectId"": ""PROJECT-11"", ""projectNumber"": 11, ""name"": ""风能设施"", ""lifecycle"": ""CANDIDATE"", ""operational"": false, ""estimatedCapacity"": 113209.53, ""capacityUnit"": ""MW"", ""requiredWorkers"": 5320, ""requiredPowerMW"": 95.76, ""requiredWaterM3Day"": 9576, ""maintenanceGcuDay"": 44824.19, ""equipmentUnits"": 266, ""constructionSimDays"": 428, ""recipeStatus"": ""CORE_COEFFICIENT_BINDING_REQUIRED"", ""inputCategories"": [""LABOUR"", ""MACHINERY"", ""ELECTRICITY""], ""gridNodeId"": ""GRID-visual-territory-60"", ""accessNodeId"": ""SF271"", ""capacityBasis"": ""GEOGRAPHIC_SCENARIO_ESTIMATE""}",5320,0,0,266,90,21280.0,,,UNBUILT_OPTION,,,,,,,,,,,,,,
SF272,visual-territory-60,visual-territory-60-E1,物流枢纽,PROJECT-25,"[215, 586]",113209.53,tonne/sim-day,OP-60,GOV-60,DEVELOPMENT_OPTION,False,False,UNAPPROVED_SCENARIO_ASSET,EXISTING_MAP_POINT,,"{""id"": ""SF272"", ""countryId"": ""visual-territory-60"", ""projectId"": ""PROJECT-25"", ""projectNumber"": 25, ""name"": ""物流枢纽"", ""lifecycle"": ""CANDIDATE"", ""operational"": false, ""estimatedCapacity"": 113209.53, ""capacityUnit"": ""tonne/sim-day"", ""requiredWorkers"": 5320, ""requiredPowerMW"": 95.76, ""requiredWaterM3Day"": 9576, ""maintenanceGcuDay"": 44824.19, ""equipmentUnits"": 266, ""constructionSimDays"": 428, ""recipeStatus"": ""CORE_COEFFICIENT_BINDING_REQUIRED"", ""inputCategories"": [""LABOUR"", ""MACHINERY"", ""ELECTRICITY""], ""gridNodeId"": ""GRID-visual-territory-60"", ""accessNodeId"": ""SF272"", ""capacityBasis"": ""GEOGRAPHIC_SCENARIO_ESTIMATE""}",5320,0,0,266,90,21280.0,,,UNBUILT_OPTION,,,,,,,,,,,,,,
SF273,visual-territory-60,visual-territory-60-E1,基础教育设施,PROJECT-31,"[179, 610]",113209.53,student-seat,OP-60,GOV-60,DEVELOPMENT_OPTION,False,False,UNAPPROVED_SCENARIO_ASSET,EXISTING_MAP_POINT,,"{""id"": ""SF273"", ""countryId"": ""visual-territory-60"", ""projectId"": ""PROJECT-31"", ""projectNumber"": 31, ""name"": ""基础教育设施"", ""lifecycle"": ""CANDIDATE"", ""operational"": false, ""estimatedCapacity"": 113209.53, ""capacityUnit"": ""student-seat"", ""requiredWorkers"": 5320, ""requiredPowerMW"": 95.76, ""requiredWaterM3Day"": 9576, ""maintenanceGcuDay"": 44824.19, ""equipmentUnits"": 266, ""constructionSimDays"": 428, ""recipeStatus"": ""CORE_COEFFICIENT_BINDING_REQUIRED"", ""inputCategories"": [""LABOUR"", ""MACHINERY"", ""ELECTRICITY""], ""gridNodeId"": ""GRID-visual-territory-60"", ""accessNodeId"": ""SF273"", ""capacityBasis"": ""GEOGRAPHIC_SCENARIO_ESTIMATE""}",5320,0,0,266,90,21280.0,,,UNBUILT_OPTION,,,,,,,,,,,,,,
SF274,visual-territory-61,visual-territory-61-E1,铀矿,PROJECT-03,"[281, 574]",0.7794,tonne U/sim-day,OP-61,GOV-61,DEVELOPMENT_OPTION,False,False,UNAPPROVED_SCENARIO_ASSET,EXISTING_MAP_POINT,RES49,"{""id"": ""SF274"", ""countryId"": ""visual-territory-61"", ""projectId"": ""PROJECT-03"", ""projectNumber"": 3, ""name"": ""铀矿"", ""lifecycle"": ""CANDIDATE"", ""operational"": false, ""estimatedCapacity"": 0.7794, ""capacityUnit"": ""tonne U/sim-day"", ""requiredWorkers"": 8594, ""requiredPowerMW"": 154.692, ""requiredWaterM3Day"": 15469, ""maintenanceGcuDay"": 68752.02, ""equipmentUnits"": 430, ""constructionSimDays"": 607, ""recipeStatus"": ""CORE_COEFFICIENT_BINDING_REQUIRED"", ""inputCategories"": [""LABOUR"", ""MACHINERY"", ""ELECTRICITY"", ""URANIUM_DEVELOPED_RESERVE""], ""gridNodeId"": ""GRID-visual-territory-61"", ""accessNodeId"": ""SF274"", ""capacityBasis"": ""GEOGRAPHIC_SCENARIO_ESTIMATE""}",8594,0,0,430,90,34376.0,,,UNBUILT_OPTION,,,,,,,,,,,,,,
SF275,visual-territory-61,visual-territory-61-E1,铁矿,PROJECT-04,"[285, 600]",74291.4263,tonne/sim-day,OP-61,GOV-61,DEVELOPMENT_OPTION,False,False,UNAPPROVED_SCENARIO_ASSET,EXISTING_MAP_POINT,RES80,"{""id"": ""SF275"", ""countryId"": ""visual-territory-61"", ""projectId"": ""PROJECT-04"", ""projectNumber"": 4, ""name"": ""铁矿"", ""lifecycle"": ""CANDIDATE"", ""operational"": false, ""estimatedCapacity"": 74291.4263, ""capacityUnit"": ""tonne/sim-day"", ""requiredWorkers"": 8594, ""requiredPowerMW"": 154.692, ""requiredWaterM3Day"": 15469, ""maintenanceGcuDay"": 70237.83, ""equipmentUnits"": 430, ""constructionSimDays"": 622, ""recipeStatus"": ""CORE_COEFFICIENT_BINDING_REQUIRED"", ""inputCategories"": [""LABOUR"", ""MACHINERY"", ""ELECTRICITY"", ""IRON_ORE_DEVELOPED_RESERVE""], ""gridNodeId"": ""GRID-visual-territory-61"", ""accessNodeId"": ""SF275"", ""capacityBasis"": ""GEOGRAPHIC_SCENARIO_ESTIMATE""}",8594,0,0,430,90,34376.0,,,UNBUILT_OPTION,,,,,,,,,,,,,,
SF276,visual-territory-61,visual-territory-61-E2,油田开发,PROJECT-01,"[341, 539]",588351.196,barrel/sim-day,OP-61,GOV-61,DEVELOPMENT_OPTION,False,False,UNAPPROVED_SCENARIO_ASSET,EXISTING_MAP_POINT,RES261,"{""id"": ""SF276"", ""countryId"": ""visual-territory-61"", ""projectId"": ""PROJECT-01"", ""projectNumber"": 1, ""name"": ""油田开发"", ""lifecycle"": ""CANDIDATE"", ""operational"": false, ""estimatedCapacity"": 588351.196, ""capacityUnit"": ""barrel/sim-day"", ""requiredWorkers"": 5371, ""requiredPowerMW"": 96.678, ""requiredWaterM3Day"": 9668, ""maintenanceGcuDay"": 54735.02, ""equipmentUnits"": 269, ""constructionSimDays"": 440, ""recipeStatus"": ""CORE_COEFFICIENT_BINDING_REQUIRED"", ""inputCategories"": [""LABOUR"", ""MACHINERY"", ""ELECTRICITY"", ""CRUDE_OIL_DEVELOPED_RESERVE""], ""gridNodeId"": ""GRID-visual-territory-61"", ""accessNodeId"": ""SF276"", ""capacityBasis"": ""GEOGRAPHIC_SCENARIO_ESTIMATE""}",5371,0,0,269,90,21484.0,,,UNBUILT_OPTION,,,,,,,,,,,,,,
SF277,visual-territory-61,visual-territory-61-E1,气田开发,PROJECT-02,"[227, 649]",1223780.023,MMBtu/sim-day,OP-61,GOV-61,DEVELOPMENT_OPTION,False,False,UNAPPROVED_SCENARIO_ASSET,EXISTING_MAP_POINT,RES262,"{""id"": ""SF277"", ""countryId"": ""visual-territory-61"", ""projectId"": ""PROJECT-02"", ""projectNumber"": 2, ""name"": ""气田开发"", ""lifecycle"": ""CANDIDATE"", ""operational"": false, ""estimatedCapacity"": 1223780.023, ""capacityUnit"": ""MMBtu/sim-day"", ""requiredWorkers"": 5371, ""requiredPowerMW"": 96.678, ""requiredWaterM3Day"": 9668, ""maintenanceGcuDay"": 67443.6, ""equipmentUnits"": 269, ""constructionSimDays"": 446, ""recipeStatus"": ""CORE_COEFFICIENT_BINDING_REQUIRED"", ""inputCategories"": [""LABOUR"", ""MACHINERY"", ""ELECTRICITY"", ""NATURAL_GAS_DEVELOPED_RESERVE""], ""gridNodeId"": ""GRID-visual-territory-61"", ""accessNodeId"": ""SF277"", ""capacityBasis"": ""GEOGRAPHIC_SCENARIO_ESTIMATE""}",5371,0,0,269,90,21484.0,,,UNBUILT_OPTION,,,,,,,,,,,,,,
SF278,visual-territory-61,visual-territory-61-E2,太阳能设施,PROJECT-10,"[287, 520]",115394.09,MW,OP-61,GOV-61,DEVELOPMENT_OPTION,False,False,UNAPPROVED_SCENARIO_ASSET,EXISTING_MAP_POINT,,"{""id"": ""SF278"", ""countryId"": ""visual-territory-61"", ""projectId"": ""PROJECT-10"", ""projectNumber"": 10, ""name"": ""太阳能设施"", ""lifecycle"": ""CANDIDATE"", ""operational"": false, ""estimatedCapacity"": 115394.09, ""capacityUnit"": ""MW"", ""requiredWorkers"": 5371, ""requiredPowerMW"": 96.678, ""requiredWaterM3Day"": 9668, ""maintenanceGcuDay"": 45275.88, ""equipmentUnits"": 269, ""constructionSimDays"": 431, ""recipeStatus"": ""CORE_COEFFICIENT_BINDING_REQUIRED"", ""inputCategories"": [""LABOUR"", ""MACHINERY"", ""ELECTRICITY""], ""gridNodeId"": ""GRID-visual-territory-61"", ""accessNodeId"": ""SF278"", ""capacityBasis"": ""GEOGRAPHIC_SCENARIO_ESTIMATE""}",5371,0,0,269,90,21484.0,,,UNBUILT_OPTION,,,,,,,,,,,,,,
SF279,visual-territory-61,visual-territory-61-E1,风能设施,PROJECT-11,"[277, 649]",115394.09,MW,OP-61,GOV-61,DEVELOPMENT_OPTION,False,False,UNAPPROVED_SCENARIO_ASSET,EXISTING_MAP_POINT,,"{""id"": ""SF279"", ""countryId"": ""visual-territory-61"", ""projectId"": ""PROJECT-11"", ""projectNumber"": 11, ""name"": ""风能设施"", ""lifecycle"": ""CANDIDATE"", ""operational"": false, ""estimatedCapacity"": 115394.09, ""capacityUnit"": ""MW"", ""requiredWorkers"": 5371, ""requiredPowerMW"": 96.678, ""requiredWaterM3Day"": 9668, ""maintenanceGcuDay"": 45275.88, ""equipmentUnits"": 269, ""constructionSimDays"": 431, ""recipeStatus"": ""CORE_COEFFICIENT_BINDING_REQUIRED"", ""inputCategories"": [""LABOUR"", ""MACHINERY"", ""ELECTRICITY""], ""gridNodeId"": ""GRID-visual-territory-61"", ""accessNodeId"": ""SF279"", ""capacityBasis"": ""GEOGRAPHIC_SCENARIO_ESTIMATE""}",5371,0,0,269,90,21484.0,,,UNBUILT_OPTION,,,,,,,,,,,,,,
SF280,visual-territory-61,visual-territory-61-E1,物流枢纽,PROJECT-25,"[240, 605]",115394.09,tonne/sim-day,OP-61,GOV-61,DEVELOPMENT_OPTION,False,False,UNAPPROVED_SCENARIO_ASSET,EXISTING_MAP_POINT,,"{""id"": ""SF280"", ""countryId"": ""visual-territory-61"", ""projectId"": ""PROJECT-25"", ""projectNumber"": 25, ""name"": ""物流枢纽"", ""lifecycle"": ""CANDIDATE"", ""operational"": false, ""estimatedCapacity"": 115394.09, ""capacityUnit"": ""tonne/sim-day"", ""requiredWorkers"": 5371, ""requiredPowerMW"": 96.678, ""requiredWaterM3Day"": 9668, ""maintenanceGcuDay"": 45275.88, ""equipmentUnits"": 269, ""constructionSimDays"": 431, ""recipeStatus"": ""CORE_COEFFICIENT_BINDING_REQUIRED"", ""inputCategories"": [""LABOUR"", ""MACHINERY"", ""ELECTRICITY""], ""gridNodeId"": ""GRID-visual-territory-61"", ""accessNodeId"": ""SF280"", ""capacityBasis"": ""GEOGRAPHIC_SCENARIO_ESTIMATE""}",5371,0,0,269,90,21484.0,,,UNBUILT_OPTION,,,,,,,,,,,,,,
SF281,visual-territory-62,visual-territory-62-E1,铁矿,PROJECT-04,"[312, 665]",177700.8144,tonne/sim-day,OP-62,GOV-62,DEVELOPMENT_OPTION,False,False,UNAPPROVED_SCENARIO_ASSET,EXISTING_MAP_POINT,RES17,"{""id"": ""SF281"", ""countryId"": ""visual-territory-62"", ""projectId"": ""PROJECT-04"", ""projectNumber"": 4, ""name"": ""铁矿"", ""lifecycle"": ""CANDIDATE"", ""operational"": false, ""estimatedCapacity"": 177700.8144, ""capacityUnit"": ""tonne/sim-day"", ""requiredWorkers"": 6282, ""requiredPowerMW"": 113.076, ""requiredWaterM3Day"": 11308, ""maintenanceGcuDay"": 53810.02, ""equipmentUnits"": 314, ""constructionSimDays"": 487, ""recipeStatus"": ""CORE_COEFFICIENT_BINDING_REQUIRED"", ""inputCategories"": [""LABOUR"", ""MACHINERY"", ""ELECTRICITY"", ""IRON_ORE_DEVELOPED_RESERVE""], ""gridNodeId"": ""GRID-visual-territory-62"", ""accessNodeId"": ""SF281"", ""capacityBasis"": ""GEOGRAPHIC_SCENARIO_ESTIMATE""}",6282,0,0,315,90,25128.0,,,UNBUILT_OPTION,,,,,,,,,,,,,,
SF282,visual-territory-62,visual-territory-62-E2,锂矿,PROJECT-06,"[417, 760]",943.7017,tonne LCE/sim-day,OP-62,GOV-62,DEVELOPMENT_OPTION,False,False,UNAPPROVED_SCENARIO_ASSET,EXISTING_MAP_POINT,RES263,"{""id"": ""SF282"", ""countryId"": ""visual-territory-62"", ""projectId"": ""PROJECT-06"", ""projectNumber"": 6, ""name"": ""锂矿"", ""lifecycle"": ""CANDIDATE"", ""operational"": false, ""estimatedCapacity"": 943.7017, ""capacityUnit"": ""tonne LCE/sim-day"", ""requiredWorkers"": 6282, ""requiredPowerMW"": 113.076, ""requiredWaterM3Day"": 11308, ""maintenanceGcuDay"": 50274.87, ""equipmentUnits"": 314, ""constructionSimDays"": 472, ""recipeStatus"": ""CORE_COEFFICIENT_BINDING_REQUIRED"", ""inputCategories"": [""LABOUR"", ""MACHINERY"", ""ELECTRICITY"", ""LITHIUM_DEVELOPED_RESERVE""], ""gridNodeId"": ""GRID-visual-territory-62"", ""accessNodeId"": ""SF282"", ""capacityBasis"": ""GEOGRAPHIC_SCENARIO_ESTIMATE""}",6282,0,0,315,90,25128.0,,,UNBUILT_OPTION,,,,,,,,,,,,,,
SF283,visual-territory-62,visual-territory-62-E2,油田开发,PROJECT-01,"[404, 678]",676348.0136,barrel/sim-day,OP-62,GOV-62,DEVELOPMENT_OPTION,False,False,UNAPPROVED_SCENARIO_ASSET,EXISTING_MAP_POINT,RES265,"{""id"": ""SF283"", ""countryId"": ""visual-territory-62"", ""projectId"": ""PROJECT-01"", ""projectNumber"": 1, ""name"": ""油田开发"", ""lifecycle"": ""CANDIDATE"", ""operational"": false, ""estimatedCapacity"": 676348.0136, ""capacityUnit"": ""barrel/sim-day"", ""requiredWorkers"": 3926, ""requiredPowerMW"": 70.668, ""requiredWaterM3Day"": 7067, ""maintenanceGcuDay"": 44934.96, ""equipmentUnits"": 196, ""constructionSimDays"": 354, ""recipeStatus"": ""CORE_COEFFICIENT_BINDING_REQUIRED"", ""inputCategories"": [""LABOUR"", ""MACHINERY"", ""ELECTRICITY"", ""CRUDE_OIL_DEVELOPED_RESERVE""], ""gridNodeId"": ""GRID-visual-territory-62"", ""accessNodeId"": ""SF283"", ""capacityBasis"": ""GEOGRAPHIC_SCENARIO_ESTIMATE""}",3926,0,0,197,90,15704.0,,,UNBUILT_OPTION,,,,,,,,,,,,,,
SF284,visual-territory-62,visual-territory-62-E1,太阳能设施,PROJECT-10,"[302, 751]",82214.87,MW,OP-62,GOV-62,DEVELOPMENT_OPTION,False,False,UNAPPROVED_SCENARIO_ASSET,EXISTING_MAP_POINT,,"{""id"": ""SF284"", ""countryId"": ""visual-territory-62"", ""projectId"": ""PROJECT-10"", ""projectNumber"": 10, ""name"": ""太阳能设施"", ""lifecycle"": ""CANDIDATE"", ""operational"": false, ""estimatedCapacity"": 82214.87, ""capacityUnit"": ""MW"", ""requiredWorkers"": 3926, ""requiredPowerMW"": 70.668, ""requiredWaterM3Day"": 7067, ""maintenanceGcuDay"": 33052.3, ""equipmentUnits"": 196, ""constructionSimDays"": 342, ""recipeStatus"": ""CORE_COEFFICIENT_BINDING_REQUIRED"", ""inputCategories"": [""LABOUR"", ""MACHINERY"", ""ELECTRICITY""], ""gridNodeId"": ""GRID-visual-territory-62"", ""accessNodeId"": ""SF284"", ""capacityBasis"": ""GEOGRAPHIC_SCENARIO_ESTIMATE""}",3926,0,0,197,90,15704.0,,,UNBUILT_OPTION,,,,,,,,,,,,,,
SF285,visual-territory-62,visual-territory-62-E2,风能设施,PROJECT-11,"[365, 728]",82214.87,MW,OP-62,GOV-62,DEVELOPMENT_OPTION,False,False,UNAPPROVED_SCENARIO_ASSET,EXISTING_MAP_POINT,,"{""id"": ""SF285"", ""countryId"": ""visual-territory-62"", ""projectId"": ""PROJECT-11"", ""projectNumber"": 11, ""name"": ""风能设施"", ""lifecycle"": ""CANDIDATE"", ""operational"": false, ""estimatedCapacity"": 82214.87, ""capacityUnit"": ""MW"", ""requiredWorkers"": 3926, ""requiredPowerMW"": 70.668, ""requiredWaterM3Day"": 7067, ""maintenanceGcuDay"": 33052.3, ""equipmentUnits"": 196, ""constructionSimDays"": 342, ""recipeStatus"": ""CORE_COEFFICIENT_BINDING_REQUIRED"", ""inputCategories"": [""LABOUR"", ""MACHINERY"", ""ELECTRICITY""], ""gridNodeId"": ""GRID-visual-territory-62"", ""accessNodeId"": ""SF285"", ""capacityBasis"": ""GEOGRAPHIC_SCENARIO_ESTIMATE""}",3926,0,0,197,90,15704.0,,,UNBUILT_OPTION,,,,,,,,,,,,,,
SF286,visual-territory-62,visual-territory-62-E2,物流枢纽,PROJECT-25,"[359, 659]",82214.87,tonne/sim-day,OP-62,GOV-62,DEVELOPMENT_OPTION,False,False,UNAPPROVED_SCENARIO_ASSET,EXISTING_MAP_POINT,,"{""id"": ""SF286"", ""countryId"": ""visual-territory-62"", ""projectId"": ""PROJECT-25"", ""projectNumber"": 25, ""name"": ""物流枢纽"", ""lifecycle"": ""CANDIDATE"", ""operational"": false, ""estimatedCapacity"": 82214.87, ""capacityUnit"": ""tonne/sim-day"", ""requiredWorkers"": 3926, ""requiredPowerMW"": 70.668, ""requiredWaterM3Day"": 7067, ""maintenanceGcuDay"": 33052.3, ""equipmentUnits"": 196, ""constructionSimDays"": 342, ""recipeStatus"": ""CORE_COEFFICIENT_BINDING_REQUIRED"", ""inputCategories"": [""LABOUR"", ""MACHINERY"", ""ELECTRICITY""], ""gridNodeId"": ""GRID-visual-territory-62"", ""accessNodeId"": ""SF286"", ""capacityBasis"": ""GEOGRAPHIC_SCENARIO_ESTIMATE""}",3926,0,0,197,90,15704.0,,,UNBUILT_OPTION,,,,,,,,,,,,,,
SF287,visual-territory-63,visual-territory-63-E2,气田开发,PROJECT-02,"[458, 647]",1462710.3621,MMBtu/sim-day,OP-63,GOV-63,DEVELOPMENT_OPTION,False,False,UNAPPROVED_SCENARIO_ASSET,EXISTING_MAP_POINT,RES266,"{""id"": ""SF287"", ""countryId"": ""visual-territory-63"", ""projectId"": ""PROJECT-02"", ""projectNumber"": 2, ""name"": ""气田开发"", ""lifecycle"": ""CANDIDATE"", ""operational"": false, ""estimatedCapacity"": 1462710.3621, ""capacityUnit"": ""MMBtu/sim-day"", ""requiredWorkers"": 4617, ""requiredPowerMW"": 83.106, ""requiredWaterM3Day"": 8311, ""maintenanceGcuDay"": 66190.21, ""equipmentUnits"": 231, ""constructionSimDays"": 402, ""recipeStatus"": ""CORE_COEFFICIENT_BINDING_REQUIRED"", ""inputCategories"": [""LABOUR"", ""MACHINERY"", ""ELECTRICITY"", ""NATURAL_GAS_DEVELOPED_RESERVE""], ""gridNodeId"": ""GRID-visual-territory-63"", ""accessNodeId"": ""SF287"", ""capacityBasis"": ""GEOGRAPHIC_SCENARIO_ESTIMATE""}",4617,0,0,231,90,18468.0,,,UNBUILT_OPTION,,,,,,,,,,,,,,
SF288,visual-territory-63,visual-territory-63-E2,油田开发,PROJECT-01,"[404, 581]",705026.506,barrel/sim-day,OP-63,GOV-63,DEVELOPMENT_OPTION,False,False,UNAPPROVED_SCENARIO_ASSET,EXISTING_MAP_POINT,RES267,"{""id"": ""SF288"", ""countryId"": ""visual-territory-63"", ""projectId"": ""PROJECT-01"", ""projectNumber"": 1, ""name"": ""油田开发"", ""lifecycle"": ""CANDIDATE"", ""operational"": false, ""estimatedCapacity"": 705026.506, ""capacityUnit"": ""barrel/sim-day"", ""requiredWorkers"": 4617, ""requiredPowerMW"": 83.106, ""requiredWaterM3Day"": 8311, ""maintenanceGcuDay"": 51036.53, ""equipmentUnits"": 231, ""constructionSimDays"": 396, ""recipeStatus"": ""CORE_COEFFICIENT_BINDING_REQUIRED"", ""inputCategories"": [""LABOUR"", ""MACHINERY"", ""ELECTRICITY"", ""CRUDE_OIL_DEVELOPED_RESERVE""], ""gridNodeId"": ""GRID-visual-territory-63"", ""accessNodeId"": ""SF288"", ""capacityBasis"": ""GEOGRAPHIC_SCENARIO_ESTIMATE""}",4617,0,0,231,90,18468.0,,,UNBUILT_OPTION,,,,,,,,,,,,,,
SF289,visual-territory-63,visual-territory-63-E2,铁矿,PROJECT-04,"[380, 671]",300332.243,tonne/sim-day,OP-63,GOV-63,DEVELOPMENT_OPTION,False,False,UNAPPROVED_SCENARIO_ASSET,EXISTING_MAP_POINT,RES268,"{""id"": ""SF289"", ""countryId"": ""visual-territory-63"", ""projectId"": ""PROJECT-04"", ""projectNumber"": 4, ""name"": ""铁矿"", ""lifecycle"": ""CANDIDATE"", ""operational"": false, ""estimatedCapacity"": 300332.243, ""capacityUnit"": ""tonne/sim-day"", ""requiredWorkers"": 7387, ""requiredPowerMW"": 132.966, ""requiredWaterM3Day"": 13297, ""maintenanceGcuDay"": 65102.64, ""equipmentUnits"": 369, ""constructionSimDays"": 557, ""recipeStatus"": ""CORE_COEFFICIENT_BINDING_REQUIRED"", ""inputCategories"": [""LABOUR"", ""MACHINERY"", ""ELECTRICITY"", ""IRON_ORE_DEVELOPED_RESERVE""], ""gridNodeId"": ""GRID-visual-territory-63"", ""accessNodeId"": ""SF289"", ""capacityBasis"": ""GEOGRAPHIC_SCENARIO_ESTIMATE""}",7387,0,0,370,90,29548.0,,,UNBUILT_OPTION,,,,,,,,,,,,,,
SF290,visual-territory-63,visual-territory-63-E1,太阳能设施,PROJECT-10,"[326, 604]",97445.05,MW,OP-63,GOV-63,DEVELOPMENT_OPTION,False,False,UNAPPROVED_SCENARIO_ASSET,EXISTING_MAP_POINT,,"{""id"": ""SF290"", ""countryId"": ""visual-territory-63"", ""projectId"": ""PROJECT-10"", ""projectNumber"": 10, ""name"": ""太阳能设施"", ""lifecycle"": ""CANDIDATE"", ""operational"": false, ""estimatedCapacity"": 97445.05, ""capacityUnit"": ""MW"", ""requiredWorkers"": 4617, ""requiredPowerMW"": 83.106, ""requiredWaterM3Day"": 8311, ""maintenanceGcuDay"": 38884.9, ""equipmentUnits"": 231, ""constructionSimDays"": 385, ""recipeStatus"": ""CORE_COEFFICIENT_BINDING_REQUIRED"", ""inputCategories"": [""LABOUR"", ""MACHINERY"", ""ELECTRICITY""], ""gridNodeId"": ""GRID-visual-territory-63"", ""accessNodeId"": ""SF290"", ""capacityBasis"": ""GEOGRAPHIC_SCENARIO_ESTIMATE""}",4617,0,0,231,90,18468.0,,,UNBUILT_OPTION,,,,,,,,,,,,,,
SF291,visual-territory-63,visual-territory-63-E1,风能设施,PROJECT-11,"[352, 545]",97445.05,MW,OP-63,GOV-63,DEVELOPMENT_OPTION,False,False,UNAPPROVED_SCENARIO_ASSET,EXISTING_MAP_POINT,,"{""id"": ""SF291"", ""countryId"": ""visual-territory-63"", ""projectId"": ""PROJECT-11"", ""projectNumber"": 11, ""name"": ""风能设施"", ""lifecycle"": ""CANDIDATE"", ""operational"": false, ""estimatedCapacity"": 97445.05, ""capacityUnit"": ""MW"", ""requiredWorkers"": 4617, ""requiredPowerMW"": 83.106, ""requiredWaterM3Day"": 8311, ""maintenanceGcuDay"": 38884.9, ""equipmentUnits"": 231, ""constructionSimDays"": 385, ""recipeStatus"": ""CORE_COEFFICIENT_BINDING_REQUIRED"", ""inputCategories"": [""LABOUR"", ""MACHINERY"", ""ELECTRICITY""], ""gridNodeId"": ""GRID-visual-territory-63"", ""accessNodeId"": ""SF291"", ""capacityBasis"": ""GEOGRAPHIC_SCENARIO_ESTIMATE""}",4617,0,0,231,90,18468.0,,,UNBUILT_OPTION,,,,,,,,,,,,,,
SF292,visual-territory-63,visual-territory-63-E2,物流枢纽,PROJECT-25,"[372, 615]",97445.05,tonne/sim-day,OP-63,GOV-63,DEVELOPMENT_OPTION,False,False,UNAPPROVED_SCENARIO_ASSET,EXISTING_MAP_POINT,,"{""id"": ""SF292"", ""countryId"": ""visual-territory-63"", ""projectId"": ""PROJECT-25"", ""projectNumber"": 25, ""name"": ""物流枢纽"", ""lifecycle"": ""CANDIDATE"", ""operational"": false, ""estimatedCapacity"": 97445.05, ""capacityUnit"": ""tonne/sim-day"", ""requiredWorkers"": 4617, ""requiredPowerMW"": 83.106, ""requiredWaterM3Day"": 8311, ""maintenanceGcuDay"": 38884.9, ""equipmentUnits"": 231, ""constructionSimDays"": 385, ""recipeStatus"": ""CORE_COEFFICIENT_BINDING_REQUIRED"", ""inputCategories"": [""LABOUR"", ""MACHINERY"", ""ELECTRICITY""], ""gridNodeId"": ""GRID-visual-territory-63"", ""accessNodeId"": ""SF292"", ""capacityBasis"": ""GEOGRAPHIC_SCENARIO_ESTIMATE""}",4617,0,0,231,90,18468.0,,,UNBUILT_OPTION,,,,,,,,,,,,,,
SF293,visual-territory-64,visual-territory-64-E1,铜矿,PROJECT-05,"[657, 295]",791.8582,tonne/sim-day,OP-64,GOV-64,DEVELOPMENT_OPTION,False,False,UNAPPROVED_SCENARIO_ASSET,EXISTING_MAP_POINT,RES09,"{""id"": ""SF293"", ""countryId"": ""visual-territory-64"", ""projectId"": ""PROJECT-05"", ""projectNumber"": 5, ""name"": ""铜矿"", ""lifecycle"": ""CANDIDATE"", ""operational"": false, ""estimatedCapacity"": 791.8582, ""capacityUnit"": ""tonne/sim-day"", ""requiredWorkers"": 9554, ""requiredPowerMW"": 171.972, ""requiredWaterM3Day"": 17197, ""maintenanceGcuDay"": 76447.84, ""equipmentUnits"": 478, ""constructionSimDays"": 669, ""recipeStatus"": ""CORE_COEFFICIENT_BINDING_REQUIRED"", ""inputCategories"": [""LABOUR"", ""MACHINERY"", ""ELECTRICITY"", ""COPPER_DEVELOPED_RESERVE""], ""gridNodeId"": ""GRID-visual-territory-64"", ""accessNodeId"": ""SF293"", ""capacityBasis"": ""GEOGRAPHIC_SCENARIO_ESTIMATE""}",9554,0,0,478,90,38216.0,,,UNBUILT_OPTION,,,,,,,,,,,,,,
SF294,visual-territory-64,visual-territory-64-E1,铀矿,PROJECT-03,"[692, 277]",1.041,tonne U/sim-day,OP-64,GOV-64,DEVELOPMENT_OPTION,False,False,UNAPPROVED_SCENARIO_ASSET,EXISTING_MAP_POINT,RES44,"{""id"": ""SF294"", ""countryId"": ""visual-territory-64"", ""projectId"": ""PROJECT-03"", ""projectNumber"": 3, ""name"": ""铀矿"", ""lifecycle"": ""CANDIDATE"", ""operational"": false, ""estimatedCapacity"": 1.041, ""capacityUnit"": ""tonne U/sim-day"", ""requiredWorkers"": 9554, ""requiredPowerMW"": 171.972, ""requiredWaterM3Day"": 17197, ""maintenanceGcuDay"": 76432.02, ""equipmentUnits"": 478, ""constructionSimDays"": 664, ""recipeStatus"": ""CORE_COEFFICIENT_BINDING_REQUIRED"", ""inputCategories"": [""LABOUR"", ""MACHINERY"", ""ELECTRICITY"", ""URANIUM_DEVELOPED_RESERVE""], ""gridNodeId"": ""GRID-visual-territory-64"", ""accessNodeId"": ""SF294"", ""capacityBasis"": ""GEOGRAPHIC_SCENARIO_ESTIMATE""}",9554,0,0,478,90,38216.0,,,UNBUILT_OPTION,,,,,,,,,,,,,,
SF295,visual-territory-64,visual-territory-64-E1,铁矿,PROJECT-04,"[686, 320]",166455.3176,tonne/sim-day,OP-64,GOV-64,DEVELOPMENT_OPTION,False,False,UNAPPROVED_SCENARIO_ASSET,EXISTING_MAP_POINT,RES77,"{""id"": ""SF295"", ""countryId"": ""visual-territory-64"", ""projectId"": ""PROJECT-04"", ""projectNumber"": 4, ""name"": ""铁矿"", ""lifecycle"": ""CANDIDATE"", ""operational"": false, ""estimatedCapacity"": 166455.3176, ""capacityUnit"": ""tonne/sim-day"", ""requiredWorkers"": 9554, ""requiredPowerMW"": 171.972, ""requiredWaterM3Day"": 17197, ""maintenanceGcuDay"": 79761.11, ""equipmentUnits"": 478, ""constructionSimDays"": 683, ""recipeStatus"": ""CORE_COEFFICIENT_BINDING_REQUIRED"", ""inputCategories"": [""LABOUR"", ""MACHINERY"", ""ELECTRICITY"", ""IRON_ORE_DEVELOPED_RESERVE""], ""gridNodeId"": ""GRID-visual-territory-64"", ""accessNodeId"": ""SF295"", ""capacityBasis"": ""GEOGRAPHIC_SCENARIO_ESTIMATE""}",9554,0,0,478,90,38216.0,,,UNBUILT_OPTION,,,,,,,,,,,,,,
SF296,visual-territory-64,visual-territory-64-E2,气田开发,PROJECT-02,"[830, 217]",1274200.2864,MMBtu/sim-day,OP-64,GOV-64,DEVELOPMENT_OPTION,False,False,UNAPPROVED_SCENARIO_ASSET,EXISTING_MAP_POINT,RES269,"{""id"": ""SF296"", ""countryId"": ""visual-territory-64"", ""projectId"": ""PROJECT-02"", ""projectNumber"": 2, ""name"": ""气田开发"", ""lifecycle"": ""CANDIDATE"", ""operational"": false, ""estimatedCapacity"": 1274200.2864, ""capacityUnit"": ""MMBtu/sim-day"", ""requiredWorkers"": 5971, ""requiredPowerMW"": 107.478, ""requiredWaterM3Day"": 10748, ""maintenanceGcuDay"": 73252.01, ""equipmentUnits"": 299, ""constructionSimDays"": 482, ""recipeStatus"": ""CORE_COEFFICIENT_BINDING_REQUIRED"", ""inputCategories"": [""LABOUR"", ""MACHINERY"", ""ELECTRICITY"", ""NATURAL_GAS_DEVELOPED_RESERVE""], ""gridNodeId"": ""GRID-visual-territory-64"", ""accessNodeId"": ""SF296"", ""capacityBasis"": ""GEOGRAPHIC_SCENARIO_ESTIMATE""}",5971,0,0,299,90,23884.0,,,UNBUILT_OPTION,,,,,,,,,,,,,,
SF297,visual-territory-64,visual-territory-64-E2,太阳能设施,PROJECT-10,"[710, 179]",126784.24,MW,OP-64,GOV-64,DEVELOPMENT_OPTION,False,False,UNAPPROVED_SCENARIO_ASSET,EXISTING_MAP_POINT,,"{""id"": ""SF297"", ""countryId"": ""visual-territory-64"", ""projectId"": ""PROJECT-10"", ""projectNumber"": 10, ""name"": ""太阳能设施"", ""lifecycle"": ""CANDIDATE"", ""operational"": false, ""estimatedCapacity"": 126784.24, ""capacityUnit"": ""MW"", ""requiredWorkers"": 5971, ""requiredPowerMW"": 107.478, ""requiredWaterM3Day"": 10748, ""maintenanceGcuDay"": 50303.68, ""equipmentUnits"": 299, ""constructionSimDays"": 467, ""recipeStatus"": ""CORE_COEFFICIENT_BINDING_REQUIRED"", ""inputCategories"": [""LABOUR"", ""MACHINERY"", ""ELECTRICITY""], ""gridNodeId"": ""GRID-visual-territory-64"", ""accessNodeId"": ""SF297"", ""capacityBasis"": ""GEOGRAPHIC_SCENARIO_ESTIMATE""}",5971,0,0,299,90,23884.0,,,UNBUILT_OPTION,,,,,,,,,,,,,,
SF298,visual-territory-64,visual-territory-64-E2,风能设施,PROJECT-11,"[772, 283]",126784.24,MW,OP-64,GOV-64,DEVELOPMENT_OPTION,False,False,UNAPPROVED_SCENARIO_ASSET,EXISTING_MAP_POINT,,"{""id"": ""SF298"", ""countryId"": ""visual-territory-64"", ""projectId"": ""PROJECT-11"", ""projectNumber"": 11, ""name"": ""风能设施"", ""lifecycle"": ""CANDIDATE"", ""operational"": false, ""estimatedCapacity"": 126784.24, ""capacityUnit"": ""MW"", ""requiredWorkers"": 5971, ""requiredPowerMW"": 107.478, ""requiredWaterM3Day"": 10748, ""maintenanceGcuDay"": 50303.68, ""equipmentUnits"": 299, ""constructionSimDays"": 467, ""recipeStatus"": ""CORE_COEFFICIENT_BINDING_REQUIRED"", ""inputCategories"": [""LABOUR"", ""MACHINERY"", ""ELECTRICITY""], ""gridNodeId"": ""GRID-visual-territory-64"", ""accessNodeId"": ""SF298"", ""capacityBasis"": ""GEOGRAPHIC_SCENARIO_ESTIMATE""}",5971,0,0,299,90,23884.0,,,UNBUILT_OPTION,,,,,,,,,,,,,,
SF299,visual-territory-64,visual-territory-64-E2,物流枢纽,PROJECT-25,"[774, 185]",126784.24,tonne/sim-day,OP-64,GOV-64,DEVELOPMENT_OPTION,False,False,UNAPPROVED_SCENARIO_ASSET,EXISTING_MAP_POINT,,"{""id"": ""SF299"", ""countryId"": ""visual-territory-64"", ""projectId"": ""PROJECT-25"", ""projectNumber"": 25, ""name"": ""物流枢纽"", ""lifecycle"": ""CANDIDATE"", ""operational"": false, ""estimatedCapacity"": 126784.24, ""capacityUnit"": ""tonne/sim-day"", ""requiredWorkers"": 5971, ""requiredPowerMW"": 107.478, ""requiredWaterM3Day"": 10748, ""maintenanceGcuDay"": 50303.68, ""equipmentUnits"": 299, ""constructionSimDays"": 467, ""recipeStatus"": ""CORE_COEFFICIENT_BINDING_REQUIRED"", ""inputCategories"": [""LABOUR"", ""MACHINERY"", ""ELECTRICITY""], ""gridNodeId"": ""GRID-visual-territory-64"", ""accessNodeId"": ""SF299"", ""capacityBasis"": ""GEOGRAPHIC_SCENARIO_ESTIMATE""}",5971,0,0,299,90,23884.0,,,UNBUILT_OPTION,,,,,,,,,,,,,,
SF300,visual-territory-64,visual-territory-64-E1,基础教育设施,PROJECT-31,"[654, 247]",126784.24,student-seat,OP-64,GOV-64,DEVELOPMENT_OPTION,False,False,UNAPPROVED_SCENARIO_ASSET,EXISTING_MAP_POINT,,"{""id"": ""SF300"", ""countryId"": ""visual-territory-64"", ""projectId"": ""PROJECT-31"", ""projectNumber"": 31, ""name"": ""基础教育设施"", ""lifecycle"": ""CANDIDATE"", ""operational"": false, ""estimatedCapacity"": 126784.24, ""capacityUnit"": ""student-seat"", ""requiredWorkers"": 5971, ""requiredPowerMW"": 107.478, ""requiredWaterM3Day"": 10748, ""maintenanceGcuDay"": 50303.68, ""equipmentUnits"": 299, ""constructionSimDays"": 467, ""recipeStatus"": ""CORE_COEFFICIENT_BINDING_REQUIRED"", ""inputCategories"": [""LABOUR"", ""MACHINERY"", ""ELECTRICITY""], ""gridNodeId"": ""GRID-visual-territory-64"", ""accessNodeId"": ""SF300"", ""capacityBasis"": ""GEOGRAPHIC_SCENARIO_ESTIMATE""}",5971,0,0,299,90,23884.0,,,UNBUILT_OPTION,,,,,,,,,,,,,,
SF301,visual-territory-65,visual-territory-65-E1,铜矿,PROJECT-05,"[536, 328]",44379.7971,tonne/sim-day,OP-65,GOV-65,DEVELOPMENT_OPTION,False,False,UNAPPROVED_SCENARIO_ASSET,EXISTING_MAP_POINT,RES270,"{""id"": ""SF301"", ""countryId"": ""visual-territory-65"", ""projectId"": ""PROJECT-05"", ""projectNumber"": 5, ""name"": ""铜矿"", ""lifecycle"": ""CANDIDATE"", ""operational"": false, ""estimatedCapacity"": 44379.7971, ""capacityUnit"": ""tonne/sim-day"", ""requiredWorkers"": 6916, ""requiredPowerMW"": 124.488, ""requiredWaterM3Day"": 12449, ""maintenanceGcuDay"": 56215.6, ""equipmentUnits"": 346, ""constructionSimDays"": 519, ""recipeStatus"": ""CORE_COEFFICIENT_BINDING_REQUIRED"", ""inputCategories"": [""LABOUR"", ""MACHINERY"", ""ELECTRICITY"", ""COPPER_DEVELOPED_RESERVE""], ""gridNodeId"": ""GRID-visual-territory-65"", ""accessNodeId"": ""SF301"", ""capacityBasis"": ""GEOGRAPHIC_SCENARIO_ESTIMATE""}",6916,0,0,346,90,27664.0,,,UNBUILT_OPTION,,,,,,,,,,,,,,
SF302,visual-territory-65,visual-territory-65-E2,太阳能设施,PROJECT-10,"[673, 342]",99657.15,MW,OP-65,GOV-65,DEVELOPMENT_OPTION,False,False,UNAPPROVED_SCENARIO_ASSET,EXISTING_MAP_POINT,,"{""id"": ""SF302"", ""countryId"": ""visual-territory-65"", ""projectId"": ""PROJECT-10"", ""projectNumber"": 10, ""name"": ""太阳能设施"", ""lifecycle"": ""CANDIDATE"", ""operational"": false, ""estimatedCapacity"": 99657.15, ""capacityUnit"": ""MW"", ""requiredWorkers"": 4323, ""requiredPowerMW"": 77.814, ""requiredWaterM3Day"": 7781, ""maintenanceGcuDay"": 36577.14, ""equipmentUnits"": 216, ""constructionSimDays"": 367, ""recipeStatus"": ""CORE_COEFFICIENT_BINDING_REQUIRED"", ""inputCategories"": [""LABOUR"", ""MACHINERY"", ""ELECTRICITY""], ""gridNodeId"": ""GRID-visual-territory-65"", ""accessNodeId"": ""SF302"", ""capacityBasis"": ""GEOGRAPHIC_SCENARIO_ESTIMATE""}",4323,0,0,217,90,17292.0,,,UNBUILT_OPTION,,,,,,,,,,,,,,
SF303,visual-territory-65,visual-territory-65-E2,风能设施,PROJECT-11,"[625, 258]",99657.15,MW,OP-65,GOV-65,DEVELOPMENT_OPTION,False,False,UNAPPROVED_SCENARIO_ASSET,EXISTING_MAP_POINT,,"{""id"": ""SF303"", ""countryId"": ""visual-territory-65"", ""projectId"": ""PROJECT-11"", ""projectNumber"": 11, ""name"": ""风能设施"", ""lifecycle"": ""CANDIDATE"", ""operational"": false, ""estimatedCapacity"": 99657.15, ""capacityUnit"": ""MW"", ""requiredWorkers"": 4323, ""requiredPowerMW"": 77.814, ""requiredWaterM3Day"": 7781, ""maintenanceGcuDay"": 36577.14, ""equipmentUnits"": 216, ""constructionSimDays"": 367, ""recipeStatus"": ""CORE_COEFFICIENT_BINDING_REQUIRED"", ""inputCategories"": [""LABOUR"", ""MACHINERY"", ""ELECTRICITY""], ""gridNodeId"": ""GRID-visual-territory-65"", ""accessNodeId"": ""SF303"", ""capacityBasis"": ""GEOGRAPHIC_SCENARIO_ESTIMATE""}",4323,0,0,217,90,17292.0,,,UNBUILT_OPTION,,,,,,,,,,,,,,
SF304,visual-territory-65,visual-territory-65-E1,物流枢纽,PROJECT-25,"[602, 380]",99657.15,tonne/sim-day,OP-65,GOV-65,DEVELOPMENT_OPTION,False,False,UNAPPROVED_SCENARIO_ASSET,EXISTING_MAP_POINT,,"{""id"": ""SF304"", ""countryId"": ""visual-territory-65"", ""projectId"": ""PROJECT-25"", ""projectNumber"": 25, ""name"": ""物流枢纽"", ""lifecycle"": ""CANDIDATE"", ""operational"": false, ""estimatedCapacity"": 99657.15, ""capacityUnit"": ""tonne/sim-day"", ""requiredWorkers"": 4323, ""requiredPowerMW"": 77.814, ""requiredWaterM3Day"": 7781, ""maintenanceGcuDay"": 36577.14, ""equipmentUnits"": 216, ""constructionSimDays"": 367, ""recipeStatus"": ""CORE_COEFFICIENT_BINDING_REQUIRED"", ""inputCategories"": [""LABOUR"", ""MACHINERY"", ""ELECTRICITY""], ""gridNodeId"": ""GRID-visual-territory-65"", ""accessNodeId"": ""SF304"", ""capacityBasis"": ""GEOGRAPHIC_SCENARIO_ESTIMATE""}",4323,0,0,217,90,17292.0,,,UNBUILT_OPTION,,,,,,,,,,,,,,
SF305,visual-territory-65,visual-territory-65-E1,基础教育设施,PROJECT-31,"[599, 316]",99657.15,student-seat,OP-65,GOV-65,DEVELOPMENT_OPTION,False,False,UNAPPROVED_SCENARIO_ASSET,EXISTING_MAP_POINT,,"{""id"": ""SF305"", ""countryId"": ""visual-territory-65"", ""projectId"": ""PROJECT-31"", ""projectNumber"": 31, ""name"": ""基础教育设施"", ""lifecycle"": ""CANDIDATE"", ""operational"": false, ""estimatedCapacity"": 99657.15, ""capacityUnit"": ""student-seat"", ""requiredWorkers"": 4323, ""requiredPowerMW"": 77.814, ""requiredWaterM3Day"": 7781, ""maintenanceGcuDay"": 36577.14, ""equipmentUnits"": 216, ""constructionSimDays"": 367, ""recipeStatus"": ""CORE_COEFFICIENT_BINDING_REQUIRED"", ""inputCategories"": [""LABOUR"", ""MACHINERY"", ""ELECTRICITY""], ""gridNodeId"": ""GRID-visual-territory-65"", ""accessNodeId"": ""SF305"", ""capacityBasis"": ""GEOGRAPHIC_SCENARIO_ESTIMATE""}",4323,0,0,217,90,17292.0,,,UNBUILT_OPTION,,,,,,,,,,,,,,
SF306,visual-territory-65,visual-territory-65-E2,基层医疗设施,PROJECT-34,"[654, 297]",99657.15,patient-visit/sim-day,OP-65,GOV-65,DEVELOPMENT_OPTION,False,False,UNAPPROVED_SCENARIO_ASSET,EXISTING_MAP_POINT,,"{""id"": ""SF306"", ""countryId"": ""visual-territory-65"", ""projectId"": ""PROJECT-34"", ""projectNumber"": 34, ""name"": ""基层医疗设施"", ""lifecycle"": ""CANDIDATE"", ""operational"": false, ""estimatedCapacity"": 99657.15, ""capacityUnit"": ""patient-visit/sim-day"", ""requiredWorkers"": 4323, ""requiredPowerMW"": 77.814, ""requiredWaterM3Day"": 7781, ""maintenanceGcuDay"": 36577.14, ""equipmentUnits"": 216, ""constructionSimDays"": 367, ""recipeStatus"": ""CORE_COEFFICIENT_BINDING_REQUIRED"", ""inputCategories"": [""LABOUR"", ""MACHINERY"", ""ELECTRICITY""], ""gridNodeId"": ""GRID-visual-territory-65"", ""accessNodeId"": ""SF306"", ""capacityBasis"": ""GEOGRAPHIC_SCENARIO_ESTIMATE""}",4323,0,0,217,90,17292.0,,,UNBUILT_OPTION,,,,,,,,,,,,,,
SF307,visual-territory-66,visual-territory-66-E1,铜矿,PROJECT-05,"[934, 345]",7694.0652,tonne/sim-day,OP-66,GOV-66,DEVELOPMENT_OPTION,False,False,UNAPPROVED_SCENARIO_ASSET,EXISTING_MAP_POINT,RES14,"{""id"": ""SF307"", ""countryId"": ""visual-territory-66"", ""projectId"": ""PROJECT-05"", ""projectNumber"": 5, ""name"": ""铜矿"", ""lifecycle"": ""CANDIDATE"", ""operational"": false, ""estimatedCapacity"": 7694.0652, ""capacityUnit"": ""tonne/sim-day"", ""requiredWorkers"": 8547, ""requiredPowerMW"": 153.846, ""requiredWaterM3Day"": 15385, ""maintenanceGcuDay"": 68529.88, ""equipmentUnits"": 427, ""constructionSimDays"": 612, ""recipeStatus"": ""CORE_COEFFICIENT_BINDING_REQUIRED"", ""inputCategories"": [""LABOUR"", ""MACHINERY"", ""ELECTRICITY"", ""COPPER_DEVELOPED_RESERVE""], ""gridNodeId"": ""GRID-visual-territory-66"", ""accessNodeId"": ""SF307"", ""capacityBasis"": ""GEOGRAPHIC_SCENARIO_ESTIMATE""}",8547,0,0,428,90,34188.0,,,UNBUILT_OPTION,,,,,,,,,,,,,,
SF308,visual-territory-66,visual-territory-66-E2,油田开发,PROJECT-01,"[988, 343]",255000.9242,barrel/sim-day,OP-66,GOV-66,DEVELOPMENT_OPTION,False,False,UNAPPROVED_SCENARIO_ASSET,EXISTING_MAP_POINT,RES41,"{""id"": ""SF308"", ""countryId"": ""visual-territory-66"", ""projectId"": ""PROJECT-01"", ""projectNumber"": 1, ""name"": ""油田开发"", ""lifecycle"": ""CANDIDATE"", ""operational"": false, ""estimatedCapacity"": 255000.9242, ""capacityUnit"": ""barrel/sim-day"", ""requiredWorkers"": 5342, ""requiredPowerMW"": 96.156, ""requiredWaterM3Day"": 9616, ""maintenanceGcuDay"": 47836.02, ""equipmentUnits"": 267, ""constructionSimDays"": 433, ""recipeStatus"": ""CORE_COEFFICIENT_BINDING_REQUIRED"", ""inputCategories"": [""LABOUR"", ""MACHINERY"", ""ELECTRICITY"", ""CRUDE_OIL_DEVELOPED_RESERVE""], ""gridNodeId"": ""GRID-visual-territory-66"", ""accessNodeId"": ""SF308"", ""capacityBasis"": ""GEOGRAPHIC_SCENARIO_ESTIMATE""}",5342,0,0,268,90,21368.0,,,UNBUILT_OPTION,,,,,,,,,,,,,,
SF309,visual-territory-66,visual-territory-66-E1,锂矿,PROJECT-06,"[943, 177]",317.0968,tonne LCE/sim-day,OP-66,GOV-66,DEVELOPMENT_OPTION,False,False,UNAPPROVED_SCENARIO_ASSET,EXISTING_MAP_POINT,RES45,"{""id"": ""SF309"", ""countryId"": ""visual-territory-66"", ""projectId"": ""PROJECT-06"", ""projectNumber"": 6, ""name"": ""锂矿"", ""lifecycle"": ""CANDIDATE"", ""operational"": false, ""estimatedCapacity"": 317.0968, ""capacityUnit"": ""tonne LCE/sim-day"", ""requiredWorkers"": 8547, ""requiredPowerMW"": 153.846, ""requiredWaterM3Day"": 15385, ""maintenanceGcuDay"": 68382.34, ""equipmentUnits"": 427, ""constructionSimDays"": 607, ""recipeStatus"": ""CORE_COEFFICIENT_BINDING_REQUIRED"", ""inputCategories"": [""LABOUR"", ""MACHINERY"", ""ELECTRICITY"", ""LITHIUM_DEVELOPED_RESERVE""], ""gridNodeId"": ""GRID-visual-territory-66"", ""accessNodeId"": ""SF309"", ""capacityBasis"": ""GEOGRAPHIC_SCENARIO_ESTIMATE""}",8547,0,0,428,90,34188.0,,,UNBUILT_OPTION,,,,,,,,,,,,,,
SF310,visual-territory-66,visual-territory-66-E2,气田开发,PROJECT-02,"[954, 330]",496871.0928,MMBtu/sim-day,OP-66,GOV-66,DEVELOPMENT_OPTION,False,False,UNAPPROVED_SCENARIO_ASSET,EXISTING_MAP_POINT,RES47,"{""id"": ""SF310"", ""countryId"": ""visual-territory-66"", ""projectId"": ""PROJECT-02"", ""projectNumber"": 2, ""name"": ""气田开发"", ""lifecycle"": ""CANDIDATE"", ""operational"": false, ""estimatedCapacity"": 496871.0928, ""capacityUnit"": ""MMBtu/sim-day"", ""requiredWorkers"": 5342, ""requiredPowerMW"": 96.156, ""requiredWaterM3Day"": 9616, ""maintenanceGcuDay"": 52673.42, ""equipmentUnits"": 267, ""constructionSimDays"": 437, ""recipeStatus"": ""CORE_COEFFICIENT_BINDING_REQUIRED"", ""inputCategories"": [""LABOUR"", ""MACHINERY"", ""ELECTRICITY"", ""NATURAL_GAS_DEVELOPED_RESERVE""], ""gridNodeId"": ""GRID-visual-territory-66"", ""accessNodeId"": ""SF310"", ""capacityBasis"": ""GEOGRAPHIC_SCENARIO_ESTIMATE""}",5342,0,0,268,90,21368.0,,,UNBUILT_OPTION,,,,,,,,,,,,,,
SF311,visual-territory-66,visual-territory-66-E2,油田开发,PROJECT-01,"[977, 320]",474801.5628,barrel/sim-day,OP-66,GOV-66,DEVELOPMENT_OPTION,False,False,UNAPPROVED_SCENARIO_ASSET,EXISTING_MAP_POINT,RES79,"{""id"": ""SF311"", ""countryId"": ""visual-territory-66"", ""projectId"": ""PROJECT-01"", ""projectNumber"": 1, ""name"": ""油田开发"", ""lifecycle"": ""CANDIDATE"", ""operational"": false, ""estimatedCapacity"": 474801.5628, ""capacityUnit"": ""barrel/sim-day"", ""requiredWorkers"": 5342, ""requiredPowerMW"": 96.156, ""requiredWaterM3Day"": 9616, ""maintenanceGcuDay"": 52232.03, ""equipmentUnits"": 267, ""constructionSimDays"": 437, ""recipeStatus"": ""CORE_COEFFICIENT_BINDING_REQUIRED"", ""inputCategories"": [""LABOUR"", ""MACHINERY"", ""ELECTRICITY"", ""CRUDE_OIL_DEVELOPED_RESERVE""], ""gridNodeId"": ""GRID-visual-territory-66"", ""accessNodeId"": ""SF311"", ""capacityBasis"": ""GEOGRAPHIC_SCENARIO_ESTIMATE""}",5342,0,0,268,90,21368.0,,,UNBUILT_OPTION,,,,,,,,,,,,,,
SF312,visual-territory-66,visual-territory-66-E2,太阳能设施,PROJECT-10,"[1092, 327]",114133.05,MW,OP-66,GOV-66,DEVELOPMENT_OPTION,False,False,UNAPPROVED_SCENARIO_ASSET,EXISTING_MAP_POINT,,"{""id"": ""SF312"", ""countryId"": ""visual-territory-66"", ""projectId"": ""PROJECT-10"", ""projectNumber"": 10, ""name"": ""太阳能设施"", ""lifecycle"": ""CANDIDATE"", ""operational"": false, ""estimatedCapacity"": 114133.05, ""capacityUnit"": ""MW"", ""requiredWorkers"": 5342, ""requiredPowerMW"": 96.156, ""requiredWaterM3Day"": 9616, ""maintenanceGcuDay"": 45018.66, ""equipmentUnits"": 267, ""constructionSimDays"": 429, ""recipeStatus"": ""CORE_COEFFICIENT_BINDING_REQUIRED"", ""inputCategories"": [""LABOUR"", ""MACHINERY"", ""ELECTRICITY""], ""gridNodeId"": ""GRID-visual-territory-66"", ""accessNodeId"": ""SF312"", ""capacityBasis"": ""GEOGRAPHIC_SCENARIO_ESTIMATE""}",5342,0,0,268,90,21368.0,,,UNBUILT_OPTION,,,,,,,,,,,,,,
SF313,visual-territory-66,visual-territory-66-E1,风能设施,PROJECT-11,"[910, 403]",114133.05,MW,OP-66,GOV-66,DEVELOPMENT_OPTION,False,False,UNAPPROVED_SCENARIO_ASSET,EXISTING_MAP_POINT,,"{""id"": ""SF313"", ""countryId"": ""visual-territory-66"", ""projectId"": ""PROJECT-11"", ""projectNumber"": 11, ""name"": ""风能设施"", ""lifecycle"": ""CANDIDATE"", ""operational"": false, ""estimatedCapacity"": 114133.05, ""capacityUnit"": ""MW"", ""requiredWorkers"": 5342, ""requiredPowerMW"": 96.156, ""requiredWaterM3Day"": 9616, ""maintenanceGcuDay"": 45018.66, ""equipmentUnits"": 267, ""constructionSimDays"": 429, ""recipeStatus"": ""CORE_COEFFICIENT_BINDING_REQUIRED"", ""inputCategories"": [""LABOUR"", ""MACHINERY"", ""ELECTRICITY""], ""gridNodeId"": ""GRID-visual-territory-66"", ""accessNodeId"": ""SF313"", ""capacityBasis"": ""GEOGRAPHIC_SCENARIO_ESTIMATE""}",5342,0,0,268,90,21368.0,,,UNBUILT_OPTION,,,,,,,,,,,,,,
SF314,visual-territory-67,visual-territory-67-E1,铜矿,PROJECT-05,"[496, 698]",5545.9556,tonne/sim-day,OP-67,GOV-67,DEVELOPMENT_OPTION,False,False,UNAPPROVED_SCENARIO_ASSET,EXISTING_MAP_POINT,RES18,"{""id"": ""SF314"", ""countryId"": ""visual-territory-67"", ""projectId"": ""PROJECT-05"", ""projectNumber"": 5, ""name"": ""铜矿"", ""lifecycle"": ""CANDIDATE"", ""operational"": false, ""estimatedCapacity"": 5545.9556, ""capacityUnit"": ""tonne/sim-day"", ""requiredWorkers"": 6068, ""requiredPowerMW"": 109.224, ""requiredWaterM3Day"": 10922, ""maintenanceGcuDay"": 48654.92, ""equipmentUnits"": 303, ""constructionSimDays"": 463, ""recipeStatus"": ""CORE_COEFFICIENT_BINDING_REQUIRED"", ""inputCategories"": [""LABOUR"", ""MACHINERY"", ""ELECTRICITY"", ""COPPER_DEVELOPED_RESERVE""], ""gridNodeId"": ""GRID-visual-territory-67"", ""accessNodeId"": ""SF314"", ""capacityBasis"": ""GEOGRAPHIC_SCENARIO_ESTIMATE""}",6068,0,0,304,90,24272.0,,,UNBUILT_OPTION,,,,,,,,,,,,,,
SF315,visual-territory-67,visual-territory-67-E2,油田开发,PROJECT-01,"[511, 718]",561062.3378,barrel/sim-day,OP-67,GOV-67,DEVELOPMENT_OPTION,False,False,UNAPPROVED_SCENARIO_ASSET,EXISTING_MAP_POINT,RES48,"{""id"": ""SF315"", ""countryId"": ""visual-territory-67"", ""projectId"": ""PROJECT-01"", ""projectNumber"": 1, ""name"": ""油田开发"", ""lifecycle"": ""CANDIDATE"", ""operational"": false, ""estimatedCapacity"": 561062.3378, ""capacityUnit"": ""barrel/sim-day"", ""requiredWorkers"": 3792, ""requiredPowerMW"": 68.256, ""requiredWaterM3Day"": 6826, ""maintenanceGcuDay"": 41557.25, ""equipmentUnits"": 190, ""constructionSimDays"": 345, ""recipeStatus"": ""CORE_COEFFICIENT_BINDING_REQUIRED"", ""inputCategories"": [""LABOUR"", ""MACHINERY"", ""ELECTRICITY"", ""CRUDE_OIL_DEVELOPED_RESERVE""], ""gridNodeId"": ""GRID-visual-territory-67"", ""accessNodeId"": ""SF315"", ""capacityBasis"": ""GEOGRAPHIC_SCENARIO_ESTIMATE""}",3792,0,0,190,90,15168.0,,,UNBUILT_OPTION,,,,,,,,,,,,,,
SF316,visual-territory-67,visual-territory-67-E1,太阳能设施,PROJECT-10,"[398, 708]",76709.1,MW,OP-67,GOV-67,DEVELOPMENT_OPTION,False,False,UNAPPROVED_SCENARIO_ASSET,EXISTING_MAP_POINT,,"{""id"": ""SF316"", ""countryId"": ""visual-territory-67"", ""projectId"": ""PROJECT-10"", ""projectNumber"": 10, ""name"": ""太阳能设施"", ""lifecycle"": ""CANDIDATE"", ""operational"": false, ""estimatedCapacity"": 76709.1, ""capacityUnit"": ""MW"", ""requiredWorkers"": 3792, ""requiredPowerMW"": 68.256, ""requiredWaterM3Day"": 6826, ""maintenanceGcuDay"": 31870.18, ""equipmentUnits"": 190, ""constructionSimDays"": 334, ""recipeStatus"": ""CORE_COEFFICIENT_BINDING_REQUIRED"", ""inputCategories"": [""LABOUR"", ""MACHINERY"", ""ELECTRICITY""], ""gridNodeId"": ""GRID-visual-territory-67"", ""accessNodeId"": ""SF316"", ""capacityBasis"": ""GEOGRAPHIC_SCENARIO_ESTIMATE""}",3792,0,0,190,90,15168.0,,,UNBUILT_OPTION,,,,,,,,,,,,,,
SF317,visual-territory-67,visual-territory-67-E1,风能设施,PROJECT-11,"[448, 791]",76709.1,MW,OP-67,GOV-67,DEVELOPMENT_OPTION,False,False,UNAPPROVED_SCENARIO_ASSET,EXISTING_MAP_POINT,,"{""id"": ""SF317"", ""countryId"": ""visual-territory-67"", ""projectId"": ""PROJECT-11"", ""projectNumber"": 11, ""name"": ""风能设施"", ""lifecycle"": ""CANDIDATE"", ""operational"": false, ""estimatedCapacity"": 76709.1, ""capacityUnit"": ""MW"", ""requiredWorkers"": 3792, ""requiredPowerMW"": 68.256, ""requiredWaterM3Day"": 6826, ""maintenanceGcuDay"": 31870.18, ""equipmentUnits"": 190, ""constructionSimDays"": 334, ""recipeStatus"": ""CORE_COEFFICIENT_BINDING_REQUIRED"", ""inputCategories"": [""LABOUR"", ""MACHINERY"", ""ELECTRICITY""], ""gridNodeId"": ""GRID-visual-territory-67"", ""accessNodeId"": ""SF317"", ""capacityBasis"": ""GEOGRAPHIC_SCENARIO_ESTIMATE""}",3792,0,0,190,90,15168.0,,,UNBUILT_OPTION,,,,,,,,,,,,,,
SF318,visual-territory-67,visual-territory-67-E2,物流枢纽,PROJECT-25,"[562, 755]",76709.1,tonne/sim-day,OP-67,GOV-67,DEVELOPMENT_OPTION,False,False,UNAPPROVED_SCENARIO_ASSET,EXISTING_MAP_POINT,,"{""id"": ""SF318"", ""countryId"": ""visual-territory-67"", ""projectId"": ""PROJECT-25"", ""projectNumber"": 25, ""name"": ""物流枢纽"", ""lifecycle"": ""CANDIDATE"", ""operational"": false, ""estimatedCapacity"": 76709.1, ""capacityUnit"": ""tonne/sim-day"", ""requiredWorkers"": 3792, ""requiredPowerMW"": 68.256, ""requiredWaterM3Day"": 6826, ""maintenanceGcuDay"": 31870.18, ""equipmentUnits"": 190, ""constructionSimDays"": 334, ""recipeStatus"": ""CORE_COEFFICIENT_BINDING_REQUIRED"", ""inputCategories"": [""LABOUR"", ""MACHINERY"", ""ELECTRICITY""], ""gridNodeId"": ""GRID-visual-territory-67"", ""accessNodeId"": ""SF318"", ""capacityBasis"": ""GEOGRAPHIC_SCENARIO_ESTIMATE""}",3792,0,0,190,90,15168.0,,,UNBUILT_OPTION,,,,,,,,,,,,,,
SF319,visual-territory-68,visual-territory-68-E1,铁矿,PROJECT-04,"[432, 572]",679325.7935,tonne/sim-day,OP-68,GOV-68,DEVELOPMENT_OPTION,False,False,UNAPPROVED_SCENARIO_ASSET,EXISTING_MAP_POINT,RES277,"{""id"": ""SF319"", ""countryId"": ""visual-territory-68"", ""projectId"": ""PROJECT-04"", ""projectNumber"": 4, ""name"": ""铁矿"", ""lifecycle"": ""CANDIDATE"", ""operational"": false, ""estimatedCapacity"": 679325.7935, ""capacityUnit"": ""tonne/sim-day"", ""requiredWorkers"": 5379, ""requiredPowerMW"": 96.822, ""requiredWaterM3Day"": 9682, ""maintenanceGcuDay"": 56618.52, ""equipmentUnits"": 269, ""constructionSimDays"": 441, ""recipeStatus"": ""CORE_COEFFICIENT_BINDING_REQUIRED"", ""inputCategories"": [""LABOUR"", ""MACHINERY"", ""ELECTRICITY"", ""IRON_ORE_DEVELOPED_RESERVE""], ""gridNodeId"": ""GRID-visual-territory-68"", ""accessNodeId"": ""SF319"", ""capacityBasis"": ""GEOGRAPHIC_SCENARIO_ESTIMATE""}",5379,0,0,269,90,21516.0,,,UNBUILT_OPTION,,,,,,,,,,,,,,
SF320,visual-territory-68,visual-territory-68-E2,太阳能设施,PROJECT-10,"[576, 622]",72339.14,MW,OP-68,GOV-68,DEVELOPMENT_OPTION,False,False,UNAPPROVED_SCENARIO_ASSET,EXISTING_MAP_POINT,,"{""id"": ""SF320"", ""countryId"": ""visual-territory-68"", ""projectId"": ""PROJECT-10"", ""projectNumber"": 10, ""name"": ""太阳能设施"", ""lifecycle"": ""CANDIDATE"", ""operational"": false, ""estimatedCapacity"": 72339.14, ""capacityUnit"": ""MW"", ""requiredWorkers"": 3362, ""requiredPowerMW"": 60.516, ""requiredWaterM3Day"": 6052, ""maintenanceGcuDay"": 28342.78, ""equipmentUnits"": 168, ""constructionSimDays"": 308, ""recipeStatus"": ""CORE_COEFFICIENT_BINDING_REQUIRED"", ""inputCategories"": [""LABOUR"", ""MACHINERY"", ""ELECTRICITY""], ""gridNodeId"": ""GRID-visual-territory-68"", ""accessNodeId"": ""SF320"", ""capacityBasis"": ""GEOGRAPHIC_SCENARIO_ESTIMATE""}",3362,0,0,169,90,13448.0,,,UNBUILT_OPTION,,,,,,,,,,,,,,
SF321,visual-territory-68,visual-territory-68-E2,风能设施,PROJECT-11,"[496, 620]",72339.14,MW,OP-68,GOV-68,DEVELOPMENT_OPTION,False,False,UNAPPROVED_SCENARIO_ASSET,EXISTING_MAP_POINT,,"{""id"": ""SF321"", ""countryId"": ""visual-territory-68"", ""projectId"": ""PROJECT-11"", ""projectNumber"": 11, ""name"": ""风能设施"", ""lifecycle"": ""CANDIDATE"", ""operational"": false, ""estimatedCapacity"": 72339.14, ""capacityUnit"": ""MW"", ""requiredWorkers"": 3362, ""requiredPowerMW"": 60.516, ""requiredWaterM3Day"": 6052, ""maintenanceGcuDay"": 28342.78, ""equipmentUnits"": 168, ""constructionSimDays"": 308, ""recipeStatus"": ""CORE_COEFFICIENT_BINDING_REQUIRED"", ""inputCategories"": [""LABOUR"", ""MACHINERY"", ""ELECTRICITY""], ""gridNodeId"": ""GRID-visual-territory-68"", ""accessNodeId"": ""SF321"", ""capacityBasis"": ""GEOGRAPHIC_SCENARIO_ESTIMATE""}",3362,0,0,169,90,13448.0,,,UNBUILT_OPTION,,,,,,,,,,,,,,
SF322,visual-territory-68,visual-territory-68-E1,物流枢纽,PROJECT-25,"[494, 558]",72339.14,tonne/sim-day,OP-68,GOV-68,DEVELOPMENT_OPTION,False,False,UNAPPROVED_SCENARIO_ASSET,EXISTING_MAP_POINT,,"{""id"": ""SF322"", ""countryId"": ""visual-territory-68"", ""projectId"": ""PROJECT-25"", ""projectNumber"": 25, ""name"": ""物流枢纽"", ""lifecycle"": ""CANDIDATE"", ""operational"": false, ""estimatedCapacity"": 72339.14, ""capacityUnit"": ""tonne/sim-day"", ""requiredWorkers"": 3362, ""requiredPowerMW"": 60.516, ""requiredWaterM3Day"": 6052, ""maintenanceGcuDay"": 28342.78, ""equipmentUnits"": 168, ""constructionSimDays"": 308, ""recipeStatus"": ""CORE_COEFFICIENT_BINDING_REQUIRED"", ""inputCategories"": [""LABOUR"", ""MACHINERY"", ""ELECTRICITY""], ""gridNodeId"": ""GRID-visual-territory-68"", ""accessNodeId"": ""SF322"", ""capacityBasis"": ""GEOGRAPHIC_SCENARIO_ESTIMATE""}",3362,0,0,169,90,13448.0,,,UNBUILT_OPTION,,,,,,,,,,,,,,
SF323,visual-territory-68,visual-territory-68-E1,基础教育设施,PROJECT-31,"[444, 512]",72339.14,student-seat,OP-68,GOV-68,DEVELOPMENT_OPTION,False,False,UNAPPROVED_SCENARIO_ASSET,EXISTING_MAP_POINT,,"{""id"": ""SF323"", ""countryId"": ""visual-territory-68"", ""projectId"": ""PROJECT-31"", ""projectNumber"": 31, ""name"": ""基础教育设施"", ""lifecycle"": ""CANDIDATE"", ""operational"": false, ""estimatedCapacity"": 72339.14, ""capacityUnit"": ""student-seat"", ""requiredWorkers"": 3362, ""requiredPowerMW"": 60.516, ""requiredWaterM3Day"": 6052, ""maintenanceGcuDay"": 28342.78, ""equipmentUnits"": 168, ""constructionSimDays"": 308, ""recipeStatus"": ""CORE_COEFFICIENT_BINDING_REQUIRED"", ""inputCategories"": [""LABOUR"", ""MACHINERY"", ""ELECTRICITY""], ""gridNodeId"": ""GRID-visual-territory-68"", ""accessNodeId"": ""SF323"", ""capacityBasis"": ""GEOGRAPHIC_SCENARIO_ESTIMATE""}",3362,0,0,169,90,13448.0,,,UNBUILT_OPTION,,,,,,,,,,,,,,
SF324,visual-territory-69,visual-territory-69-E1,铁矿,PROJECT-04,"[200, 692]",256040.4376,tonne/sim-day,OP-69,GOV-69,DEVELOPMENT_OPTION,False,False,UNAPPROVED_SCENARIO_ASSET,EXISTING_MAP_POINT,RES83,"{""id"": ""SF324"", ""countryId"": ""visual-territory-69"", ""projectId"": ""PROJECT-04"", ""projectNumber"": 4, ""name"": ""铁矿"", ""lifecycle"": ""CANDIDATE"", ""operational"": false, ""estimatedCapacity"": 256040.4376, ""capacityUnit"": ""tonne/sim-day"", ""requiredWorkers"": 4924, ""requiredPowerMW"": 88.632, ""requiredWaterM3Day"": 8863, ""maintenanceGcuDay"": 44512.81, ""equipmentUnits"": 246, ""constructionSimDays"": 408, ""recipeStatus"": ""CORE_COEFFICIENT_BINDING_REQUIRED"", ""inputCategories"": [""LABOUR"", ""MACHINERY"", ""ELECTRICITY"", ""IRON_ORE_DEVELOPED_RESERVE""], ""gridNodeId"": ""GRID-visual-territory-69"", ""accessNodeId"": ""SF324"", ""capacityBasis"": ""GEOGRAPHIC_SCENARIO_ESTIMATE""}",4924,0,0,247,90,19696.0,,,UNBUILT_OPTION,,,,,,,,,,,,,,
SF325,visual-territory-69,visual-territory-69-E1,太阳能设施,PROJECT-10,"[109, 745]",75769.68,MW,OP-69,GOV-69,DEVELOPMENT_OPTION,False,False,UNAPPROVED_SCENARIO_ASSET,EXISTING_MAP_POINT,,"{""id"": ""SF325"", ""countryId"": ""visual-territory-69"", ""projectId"": ""PROJECT-10"", ""projectNumber"": 10, ""name"": ""太阳能设施"", ""lifecycle"": ""CANDIDATE"", ""operational"": false, ""estimatedCapacity"": 75769.68, ""capacityUnit"": ""MW"", ""requiredWorkers"": 3078, ""requiredPowerMW"": 55.404, ""requiredWaterM3Day"": 5540, ""maintenanceGcuDay"": 26139.39, ""equipmentUnits"": 154, ""constructionSimDays"": 291, ""recipeStatus"": ""CORE_COEFFICIENT_BINDING_REQUIRED"", ""inputCategories"": [""LABOUR"", ""MACHINERY"", ""ELECTRICITY""], ""gridNodeId"": ""GRID-visual-territory-69"", ""accessNodeId"": ""SF325"", ""capacityBasis"": ""GEOGRAPHIC_SCENARIO_ESTIMATE""}",3078,0,0,154,90,12312.0,,,UNBUILT_OPTION,,,,,,,,,,,,,,
SF326,visual-territory-69,visual-territory-69-E1,风能设施,PROJECT-11,"[253, 756]",75769.68,MW,OP-69,GOV-69,DEVELOPMENT_OPTION,False,False,UNAPPROVED_SCENARIO_ASSET,EXISTING_MAP_POINT,,"{""id"": ""SF326"", ""countryId"": ""visual-territory-69"", ""projectId"": ""PROJECT-11"", ""projectNumber"": 11, ""name"": ""风能设施"", ""lifecycle"": ""CANDIDATE"", ""operational"": false, ""estimatedCapacity"": 75769.68, ""capacityUnit"": ""MW"", ""requiredWorkers"": 3078, ""requiredPowerMW"": 55.404, ""requiredWaterM3Day"": 5540, ""maintenanceGcuDay"": 26139.39, ""equipmentUnits"": 154, ""constructionSimDays"": 291, ""recipeStatus"": ""CORE_COEFFICIENT_BINDING_REQUIRED"", ""inputCategories"": [""LABOUR"", ""MACHINERY"", ""ELECTRICITY""], ""gridNodeId"": ""GRID-visual-territory-69"", ""accessNodeId"": ""SF326"", ""capacityBasis"": ""GEOGRAPHIC_SCENARIO_ESTIMATE""}",3078,0,0,154,90,12312.0,,,UNBUILT_OPTION,,,,,,,,,,,,,,
SF327,visual-territory-69,visual-territory-69-E1,物流枢纽,PROJECT-25,"[152, 638]",75769.68,tonne/sim-day,OP-69,GOV-69,DEVELOPMENT_OPTION,False,False,UNAPPROVED_SCENARIO_ASSET,EXISTING_MAP_POINT,,"{""id"": ""SF327"", ""countryId"": ""visual-territory-69"", ""projectId"": ""PROJECT-25"", ""projectNumber"": 25, ""name"": ""物流枢纽"", ""lifecycle"": ""CANDIDATE"", ""operational"": false, ""estimatedCapacity"": 75769.68, ""capacityUnit"": ""tonne/sim-day"", ""requiredWorkers"": 3078, ""requiredPowerMW"": 55.404, ""requiredWaterM3Day"": 5540, ""maintenanceGcuDay"": 26139.39, ""equipmentUnits"": 154, ""constructionSimDays"": 291, ""recipeStatus"": ""CORE_COEFFICIENT_BINDING_REQUIRED"", ""inputCategories"": [""LABOUR"", ""MACHINERY"", ""ELECTRICITY""], ""gridNodeId"": ""GRID-visual-territory-69"", ""accessNodeId"": ""SF327"", ""capacityBasis"": ""GEOGRAPHIC_SCENARIO_ESTIMATE""}",3078,0,0,154,90,12312.0,,,UNBUILT_OPTION,,,,,,,,,,,,,,
SF328,visual-territory-70,visual-territory-70-E1,锂矿,PROJECT-06,"[1209, 250]",557.0135,tonne LCE/sim-day,OP-70,GOV-70,DEVELOPMENT_OPTION,False,False,UNAPPROVED_SCENARIO_ASSET,EXISTING_MAP_POINT,RES46,"{""id"": ""SF328"", ""countryId"": ""visual-territory-70"", ""projectId"": ""PROJECT-06"", ""projectNumber"": 6, ""name"": ""锂矿"", ""lifecycle"": ""CANDIDATE"", ""operational"": false, ""estimatedCapacity"": 557.0135, ""capacityUnit"": ""tonne LCE/sim-day"", ""requiredWorkers"": 3748, ""requiredPowerMW"": 67.464, ""requiredWaterM3Day"": 6746, ""maintenanceGcuDay"": 29995.14, ""equipmentUnits"": 187, ""constructionSimDays"": 320, ""recipeStatus"": ""CORE_COEFFICIENT_BINDING_REQUIRED"", ""inputCategories"": [""LABOUR"", ""MACHINERY"", ""ELECTRICITY"", ""LITHIUM_DEVELOPED_RESERVE""], ""gridNodeId"": ""GRID-visual-territory-70"", ""accessNodeId"": ""SF328"", ""capacityBasis"": ""GEOGRAPHIC_SCENARIO_ESTIMATE""}",3748,0,0,188,90,14992.0,,,UNBUILT_OPTION,,,,,,,,,,,,,,
SF329,visual-territory-70,visual-territory-70-E1,太阳能设施,PROJECT-10,"[1101, 309]",58519.14,MW,OP-70,GOV-70,DEVELOPMENT_OPTION,False,False,UNAPPROVED_SCENARIO_ASSET,EXISTING_MAP_POINT,,"{""id"": ""SF329"", ""countryId"": ""visual-territory-70"", ""projectId"": ""PROJECT-10"", ""projectNumber"": 10, ""name"": ""太阳能设施"", ""lifecycle"": ""CANDIDATE"", ""operational"": false, ""estimatedCapacity"": 58519.14, ""capacityUnit"": ""MW"", ""requiredWorkers"": 2342, ""requiredPowerMW"": 42.156, ""requiredWaterM3Day"": 4216, ""maintenanceGcuDay"": 19906.38, ""equipmentUnits"": 117, ""constructionSimDays"": 246, ""recipeStatus"": ""CORE_COEFFICIENT_BINDING_REQUIRED"", ""inputCategories"": [""LABOUR"", ""MACHINERY"", ""ELECTRICITY""], ""gridNodeId"": ""GRID-visual-territory-70"", ""accessNodeId"": ""SF329"", ""capacityBasis"": ""GEOGRAPHIC_SCENARIO_ESTIMATE""}",2342,0,0,118,90,9368.0,,,UNBUILT_OPTION,,,,,,,,,,,,,,
SF330,visual-territory-70,visual-territory-70-E1,风能设施,PROJECT-11,"[1288, 164]",58519.14,MW,OP-70,GOV-70,DEVELOPMENT_OPTION,False,False,UNAPPROVED_SCENARIO_ASSET,EXISTING_MAP_POINT,,"{""id"": ""SF330"", ""countryId"": ""visual-territory-70"", ""projectId"": ""PROJECT-11"", ""projectNumber"": 11, ""name"": ""风能设施"", ""lifecycle"": ""CANDIDATE"", ""operational"": false, ""estimatedCapacity"": 58519.14, ""capacityUnit"": ""MW"", ""requiredWorkers"": 2342, ""requiredPowerMW"": 42.156, ""requiredWaterM3Day"": 4216, ""maintenanceGcuDay"": 19906.38, ""equipmentUnits"": 117, ""constructionSimDays"": 246, ""recipeStatus"": ""CORE_COEFFICIENT_BINDING_REQUIRED"", ""inputCategories"": [""LABOUR"", ""MACHINERY"", ""ELECTRICITY""], ""gridNodeId"": ""GRID-visual-territory-70"", ""accessNodeId"": ""SF330"", ""capacityBasis"": ""GEOGRAPHIC_SCENARIO_ESTIMATE""}",2342,0,0,118,90,9368.0,,,UNBUILT_OPTION,,,,,,,,,,,,,,
OPEN-01-GRAIN,visual-territory-01,visual-territory-01-E1,GRAIN区域生产群,,"[1583.0, 275.5]",202638.900682,tonne/sim-day,OP-01,GOV-01,OPENING_PORTFOLIO,False,True,UNAPPROVED_SCENARIO_ASSET,NEW_DATA_POINT_NEEDS_MAP_MARKER,,,88104,146.839783,251725342.462857,4406,180,352416.0,SCENARIO-RECIPE-GRAIN,LIC-01-GRAIN,OPENING_EXISTING_ASSET,GRAIN,176207.739724,True,"{""low"": 50220, ""medium"": 30836, ""high"": 7048}",364750021.23,20263.89,1,0.869565,AUTHORED_REFERENCE_COST_PER_CAPACITY_UNIT,,,,,
OPEN-RES098,visual-territory-01,visual-territory-01-E1,COPPER开采组,PROJECT-05,"[1553, 305]",428.792258,tonne/sim-day,OP-01,GOV-01,OPENING_PORTFOLIO,False,True,UNAPPROVED_SCENARIO_ASSET,NEW_DATA_POINT_NEEDS_MAP_MARKER,,,195,12.993705,779.622286,10,180,780.0,SCENARIO-RECIPE-COPPER,LIC-01-COPPER,OPENING_EXISTING_ASSET,COPPER,389.811143,,"{""low"": 111, ""medium"": 68, ""high"": 16}",771826.06,42.88,1,0.909091,AUTHORED_REFERENCE_COST_PER_CAPACITY_UNIT,RES098,,,,
SERVICE-visual-territory-01-E1-36,visual-territory-01,visual-territory-01-E1,住房区域服务群,PROJECT-36,"[1583.0, 275.5]",33141343.0,dwelling-unit,OP-01,GOV-01,OPENING_PORTFOLIO,False,True,UNAPPROVED_SCENARIO_ASSET,NEW_DATA_POINT_NEEDS_MAP_MARKER,,,0,0,0,1,90,42204.0,,,OPENING_EXISTING_ASSET,,,True,"{""low"": 0, ""medium"": 0, ""high"": 0}",2154187295000.0,119677071.94,1,,AUTHORED_REFERENCE_COST_PER_CAPACITY_UNIT,,,,,
SERVICE-visual-territory-01-E1-31,visual-territory-01,visual-territory-01-E1,基础教育区域服务群,PROJECT-31,"[1583.0, 275.5]",21048617.0,student-seat,OP-01,GOV-01,OPENING_PORTFOLIO,False,True,UNAPPROVED_SCENARIO_ASSET,NEW_DATA_POINT_NEEDS_MAP_MARKER,,,771012,0,0,38551,90,42204.0,,,OPENING_EXISTING_ASSET,,,True,"{""low"": 439477, ""medium"": 269854, ""high"": 61681}",126291702000.0,7016205.67,1,,AUTHORED_REFERENCE_COST_PER_CAPACITY_UNIT,,,,,
SERVICE-visual-territory-01-E1-35,visual-territory-01,visual-territory-01-E1,医院区域服务群,PROJECT-35,"[1583.0, 275.5]",316521.0,bed,OP-01,GOV-01,OPENING_PORTFOLIO,False,True,UNAPPROVED_SCENARIO_ASSET,NEW_DATA_POINT_NEEDS_MAP_MARKER,,,369274,0,0,18464,90,42204.0,,,OPENING_EXISTING_ASSET,,,True,"{""low"": 210486, ""medium"": 129246, ""high"": 29542}",22156470000.0,1230915.0,1,,AUTHORED_REFERENCE_COST_PER_CAPACITY_UNIT,,,,,
POWER-01-10,visual-territory-01,visual-territory-01-E1,太阳能区域设施群,PROJECT-10,"[1583.0, 275.5]",205182.225894,MW,OP-01,GOV-01,OPENING_PORTFOLIO,False,True,UNAPPROVED_SCENARIO_ASSET,NEW_DATA_POINT_NEEDS_MAP_MARKER,,,12311,0,0,616,90,42204.0,,,OPENING_EXISTING_ASSET,,,True,"{""low"": 7017, ""medium"": 4309, ""high"": 985}",184664003304.6,10259111.29,1,,AUTHORED_REFERENCE_COST_PER_CAPACITY_UNIT,,,,,
POWER-01-11,visual-territory-01,visual-territory-01-E1,风能区域设施群,PROJECT-11,"[1583.0, 275.5]",205182.225894,MW,OP-01,GOV-01,OPENING_PORTFOLIO,False,True,UNAPPROVED_SCENARIO_ASSET,NEW_DATA_POINT_NEEDS_MAP_MARKER,,,12311,0,0,616,90,42204.0,,,OPENING_EXISTING_ASSET,,,True,"{""low"": 7017, ""medium"": 4309, ""high"": 985}",184664003304.6,10259111.29,1,,AUTHORED_REFERENCE_COST_PER_CAPACITY_UNIT,,,,,
POWER-01-23,visual-territory-01,visual-territory-01-E1,国家电网区域设施群,PROJECT-23,"[1583.0, 275.5]",59547.394422,MW,OP-01,GOV-01,OPENING_PORTFOLIO,False,True,UNAPPROVED_SCENARIO_ASSET,NEW_DATA_POINT_NEEDS_MAP_MARKER,,,12311,0,0,616,90,42204.0,,,OPENING_EXISTING_ASSET,,,True,"{""low"": 7017, ""medium"": 4309, ""high"": 985}",53592654979.8,2977369.72,1,,AUTHORED_REFERENCE_COST_PER_CAPACITY_UNIT,,,,,
POWER-01-13,visual-territory-01,visual-territory-01-E1,储能区域设施群,PROJECT-13,"[1583.0, 275.5]",2540688.828687,MWh,OP-01,GOV-01,OPENING_PORTFOLIO,False,True,UNAPPROVED_SCENARIO_ASSET,NEW_DATA_POINT_NEEDS_MAP_MARKER,,,12311,0,0,616,90,42204.0,,,OPENING_EXISTING_ASSET,,,True,"{""low"": 7017, ""medium"": 4309, ""high"": 985}",406510212589.92,22583900.7,1,,AUTHORED_REFERENCE_COST_PER_CAPACITY_UNIT,,,,,
GATE-01,visual-territory-01,visual-territory-01-E1,国家海港集群,PROJECT-21,"[1592.5, 231.5]",176570.991718,tonne/sim-day,OP-01,GOV-01,OPENING_PORTFOLIO,False,True,UNAPPROVED_SCENARIO_ASSET,NEW_DATA_POINT_NEEDS_MAP_MARKER,,,158261,0,0,7914,90,42204.0,,,OPENING_EXISTING_ASSET,,,True,"{""low"": 90209, ""medium"": 55391, ""high"": 12661}",317827785.09,17657.1,1,,AUTHORED_REFERENCE_COST_PER_CAPACITY_UNIT,,True,"[1592.5, 231.5]",Snapped to original ocean shoreline with ocean-grid access; harbour engineering not surveyed,
WAREHOUSE-01,visual-territory-01,visual-territory-01-E1,国家战略与生产库存库群,PROJECT-26,"[1583.0, 275.5]",8724819.377724,tonne,OP-01,GOV-01,OPENING_PORTFOLIO,False,True,UNAPPROVED_SCENARIO_ASSET,NEW_DATA_POINT_NEEDS_MAP_MARKER,,,158260,0,0,7913,90,42204.0,,,OPENING_EXISTING_ASSET,,,True,"{""low"": 90208, ""medium"": 55391, ""high"": 12661}",1046978325.33,58165.46,1,,AUTHORED_REFERENCE_COST_PER_CAPACITY_UNIT,,,,,
OPEN-02-GRAIN,visual-territory-02,visual-territory-02-E1,GRAIN区域生产群,,"[1639.0, 292.5]",279653.999821,tonne/sim-day,OP-02,GOV-02,OPENING_PORTFOLIO,False,True,UNAPPROVED_SCENARIO_ASSET,NEW_DATA_POINT_NEEDS_MAP_MARKER,,,121589,202.647826,347396273.07,6080,180,486356.0,SCENARIO-RECIPE-GRAIN,LIC-02-GRAIN,OPENING_EXISTING_ASSET,GRAIN,243177.391149,True,"{""low"": 69306, ""medium"": 42556, ""high"": 9727}",503377199.68,27965.4,1,0.869565,AUTHORED_REFERENCE_COST_PER_CAPACITY_UNIT,,,,,
OPEN-02-REFINED_FUEL,visual-territory-02,visual-territory-02-E1,REFINED_FUEL区域生产群,PROJECT-15,"[1639.0, 292.5]",48548.289465,barrel equivalent/sim-day,OP-02,GOV-02,OPENING_PORTFOLIO,False,True,UNAPPROVED_SCENARIO_ASSET,NEW_DATA_POINT_NEEDS_MAP_MARKER,,,338,14.071968,4221.590388,17,180,1352.0,SCENARIO-RECIPE-REFINED_FUEL,LIC-02-REFINED_FUEL,OPENING_EXISTING_ASSET,REFINED_FUEL,42215.903883,True,"{""low"": 193, ""medium"": 118, ""high"": 27}",873869210.37,48548.29,1,0.869565,AUTHORED_REFERENCE_COST_PER_CAPACITY_UNIT,,,,,
SERVICE-visual-territory-02-E1-36,visual-territory-02,visual-territory-02-E1,住房区域服务群,PROJECT-36,"[1639.0, 292.5]",42852790.0,dwelling-unit,OP-02,GOV-02,OPENING_PORTFOLIO,False,True,UNAPPROVED_SCENARIO_ASSET,NEW_DATA_POINT_NEEDS_MAP_MARKER,,,0,0,0,1,90,54924.0,,,OPENING_EXISTING_ASSET,,,True,"{""low"": 0, ""medium"": 0, ""high"": 0}",2785431350000.0,154746186.11,1,,AUTHORED_REFERENCE_COST_PER_CAPACITY_UNIT,,,,,
SERVICE-visual-territory-02-E1-31,visual-territory-02,visual-territory-02-E1,基础教育区域服务群,PROJECT-31,"[1639.0, 292.5]",27391679.0,student-seat,OP-02,GOV-02,OPENING_PORTFOLIO,False,True,UNAPPROVED_SCENARIO_ASSET,NEW_DATA_POINT_NEEDS_MAP_MARKER,,,1003359,0,0,50168,90,54924.0,,,OPENING_EXISTING_ASSET,,,True,"{""low"": 571914, ""medium"": 351176, ""high"": 80269}",164350074000.0,9130559.67,1,,AUTHORED_REFERENCE_COST_PER_CAPACITY_UNIT,,,,,
SERVICE-visual-territory-02-E1-35,visual-territory-02,visual-territory-02-E1,医院区域服务群,PROJECT-35,"[1639.0, 292.5]",411905.0,bed,OP-02,GOV-02,OPENING_PORTFOLIO,False,True,UNAPPROVED_SCENARIO_ASSET,NEW_DATA_POINT_NEEDS_MAP_MARKER,,,480556,0,0,24028,90,54924.0,,,OPENING_EXISTING_ASSET,,,True,"{""low"": 273917, ""medium"": 168195, ""high"": 38444}",28833350000.0,1601852.78,1,,AUTHORED_REFERENCE_COST_PER_CAPACITY_UNIT,,,,,
POWER-02-10,visual-territory-02,visual-territory-02-E1,太阳能区域设施群,PROJECT-10,"[1639.0, 292.5]",256678.780523,MW,OP-02,GOV-02,OPENING_PORTFOLIO,False,True,UNAPPROVED_SCENARIO_ASSET,NEW_DATA_POINT_NEEDS_MAP_MARKER,,,15403,0,0,771,90,54924.0,,,OPENING_EXISTING_ASSET,,,True,"{""low"": 8780, ""medium"": 5391, ""high"": 1232}",231010902470.7,12833939.03,1,,AUTHORED_REFERENCE_COST_PER_CAPACITY_UNIT,,,,,
POWER-02-11,visual-territory-02,visual-territory-02-E1,风能区域设施群,PROJECT-11,"[1639.0, 292.5]",256678.780523,MW,OP-02,GOV-02,OPENING_PORTFOLIO,False,True,UNAPPROVED_SCENARIO_ASSET,NEW_DATA_POINT_NEEDS_MAP_MARKER,,,15400,0,0,770,90,54924.0,,,OPENING_EXISTING_ASSET,,,True,"{""low"": 8778, ""medium"": 5390, ""high"": 1232}",231010902470.7,12833939.03,1,,AUTHORED_REFERENCE_COST_PER_CAPACITY_UNIT,,,,,
POWER-02-23,visual-territory-02,visual-territory-02-E1,国家电网区域设施群,PROJECT-23,"[1639.0, 292.5]",77503.077305,MW,OP-02,GOV-02,OPENING_PORTFOLIO,False,True,UNAPPROVED_SCENARIO_ASSET,NEW_DATA_POINT_NEEDS_MAP_MARKER,,,15400,0,0,770,90,54924.0,,,OPENING_EXISTING_ASSET,,,True,"{""low"": 8778, ""medium"": 5390, ""high"": 1232}",69752769574.5,3875153.87,1,,AUTHORED_REFERENCE_COST_PER_CAPACITY_UNIT,,,,,
POWER-02-13,visual-territory-02,visual-territory-02-E1,储能区域设施群,PROJECT-13,"[1639.0, 292.5]",3306797.965009,MWh,OP-02,GOV-02,OPENING_PORTFOLIO,False,True,UNAPPROVED_SCENARIO_ASSET,NEW_DATA_POINT_NEEDS_MAP_MARKER,,,15400,0,0,770,90,54924.0,,,OPENING_EXISTING_ASSET,,,True,"{""low"": 8778, ""medium"": 5390, ""high"": 1232}",529087674401.44,29393759.69,1,,AUTHORED_REFERENCE_COST_PER_CAPACITY_UNIT,,,,,
GATE-02,visual-territory-02,visual-territory-02-E1,国家海港集群,PROJECT-21,"[1683.5, 282.0]",248321.976502,tonne/sim-day,OP-02,GOV-02,OPENING_PORTFOLIO,False,True,UNAPPROVED_SCENARIO_ASSET,NEW_DATA_POINT_NEEDS_MAP_MARKER,,,205953,0,0,10298,90,54924.0,,,OPENING_EXISTING_ASSET,,,True,"{""low"": 117393, ""medium"": 72084, ""high"": 16476}",446979557.7,24832.2,1,,AUTHORED_REFERENCE_COST_PER_CAPACITY_UNIT,,True,"[1683.5, 282.0]",Snapped to original ocean shoreline with ocean-grid access; harbour engineering not surveyed,
WAREHOUSE-02,visual-territory-02,visual-territory-02-E1,国家战略与生产库存库群,PROJECT-26,"[1639.0, 292.5]",10956829.749639,tonne,OP-02,GOV-02,OPENING_PORTFOLIO,False,True,UNAPPROVED_SCENARIO_ASSET,NEW_DATA_POINT_NEEDS_MAP_MARKER,,,205952,0,0,10298,90,54924.0,,,OPENING_EXISTING_ASSET,,,True,"{""low"": 117393, ""medium"": 72083, ""high"": 16476}",1314819569.96,73045.53,1,,AUTHORED_REFERENCE_COST_PER_CAPACITY_UNIT,,,,,
OPEN-RES102,visual-territory-03,visual-territory-03-E2,URANIUM开采组,PROJECT-03,"[1478, 398]",0.431251,tonne U/sim-day,OP-03,GOV-03,OPENING_PORTFOLIO,False,True,UNAPPROVED_SCENARIO_ASSET,NEW_DATA_POINT_NEEDS_MAP_MARKER,,,8,0.571734,7.84092,1,180,32.0,SCENARIO-RECIPE-URANIUM,LIC-03-URANIUM,OPENING_EXISTING_ASSET,URANIUM,0.392046,,"{""low"": 4, ""medium"": 3, ""high"": 1}",2587506.0,143.75,1,0.90909,AUTHORED_REFERENCE_COST_PER_CAPACITY_UNIT,RES102,,,,
OPEN-03-GRAIN,visual-territory-03,visual-territory-03-E2,GRAIN区域生产群,,"[1473.25, 375.5]",500958.539335,tonne/sim-day,OP-03,GOV-03,OPENING_PORTFOLIO,False,True,UNAPPROVED_SCENARIO_ASSET,NEW_DATA_POINT_NEEDS_MAP_MARKER,,,217809,363.013434,622308744.515714,10891,180,871236.0,SCENARIO-RECIPE-GRAIN,LIC-03-GRAIN,OPENING_EXISTING_ASSET,GRAIN,435616.121161,True,"{""low"": 124151, ""medium"": 76233, ""high"": 17425}",901725370.8,50095.85,1,0.869565,AUTHORED_REFERENCE_COST_PER_CAPACITY_UNIT,,,,,
OPEN-03-MACHINERY,visual-territory-03,visual-territory-03-E2,MACHINERY区域生产群,PROJECT-16,"[1473.25, 375.5]",366.404442,equipment unit/sim-day,OP-03,GOV-03,OPENING_PORTFOLIO,False,True,UNAPPROVED_SCENARIO_ASSET,NEW_DATA_POINT_NEEDS_MAP_MARKER,,,64,26.551046,318.612558,4,180,256.0,SCENARIO-RECIPE-MACHINERY,LIC-03-MACHINERY,OPENING_EXISTING_ASSET,MACHINERY,318.612558,True,"{""low"": 30, ""medium"": 22, ""high"": 12}",439685330.4,24426.96,1,0.869565,AUTHORED_REFERENCE_COST_PER_CAPACITY_UNIT,,,,,
SERVICE-visual-territory-03-E1-36,visual-territory-03,visual-territory-03-E1,住房区域服务群,PROJECT-36,"[1436.75, 370.0]",38112426.0,dwelling-unit,OP-03,GOV-03,OPENING_PORTFOLIO,False,True,UNAPPROVED_SCENARIO_ASSET,NEW_DATA_POINT_NEEDS_MAP_MARKER,,,0,0,0,1,90,104016.0,,,OPENING_EXISTING_ASSET,,,True,"{""low"": 0, ""medium"": 0, ""high"": 0}",2477307690000.0,137628205.0,1,,AUTHORED_REFERENCE_COST_PER_CAPACITY_UNIT,,,,,
SERVICE-visual-territory-03-E1-31,visual-territory-03,visual-territory-03-E1,基础教育区域服务群,PROJECT-31,"[1436.75, 370.0]",23915641.0,student-seat,OP-03,GOV-03,OPENING_PORTFOLIO,False,True,UNAPPROVED_SCENARIO_ASSET,NEW_DATA_POINT_NEEDS_MAP_MARKER,,,876031,0,0,43802,90,104016.0,,,OPENING_EXISTING_ASSET,,,True,"{""low"": 499338, ""medium"": 306611, ""high"": 70082}",143493846000.0,7971880.33,1,,AUTHORED_REFERENCE_COST_PER_CAPACITY_UNIT,,,,,
SERVICE-visual-territory-03-E1-35,visual-territory-03,visual-territory-03-E1,医院区域服务群,PROJECT-35,"[1436.75, 370.0]",359634.0,bed,OP-03,GOV-03,OPENING_PORTFOLIO,False,True,UNAPPROVED_SCENARIO_ASSET,NEW_DATA_POINT_NEEDS_MAP_MARKER,,,419573,0,0,20979,90,104016.0,,,OPENING_EXISTING_ASSET,,,True,"{""low"": 239156, ""medium"": 146851, ""high"": 33566}",25174380000.0,1398576.67,1,,AUTHORED_REFERENCE_COST_PER_CAPACITY_UNIT,,,,,
SERVICE-visual-territory-03-E2-36,visual-territory-03,visual-territory-03-E2,住房区域服务群,PROJECT-36,"[1473.25, 375.5]",45239104.0,dwelling-unit,OP-03,GOV-03,OPENING_PORTFOLIO,False,True,UNAPPROVED_SCENARIO_ASSET,NEW_DATA_POINT_NEEDS_MAP_MARKER,,,0,0,0,1,90,104016.0,,,OPENING_EXISTING_ASSET,,,True,"{""low"": 0, ""medium"": 0, ""high"": 0}",2940541760000.0,163363431.11,1,,AUTHORED_REFERENCE_COST_PER_CAPACITY_UNIT,,,,,
SERVICE-visual-territory-03-E2-31,visual-territory-03,visual-territory-03-E2,基础教育区域服务群,PROJECT-31,"[1473.25, 375.5]",27961829.0,student-seat,OP-03,GOV-03,OPENING_PORTFOLIO,False,True,UNAPPROVED_SCENARIO_ASSET,NEW_DATA_POINT_NEEDS_MAP_MARKER,,,1024243,0,0,51213,90,104016.0,,,OPENING_EXISTING_ASSET,,,True,"{""low"": 583819, ""medium"": 358485, ""high"": 81939}",167770974000.0,9320609.67,1,,AUTHORED_REFERENCE_COST_PER_CAPACITY_UNIT,,,,,
SERVICE-visual-territory-03-E2-35,visual-territory-03,visual-territory-03-E2,医院区域服务群,PROJECT-35,"[1473.25, 375.5]",420479.0,bed,OP-03,GOV-03,OPENING_PORTFOLIO,False,True,UNAPPROVED_SCENARIO_ASSET,NEW_DATA_POINT_NEEDS_MAP_MARKER,,,490559,0,0,24528,90,104016.0,,,OPENING_EXISTING_ASSET,,,True,"{""low"": 279618, ""medium"": 171696, ""high"": 39245}",29433530000.0,1635196.11,1,,AUTHORED_REFERENCE_COST_PER_CAPACITY_UNIT,,,,,
POWER-03-10,visual-territory-03,visual-territory-03-E2,太阳能区域设施群,PROJECT-10,"[1473.25, 375.5]",498150.360241,MW,OP-03,GOV-03,OPENING_PORTFOLIO,False,True,UNAPPROVED_SCENARIO_ASSET,NEW_DATA_POINT_NEEDS_MAP_MARKER,,,29890,0,0,1495,90,104016.0,,,OPENING_EXISTING_ASSET,,,True,"{""low"": 17037, ""medium"": 10462, ""high"": 2391}",448335324216.9,24907518.01,1,,AUTHORED_REFERENCE_COST_PER_CAPACITY_UNIT,,,,,
POWER-03-11,visual-territory-03,visual-territory-03-E2,风能区域设施群,PROJECT-11,"[1473.25, 375.5]",498150.360241,MW,OP-03,GOV-03,OPENING_PORTFOLIO,False,True,UNAPPROVED_SCENARIO_ASSET,NEW_DATA_POINT_NEEDS_MAP_MARKER,,,29889,0,0,1495,90,104016.0,,,OPENING_EXISTING_ASSET,,,True,"{""low"": 17037, ""medium"": 10461, ""high"": 2391}",448335324216.9,24907518.01,1,,AUTHORED_REFERENCE_COST_PER_CAPACITY_UNIT,,,,,
POWER-03-23,visual-territory-03,visual-territory-03-E2,国家电网区域设施群,PROJECT-23,"[1473.25, 375.5]",146758.730832,MW,OP-03,GOV-03,OPENING_PORTFOLIO,False,True,UNAPPROVED_SCENARIO_ASSET,NEW_DATA_POINT_NEEDS_MAP_MARKER,,,29889,0,0,1495,90,104016.0,,,OPENING_EXISTING_ASSET,,,True,"{""low"": 17037, ""medium"": 10461, ""high"": 2391}",132082857748.8,7337936.54,1,,AUTHORED_REFERENCE_COST_PER_CAPACITY_UNIT,,,,,
POWER-03-13,visual-territory-03,visual-territory-03-E2,储能区域设施群,PROJECT-13,"[1473.25, 375.5]",6261705.848811,MWh,OP-03,GOV-03,OPENING_PORTFOLIO,False,True,UNAPPROVED_SCENARIO_ASSET,NEW_DATA_POINT_NEEDS_MAP_MARKER,,,29889,0,0,1495,90,104016.0,,,OPENING_EXISTING_ASSET,,,True,"{""low"": 17037, ""medium"": 10461, ""high"": 2391}",1001872935809.76,55659607.54,1,,AUTHORED_REFERENCE_COST_PER_CAPACITY_UNIT,,,,,
GATE-03,visual-territory-03,visual-territory-03-E1,国家海港集群,PROJECT-21,"[1402.5, 384.5]",435741.648783,tonne/sim-day,OP-03,GOV-03,OPENING_PORTFOLIO,False,True,UNAPPROVED_SCENARIO_ASSET,NEW_DATA_POINT_NEEDS_MAP_MARKER,,,390057,0,0,19503,90,104016.0,,,OPENING_EXISTING_ASSET,,,True,"{""low"": 222332, ""medium"": 136520, ""high"": 31205}",784334967.81,43574.16,1,,AUTHORED_REFERENCE_COST_PER_CAPACITY_UNIT,,True,"[1402.5, 384.5]",Snapped to original ocean shoreline with ocean-grid access; harbour engineering not surveyed,
WAREHOUSE-03,visual-territory-03,visual-territory-03-E2,国家战略与生产库存库群,PROJECT-26,"[1473.25, 375.5]",20993997.016768,tonne,OP-03,GOV-03,OPENING_PORTFOLIO,False,True,UNAPPROVED_SCENARIO_ASSET,NEW_DATA_POINT_NEEDS_MAP_MARKER,,,390056,0,0,19503,90,104016.0,,,OPENING_EXISTING_ASSET,,,True,"{""low"": 222332, ""medium"": 136520, ""high"": 31204}",2519279642.01,139959.98,1,,AUTHORED_REFERENCE_COST_PER_CAPACITY_UNIT,,,,,
OPEN-04-GRAIN,visual-territory-04,visual-territory-04-E1,GRAIN区域生产群,,"[1509.75, 319.0]",538978.623604,tonne/sim-day,OP-04,GOV-04,OPENING_PORTFOLIO,False,True,UNAPPROVED_SCENARIO_ASSET,NEW_DATA_POINT_NEEDS_MAP_MARKER,,,234339,390.56422,669538662.861429,11717,180,937356.0,SCENARIO-RECIPE-GRAIN,LIC-04-GRAIN,OPENING_EXISTING_ASSET,GRAIN,468677.064003,True,"{""low"": 133573, ""medium"": 82019, ""high"": 18747}",970161522.49,53897.86,1,0.869565,AUTHORED_REFERENCE_COST_PER_CAPACITY_UNIT,,,,,
OPEN-04-STEEL,visual-territory-04,visual-territory-04-E1,STEEL区域生产群,PROJECT-14,"[1509.75, 319.0]",13731.974299,tonne/sim-day,OP-04,GOV-04,OPENING_PORTFOLIO,False,True,UNAPPROVED_SCENARIO_ASSET,NEW_DATA_POINT_NEEDS_MAP_MARKER,,,1433,323.397945,23881.694432,72,180,5732.0,SCENARIO-RECIPE-STEEL,LIC-04-STEEL,OPENING_EXISTING_ASSET,STEEL,11940.847216,True,"{""low"": 816, ""medium"": 502, ""high"": 115}",24717553.74,1373.2,1,0.869565,AUTHORED_REFERENCE_COST_PER_CAPACITY_UNIT,,,,,
SERVICE-visual-territory-04-E1-36,visual-territory-04,visual-territory-04-E1,住房区域服务群,PROJECT-36,"[1509.75, 319.0]",45870396.0,dwelling-unit,OP-04,GOV-04,OPENING_PORTFOLIO,False,True,UNAPPROVED_SCENARIO_ASSET,NEW_DATA_POINT_NEEDS_MAP_MARKER,,,0,0,0,1,90,110300.0,,,OPENING_EXISTING_ASSET,,,True,"{""low"": 0, ""medium"": 0, ""high"": 0}",2981575740000.0,165643096.67,1,,AUTHORED_REFERENCE_COST_PER_CAPACITY_UNIT,,,,,
SERVICE-visual-territory-04-E1-31,visual-territory-04,visual-territory-04-E1,基础教育区域服务群,PROJECT-31,"[1509.75, 319.0]",28487176.0,student-seat,OP-04,GOV-04,OPENING_PORTFOLIO,False,True,UNAPPROVED_SCENARIO_ASSET,NEW_DATA_POINT_NEEDS_MAP_MARKER,,,1043487,0,0,52175,90,110300.0,,,OPENING_EXISTING_ASSET,,,True,"{""low"": 594788, ""medium"": 365220, ""high"": 83479}",170923056000.0,9495725.33,1,,AUTHORED_REFERENCE_COST_PER_CAPACITY_UNIT,,,,,
SERVICE-visual-territory-04-E1-35,visual-territory-04,visual-territory-04-E1,医院区域服务群,PROJECT-35,"[1509.75, 319.0]",428379.0,bed,OP-04,GOV-04,OPENING_PORTFOLIO,False,True,UNAPPROVED_SCENARIO_ASSET,NEW_DATA_POINT_NEEDS_MAP_MARKER,,,499776,0,0,24989,90,110300.0,,,OPENING_EXISTING_ASSET,,,True,"{""low"": 284872, ""medium"": 174922, ""high"": 39982}",29986530000.0,1665918.33,1,,AUTHORED_REFERENCE_COST_PER_CAPACITY_UNIT,,,,,
SERVICE-visual-territory-04-E2-36,visual-territory-04,visual-territory-04-E2,住房区域服务群,PROJECT-36,"[1535.75, 295.0]",41985993.0,dwelling-unit,OP-04,GOV-04,OPENING_PORTFOLIO,False,True,UNAPPROVED_SCENARIO_ASSET,NEW_DATA_POINT_NEEDS_MAP_MARKER,,,0,0,0,1,90,110300.0,,,OPENING_EXISTING_ASSET,,,True,"{""low"": 0, ""medium"": 0, ""high"": 0}",2729089545000.0,151616085.83,1,,AUTHORED_REFERENCE_COST_PER_CAPACITY_UNIT,,,,,
SERVICE-visual-territory-04-E2-31,visual-territory-04,visual-territory-04-E2,基础教育区域服务群,PROJECT-31,"[1535.75, 295.0]",26524756.0,student-seat,OP-04,GOV-04,OPENING_PORTFOLIO,False,True,UNAPPROVED_SCENARIO_ASSET,NEW_DATA_POINT_NEEDS_MAP_MARKER,,,971603,0,0,48581,90,110300.0,,,OPENING_EXISTING_ASSET,,,True,"{""low"": 553814, ""medium"": 340061, ""high"": 77728}",159148536000.0,8841585.33,1,,AUTHORED_REFERENCE_COST_PER_CAPACITY_UNIT,,,,,
SERVICE-visual-territory-04-E2-35,visual-territory-04,visual-territory-04-E2,医院区域服务群,PROJECT-35,"[1535.75, 295.0]",398869.0,bed,OP-04,GOV-04,OPENING_PORTFOLIO,False,True,UNAPPROVED_SCENARIO_ASSET,NEW_DATA_POINT_NEEDS_MAP_MARKER,,,465347,0,0,23268,90,110300.0,,,OPENING_EXISTING_ASSET,,,True,"{""low"": 265248, ""medium"": 162871, ""high"": 37228}",27920830000.0,1551157.22,1,,AUTHORED_REFERENCE_COST_PER_CAPACITY_UNIT,,,,,
POWER-04-10,visual-territory-04,visual-territory-04-E1,太阳能区域设施群,PROJECT-10,"[1509.75, 319.0]",540958.324772,MW,OP-04,GOV-04,OPENING_PORTFOLIO,False,True,UNAPPROVED_SCENARIO_ASSET,NEW_DATA_POINT_NEEDS_MAP_MARKER,,,32459,0,0,1623,90,110300.0,,,OPENING_EXISTING_ASSET,,,True,"{""low"": 18501, ""medium"": 11361, ""high"": 2597}",486862492294.8,27047916.24,1,,AUTHORED_REFERENCE_COST_PER_CAPACITY_UNIT,,,,,
POWER-04-11,visual-territory-04,visual-territory-04-E1,风能区域设施群,PROJECT-11,"[1509.75, 319.0]",540958.324772,MW,OP-04,GOV-04,OPENING_PORTFOLIO,False,True,UNAPPROVED_SCENARIO_ASSET,NEW_DATA_POINT_NEEDS_MAP_MARKER,,,32457,0,0,1623,90,110300.0,,,OPENING_EXISTING_ASSET,,,True,"{""low"": 18500, ""medium"": 11360, ""high"": 2597}",486862492294.8,27047916.24,1,,AUTHORED_REFERENCE_COST_PER_CAPACITY_UNIT,,,,,
POWER-04-23,visual-territory-04,visual-territory-04-E1,国家电网区域设施群,PROJECT-23,"[1509.75, 319.0]",156001.282644,MW,OP-04,GOV-04,OPENING_PORTFOLIO,False,True,UNAPPROVED_SCENARIO_ASSET,NEW_DATA_POINT_NEEDS_MAP_MARKER,,,32457,0,0,1623,90,110300.0,,,OPENING_EXISTING_ASSET,,,True,"{""low"": 18500, ""medium"": 11360, ""high"": 2597}",140401154379.6,7800064.13,1,,AUTHORED_REFERENCE_COST_PER_CAPACITY_UNIT,,,,,
POWER-04-13,visual-territory-04,visual-territory-04-E1,储能区域设施群,PROJECT-13,"[1509.75, 319.0]",6656054.726157,MWh,OP-04,GOV-04,OPENING_PORTFOLIO,False,True,UNAPPROVED_SCENARIO_ASSET,NEW_DATA_POINT_NEEDS_MAP_MARKER,,,32457,0,0,1623,90,110300.0,,,OPENING_EXISTING_ASSET,,,True,"{""low"": 18500, ""medium"": 11360, ""high"": 2597}",1064968756185.12,59164930.9,1,,AUTHORED_REFERENCE_COST_PER_CAPACITY_UNIT,,,,,
GATE-04,visual-territory-04,visual-territory-04-E2,国家海港集群,PROJECT-21,"[1563.5, 230.5]",480792.639026,tonne/sim-day,OP-04,GOV-04,OPENING_PORTFOLIO,False,True,UNAPPROVED_SCENARIO_ASSET,NEW_DATA_POINT_NEEDS_MAP_MARKER,,,413624,0,0,20682,90,110300.0,,,OPENING_EXISTING_ASSET,,,True,"{""low"": 235766, ""medium"": 144768, ""high"": 33090}",865426750.25,48079.26,1,,AUTHORED_REFERENCE_COST_PER_CAPACITY_UNIT,,True,"[1563.5, 230.5]",Snapped to original ocean shoreline with ocean-grid access; harbour engineering not surveyed,
WAREHOUSE-04,visual-territory-04,visual-territory-04-E1,国家战略与生产库存库群,PROJECT-26,"[1509.75, 319.0]",24532644.28375,tonne,OP-04,GOV-04,OPENING_PORTFOLIO,False,True,UNAPPROVED_SCENARIO_ASSET,NEW_DATA_POINT_NEEDS_MAP_MARKER,,,413624,0,0,20682,90,110300.0,,,OPENING_EXISTING_ASSET,,,True,"{""low"": 235766, ""medium"": 144768, ""high"": 33090}",2943917314.05,163550.96,1,,AUTHORED_REFERENCE_COST_PER_CAPACITY_UNIT,,,,,
OPEN-RES109,visual-territory-05,visual-territory-05-E1,CRUDE_OIL开采组,PROJECT-01,"[1593, 418]",86822.234514,barrel/sim-day,OP-05,GOV-05,OPENING_PORTFOLIO,False,True,UNAPPROVED_SCENARIO_ASSET,NEW_DATA_POINT_NEEDS_MAP_MARKER,,,1184,39.464652,15785.860821,60,180,4736.0,SCENARIO-RECIPE-CRUDE_OIL,LIC-05-CRUDE_OIL,OPENING_EXISTING_ASSET,CRUDE_OIL,78929.304104,,"{""low"": 675, ""medium"": 414, ""high"": 95}",1562800221.25,86822.23,1,0.909091,AUTHORED_REFERENCE_COST_PER_CAPACITY_UNIT,RES109,,,,
OPEN-05-GRAIN,visual-territory-05,visual-territory-05-E1,GRAIN区域生产群,,"[1579.25, 366.5]",381655.60398,tonne/sim-day,OP-05,GOV-05,OPENING_PORTFOLIO,False,True,UNAPPROVED_SCENARIO_ASSET,NEW_DATA_POINT_NEEDS_MAP_MARKER,,,165938,276.562032,474106340.347143,8297,180,663752.0,SCENARIO-RECIPE-GRAIN,LIC-05-GRAIN,OPENING_EXISTING_ASSET,GRAIN,331874.438243,True,"{""low"": 94585, ""medium"": 58078, ""high"": 13275}",686980087.16,38165.56,1,0.869565,AUTHORED_REFERENCE_COST_PER_CAPACITY_UNIT,,,,,
SERVICE-visual-territory-05-E1-36,visual-territory-05,visual-territory-05-E1,住房区域服务群,PROJECT-36,"[1579.25, 366.5]",31481412.0,dwelling-unit,OP-05,GOV-05,OPENING_PORTFOLIO,False,True,UNAPPROVED_SCENARIO_ASSET,NEW_DATA_POINT_NEEDS_MAP_MARKER,,,0,0,0,1,90,79528.0,,,OPENING_EXISTING_ASSET,,,True,"{""low"": 0, ""medium"": 0, ""high"": 0}",2046291780000.0,113682876.67,1,,AUTHORED_REFERENCE_COST_PER_CAPACITY_UNIT,,,,,
SERVICE-visual-territory-05-E1-31,visual-territory-05,visual-territory-05-E1,基础教育区域服务群,PROJECT-31,"[1579.25, 366.5]",19920713.0,student-seat,OP-05,GOV-05,OPENING_PORTFOLIO,False,True,UNAPPROVED_SCENARIO_ASSET,NEW_DATA_POINT_NEEDS_MAP_MARKER,,,729697,0,0,36485,90,79528.0,,,OPENING_EXISTING_ASSET,,,True,"{""low"": 415927, ""medium"": 255394, ""high"": 58376}",119524278000.0,6640237.67,1,,AUTHORED_REFERENCE_COST_PER_CAPACITY_UNIT,,,,,
SERVICE-visual-territory-05-E1-35,visual-territory-05,visual-territory-05-E1,医院区域服务群,PROJECT-35,"[1579.25, 366.5]",299560.0,bed,OP-05,GOV-05,OPENING_PORTFOLIO,False,True,UNAPPROVED_SCENARIO_ASSET,NEW_DATA_POINT_NEEDS_MAP_MARKER,,,349487,0,0,17475,90,79528.0,,,OPENING_EXISTING_ASSET,,,True,"{""low"": 199208, ""medium"": 122320, ""high"": 27959}",20969200000.0,1164955.56,1,,AUTHORED_REFERENCE_COST_PER_CAPACITY_UNIT,,,,,
SERVICE-visual-territory-05-E2-36,visual-territory-05,visual-territory-05-E2,住房区域服务群,PROJECT-36,"[1607.75, 367.5]",31222956.0,dwelling-unit,OP-05,GOV-05,OPENING_PORTFOLIO,False,True,UNAPPROVED_SCENARIO_ASSET,NEW_DATA_POINT_NEEDS_MAP_MARKER,,,0,0,0,1,90,79528.0,,,OPENING_EXISTING_ASSET,,,True,"{""low"": 0, ""medium"": 0, ""high"": 0}",2029492140000.0,112749563.33,1,,AUTHORED_REFERENCE_COST_PER_CAPACITY_UNIT,,,,,
SERVICE-visual-territory-05-E2-31,visual-territory-05,visual-territory-05-E2,基础教育区域服务群,PROJECT-31,"[1607.75, 367.5]",19743462.0,student-seat,OP-05,GOV-05,OPENING_PORTFOLIO,False,True,UNAPPROVED_SCENARIO_ASSET,NEW_DATA_POINT_NEEDS_MAP_MARKER,,,723204,0,0,36161,90,79528.0,,,OPENING_EXISTING_ASSET,,,True,"{""low"": 412227, ""medium"": 253121, ""high"": 57856}",118460772000.0,6581154.0,1,,AUTHORED_REFERENCE_COST_PER_CAPACITY_UNIT,,,,,
SERVICE-visual-territory-05-E2-35,visual-territory-05,visual-territory-05-E2,医院区域服务群,PROJECT-35,"[1607.75, 367.5]",296895.0,bed,OP-05,GOV-05,OPENING_PORTFOLIO,False,True,UNAPPROVED_SCENARIO_ASSET,NEW_DATA_POINT_NEEDS_MAP_MARKER,,,346377,0,0,17319,90,79528.0,,,OPENING_EXISTING_ASSET,,,True,"{""low"": 197435, ""medium"": 121232, ""high"": 27710}",20782650000.0,1154591.67,1,,AUTHORED_REFERENCE_COST_PER_CAPACITY_UNIT,,,,,
POWER-05-10,visual-territory-05,visual-territory-05-E1,太阳能区域设施群,PROJECT-10,"[1579.25, 366.5]",423161.377864,MW,OP-05,GOV-05,OPENING_PORTFOLIO,False,True,UNAPPROVED_SCENARIO_ASSET,NEW_DATA_POINT_NEEDS_MAP_MARKER,,,25392,0,0,1270,90,79528.0,,,OPENING_EXISTING_ASSET,,,True,"{""low"": 14474, ""medium"": 8887, ""high"": 2031}",380845240077.6,21158068.89,1,,AUTHORED_REFERENCE_COST_PER_CAPACITY_UNIT,,,,,
POWER-05-11,visual-territory-05,visual-territory-05-E1,风能区域设施群,PROJECT-11,"[1579.25, 366.5]",423161.377864,MW,OP-05,GOV-05,OPENING_PORTFOLIO,False,True,UNAPPROVED_SCENARIO_ASSET,NEW_DATA_POINT_NEEDS_MAP_MARKER,,,25389,0,0,1270,90,79528.0,,,OPENING_EXISTING_ASSET,,,True,"{""low"": 14472, ""medium"": 8886, ""high"": 2031}",380845240077.6,21158068.89,1,,AUTHORED_REFERENCE_COST_PER_CAPACITY_UNIT,,,,,
POWER-05-23,visual-territory-05,visual-territory-05-E1,国家电网区域设施群,PROJECT-23,"[1579.25, 366.5]",112230.108855,MW,OP-05,GOV-05,OPENING_PORTFOLIO,False,True,UNAPPROVED_SCENARIO_ASSET,NEW_DATA_POINT_NEEDS_MAP_MARKER,,,25389,0,0,1270,90,79528.0,,,OPENING_EXISTING_ASSET,,,True,"{""low"": 14472, ""medium"": 8886, ""high"": 2031}",101007097969.5,5611505.44,1,,AUTHORED_REFERENCE_COST_PER_CAPACITY_UNIT,,,,,
POWER-05-13,visual-territory-05,visual-territory-05-E1,储能区域设施群,PROJECT-13,"[1579.25, 366.5]",4788484.644476,MWh,OP-05,GOV-05,OPENING_PORTFOLIO,False,True,UNAPPROVED_SCENARIO_ASSET,NEW_DATA_POINT_NEEDS_MAP_MARKER,,,25389,0,0,1270,90,79528.0,,,OPENING_EXISTING_ASSET,,,True,"{""low"": 14472, ""medium"": 8886, ""high"": 2031}",766157543116.16,42564307.95,1,,AUTHORED_REFERENCE_COST_PER_CAPACITY_UNIT,,,,,
GATE-05,visual-territory-05,visual-territory-05-E2,国家海港集群,PROJECT-21,"[1639.5, 386.0]",345418.449601,tonne/sim-day,OP-05,GOV-05,OPENING_PORTFOLIO,False,True,UNAPPROVED_SCENARIO_ASSET,NEW_DATA_POINT_NEEDS_MAP_MARKER,,,298227,0,0,14912,90,79528.0,,,OPENING_EXISTING_ASSET,,,True,"{""low"": 169990, ""medium"": 104379, ""high"": 23858}",621753209.28,34541.84,1,,AUTHORED_REFERENCE_COST_PER_CAPACITY_UNIT,,True,"[1639.5, 386.0]",Snapped to original ocean shoreline with ocean-grid access; harbour engineering not surveyed,
WAREHOUSE-05,visual-territory-05,visual-territory-05-E1,国家战略与生产库存库群,PROJECT-26,"[1579.25, 366.5]",16657355.823173,tonne,OP-05,GOV-05,OPENING_PORTFOLIO,False,True,UNAPPROVED_SCENARIO_ASSET,NEW_DATA_POINT_NEEDS_MAP_MARKER,,,298227,0,0,14912,90,79528.0,,,OPENING_EXISTING_ASSET,,,True,"{""low"": 169990, ""medium"": 104379, ""high"": 23858}",1998882698.78,111049.04,1,,AUTHORED_REFERENCE_COST_PER_CAPACITY_UNIT,,,,,
OPEN-RES112,visual-territory-06,visual-territory-06-E1,CRUDE_OIL开采组,PROJECT-01,"[1325, 385]",747186.58355,barrel/sim-day,OP-06,GOV-06,OPENING_PORTFOLIO,False,True,UNAPPROVED_SCENARIO_ASSET,NEW_DATA_POINT_NEEDS_MAP_MARKER,,,10189,339.630265,135852.1061,510,180,40756.0,SCENARIO-RECIPE-CRUDE_OIL,LIC-06-CRUDE_OIL,OPENING_EXISTING_ASSET,CRUDE_OIL,679260.5305,,"{""low"": 5808, ""medium"": 3566, ""high"": 815}",13449358503.9,747186.58,1,0.909091,AUTHORED_REFERENCE_COST_PER_CAPACITY_UNIT,RES112,,,,
OPEN-06-GRAIN,visual-territory-06,visual-territory-06-E2,GRAIN区域生产群,,"[1399.25, 435.5]",384811.878215,tonne/sim-day,OP-06,GOV-06,OPENING_PORTFOLIO,False,True,UNAPPROVED_SCENARIO_ASSET,NEW_DATA_POINT_NEEDS_MAP_MARKER,,,167310,278.849187,478027177.905714,8366,180,669240.0,SCENARIO-RECIPE-GRAIN,LIC-06-GRAIN,OPENING_EXISTING_ASSET,GRAIN,334619.024534,True,"{""low"": 95367, ""medium"": 58558, ""high"": 13385}",692661380.79,38481.19,1,0.869565,AUTHORED_REFERENCE_COST_PER_CAPACITY_UNIT,,,,,
SERVICE-visual-territory-06-E1-36,visual-territory-06,visual-territory-06-E1,住房区域服务群,PROJECT-36,"[1347.75, 441.0]",45800892.0,dwelling-unit,OP-06,GOV-06,OPENING_PORTFOLIO,False,True,UNAPPROVED_SCENARIO_ASSET,NEW_DATA_POINT_NEEDS_MAP_MARKER,,,0,0,0,1,90,120428.0,,,OPENING_EXISTING_ASSET,,,True,"{""low"": 0, ""medium"": 0, ""high"": 0}",2977057980000.0,165392110.0,1,,AUTHORED_REFERENCE_COST_PER_CAPACITY_UNIT,,,,,
SERVICE-visual-territory-06-E1-31,visual-territory-06,visual-territory-06-E1,基础教育区域服务群,PROJECT-31,"[1347.75, 441.0]",29209303.0,student-seat,OP-06,GOV-06,OPENING_PORTFOLIO,False,True,UNAPPROVED_SCENARIO_ASSET,NEW_DATA_POINT_NEEDS_MAP_MARKER,,,1069938,0,0,53497,90,120428.0,,,OPENING_EXISTING_ASSET,,,True,"{""low"": 609865, ""medium"": 374478, ""high"": 85595}",175255818000.0,9736434.33,1,,AUTHORED_REFERENCE_COST_PER_CAPACITY_UNIT,,,,,
SERVICE-visual-territory-06-E1-35,visual-territory-06,visual-territory-06-E1,医院区域服务群,PROJECT-35,"[1347.75, 441.0]",439238.0,bed,OP-06,GOV-06,OPENING_PORTFOLIO,False,True,UNAPPROVED_SCENARIO_ASSET,NEW_DATA_POINT_NEEDS_MAP_MARKER,,,512444,0,0,25623,90,120428.0,,,OPENING_EXISTING_ASSET,,,True,"{""low"": 292093, ""medium"": 179355, ""high"": 40996}",30746660000.0,1708147.78,1,,AUTHORED_REFERENCE_COST_PER_CAPACITY_UNIT,,,,,
SERVICE-visual-territory-06-E2-36,visual-territory-06,visual-territory-06-E2,住房区域服务群,PROJECT-36,"[1399.25, 435.5]",48610862.0,dwelling-unit,OP-06,GOV-06,OPENING_PORTFOLIO,False,True,UNAPPROVED_SCENARIO_ASSET,NEW_DATA_POINT_NEEDS_MAP_MARKER,,,0,0,0,1,90,120428.0,,,OPENING_EXISTING_ASSET,,,True,"{""low"": 0, ""medium"": 0, ""high"": 0}",3159706030000.0,175539223.89,1,,AUTHORED_REFERENCE_COST_PER_CAPACITY_UNIT,,,,,
SERVICE-visual-territory-06-E2-31,visual-territory-06,visual-territory-06-E2,基础教育区域服务群,PROJECT-31,"[1399.25, 435.5]",30852252.0,student-seat,OP-06,GOV-06,OPENING_PORTFOLIO,False,True,UNAPPROVED_SCENARIO_ASSET,NEW_DATA_POINT_NEEDS_MAP_MARKER,,,1130120,0,0,56506,90,120428.0,,,OPENING_EXISTING_ASSET,,,True,"{""low"": 644168, ""medium"": 395542, ""high"": 90410}",185113512000.0,10284084.0,1,,AUTHORED_REFERENCE_COST_PER_CAPACITY_UNIT,,,,,
SERVICE-visual-territory-06-E2-35,visual-territory-06,visual-territory-06-E2,医院区域服务群,PROJECT-35,"[1399.25, 435.5]",463944.0,bed,OP-06,GOV-06,OPENING_PORTFOLIO,False,True,UNAPPROVED_SCENARIO_ASSET,NEW_DATA_POINT_NEEDS_MAP_MARKER,,,541268,0,0,27064,90,120428.0,,,OPENING_EXISTING_ASSET,,,True,"{""low"": 308523, ""medium"": 189444, ""high"": 43301}",32476080000.0,1804226.67,1,,AUTHORED_REFERENCE_COST_PER_CAPACITY_UNIT,,,,,
POWER-06-10,visual-territory-06,visual-territory-06-E2,太阳能区域设施群,PROJECT-10,"[1399.25, 435.5]",634128.519181,MW,OP-06,GOV-06,OPENING_PORTFOLIO,False,True,UNAPPROVED_SCENARIO_ASSET,NEW_DATA_POINT_NEEDS_MAP_MARKER,,,38050,0,0,1903,90,120428.0,,,OPENING_EXISTING_ASSET,,,True,"{""low"": 21688, ""medium"": 13318, ""high"": 3044}",570715667262.9,31706425.96,1,,AUTHORED_REFERENCE_COST_PER_CAPACITY_UNIT,,,,,
POWER-06-11,visual-territory-06,visual-territory-06-E2,风能区域设施群,PROJECT-11,"[1399.25, 435.5]",634128.519181,MW,OP-06,GOV-06,OPENING_PORTFOLIO,False,True,UNAPPROVED_SCENARIO_ASSET,NEW_DATA_POINT_NEEDS_MAP_MARKER,,,38047,0,0,1903,90,120428.0,,,OPENING_EXISTING_ASSET,,,True,"{""low"": 21687, ""medium"": 13316, ""high"": 3044}",570715667262.9,31706425.96,1,,AUTHORED_REFERENCE_COST_PER_CAPACITY_UNIT,,,,,
POWER-06-23,visual-territory-06,visual-territory-06-E2,国家电网区域设施群,PROJECT-23,"[1399.25, 435.5]",170119.58444,MW,OP-06,GOV-06,OPENING_PORTFOLIO,False,True,UNAPPROVED_SCENARIO_ASSET,NEW_DATA_POINT_NEEDS_MAP_MARKER,,,38047,0,0,1903,90,120428.0,,,OPENING_EXISTING_ASSET,,,True,"{""low"": 21687, ""medium"": 13316, ""high"": 3044}",153107625996.0,8505979.22,1,,AUTHORED_REFERENCE_COST_PER_CAPACITY_UNIT,,,,,
POWER-06-13,visual-territory-06,visual-territory-06-E2,储能区域设施群,PROJECT-13,"[1399.25, 435.5]",7258435.602793,MWh,OP-06,GOV-06,OPENING_PORTFOLIO,False,True,UNAPPROVED_SCENARIO_ASSET,NEW_DATA_POINT_NEEDS_MAP_MARKER,,,38047,0,0,1903,90,120428.0,,,OPENING_EXISTING_ASSET,,,True,"{""low"": 21687, ""medium"": 13316, ""high"": 3044}",1161349696446.88,64519427.58,1,,AUTHORED_REFERENCE_COST_PER_CAPACITY_UNIT,,,,,
GATE-06,visual-territory-06,visual-territory-06-E2,国家海港集群,PROJECT-21,"[1385.5, 398.5]",403662.22282,tonne/sim-day,OP-06,GOV-06,OPENING_PORTFOLIO,False,True,UNAPPROVED_SCENARIO_ASSET,NEW_DATA_POINT_NEEDS_MAP_MARKER,,,451591,0,0,22580,90,120428.0,,,OPENING_EXISTING_ASSET,,,True,"{""low"": 257407, ""medium"": 158057, ""high"": 36127}",726592001.08,40366.22,1,,AUTHORED_REFERENCE_COST_PER_CAPACITY_UNIT,,True,"[1385.5, 398.5]",Snapped to original ocean shoreline with ocean-grid access; harbour engineering not surveyed,
WAREHOUSE-06,visual-territory-06,visual-territory-06-E2,国家战略与生产库存库群,PROJECT-26,"[1399.25, 435.5]",24240657.402378,tonne,OP-06,GOV-06,OPENING_PORTFOLIO,False,True,UNAPPROVED_SCENARIO_ASSET,NEW_DATA_POINT_NEEDS_MAP_MARKER,,,451591,0,0,22580,90,120428.0,,,OPENING_EXISTING_ASSET,,,True,"{""low"": 257407, ""medium"": 158057, ""high"": 36127}",2908878888.29,161604.38,1,,AUTHORED_REFERENCE_COST_PER_CAPACITY_UNIT,,,,,
OPEN-RES115,visual-territory-07,visual-territory-07-E1,CRUDE_OIL开采组,PROJECT-01,"[1437, 486]",541726.71531,barrel/sim-day,OP-07,GOV-07,OPENING_PORTFOLIO,False,True,UNAPPROVED_SCENARIO_ASSET,NEW_DATA_POINT_NEEDS_MAP_MARKER,,,7388,246.239416,98495.76642,370,180,29552.0,SCENARIO-RECIPE-CRUDE_OIL,LIC-07-CRUDE_OIL,OPENING_EXISTING_ASSET,CRUDE_OIL,492478.8321,,"{""low"": 4211, ""medium"": 2586, ""high"": 591}",9751080875.58,541726.72,1,0.909091,AUTHORED_REFERENCE_COST_PER_CAPACITY_UNIT,RES115,,,,
OPEN-07-GRAIN,visual-territory-07,visual-territory-07-E2,GRAIN区域生产群,,"[1491.25, 427.5]",246180.671213,tonne/sim-day,OP-07,GOV-07,OPENING_PORTFOLIO,False,True,UNAPPROVED_SCENARIO_ASSET,NEW_DATA_POINT_NEEDS_MAP_MARKER,,,107036,178.391791,305814498.401429,5352,180,428144.0,SCENARIO-RECIPE-GRAIN,LIC-07-GRAIN,OPENING_EXISTING_ASSET,GRAIN,214070.148881,True,"{""low"": 61010, ""medium"": 37463, ""high"": 8563}",443125208.18,24618.07,1,0.869565,AUTHORED_REFERENCE_COST_PER_CAPACITY_UNIT,,,,,
OPEN-07-SEMICONDUCTORS,visual-territory-07,visual-territory-07-E2,SEMICONDUCTORS区域生产群,PROJECT-17,"[1491.25, 427.5]",383777.934514,standardised chip unit/sim-day,OP-07,GOV-07,OPENING_PORTFOLIO,False,True,UNAPPROVED_SCENARIO_ASSET,NEW_DATA_POINT_NEEDS_MAP_MARKER,,,334,1.3905,33.371994,17,180,1336.0,SCENARIO-RECIPE-SEMICONDUCTORS,LIC-07-SEMICONDUCTORS,OPENING_EXISTING_ASSET,SEMICONDUCTORS,333719.943055,True,"{""low"": 117, ""medium"": 117, ""high"": 100}",1343222770.8,74623.49,1,0.869565,AUTHORED_REFERENCE_COST_PER_CAPACITY_UNIT,,,,,
SERVICE-visual-territory-07-E1-36,visual-territory-07,visual-territory-07-E1,住房区域服务群,PROJECT-36,"[1450.25, 444.5]",34735233.0,dwelling-unit,OP-07,GOV-07,OPENING_PORTFOLIO,False,True,UNAPPROVED_SCENARIO_ASSET,NEW_DATA_POINT_NEEDS_MAP_MARKER,,,0,0,0,1,90,86776.0,,,OPENING_EXISTING_ASSET,,,True,"{""low"": 0, ""medium"": 0, ""high"": 0}",2257790145000.0,125432785.83,1,,AUTHORED_REFERENCE_COST_PER_CAPACITY_UNIT,,,,,
SERVICE-visual-territory-07-E1-31,visual-territory-07,visual-territory-07-E1,基础教育区域服务群,PROJECT-31,"[1450.25, 444.5]",21520685.0,student-seat,OP-07,GOV-07,OPENING_PORTFOLIO,False,True,UNAPPROVED_SCENARIO_ASSET,NEW_DATA_POINT_NEEDS_MAP_MARKER,,,788304,0,0,39416,90,86776.0,,,OPENING_EXISTING_ASSET,,,True,"{""low"": 449334, ""medium"": 275906, ""high"": 63064}",129124110000.0,7173561.67,1,,AUTHORED_REFERENCE_COST_PER_CAPACITY_UNIT,,,,,
SERVICE-visual-territory-07-E1-35,visual-territory-07,visual-territory-07-E1,医院区域服务群,PROJECT-35,"[1450.25, 444.5]",323620.0,bed,OP-07,GOV-07,OPENING_PORTFOLIO,False,True,UNAPPROVED_SCENARIO_ASSET,NEW_DATA_POINT_NEEDS_MAP_MARKER,,,377556,0,0,18878,90,86776.0,,,OPENING_EXISTING_ASSET,,,True,"{""low"": 215207, ""medium"": 132145, ""high"": 30204}",22653400000.0,1258522.22,1,,AUTHORED_REFERENCE_COST_PER_CAPACITY_UNIT,,,,,
SERVICE-visual-territory-07-E2-36,visual-territory-07,visual-territory-07-E2,住房区域服务群,PROJECT-36,"[1491.25, 427.5]",34975191.0,dwelling-unit,OP-07,GOV-07,OPENING_PORTFOLIO,False,True,UNAPPROVED_SCENARIO_ASSET,NEW_DATA_POINT_NEEDS_MAP_MARKER,,,0,0,0,1,90,86776.0,,,OPENING_EXISTING_ASSET,,,True,"{""low"": 0, ""medium"": 0, ""high"": 0}",2273387415000.0,126299300.83,1,,AUTHORED_REFERENCE_COST_PER_CAPACITY_UNIT,,,,,
SERVICE-visual-territory-07-E2-31,visual-territory-07,visual-territory-07-E2,基础教育区域服务群,PROJECT-31,"[1491.25, 427.5]",21756889.0,student-seat,OP-07,GOV-07,OPENING_PORTFOLIO,False,True,UNAPPROVED_SCENARIO_ASSET,NEW_DATA_POINT_NEEDS_MAP_MARKER,,,796956,0,0,39848,90,86776.0,,,OPENING_EXISTING_ASSET,,,True,"{""low"": 454265, ""medium"": 278935, ""high"": 63756}",130541334000.0,7252296.33,1,,AUTHORED_REFERENCE_COST_PER_CAPACITY_UNIT,,,,,
SERVICE-visual-territory-07-E2-35,visual-territory-07,visual-territory-07-E2,医院区域服务群,PROJECT-35,"[1491.25, 427.5]",327172.0,bed,OP-07,GOV-07,OPENING_PORTFOLIO,False,True,UNAPPROVED_SCENARIO_ASSET,NEW_DATA_POINT_NEEDS_MAP_MARKER,,,381700,0,0,19085,90,86776.0,,,OPENING_EXISTING_ASSET,,,True,"{""low"": 217569, ""medium"": 133595, ""high"": 30536}",22902040000.0,1272335.56,1,,AUTHORED_REFERENCE_COST_PER_CAPACITY_UNIT,,,,,
POWER-07-10,visual-territory-07,visual-territory-07-E2,太阳能区域设施群,PROJECT-10,"[1491.25, 427.5]",491675.015054,MW,OP-07,GOV-07,OPENING_PORTFOLIO,False,True,UNAPPROVED_SCENARIO_ASSET,NEW_DATA_POINT_NEEDS_MAP_MARKER,,,29503,0,0,1476,90,86776.0,,,OPENING_EXISTING_ASSET,,,True,"{""low"": 16817, ""medium"": 10326, ""high"": 2360}",442507513548.6,24583750.75,1,,AUTHORED_REFERENCE_COST_PER_CAPACITY_UNIT,,,,,
POWER-07-11,visual-territory-07,visual-territory-07-E2,风能区域设施群,PROJECT-11,"[1491.25, 427.5]",491675.015054,MW,OP-07,GOV-07,OPENING_PORTFOLIO,False,True,UNAPPROVED_SCENARIO_ASSET,NEW_DATA_POINT_NEEDS_MAP_MARKER,,,29500,0,0,1475,90,86776.0,,,OPENING_EXISTING_ASSET,,,True,"{""low"": 16815, ""medium"": 10325, ""high"": 2360}",442507513548.6,24583750.75,1,,AUTHORED_REFERENCE_COST_PER_CAPACITY_UNIT,,,,,
POWER-07-23,visual-territory-07,visual-territory-07-E2,国家电网区域设施群,PROJECT-23,"[1491.25, 427.5]",122555.759571,MW,OP-07,GOV-07,OPENING_PORTFOLIO,False,True,UNAPPROVED_SCENARIO_ASSET,NEW_DATA_POINT_NEEDS_MAP_MARKER,,,29500,0,0,1475,90,86776.0,,,OPENING_EXISTING_ASSET,,,True,"{""low"": 16815, ""medium"": 10325, ""high"": 2360}",110300183613.9,6127787.98,1,,AUTHORED_REFERENCE_COST_PER_CAPACITY_UNIT,,,,,
POWER-07-13,visual-territory-07,visual-territory-07-E2,储能区域设施群,PROJECT-13,"[1491.25, 427.5]",5229045.741682,MWh,OP-07,GOV-07,OPENING_PORTFOLIO,False,True,UNAPPROVED_SCENARIO_ASSET,NEW_DATA_POINT_NEEDS_MAP_MARKER,,,29500,0,0,1475,90,86776.0,,,OPENING_EXISTING_ASSET,,,True,"{""low"": 16815, ""medium"": 10325, ""high"": 2360}",836647318669.12,46480406.59,1,,AUTHORED_REFERENCE_COST_PER_CAPACITY_UNIT,,,,,
GATE-07,visual-territory-07,visual-territory-07-E2,国家海港集群,PROJECT-21,"[1479.0, 467.5]",256295.525054,tonne/sim-day,OP-07,GOV-07,OPENING_PORTFOLIO,False,True,UNAPPROVED_SCENARIO_ASSET,NEW_DATA_POINT_NEEDS_MAP_MARKER,,,325396,0,0,16270,90,86776.0,,,OPENING_EXISTING_ASSET,,,True,"{""low"": 185475, ""medium"": 113889, ""high"": 26032}",461331945.1,25629.55,1,,AUTHORED_REFERENCE_COST_PER_CAPACITY_UNIT,,True,"[1479, 467]",Snapped to original ocean shoreline with ocean-grid access; harbour engineering not surveyed,
WAREHOUSE-07,visual-territory-07,visual-territory-07-E2,国家战略与生产库存库群,PROJECT-26,"[1491.25, 427.5]",18412510.931646,tonne,OP-07,GOV-07,OPENING_PORTFOLIO,False,True,UNAPPROVED_SCENARIO_ASSET,NEW_DATA_POINT_NEEDS_MAP_MARKER,,,325395,0,0,16270,90,86776.0,,,OPENING_EXISTING_ASSET,,,True,"{""low"": 185475, ""medium"": 113888, ""high"": 26032}",2209501311.8,122750.07,1,,AUTHORED_REFERENCE_COST_PER_CAPACITY_UNIT,,,,,
OPEN-08-GRAIN,visual-territory-08,visual-territory-08-E1,GRAIN区域生产群,,"[1523.25, 419.5]",450749.862159,tonne/sim-day,OP-08,GOV-08,OPENING_PORTFOLIO,False,True,UNAPPROVED_SCENARIO_ASSET,NEW_DATA_POINT_NEEDS_MAP_MARKER,,,195979,326.630335,559937716.968571,9799,180,783916.0,SCENARIO-RECIPE-GRAIN,LIC-08-GRAIN,OPENING_EXISTING_ASSET,GRAIN,391956.401878,True,"{""low"": 111708, ""medium"": 68593, ""high"": 15678}",811349751.89,45074.99,1,0.869565,AUTHORED_REFERENCE_COST_PER_CAPACITY_UNIT,,,,,
OPEN-08-SEMICONDUCTORS,visual-territory-08,visual-territory-08-E1,SEMICONDUCTORS区域生产群,PROJECT-17,"[1523.25, 419.5]",404921.98337,standardised chip unit/sim-day,OP-08,GOV-08,OPENING_PORTFOLIO,False,True,UNAPPROVED_SCENARIO_ASSET,NEW_DATA_POINT_NEEDS_MAP_MARKER,,,353,1.467109,35.210607,18,180,1412.0,SCENARIO-RECIPE-SEMICONDUCTORS,LIC-08-SEMICONDUCTORS,OPENING_EXISTING_ASSET,SEMICONDUCTORS,352106.072496,True,"{""low"": 123, ""medium"": 124, ""high"": 106}",1417226941.79,78734.83,1,0.869565,AUTHORED_REFERENCE_COST_PER_CAPACITY_UNIT,,,,,
SERVICE-visual-territory-08-E1-36,visual-territory-08,visual-territory-08-E1,住房区域服务群,PROJECT-36,"[1523.25, 419.5]",37729491.0,dwelling-unit,OP-08,GOV-08,OPENING_PORTFOLIO,False,True,UNAPPROVED_SCENARIO_ASSET,NEW_DATA_POINT_NEEDS_MAP_MARKER,,,0,0,0,1,90,93840.0,,,OPENING_EXISTING_ASSET,,,True,"{""low"": 0, ""medium"": 0, ""high"": 0}",2452416915000.0,136245384.17,1,,AUTHORED_REFERENCE_COST_PER_CAPACITY_UNIT,,,,,
SERVICE-visual-territory-08-E1-31,visual-territory-08,visual-territory-08-E1,基础教育区域服务群,PROJECT-31,"[1523.25, 419.5]",23680884.0,student-seat,OP-08,GOV-08,OPENING_PORTFOLIO,False,True,UNAPPROVED_SCENARIO_ASSET,NEW_DATA_POINT_NEEDS_MAP_MARKER,,,867432,0,0,43372,90,93840.0,,,OPENING_EXISTING_ASSET,,,True,"{""low"": 494436, ""medium"": 303601, ""high"": 69395}",142085304000.0,7893628.0,1,,AUTHORED_REFERENCE_COST_PER_CAPACITY_UNIT,,,,,
SERVICE-visual-territory-08-E1-35,visual-territory-08,visual-territory-08-E1,医院区域服务群,PROJECT-35,"[1523.25, 419.5]",356104.0,bed,OP-08,GOV-08,OPENING_PORTFOLIO,False,True,UNAPPROVED_SCENARIO_ASSET,NEW_DATA_POINT_NEEDS_MAP_MARKER,,,415455,0,0,20773,90,93840.0,,,OPENING_EXISTING_ASSET,,,True,"{""low"": 236810, ""medium"": 145409, ""high"": 33236}",24927280000.0,1384848.89,1,,AUTHORED_REFERENCE_COST_PER_CAPACITY_UNIT,,,,,
SERVICE-visual-territory-08-E2-36,visual-territory-08,visual-territory-08-E2,住房区域服务群,PROJECT-36,"[1566.25, 419.0]",36596426.0,dwelling-unit,OP-08,GOV-08,OPENING_PORTFOLIO,False,True,UNAPPROVED_SCENARIO_ASSET,NEW_DATA_POINT_NEEDS_MAP_MARKER,,,0,0,0,1,90,93840.0,,,OPENING_EXISTING_ASSET,,,True,"{""low"": 0, ""medium"": 0, ""high"": 0}",2378767690000.0,132153760.56,1,,AUTHORED_REFERENCE_COST_PER_CAPACITY_UNIT,,,,,
SERVICE-visual-territory-08-E2-31,visual-territory-08,visual-territory-08-E2,基础教育区域服务群,PROJECT-31,"[1566.25, 419.0]",23119885.0,student-seat,OP-08,GOV-08,OPENING_PORTFOLIO,False,True,UNAPPROVED_SCENARIO_ASSET,NEW_DATA_POINT_NEEDS_MAP_MARKER,,,846883,0,0,42345,90,93840.0,,,OPENING_EXISTING_ASSET,,,True,"{""low"": 482723, ""medium"": 296409, ""high"": 67751}",138719310000.0,7706628.33,1,,AUTHORED_REFERENCE_COST_PER_CAPACITY_UNIT,,,,,
SERVICE-visual-territory-08-E2-35,visual-territory-08,visual-territory-08-E2,医院区域服务群,PROJECT-35,"[1566.25, 419.0]",347668.0,bed,OP-08,GOV-08,OPENING_PORTFOLIO,False,True,UNAPPROVED_SCENARIO_ASSET,NEW_DATA_POINT_NEEDS_MAP_MARKER,,,405613,0,0,20281,90,93840.0,,,OPENING_EXISTING_ASSET,,,True,"{""low"": 231199, ""medium"": 141965, ""high"": 32449}",24336760000.0,1352042.22,1,,AUTHORED_REFERENCE_COST_PER_CAPACITY_UNIT,,,,,
POWER-08-10,visual-territory-08,visual-territory-08-E1,太阳能区域设施群,PROJECT-10,"[1523.25, 419.5]",529230.452146,MW,OP-08,GOV-08,OPENING_PORTFOLIO,False,True,UNAPPROVED_SCENARIO_ASSET,NEW_DATA_POINT_NEEDS_MAP_MARKER,,,31754,0,0,1588,90,93840.0,,,OPENING_EXISTING_ASSET,,,True,"{""low"": 18100, ""medium"": 11114, ""high"": 2540}",476307406931.4,26461522.61,1,,AUTHORED_REFERENCE_COST_PER_CAPACITY_UNIT,,,,,
POWER-08-11,visual-territory-08,visual-territory-08-E1,风能区域设施群,PROJECT-11,"[1523.25, 419.5]",529230.452146,MW,OP-08,GOV-08,OPENING_PORTFOLIO,False,True,UNAPPROVED_SCENARIO_ASSET,NEW_DATA_POINT_NEEDS_MAP_MARKER,,,31754,0,0,1588,90,93840.0,,,OPENING_EXISTING_ASSET,,,True,"{""low"": 18100, ""medium"": 11114, ""high"": 2540}",476307406931.4,26461522.61,1,,AUTHORED_REFERENCE_COST_PER_CAPACITY_UNIT,,,,,
POWER-08-23,visual-territory-08,visual-territory-08-E1,国家电网区域设施群,PROJECT-23,"[1523.25, 419.5]",132367.174554,MW,OP-08,GOV-08,OPENING_PORTFOLIO,False,True,UNAPPROVED_SCENARIO_ASSET,NEW_DATA_POINT_NEEDS_MAP_MARKER,,,31754,0,0,1588,90,93840.0,,,OPENING_EXISTING_ASSET,,,True,"{""low"": 18100, ""medium"": 11114, ""high"": 2540}",119130457098.6,6618358.73,1,,AUTHORED_REFERENCE_COST_PER_CAPACITY_UNIT,,,,,
POWER-08-13,visual-territory-08,visual-territory-08-E1,储能区域设施群,PROJECT-13,"[1523.25, 419.5]",5647666.114322,MWh,OP-08,GOV-08,OPENING_PORTFOLIO,False,True,UNAPPROVED_SCENARIO_ASSET,NEW_DATA_POINT_NEEDS_MAP_MARKER,,,31754,0,0,1588,90,93840.0,,,OPENING_EXISTING_ASSET,,,True,"{""low"": 18100, ""medium"": 11114, ""high"": 2540}",903626578291.52,50201476.57,1,,AUTHORED_REFERENCE_COST_PER_CAPACITY_UNIT,,,,,
GATE-08,visual-territory-08,visual-territory-08-E2,国家海港集群,PROJECT-21,"[1557.5, 456.5]",391589.640534,tonne/sim-day,OP-08,GOV-08,OPENING_PORTFOLIO,False,True,UNAPPROVED_SCENARIO_ASSET,NEW_DATA_POINT_NEEDS_MAP_MARKER,,,351886,0,0,17595,90,93840.0,,,OPENING_EXISTING_ASSET,,,True,"{""low"": 200575, ""medium"": 123160, ""high"": 28151}",704861352.96,39158.96,1,,AUTHORED_REFERENCE_COST_PER_CAPACITY_UNIT,,True,"[1557.5, 456.5]",Snapped to original ocean shoreline with ocean-grid access; harbour engineering not surveyed,
WAREHOUSE-08,visual-territory-08,visual-territory-08-E1,国家战略与生产库存库群,PROJECT-26,"[1523.25, 419.5]",18890315.513045,tonne,OP-08,GOV-08,OPENING_PORTFOLIO,False,True,UNAPPROVED_SCENARIO_ASSET,NEW_DATA_POINT_NEEDS_MAP_MARKER,,,351885,0,0,17595,90,93840.0,,,OPENING_EXISTING_ASSET,,,True,"{""low"": 200574, ""medium"": 123160, ""high"": 28151}",2266837861.57,125935.44,1,,AUTHORED_REFERENCE_COST_PER_CAPACITY_UNIT,,,,,
OPEN-RES42,visual-territory-09,visual-territory-09-E2,URANIUM开采组,PROJECT-03,"[1111, 527]",0.73876,tonne U/sim-day,OP-09,GOV-09,OPENING_PORTFOLIO,False,True,UNAPPROVED_SCENARIO_ASSET,NEW_DATA_POINT_NEEDS_MAP_MARKER,,,14,0.979417,13.432,1,180,56.0,SCENARIO-RECIPE-URANIUM,LIC-09-URANIUM,OPENING_EXISTING_ASSET,URANIUM,0.6716,,"{""low"": 8, ""medium"": 5, ""high"": 1}",4432560.0,246.25,1,0.909091,AUTHORED_REFERENCE_COST_PER_CAPACITY_UNIT,RES42,,,,
OPEN-09-GRAIN,visual-territory-09,visual-territory-09-E1,GRAIN区域生产群,,"[1079.75, 550.5]",290311.114896,tonne/sim-day,OP-09,GOV-09,OPENING_PORTFOLIO,False,True,UNAPPROVED_SCENARIO_ASSET,NEW_DATA_POINT_NEEDS_MAP_MARKER,,,126223,210.370373,360634925.337143,6312,180,504892.0,SCENARIO-RECIPE-GRAIN,LIC-09-GRAIN,OPENING_EXISTING_ASSET,GRAIN,252444.447736,True,"{""low"": 71947, ""medium"": 44178, ""high"": 10098}",522560006.81,29031.11,1,0.869565,AUTHORED_REFERENCE_COST_PER_CAPACITY_UNIT,,,,,
OPEN-RES120,visual-territory-09,visual-territory-09-E1,IRON_ORE开采组,PROJECT-04,"[1091, 600]",61880.04295,tonne/sim-day,OP-09,GOV-09,OPENING_PORTFOLIO,False,True,UNAPPROVED_SCENARIO_ASSET,NEW_DATA_POINT_NEEDS_MAP_MARKER,,,4501,140.636461,5625.45845,226,180,18004.0,SCENARIO-RECIPE-IRON_ORE,LIC-09-IRON_ORE,OPENING_EXISTING_ASSET,IRON_ORE,56254.5845,,"{""low"": 2566, ""medium"": 1575, ""high"": 360}",111384077.31,6188.0,1,0.909091,AUTHORED_REFERENCE_COST_PER_CAPACITY_UNIT,RES120,,,,
OPEN-09-STEEL,visual-territory-09,visual-territory-09-E1,STEEL区域生产群,PROJECT-14,"[1079.75, 550.5]",18629.644182,tonne/sim-day,OP-09,GOV-09,OPENING_PORTFOLIO,False,True,UNAPPROVED_SCENARIO_ASSET,NEW_DATA_POINT_NEEDS_MAP_MARKER,,,1944,438.74162,32399.381186,98,180,7776.0,SCENARIO-RECIPE-STEEL,LIC-09-STEEL,OPENING_EXISTING_ASSET,STEEL,16199.690593,True,"{""low"": 1108, ""medium"": 680, ""high"": 156}",33533359.53,1862.96,1,0.869565,AUTHORED_REFERENCE_COST_PER_CAPACITY_UNIT,,,,,
SERVICE-visual-territory-09-E1-36,visual-territory-09,visual-territory-09-E1,住房区域服务群,PROJECT-36,"[1079.75, 550.5]",33901845.0,dwelling-unit,OP-09,GOV-09,OPENING_PORTFOLIO,False,True,UNAPPROVED_SCENARIO_ASSET,NEW_DATA_POINT_NEEDS_MAP_MARKER,,,0,0,0,1,90,81568.0,,,OPENING_EXISTING_ASSET,,,True,"{""low"": 0, ""medium"": 0, ""high"": 0}",2203619925000.0,122423329.17,1,,AUTHORED_REFERENCE_COST_PER_CAPACITY_UNIT,,,,,
SERVICE-visual-territory-09-E1-31,visual-territory-09,visual-territory-09-E1,基础教育区域服务群,PROJECT-31,"[1079.75, 550.5]",21551439.0,student-seat,OP-09,GOV-09,OPENING_PORTFOLIO,False,True,UNAPPROVED_SCENARIO_ASSET,NEW_DATA_POINT_NEEDS_MAP_MARKER,,,789430,0,0,39472,90,81568.0,,,OPENING_EXISTING_ASSET,,,True,"{""low"": 449976, ""medium"": 276300, ""high"": 63154}",129308634000.0,7183813.0,1,,AUTHORED_REFERENCE_COST_PER_CAPACITY_UNIT,,,,,
SERVICE-visual-territory-09-E1-35,visual-territory-09,visual-territory-09-E1,医院区域服务群,PROJECT-35,"[1079.75, 550.5]",324082.0,bed,OP-09,GOV-09,OPENING_PORTFOLIO,False,True,UNAPPROVED_SCENARIO_ASSET,NEW_DATA_POINT_NEEDS_MAP_MARKER,,,378096,0,0,18905,90,81568.0,,,OPENING_EXISTING_ASSET,,,True,"{""low"": 215514, ""medium"": 132334, ""high"": 30248}",22685740000.0,1260318.89,1,,AUTHORED_REFERENCE_COST_PER_CAPACITY_UNIT,,,,,
SERVICE-visual-territory-09-E2-36,visual-territory-09,visual-territory-09-E2,住房区域服务群,PROJECT-36,"[1121.75, 557.0]",29730437.0,dwelling-unit,OP-09,GOV-09,OPENING_PORTFOLIO,False,True,UNAPPROVED_SCENARIO_ASSET,NEW_DATA_POINT_NEEDS_MAP_MARKER,,,0,0,0,1,90,81568.0,,,OPENING_EXISTING_ASSET,,,True,"{""low"": 0, ""medium"": 0, ""high"": 0}",1932478405000.0,107359911.39,1,,AUTHORED_REFERENCE_COST_PER_CAPACITY_UNIT,,,,,
SERVICE-visual-territory-09-E2-31,visual-territory-09,visual-territory-09-E2,基础教育区域服务群,PROJECT-31,"[1121.75, 557.0]",19129409.0,student-seat,OP-09,GOV-09,OPENING_PORTFOLIO,False,True,UNAPPROVED_SCENARIO_ASSET,NEW_DATA_POINT_NEEDS_MAP_MARKER,,,700711,0,0,35036,90,81568.0,,,OPENING_EXISTING_ASSET,,,True,"{""low"": 399405, ""medium"": 245249, ""high"": 56057}",114776454000.0,6376469.67,1,,AUTHORED_REFERENCE_COST_PER_CAPACITY_UNIT,,,,,
SERVICE-visual-territory-09-E2-35,visual-territory-09,visual-territory-09-E2,医院区域服务群,PROJECT-35,"[1121.75, 557.0]",287661.0,bed,OP-09,GOV-09,OPENING_PORTFOLIO,False,True,UNAPPROVED_SCENARIO_ASSET,NEW_DATA_POINT_NEEDS_MAP_MARKER,,,335604,0,0,16781,90,81568.0,,,OPENING_EXISTING_ASSET,,,True,"{""low"": 191295, ""medium"": 117461, ""high"": 26848}",20136270000.0,1118681.67,1,,AUTHORED_REFERENCE_COST_PER_CAPACITY_UNIT,,,,,
POWER-09-10,visual-territory-09,visual-territory-09-E1,太阳能区域设施群,PROJECT-10,"[1079.75, 550.5]",431875.170817,MW,OP-09,GOV-09,OPENING_PORTFOLIO,False,True,UNAPPROVED_SCENARIO_ASSET,NEW_DATA_POINT_NEEDS_MAP_MARKER,,,25915,0,0,1296,90,81568.0,,,OPENING_EXISTING_ASSET,,,True,"{""low"": 14772, ""medium"": 9070, ""high"": 2073}",388687653735.3,21593758.54,1,,AUTHORED_REFERENCE_COST_PER_CAPACITY_UNIT,,,,,
POWER-09-11,visual-territory-09,visual-territory-09-E1,风能区域设施群,PROJECT-11,"[1079.75, 550.5]",431875.170817,MW,OP-09,GOV-09,OPENING_PORTFOLIO,False,True,UNAPPROVED_SCENARIO_ASSET,NEW_DATA_POINT_NEEDS_MAP_MARKER,,,25912,0,0,1296,90,81568.0,,,OPENING_EXISTING_ASSET,,,True,"{""low"": 14770, ""medium"": 9069, ""high"": 2073}",388687653735.3,21593758.54,1,,AUTHORED_REFERENCE_COST_PER_CAPACITY_UNIT,,,,,
POWER-09-23,visual-territory-09,visual-territory-09-E1,国家电网区域设施群,PROJECT-23,"[1079.75, 550.5]",115690.044964,MW,OP-09,GOV-09,OPENING_PORTFOLIO,False,True,UNAPPROVED_SCENARIO_ASSET,NEW_DATA_POINT_NEEDS_MAP_MARKER,,,25912,0,0,1296,90,81568.0,,,OPENING_EXISTING_ASSET,,,True,"{""low"": 14770, ""medium"": 9069, ""high"": 2073}",104121040467.6,5784502.25,1,,AUTHORED_REFERENCE_COST_PER_CAPACITY_UNIT,,,,,
POWER-09-13,visual-territory-09,visual-territory-09-E1,储能区域设施群,PROJECT-13,"[1079.75, 550.5]",4936108.585134,MWh,OP-09,GOV-09,OPENING_PORTFOLIO,False,True,UNAPPROVED_SCENARIO_ASSET,NEW_DATA_POINT_NEEDS_MAP_MARKER,,,25912,0,0,1296,90,81568.0,,,OPENING_EXISTING_ASSET,,,True,"{""low"": 14770, ""medium"": 9069, ""high"": 2073}",789777373621.44,43876520.76,1,,AUTHORED_REFERENCE_COST_PER_CAPACITY_UNIT,,,,,
GATE-09,visual-territory-09,visual-territory-09-E1,国家海港集群,PROJECT-21,"[1066.5, 546.5]",245229.068023,tonne/sim-day,OP-09,GOV-09,OPENING_PORTFOLIO,False,True,UNAPPROVED_SCENARIO_ASSET,NEW_DATA_POINT_NEEDS_MAP_MARKER,,,305872,0,0,15294,90,81568.0,,,OPENING_EXISTING_ASSET,,,True,"{""low"": 174347, ""medium"": 107055, ""high"": 24470}",441412322.44,24522.91,1,,AUTHORED_REFERENCE_COST_PER_CAPACITY_UNIT,,True,"[1066.5, 546.5]",Snapped to original ocean shoreline with ocean-grid access; harbour engineering not surveyed,
WAREHOUSE-09,visual-territory-09,visual-territory-09-E1,国家战略与生产库存库群,PROJECT-26,"[1079.75, 550.5]",17058428.374745,tonne,OP-09,GOV-09,OPENING_PORTFOLIO,False,True,UNAPPROVED_SCENARIO_ASSET,NEW_DATA_POINT_NEEDS_MAP_MARKER,,,305871,0,0,15294,90,81568.0,,,OPENING_EXISTING_ASSET,,,True,"{""low"": 174346, ""medium"": 107055, ""high"": 24470}",2047011404.97,113722.86,1,,AUTHORED_REFERENCE_COST_PER_CAPACITY_UNIT,,,,,
OPEN-RES123,visual-territory-10,visual-territory-10-E1,CRUDE_OIL开采组,PROJECT-01,"[1152, 462]",523274.05834,barrel/sim-day,OP-10,GOV-10,OPENING_PORTFOLIO,False,True,UNAPPROVED_SCENARIO_ASSET,NEW_DATA_POINT_NEEDS_MAP_MARKER,,,7136,237.851845,95140.73788,357,180,28544.0,SCENARIO-RECIPE-CRUDE_OIL,LIC-10-CRUDE_OIL,OPENING_EXISTING_ASSET,CRUDE_OIL,475703.6894,,"{""low"": 4067, ""medium"": 2498, ""high"": 571}",9418933050.12,523274.06,1,0.909091,AUTHORED_REFERENCE_COST_PER_CAPACITY_UNIT,RES123,,,,
OPEN-RES122,visual-territory-10,visual-territory-10-E2,NATURAL_GAS开采组,PROJECT-02,"[1226, 420]",1083953.6499,MMBtu/sim-day,OP-10,GOV-10,OPENING_PORTFOLIO,False,True,UNAPPROVED_SCENARIO_ASSET,NEW_DATA_POINT_NEEDS_MAP_MARKER,,,1971,41.05885,9854.12409,99,180,7884.0,SCENARIO-RECIPE-NATURAL_GAS,LIC-10-NATURAL_GAS,OPENING_EXISTING_ASSET,NATURAL_GAS,985412.409,,"{""low"": 1123, ""medium"": 690, ""high"": 158}",2601488759.76,144527.15,1,0.909091,AUTHORED_REFERENCE_COST_PER_CAPACITY_UNIT,RES122,,,,
OPEN-10-GRAIN,visual-territory-10,visual-territory-10-E1,GRAIN区域生产群,,"[1132.75, 517.0]",151674.093861,tonne/sim-day,OP-10,GOV-10,OPENING_PORTFOLIO,False,True,UNAPPROVED_SCENARIO_ASSET,NEW_DATA_POINT_NEEDS_MAP_MARKER,,,65946,109.908764,188415023.43,3298,180,263784.0,SCENARIO-RECIPE-GRAIN,LIC-10-GRAIN,OPENING_EXISTING_ASSET,GRAIN,131890.516401,True,"{""low"": 37589, ""medium"": 23081, ""high"": 5276}",273013368.95,15167.41,1,0.869565,AUTHORED_REFERENCE_COST_PER_CAPACITY_UNIT,,,,,
OPEN-RES124,visual-territory-10,visual-territory-10-E2,COPPER开采组,PROJECT-05,"[1208, 550]",576.407303,tonne/sim-day,OP-10,GOV-10,OPENING_PORTFOLIO,False,True,UNAPPROVED_SCENARIO_ASSET,NEW_DATA_POINT_NEEDS_MAP_MARKER,,,263,17.466888,1048.013278,14,180,1052.0,SCENARIO-RECIPE-COPPER,LIC-10-COPPER,OPENING_EXISTING_ASSET,COPPER,524.006639,,"{""low"": 150, ""medium"": 92, ""high"": 21}",1037533.15,57.64,1,0.909091,AUTHORED_REFERENCE_COST_PER_CAPACITY_UNIT,RES124,,,,
OPEN-10-REFINED_FUEL,visual-territory-10,visual-territory-10-E1,REFINED_FUEL区域生产群,PROJECT-15,"[1132.75, 517.0]",77506.54582,barrel equivalent/sim-day,OP-10,GOV-10,OPENING_PORTFOLIO,False,True,UNAPPROVED_SCENARIO_ASSET,NEW_DATA_POINT_NEEDS_MAP_MARKER,,,540,22.465665,6739.699637,27,180,2160.0,SCENARIO-RECIPE-REFINED_FUEL,LIC-10-REFINED_FUEL,OPENING_EXISTING_ASSET,REFINED_FUEL,67396.996365,True,"{""low"": 308, ""medium"": 189, ""high"": 43}",1395117824.76,77506.55,1,0.869565,AUTHORED_REFERENCE_COST_PER_CAPACITY_UNIT,,,,,
OPEN-10-BATTERIES,visual-territory-10,visual-territory-10-E1,BATTERIES区域生产群,PROJECT-18,"[1132.75, 517.0]",80.865082,MWh-equivalent/sim-day,OP-10,GOV-10,OPENING_PORTFOLIO,False,True,UNAPPROVED_SCENARIO_ASSET,NEW_DATA_POINT_NEEDS_MAP_MARKER,,,22,1.757937,140.634924,2,180,88.0,SCENARIO-RECIPE-BATTERIES,LIC-10-BATTERIES,OPENING_EXISTING_ASSET,BATTERIES,70.317462,True,"{""low"": 10, ""medium"": 8, ""high"": 4}",145557147.6,8086.51,1,0.869565,AUTHORED_REFERENCE_COST_PER_CAPACITY_UNIT,,,,,
SERVICE-visual-territory-10-E1-36,visual-territory-10,visual-territory-10-E1,住房区域服务群,PROJECT-36,"[1132.75, 517.0]",34076946.0,dwelling-unit,OP-10,GOV-10,OPENING_PORTFOLIO,False,True,UNAPPROVED_SCENARIO_ASSET,NEW_DATA_POINT_NEEDS_MAP_MARKER,,,0,0,0,1,90,87144.0,,,OPENING_EXISTING_ASSET,,,True,"{""low"": 0, ""medium"": 0, ""high"": 0}",2215001490000.0,123055638.33,1,,AUTHORED_REFERENCE_COST_PER_CAPACITY_UNIT,,,,,
SERVICE-visual-territory-10-E1-31,visual-territory-10,visual-territory-10-E1,基础教育区域服务群,PROJECT-31,"[1132.75, 517.0]",21777154.0,student-seat,OP-10,GOV-10,OPENING_PORTFOLIO,False,True,UNAPPROVED_SCENARIO_ASSET,NEW_DATA_POINT_NEEDS_MAP_MARKER,,,797698,0,0,39885,90,87144.0,,,OPENING_EXISTING_ASSET,,,True,"{""low"": 454688, ""medium"": 279194, ""high"": 63816}",130662924000.0,7259051.33,1,,AUTHORED_REFERENCE_COST_PER_CAPACITY_UNIT,,,,,
SERVICE-visual-territory-10-E1-35,visual-territory-10,visual-territory-10-E1,医院区域服务群,PROJECT-35,"[1132.75, 517.0]",327476.0,bed,OP-10,GOV-10,OPENING_PORTFOLIO,False,True,UNAPPROVED_SCENARIO_ASSET,NEW_DATA_POINT_NEEDS_MAP_MARKER,,,382056,0,0,19103,90,87144.0,,,OPENING_EXISTING_ASSET,,,True,"{""low"": 217772, ""medium"": 133720, ""high"": 30564}",22923320000.0,1273517.78,1,,AUTHORED_REFERENCE_COST_PER_CAPACITY_UNIT,,,,,
SERVICE-visual-territory-10-E2-36,visual-territory-10,visual-territory-10-E2,住房区域服务群,PROJECT-36,"[1202.5, 445.0]",34144579.0,dwelling-unit,OP-10,GOV-10,OPENING_PORTFOLIO,False,True,UNAPPROVED_SCENARIO_ASSET,NEW_DATA_POINT_NEEDS_MAP_MARKER,,,0,0,0,1,90,87144.0,,,OPENING_EXISTING_ASSET,,,True,"{""low"": 0, ""medium"": 0, ""high"": 0}",2219397635000.0,123299868.61,1,,AUTHORED_REFERENCE_COST_PER_CAPACITY_UNIT,,,,,
SERVICE-visual-territory-10-E2-31,visual-territory-10,visual-territory-10-E2,基础教育区域服务群,PROJECT-31,"[1202.5, 445.0]",21685789.0,student-seat,OP-10,GOV-10,OPENING_PORTFOLIO,False,True,UNAPPROVED_SCENARIO_ASSET,NEW_DATA_POINT_NEEDS_MAP_MARKER,,,794352,0,0,39718,90,87144.0,,,OPENING_EXISTING_ASSET,,,True,"{""low"": 452781, ""medium"": 278023, ""high"": 63548}",130114734000.0,7228596.33,1,,AUTHORED_REFERENCE_COST_PER_CAPACITY_UNIT,,,,,
SERVICE-visual-territory-10-E2-35,visual-territory-10,visual-territory-10-E2,医院区域服务群,PROJECT-35,"[1202.5, 445.0]",326103.0,bed,OP-10,GOV-10,OPENING_PORTFOLIO,False,True,UNAPPROVED_SCENARIO_ASSET,NEW_DATA_POINT_NEEDS_MAP_MARKER,,,380453,0,0,19023,90,87144.0,,,OPENING_EXISTING_ASSET,,,True,"{""low"": 216858, ""medium"": 133159, ""high"": 30436}",22827210000.0,1268178.33,1,,AUTHORED_REFERENCE_COST_PER_CAPACITY_UNIT,,,,,
POWER-10-10,visual-territory-10,visual-territory-10-E1,太阳能区域设施群,PROJECT-10,"[1132.75, 517.0]",492920.732382,MW,OP-10,GOV-10,OPENING_PORTFOLIO,False,True,UNAPPROVED_SCENARIO_ASSET,NEW_DATA_POINT_NEEDS_MAP_MARKER,,,29576,0,0,1479,90,87144.0,,,OPENING_EXISTING_ASSET,,,True,"{""low"": 16858, ""medium"": 10352, ""high"": 2366}",443628659143.8,24646036.62,1,,AUTHORED_REFERENCE_COST_PER_CAPACITY_UNIT,,,,,
POWER-10-11,visual-territory-10,visual-territory-10-E1,风能区域设施群,PROJECT-11,"[1132.75, 517.0]",492920.732382,MW,OP-10,GOV-10,OPENING_PORTFOLIO,False,True,UNAPPROVED_SCENARIO_ASSET,NEW_DATA_POINT_NEEDS_MAP_MARKER,,,29575,0,0,1479,90,87144.0,,,OPENING_EXISTING_ASSET,,,True,"{""low"": 16858, ""medium"": 10351, ""high"": 2366}",443628659143.8,24646036.62,1,,AUTHORED_REFERENCE_COST_PER_CAPACITY_UNIT,,,,,
POWER-10-23,visual-territory-10,visual-territory-10-E1,国家电网区域设施群,PROJECT-23,"[1132.75, 517.0]",123084.026311,MW,OP-10,GOV-10,OPENING_PORTFOLIO,False,True,UNAPPROVED_SCENARIO_ASSET,NEW_DATA_POINT_NEEDS_MAP_MARKER,,,29575,0,0,1479,90,87144.0,,,OPENING_EXISTING_ASSET,,,True,"{""low"": 16858, ""medium"": 10351, ""high"": 2366}",110775623679.9,6154201.32,1,,AUTHORED_REFERENCE_COST_PER_CAPACITY_UNIT,,,,,
POWER-10-13,visual-territory-10,visual-territory-10-E1,储能区域设施群,PROJECT-13,"[1132.75, 517.0]",5251585.122598,MWh,OP-10,GOV-10,OPENING_PORTFOLIO,False,True,UNAPPROVED_SCENARIO_ASSET,NEW_DATA_POINT_NEEDS_MAP_MARKER,,,29575,0,0,1479,90,87144.0,,,OPENING_EXISTING_ASSET,,,True,"{""low"": 16858, ""medium"": 10351, ""high"": 2366}",840253619615.68,46680756.65,1,,AUTHORED_REFERENCE_COST_PER_CAPACITY_UNIT,,,,,
GATE-10,visual-territory-10,visual-territory-10-E1,国家海港集群,PROJECT-21,"[1149.5, 485.5]",182427.085011,tonne/sim-day,OP-10,GOV-10,OPENING_PORTFOLIO,False,True,UNAPPROVED_SCENARIO_ASSET,NEW_DATA_POINT_NEEDS_MAP_MARKER,,,326790,0,0,16340,90,87144.0,,,OPENING_EXISTING_ASSET,,,True,"{""low"": 186271, ""medium"": 114376, ""high"": 26143}",328368753.02,18242.71,1,,AUTHORED_REFERENCE_COST_PER_CAPACITY_UNIT,,True,"[1149.5, 485.5]",Snapped to original ocean shoreline with ocean-grid access; harbour engineering not surveyed,
WAREHOUSE-10,visual-territory-10,visual-territory-10-E1,国家战略与生产库存库群,PROJECT-26,"[1132.75, 517.0]",17042777.107028,tonne,OP-10,GOV-10,OPENING_PORTFOLIO,False,True,UNAPPROVED_SCENARIO_ASSET,NEW_DATA_POINT_NEEDS_MAP_MARKER,,,326789,0,0,16340,90,87144.0,,,OPENING_EXISTING_ASSET,,,True,"{""low"": 186270, ""medium"": 114376, ""high"": 26143}",2045133252.84,113618.51,1,,AUTHORED_REFERENCE_COST_PER_CAPACITY_UNIT,,,,,
OPEN-RES24,visual-territory-11,visual-territory-11-E1,CRUDE_OIL开采组,PROJECT-01,"[1205, 570]",105501.2002,barrel/sim-day,OP-11,GOV-11,OPENING_PORTFOLIO,False,True,UNAPPROVED_SCENARIO_ASSET,NEW_DATA_POINT_NEEDS_MAP_MARKER,,,1439,47.955091,19182.0364,72,180,5756.0,SCENARIO-RECIPE-CRUDE_OIL,LIC-11-CRUDE_OIL,OPENING_EXISTING_ASSET,CRUDE_OIL,95910.182,,"{""low"": 820, ""medium"": 504, ""high"": 115}",1899021603.6,105501.2,1,0.909091,AUTHORED_REFERENCE_COST_PER_CAPACITY_UNIT,RES24,,,,
OPEN-11-GRAIN,visual-territory-11,visual-territory-11-E1,GRAIN区域生产群,,"[1198.0, 581.0]",100781.38836,tonne/sim-day,OP-11,GOV-11,OPENING_PORTFOLIO,False,True,UNAPPROVED_SCENARIO_ASSET,NEW_DATA_POINT_NEEDS_MAP_MARKER,,,43818,73.029992,125194271.254286,2191,180,175272.0,SCENARIO-RECIPE-GRAIN,LIC-11-GRAIN,OPENING_EXISTING_ASSET,GRAIN,87635.989878,True,"{""low"": 24977, ""medium"": 15336, ""high"": 3505}",181406499.05,10078.14,1,0.869565,AUTHORED_REFERENCE_COST_PER_CAPACITY_UNIT,,,,,
OPEN-RES125,visual-territory-11,visual-territory-11-E1,COPPER开采组,PROJECT-05,"[1267, 565]",576.407303,tonne/sim-day,OP-11,GOV-11,OPENING_PORTFOLIO,False,True,UNAPPROVED_SCENARIO_ASSET,NEW_DATA_POINT_NEEDS_MAP_MARKER,,,263,17.466888,1048.013278,14,180,1052.0,SCENARIO-RECIPE-COPPER,LIC-11-COPPER,OPENING_EXISTING_ASSET,COPPER,524.006639,,"{""low"": 150, ""medium"": 92, ""high"": 21}",1037533.15,57.64,1,0.909091,AUTHORED_REFERENCE_COST_PER_CAPACITY_UNIT,RES125,,,,
OPEN-RES60,visual-territory-11,visual-territory-11-E1,LITHIUM开采组,PROJECT-06,"[1214, 594]",155.360266,tonne LCE/sim-day,OP-11,GOV-11,OPENING_PORTFOLIO,False,True,UNAPPROVED_SCENARIO_ASSET,NEW_DATA_POINT_NEEDS_MAP_MARKER,,,71,7.06183,423.709818,4,180,284.0,SCENARIO-RECIPE-LITHIUM,LIC-11-LITHIUM,OPENING_EXISTING_ASSET,LITHIUM,141.236606,,"{""low"": 40, ""medium"": 25, ""high"": 6}",93216159.6,5178.68,1,0.909091,AUTHORED_REFERENCE_COST_PER_CAPACITY_UNIT,RES60,,,,
OPEN-11-BATTERIES,visual-territory-11,visual-territory-11-E1,BATTERIES区域生产群,PROJECT-18,"[1198.0, 581.0]",270.703494,MWh-equivalent/sim-day,OP-11,GOV-11,OPENING_PORTFOLIO,False,True,UNAPPROVED_SCENARIO_ASSET,NEW_DATA_POINT_NEEDS_MAP_MARKER,,,71,5.884859,470.788686,4,180,284.0,SCENARIO-RECIPE-BATTERIES,LIC-11-BATTERIES,OPENING_EXISTING_ASSET,BATTERIES,235.394343,True,"{""low"": 33, ""medium"": 25, ""high"": 13}",487266289.2,27070.35,1,0.869565,AUTHORED_REFERENCE_COST_PER_CAPACITY_UNIT,,,,,
SERVICE-visual-territory-11-E1-36,visual-territory-11,visual-territory-11-E1,住房区域服务群,PROJECT-36,"[1198.0, 581.0]",43990264.0,dwelling-unit,OP-11,GOV-11,OPENING_PORTFOLIO,False,True,UNAPPROVED_SCENARIO_ASSET,NEW_DATA_POINT_NEEDS_MAP_MARKER,,,0,0,0,1,90,55632.0,,,OPENING_EXISTING_ASSET,,,True,"{""low"": 0, ""medium"": 0, ""high"": 0}",2859367160000.0,158853731.11,1,,AUTHORED_REFERENCE_COST_PER_CAPACITY_UNIT,,,,,
SERVICE-visual-territory-11-E1-31,visual-territory-11,visual-territory-11-E1,基础教育区域服务群,PROJECT-31,"[1198.0, 581.0]",27745869.0,student-seat,OP-11,GOV-11,OPENING_PORTFOLIO,False,True,UNAPPROVED_SCENARIO_ASSET,NEW_DATA_POINT_NEEDS_MAP_MARKER,,,1016333,0,0,50817,90,55632.0,,,OPENING_EXISTING_ASSET,,,True,"{""low"": 579309, ""medium"": 355717, ""high"": 81307}",166475214000.0,9248623.0,1,,AUTHORED_REFERENCE_COST_PER_CAPACITY_UNIT,,,,,
SERVICE-visual-territory-11-E1-35,visual-territory-11,visual-territory-11-E1,医院区域服务群,PROJECT-35,"[1198.0, 581.0]",417232.0,bed,OP-11,GOV-11,OPENING_PORTFOLIO,False,True,UNAPPROVED_SCENARIO_ASSET,NEW_DATA_POINT_NEEDS_MAP_MARKER,,,486770,0,0,24339,90,55632.0,,,OPENING_EXISTING_ASSET,,,True,"{""low"": 277458, ""medium"": 170370, ""high"": 38942}",29206240000.0,1622568.89,1,,AUTHORED_REFERENCE_COST_PER_CAPACITY_UNIT,,,,,
POWER-11-10,visual-territory-11,visual-territory-11-E1,太阳能区域设施群,PROJECT-10,"[1198.0, 581.0]",282395.98749,MW,OP-11,GOV-11,OPENING_PORTFOLIO,False,True,UNAPPROVED_SCENARIO_ASSET,NEW_DATA_POINT_NEEDS_MAP_MARKER,,,16944,0,0,848,90,55632.0,,,OPENING_EXISTING_ASSET,,,True,"{""low"": 9658, ""medium"": 5930, ""high"": 1356}",254156388741.0,14119799.37,1,,AUTHORED_REFERENCE_COST_PER_CAPACITY_UNIT,,,,,
POWER-11-11,visual-territory-11,visual-territory-11-E1,风能区域设施群,PROJECT-11,"[1198.0, 581.0]",282395.98749,MW,OP-11,GOV-11,OPENING_PORTFOLIO,False,True,UNAPPROVED_SCENARIO_ASSET,NEW_DATA_POINT_NEEDS_MAP_MARKER,,,16944,0,0,848,90,55632.0,,,OPENING_EXISTING_ASSET,,,True,"{""low"": 9658, ""medium"": 5930, ""high"": 1356}",254156388741.0,14119799.37,1,,AUTHORED_REFERENCE_COST_PER_CAPACITY_UNIT,,,,,
POWER-11-23,visual-territory-11,visual-territory-11-E1,国家电网区域设施群,PROJECT-23,"[1198.0, 581.0]",78420.081074,MW,OP-11,GOV-11,OPENING_PORTFOLIO,False,True,UNAPPROVED_SCENARIO_ASSET,NEW_DATA_POINT_NEEDS_MAP_MARKER,,,16944,0,0,848,90,55632.0,,,OPENING_EXISTING_ASSET,,,True,"{""low"": 9658, ""medium"": 5930, ""high"": 1356}",70578072966.6,3921004.05,1,,AUTHORED_REFERENCE_COST_PER_CAPACITY_UNIT,,,,,
POWER-11-13,visual-territory-11,visual-territory-11-E1,储能区域设施群,PROJECT-13,"[1198.0, 581.0]",3345923.459168,MWh,OP-11,GOV-11,OPENING_PORTFOLIO,False,True,UNAPPROVED_SCENARIO_ASSET,NEW_DATA_POINT_NEEDS_MAP_MARKER,,,16944,0,0,848,90,55632.0,,,OPENING_EXISTING_ASSET,,,True,"{""low"": 9658, ""medium"": 5930, ""high"": 1356}",535347753466.88,29741541.86,1,,AUTHORED_REFERENCE_COST_PER_CAPACITY_UNIT,,,,,
GATE-11,visual-territory-11,visual-territory-11-E1,国家海港集群,PROJECT-21,"[1222.5, 547.5]",76294.387475,tonne/sim-day,OP-11,GOV-11,OPENING_PORTFOLIO,False,True,UNAPPROVED_SCENARIO_ASSET,NEW_DATA_POINT_NEEDS_MAP_MARKER,,,208616,0,0,10431,90,55632.0,,,OPENING_EXISTING_ASSET,,,True,"{""low"": 118911, ""medium"": 73016, ""high"": 16689}",137329897.45,7629.44,1,,AUTHORED_REFERENCE_COST_PER_CAPACITY_UNIT,,True,"[1222.5, 547.5]",Snapped to original ocean shoreline with ocean-grid access; harbour engineering not surveyed,
WAREHOUSE-11,visual-territory-11,visual-territory-11-E1,国家战略与生产库存库群,PROJECT-26,"[1198.0, 581.0]",10619521.638776,tonne,OP-11,GOV-11,OPENING_PORTFOLIO,False,True,UNAPPROVED_SCENARIO_ASSET,NEW_DATA_POINT_NEEDS_MAP_MARKER,,,208616,0,0,10431,90,55632.0,,,OPENING_EXISTING_ASSET,,,True,"{""low"": 118911, ""medium"": 73016, ""high"": 16689}",1274342596.65,70796.81,1,,AUTHORED_REFERENCE_COST_PER_CAPACITY_UNIT,,,,,
OPEN-RES127,visual-territory-12,visual-territory-12-E1,CRUDE_OIL开采组,PROJECT-01,"[1215, 528]",653717.78549,barrel/sim-day,OP-12,GOV-12,OPENING_PORTFOLIO,False,True,UNAPPROVED_SCENARIO_ASSET,NEW_DATA_POINT_NEEDS_MAP_MARKER,,,8915,297.144448,118857.77918,446,180,35660.0,SCENARIO-RECIPE-CRUDE_OIL,LIC-12-CRUDE_OIL,OPENING_EXISTING_ASSET,CRUDE_OIL,594288.8959,,"{""low"": 5082, ""medium"": 3120, ""high"": 713}",11766920138.82,653717.79,1,0.909091,AUTHORED_REFERENCE_COST_PER_CAPACITY_UNIT,RES127,,,,
OPEN-12-SEMICONDUCTORS,visual-territory-12,visual-territory-12-E1,SEMICONDUCTORS区域生产群,PROJECT-17,"[1269.25, 522.0]",3289644.723728,standardised chip unit/sim-day,OP-12,GOV-12,OPENING_PORTFOLIO,False,True,UNAPPROVED_SCENARIO_ASSET,NEW_DATA_POINT_NEEDS_MAP_MARKER,,,2861,11.919003,286.056063,144,180,11444.0,SCENARIO-RECIPE-SEMICONDUCTORS,LIC-12-SEMICONDUCTORS,OPENING_EXISTING_ASSET,SEMICONDUCTORS,2860560.629329,True,"{""low"": 1002, ""medium"": 1001, ""high"": 858}",11513756533.05,639653.14,1,0.869565,AUTHORED_REFERENCE_COST_PER_CAPACITY_UNIT,,,,,
OPEN-12-BATTERIES,visual-territory-12,visual-territory-12-E1,BATTERIES区域生产群,PROJECT-18,"[1269.25, 522.0]",110.609908,MWh-equivalent/sim-day,OP-12,GOV-12,OPENING_PORTFOLIO,False,True,UNAPPROVED_SCENARIO_ASSET,NEW_DATA_POINT_NEEDS_MAP_MARKER,,,29,2.404563,192.365058,2,180,116.0,SCENARIO-RECIPE-BATTERIES,LIC-12-BATTERIES,OPENING_EXISTING_ASSET,BATTERIES,96.182529,True,"{""low"": 14, ""medium"": 10, ""high"": 5}",199097834.4,11060.99,1,0.869565,AUTHORED_REFERENCE_COST_PER_CAPACITY_UNIT,,,,,
SERVICE-visual-territory-12-E1-36,visual-territory-12,visual-territory-12-E1,住房区域服务群,PROJECT-36,"[1269.25, 522.0]",49581381.0,dwelling-unit,OP-12,GOV-12,OPENING_PORTFOLIO,False,True,UNAPPROVED_SCENARIO_ASSET,NEW_DATA_POINT_NEEDS_MAP_MARKER,,,0,0,0,1,90,113160.0,,,OPENING_EXISTING_ASSET,,,True,"{""low"": 0, ""medium"": 0, ""high"": 0}",3222789765000.0,179043875.83,1,,AUTHORED_REFERENCE_COST_PER_CAPACITY_UNIT,,,,,
SERVICE-visual-territory-12-E1-31,visual-territory-12,visual-territory-12-E1,基础教育区域服务群,PROJECT-31,"[1269.25, 522.0]",30462826.0,student-seat,OP-12,GOV-12,OPENING_PORTFOLIO,False,True,UNAPPROVED_SCENARIO_ASSET,NEW_DATA_POINT_NEEDS_MAP_MARKER,,,1115855,0,0,55793,90,113160.0,,,OPENING_EXISTING_ASSET,,,True,"{""low"": 636038, ""medium"": 390549, ""high"": 89268}",182776956000.0,10154275.33,1,,AUTHORED_REFERENCE_COST_PER_CAPACITY_UNIT,,,,,
SERVICE-visual-territory-12-E1-35,visual-territory-12,visual-territory-12-E1,医院区域服务群,PROJECT-35,"[1269.25, 522.0]",458088.0,bed,OP-12,GOV-12,OPENING_PORTFOLIO,False,True,UNAPPROVED_SCENARIO_ASSET,NEW_DATA_POINT_NEEDS_MAP_MARKER,,,534436,0,0,26722,90,113160.0,,,OPENING_EXISTING_ASSET,,,True,"{""low"": 304628, ""medium"": 187053, ""high"": 42755}",32066160000.0,1781453.33,1,,AUTHORED_REFERENCE_COST_PER_CAPACITY_UNIT,,,,,
SERVICE-visual-territory-12-E2-36,visual-territory-12,visual-territory-12-E2,住房区域服务群,PROJECT-36,"[1321.75, 511.0]",41057933.0,dwelling-unit,OP-12,GOV-12,OPENING_PORTFOLIO,False,True,UNAPPROVED_SCENARIO_ASSET,NEW_DATA_POINT_NEEDS_MAP_MARKER,,,0,0,0,1,90,113160.0,,,OPENING_EXISTING_ASSET,,,True,"{""low"": 0, ""medium"": 0, ""high"": 0}",2668765645000.0,148264758.06,1,,AUTHORED_REFERENCE_COST_PER_CAPACITY_UNIT,,,,,
SERVICE-visual-territory-12-E2-31,visual-territory-12,visual-territory-12-E2,基础教育区域服务群,PROJECT-31,"[1321.75, 511.0]",25974508.0,student-seat,OP-12,GOV-12,OPENING_PORTFOLIO,False,True,UNAPPROVED_SCENARIO_ASSET,NEW_DATA_POINT_NEEDS_MAP_MARKER,,,951448,0,0,47573,90,113160.0,,,OPENING_EXISTING_ASSET,,,True,"{""low"": 542325, ""medium"": 333007, ""high"": 76116}",155847048000.0,8658169.33,1,,AUTHORED_REFERENCE_COST_PER_CAPACITY_UNIT,,,,,
SERVICE-visual-territory-12-E2-35,visual-territory-12,visual-territory-12-E2,医院区域服务群,PROJECT-35,"[1321.75, 511.0]",390595.0,bed,OP-12,GOV-12,OPENING_PORTFOLIO,False,True,UNAPPROVED_SCENARIO_ASSET,NEW_DATA_POINT_NEEDS_MAP_MARKER,,,455694,0,0,22785,90,113160.0,,,OPENING_EXISTING_ASSET,,,True,"{""low"": 259745, ""medium"": 159493, ""high"": 36456}",27341650000.0,1518980.56,1,,AUTHORED_REFERENCE_COST_PER_CAPACITY_UNIT,,,,,
POWER-12-10,visual-territory-12,visual-territory-12-E1,太阳能区域设施群,PROJECT-10,"[1269.25, 522.0]",592861.369612,MW,OP-12,GOV-12,OPENING_PORTFOLIO,False,True,UNAPPROVED_SCENARIO_ASSET,NEW_DATA_POINT_NEEDS_MAP_MARKER,,,35574,0,0,1779,90,113160.0,,,OPENING_EXISTING_ASSET,,,True,"{""low"": 20277, ""medium"": 12451, ""high"": 2846}",533575232650.8,29643068.48,1,,AUTHORED_REFERENCE_COST_PER_CAPACITY_UNIT,,,,,
POWER-12-11,visual-territory-12,visual-territory-12-E1,风能区域设施群,PROJECT-11,"[1269.25, 522.0]",592861.369612,MW,OP-12,GOV-12,OPENING_PORTFOLIO,False,True,UNAPPROVED_SCENARIO_ASSET,NEW_DATA_POINT_NEEDS_MAP_MARKER,,,35571,0,0,1779,90,113160.0,,,OPENING_EXISTING_ASSET,,,True,"{""low"": 20275, ""medium"": 12450, ""high"": 2846}",533575232650.8,29643068.48,1,,AUTHORED_REFERENCE_COST_PER_CAPACITY_UNIT,,,,,
POWER-12-23,visual-territory-12,visual-territory-12-E1,国家电网区域设施群,PROJECT-23,"[1269.25, 522.0]",159517.15433,MW,OP-12,GOV-12,OPENING_PORTFOLIO,False,True,UNAPPROVED_SCENARIO_ASSET,NEW_DATA_POINT_NEEDS_MAP_MARKER,,,35571,0,0,1779,90,113160.0,,,OPENING_EXISTING_ASSET,,,True,"{""low"": 20275, ""medium"": 12450, ""high"": 2846}",143565438897.0,7975857.72,1,,AUTHORED_REFERENCE_COST_PER_CAPACITY_UNIT,,,,,
POWER-12-13,visual-territory-12,visual-territory-12-E1,储能区域设施群,PROJECT-13,"[1269.25, 522.0]",6806065.251402,MWh,OP-12,GOV-12,OPENING_PORTFOLIO,False,True,UNAPPROVED_SCENARIO_ASSET,NEW_DATA_POINT_NEEDS_MAP_MARKER,,,35571,0,0,1779,90,113160.0,,,OPENING_EXISTING_ASSET,,,True,"{""low"": 20275, ""medium"": 12450, ""high"": 2846}",1088970440224.32,60498357.79,1,,AUTHORED_REFERENCE_COST_PER_CAPACITY_UNIT,,,,,
GATE-12,visual-territory-12,visual-territory-12-E1,国家海港集群,PROJECT-21,"[1239.5, 524.0]",453908.233021,tonne/sim-day,OP-12,GOV-12,OPENING_PORTFOLIO,False,True,UNAPPROVED_SCENARIO_ASSET,NEW_DATA_POINT_NEEDS_MAP_MARKER,,,424341,0,0,21218,90,113160.0,,,OPENING_EXISTING_ASSET,,,True,"{""low"": 241875, ""medium"": 148519, ""high"": 33947}",817034819.44,45390.82,1,,AUTHORED_REFERENCE_COST_PER_CAPACITY_UNIT,,True,"[1239.5, 524.0]",Snapped to original ocean shoreline with ocean-grid access; harbour engineering not surveyed,
WAREHOUSE-12,visual-territory-12,visual-territory-12-E1,国家战略与生产库存库群,PROJECT-26,"[1269.25, 522.0]",21711995.129161,tonne,OP-12,GOV-12,OPENING_PORTFOLIO,False,True,UNAPPROVED_SCENARIO_ASSET,NEW_DATA_POINT_NEEDS_MAP_MARKER,,,424341,0,0,21218,90,113160.0,,,OPENING_EXISTING_ASSET,,,True,"{""low"": 241875, ""medium"": 148519, ""high"": 33947}",2605439415.5,144746.63,1,,AUTHORED_REFERENCE_COST_PER_CAPACITY_UNIT,,,,,
OPEN-RES93,visual-territory-13,visual-territory-13-E2,CRUDE_OIL开采组,PROJECT-01,"[1327, 615]",51490.17665,barrel/sim-day,OP-13,GOV-13,OPENING_PORTFOLIO,False,True,UNAPPROVED_SCENARIO_ASSET,NEW_DATA_POINT_NEEDS_MAP_MARKER,,,703,23.404626,9361.8503,36,180,2812.0,SCENARIO-RECIPE-CRUDE_OIL,LIC-13-CRUDE_OIL,OPENING_EXISTING_ASSET,CRUDE_OIL,46809.2515,,"{""low"": 401, ""medium"": 246, ""high"": 56}",926823179.7,51490.18,1,0.909091,AUTHORED_REFERENCE_COST_PER_CAPACITY_UNIT,RES93,,,,
OPEN-13-GRAIN,visual-territory-13,visual-territory-13-E1,GRAIN区域生产群,,"[1294.25, 598.0]",77995.413382,tonne/sim-day,OP-13,GOV-13,OPENING_PORTFOLIO,False,True,UNAPPROVED_SCENARIO_ASSET,NEW_DATA_POINT_NEEDS_MAP_MARKER,,,33912,56.518415,96888712.275714,1696,180,135648.0,SCENARIO-RECIPE-GRAIN,LIC-13-GRAIN,OPENING_EXISTING_ASSET,GRAIN,67822.098593,True,"{""low"": 19330, ""medium"": 11869, ""high"": 2713}",140391744.09,7799.54,1,0.869565,AUTHORED_REFERENCE_COST_PER_CAPACITY_UNIT,,,,,
OPEN-RES52,visual-territory-13,visual-territory-13-E1,COPPER开采组,PROJECT-05,"[1303, 622]",576.407303,tonne/sim-day,OP-13,GOV-13,OPENING_PORTFOLIO,False,True,UNAPPROVED_SCENARIO_ASSET,NEW_DATA_POINT_NEEDS_MAP_MARKER,,,263,17.466888,1048.013278,14,180,1052.0,SCENARIO-RECIPE-COPPER,LIC-13-COPPER,OPENING_EXISTING_ASSET,COPPER,524.006639,,"{""low"": 150, ""medium"": 92, ""high"": 21}",1037533.15,57.64,1,0.909091,AUTHORED_REFERENCE_COST_PER_CAPACITY_UNIT,RES52,,,,
OPEN-RES25,visual-territory-13,visual-territory-13-E1,LITHIUM开采组,PROJECT-06,"[1284, 605]",102.988063,tonne LCE/sim-day,OP-13,GOV-13,OPENING_PORTFOLIO,False,True,UNAPPROVED_SCENARIO_ASSET,NEW_DATA_POINT_NEEDS_MAP_MARKER,,,47,4.681276,280.876536,3,180,188.0,SCENARIO-RECIPE-LITHIUM,LIC-13-LITHIUM,OPENING_EXISTING_ASSET,LITHIUM,93.625512,,"{""low"": 27, ""medium"": 16, ""high"": 4}",61792837.8,3432.94,1,0.909091,AUTHORED_REFERENCE_COST_PER_CAPACITY_UNIT,RES25,,,,
OPEN-RES51,visual-territory-13,visual-territory-13-E2,LITHIUM开采组,PROJECT-06,"[1337, 563]",52.372203,tonne LCE/sim-day,OP-13,GOV-13,OPENING_PORTFOLIO,False,True,UNAPPROVED_SCENARIO_ASSET,NEW_DATA_POINT_NEEDS_MAP_MARKER,,,24,2.380555,142.833282,2,180,96.0,SCENARIO-RECIPE-LITHIUM,LIC-13-LITHIUM,OPENING_EXISTING_ASSET,LITHIUM,47.611094,,"{""low"": 14, ""medium"": 8, ""high"": 2}",31423321.8,1745.74,1,0.909091,AUTHORED_REFERENCE_COST_PER_CAPACITY_UNIT,RES51,,,,
OPEN-13-STEEL,visual-territory-13,visual-territory-13-E1,STEEL区域生产群,PROJECT-14,"[1294.25, 598.0]",10419.673374,tonne/sim-day,OP-13,GOV-13,OPENING_PORTFOLIO,False,True,UNAPPROVED_SCENARIO_ASSET,NEW_DATA_POINT_NEEDS_MAP_MARKER,,,1088,245.390858,18121.171086,55,180,4352.0,SCENARIO-RECIPE-STEEL,LIC-13-STEEL,OPENING_EXISTING_ASSET,STEEL,9060.585543,True,"{""low"": 620, ""medium"": 381, ""high"": 87}",18755412.07,1041.97,1,0.869565,AUTHORED_REFERENCE_COST_PER_CAPACITY_UNIT,,,,,
OPEN-13-SEMICONDUCTORS,visual-territory-13,visual-territory-13-E1,SEMICONDUCTORS区域生产群,PROJECT-17,"[1294.25, 598.0]",1872448.440026,standardised chip unit/sim-day,OP-13,GOV-13,OPENING_PORTFOLIO,False,True,UNAPPROVED_SCENARIO_ASSET,NEW_DATA_POINT_NEEDS_MAP_MARKER,,,1629,6.784233,162.821603,82,180,6516.0,SCENARIO-RECIPE-SEMICONDUCTORS,LIC-13-SEMICONDUCTORS,OPENING_EXISTING_ASSET,SEMICONDUCTORS,1628216.034805,True,"{""low"": 570, ""medium"": 570, ""high"": 489}",6553569540.09,364087.2,1,0.869565,AUTHORED_REFERENCE_COST_PER_CAPACITY_UNIT,,,,,
OPEN-13-BATTERIES,visual-territory-13,visual-territory-13-E1,BATTERIES区域生产群,PROJECT-18,"[1294.25, 598.0]",270.703494,MWh-equivalent/sim-day,OP-13,GOV-13,OPENING_PORTFOLIO,False,True,UNAPPROVED_SCENARIO_ASSET,NEW_DATA_POINT_NEEDS_MAP_MARKER,,,71,5.884859,470.788686,4,180,284.0,SCENARIO-RECIPE-BATTERIES,LIC-13-BATTERIES,OPENING_EXISTING_ASSET,BATTERIES,235.394343,True,"{""low"": 33, ""medium"": 25, ""high"": 13}",487266289.2,27070.35,1,0.869565,AUTHORED_REFERENCE_COST_PER_CAPACITY_UNIT,,,,,
SERVICE-visual-territory-13-E1-36,visual-territory-13,visual-territory-13-E1,住房区域服务群,PROJECT-36,"[1294.25, 598.0]",37479089.0,dwelling-unit,OP-13,GOV-13,OPENING_PORTFOLIO,False,True,UNAPPROVED_SCENARIO_ASSET,NEW_DATA_POINT_NEEDS_MAP_MARKER,,,0,0,0,1,90,84908.0,,,OPENING_EXISTING_ASSET,,,True,"{""low"": 0, ""medium"": 0, ""high"": 0}",2436140785000.0,135341154.72,1,,AUTHORED_REFERENCE_COST_PER_CAPACITY_UNIT,,,,,
SERVICE-visual-territory-13-E1-31,visual-territory-13,visual-territory-13-E1,基础教育区域服务群,PROJECT-31,"[1294.25, 598.0]",23435693.0,student-seat,OP-13,GOV-13,OPENING_PORTFOLIO,False,True,UNAPPROVED_SCENARIO_ASSET,NEW_DATA_POINT_NEEDS_MAP_MARKER,,,858451,0,0,42923,90,84908.0,,,OPENING_EXISTING_ASSET,,,True,"{""low"": 489317, ""medium"": 300458, ""high"": 68676}",140614158000.0,7811897.67,1,,AUTHORED_REFERENCE_COST_PER_CAPACITY_UNIT,,,,,
SERVICE-visual-territory-13-E1-35,visual-territory-13,visual-territory-13-E1,医院区域服务群,PROJECT-35,"[1294.25, 598.0]",352417.0,bed,OP-13,GOV-13,OPENING_PORTFOLIO,False,True,UNAPPROVED_SCENARIO_ASSET,NEW_DATA_POINT_NEEDS_MAP_MARKER,,,411153,0,0,20558,90,84908.0,,,OPENING_EXISTING_ASSET,,,True,"{""low"": 234357, ""medium"": 143904, ""high"": 32892}",24669190000.0,1370510.56,1,,AUTHORED_REFERENCE_COST_PER_CAPACITY_UNIT,,,,,
SERVICE-visual-territory-13-E2-36,visual-territory-13,visual-territory-13-E2,住房区域服务群,PROJECT-36,"[1350.25, 592.5]",29607178.0,dwelling-unit,OP-13,GOV-13,OPENING_PORTFOLIO,False,True,UNAPPROVED_SCENARIO_ASSET,NEW_DATA_POINT_NEEDS_MAP_MARKER,,,0,0,0,1,90,84908.0,,,OPENING_EXISTING_ASSET,,,True,"{""low"": 0, ""medium"": 0, ""high"": 0}",1924466570000.0,106914809.44,1,,AUTHORED_REFERENCE_COST_PER_CAPACITY_UNIT,,,,,
SERVICE-visual-territory-13-E2-31,visual-territory-13,visual-territory-13-E2,基础教育区域服务群,PROJECT-31,"[1350.25, 592.5]",18912076.0,student-seat,OP-13,GOV-13,OPENING_PORTFOLIO,False,True,UNAPPROVED_SCENARIO_ASSET,NEW_DATA_POINT_NEEDS_MAP_MARKER,,,692751,0,0,34638,90,84908.0,,,OPENING_EXISTING_ASSET,,,True,"{""low"": 394868, ""medium"": 242463, ""high"": 55420}",113472456000.0,6304025.33,1,,AUTHORED_REFERENCE_COST_PER_CAPACITY_UNIT,,,,,
SERVICE-visual-territory-13-E2-35,visual-territory-13,visual-territory-13-E2,医院区域服务群,PROJECT-35,"[1350.25, 592.5]",284393.0,bed,OP-13,GOV-13,OPENING_PORTFOLIO,False,True,UNAPPROVED_SCENARIO_ASSET,NEW_DATA_POINT_NEEDS_MAP_MARKER,,,331791,0,0,16590,90,84908.0,,,OPENING_EXISTING_ASSET,,,True,"{""low"": 189121, ""medium"": 116127, ""high"": 26543}",19907510000.0,1105972.78,1,,AUTHORED_REFERENCE_COST_PER_CAPACITY_UNIT,,,,,
POWER-13-10,visual-territory-13,visual-territory-13-E1,太阳能区域设施群,PROJECT-10,"[1294.25, 598.0]",403817.997481,MW,OP-13,GOV-13,OPENING_PORTFOLIO,False,True,UNAPPROVED_SCENARIO_ASSET,NEW_DATA_POINT_NEEDS_MAP_MARKER,,,24230,0,0,1212,90,84908.0,,,OPENING_EXISTING_ASSET,,,True,"{""low"": 13812, ""medium"": 8480, ""high"": 1938}",363436197732.9,20190899.87,1,,AUTHORED_REFERENCE_COST_PER_CAPACITY_UNIT,,,,,
POWER-13-11,visual-territory-13,visual-territory-13-E1,风能区域设施群,PROJECT-11,"[1294.25, 598.0]",403817.997481,MW,OP-13,GOV-13,OPENING_PORTFOLIO,False,True,UNAPPROVED_SCENARIO_ASSET,NEW_DATA_POINT_NEEDS_MAP_MARKER,,,24229,0,0,1212,90,84908.0,,,OPENING_EXISTING_ASSET,,,True,"{""low"": 13811, ""medium"": 8480, ""high"": 1938}",363436197732.9,20190899.87,1,,AUTHORED_REFERENCE_COST_PER_CAPACITY_UNIT,,,,,
POWER-13-23,visual-territory-13,visual-territory-13-E1,国家电网区域设施群,PROJECT-23,"[1294.25, 598.0]",119854.7407,MW,OP-13,GOV-13,OPENING_PORTFOLIO,False,True,UNAPPROVED_SCENARIO_ASSET,NEW_DATA_POINT_NEEDS_MAP_MARKER,,,24229,0,0,1212,90,84908.0,,,OPENING_EXISTING_ASSET,,,True,"{""low"": 13811, ""medium"": 8480, ""high"": 1938}",107869266630.0,5992737.04,1,,AUTHORED_REFERENCE_COST_PER_CAPACITY_UNIT,,,,,
POWER-13-13,visual-territory-13,visual-territory-13-E1,储能区域设施群,PROJECT-13,"[1294.25, 598.0]",5113802.269867,MWh,OP-13,GOV-13,OPENING_PORTFOLIO,False,True,UNAPPROVED_SCENARIO_ASSET,NEW_DATA_POINT_NEEDS_MAP_MARKER,,,24229,0,0,1212,90,84908.0,,,OPENING_EXISTING_ASSET,,,True,"{""low"": 13811, ""medium"": 8480, ""high"": 1938}",818208363178.72,45456020.18,1,,AUTHORED_REFERENCE_COST_PER_CAPACITY_UNIT,,,,,
GATE-13,visual-territory-13,visual-territory-13-E1,内陆货运口岸,PROJECT-25,"[1294.25, 598.0]",190958.338814,tonne/sim-day,OP-13,GOV-13,OPENING_PORTFOLIO,False,True,UNAPPROVED_SCENARIO_ASSET,NEW_DATA_POINT_NEEDS_MAP_MARKER,,,318405,0,0,15921,90,84908.0,,,OPENING_EXISTING_ASSET,,,True,"{""low"": 181491, ""medium"": 111442, ""high"": 25472}",343725009.87,19095.83,1,,AUTHORED_REFERENCE_COST_PER_CAPACITY_UNIT,,False,,,
WAREHOUSE-13,visual-territory-13,visual-territory-13-E1,国家战略与生产库存库群,PROJECT-26,"[1294.25, 598.0]",19648922.161367,tonne,OP-13,GOV-13,OPENING_PORTFOLIO,False,True,UNAPPROVED_SCENARIO_ASSET,NEW_DATA_POINT_NEEDS_MAP_MARKER,,,318404,0,0,15921,90,84908.0,,,OPENING_EXISTING_ASSET,,,True,"{""low"": 181491, ""medium"": 111441, ""high"": 25472}",2357870659.36,130992.81,1,,AUTHORED_REFERENCE_COST_PER_CAPACITY_UNIT,,,,,
OPEN-RES131,visual-territory-14,visual-territory-14-E2,URANIUM开采组,PROJECT-03,"[1407, 472]",0.52712,tonne U/sim-day,OP-14,GOV-14,OPENING_PORTFOLIO,False,True,UNAPPROVED_SCENARIO_ASSET,NEW_DATA_POINT_NEEDS_MAP_MARKER,,,10,0.698833,9.584,1,180,40.0,SCENARIO-RECIPE-URANIUM,LIC-14-URANIUM,OPENING_EXISTING_ASSET,URANIUM,0.4792,,"{""low"": 5, ""medium"": 4, ""high"": 1}",3162720.0,175.71,1,0.909091,AUTHORED_REFERENCE_COST_PER_CAPACITY_UNIT,RES131,,,,
OPEN-14-GRAIN,visual-territory-14,visual-territory-14-E2,GRAIN区域生产群,,"[1419.75, 515.0]",336934.633349,tonne/sim-day,OP-14,GOV-14,OPENING_PORTFOLIO,False,True,UNAPPROVED_SCENARIO_ASSET,NEW_DATA_POINT_NEEDS_MAP_MARKER,,,146494,244.155531,418552339.564286,7325,180,585976.0,SCENARIO-RECIPE-GRAIN,LIC-14-GRAIN,OPENING_EXISTING_ASSET,GRAIN,292986.637695,True,"{""low"": 83501, ""medium"": 51273, ""high"": 11720}",606482340.03,33693.46,1,0.869565,AUTHORED_REFERENCE_COST_PER_CAPACITY_UNIT,,,,,
OPEN-14-STEEL,visual-territory-14,visual-territory-14-E2,STEEL区域生产群,PROJECT-14,"[1419.75, 515.0]",9858.734967,tonne/sim-day,OP-14,GOV-14,OPENING_PORTFOLIO,False,True,UNAPPROVED_SCENARIO_ASSET,NEW_DATA_POINT_NEEDS_MAP_MARKER,,,1029,232.180352,17145.62603,52,180,4116.0,SCENARIO-RECIPE-STEEL,LIC-14-STEEL,OPENING_EXISTING_ASSET,STEEL,8572.813015,True,"{""low"": 587, ""medium"": 360, ""high"": 82}",17745722.94,985.87,1,0.869565,AUTHORED_REFERENCE_COST_PER_CAPACITY_UNIT,,,,,
SERVICE-visual-territory-14-E1-36,visual-territory-14,visual-territory-14-E1,住房区域服务群,PROJECT-36,"[1369.75, 521.0]",28114267.0,dwelling-unit,OP-14,GOV-14,OPENING_PORTFOLIO,False,True,UNAPPROVED_SCENARIO_ASSET,NEW_DATA_POINT_NEEDS_MAP_MARKER,,,0,0,0,1,90,81592.0,,,OPENING_EXISTING_ASSET,,,True,"{""low"": 0, ""medium"": 0, ""high"": 0}",1827427355000.0,101523741.94,1,,AUTHORED_REFERENCE_COST_PER_CAPACITY_UNIT,,,,,
SERVICE-visual-territory-14-E1-31,visual-territory-14,visual-territory-14-E1,基础教育区域服务群,PROJECT-31,"[1369.75, 521.0]",18040407.0,student-seat,OP-14,GOV-14,OPENING_PORTFOLIO,False,True,UNAPPROVED_SCENARIO_ASSET,NEW_DATA_POINT_NEEDS_MAP_MARKER,,,660821,0,0,33042,90,81592.0,,,OPENING_EXISTING_ASSET,,,True,"{""low"": 376668, ""medium"": 231287, ""high"": 52866}",108242442000.0,6013469.0,1,,AUTHORED_REFERENCE_COST_PER_CAPACITY_UNIT,,,,,
SERVICE-visual-territory-14-E1-35,visual-territory-14,visual-territory-14-E1,医院区域服务群,PROJECT-35,"[1369.75, 521.0]",271285.0,bed,OP-14,GOV-14,OPENING_PORTFOLIO,False,True,UNAPPROVED_SCENARIO_ASSET,NEW_DATA_POINT_NEEDS_MAP_MARKER,,,316499,0,0,15825,90,81592.0,,,OPENING_EXISTING_ASSET,,,True,"{""low"": 180404, ""medium"": 110775, ""high"": 25320}",18989950000.0,1054997.22,1,,AUTHORED_REFERENCE_COST_PER_CAPACITY_UNIT,,,,,
SERVICE-visual-territory-14-E2-36,visual-territory-14,visual-territory-14-E2,住房区域服务群,PROJECT-36,"[1419.75, 515.0]",35798818.0,dwelling-unit,OP-14,GOV-14,OPENING_PORTFOLIO,False,True,UNAPPROVED_SCENARIO_ASSET,NEW_DATA_POINT_NEEDS_MAP_MARKER,,,0,0,0,1,90,81592.0,,,OPENING_EXISTING_ASSET,,,True,"{""low"": 0, ""medium"": 0, ""high"": 0}",2326923170000.0,129273509.44,1,,AUTHORED_REFERENCE_COST_PER_CAPACITY_UNIT,,,,,
SERVICE-visual-territory-14-E2-31,visual-territory-14,visual-territory-14-E2,基础教育区域服务群,PROJECT-31,"[1419.75, 515.0]",22652668.0,student-seat,OP-14,GOV-14,OPENING_PORTFOLIO,False,True,UNAPPROVED_SCENARIO_ASSET,NEW_DATA_POINT_NEEDS_MAP_MARKER,,,829769,0,0,41489,90,81592.0,,,OPENING_EXISTING_ASSET,,,True,"{""low"": 472968, ""medium"": 290419, ""high"": 66382}",135916008000.0,7550889.33,1,,AUTHORED_REFERENCE_COST_PER_CAPACITY_UNIT,,,,,
SERVICE-visual-territory-14-E2-35,visual-territory-14,visual-territory-14-E2,医院区域服务群,PROJECT-35,"[1419.75, 515.0]",340642.0,bed,OP-14,GOV-14,OPENING_PORTFOLIO,False,True,UNAPPROVED_SCENARIO_ASSET,NEW_DATA_POINT_NEEDS_MAP_MARKER,,,397416,0,0,19871,90,81592.0,,,OPENING_EXISTING_ASSET,,,True,"{""low"": 226527, ""medium"": 139096, ""high"": 31793}",23844940000.0,1324718.89,1,,AUTHORED_REFERENCE_COST_PER_CAPACITY_UNIT,,,,,
POWER-14-10,visual-territory-14,visual-territory-14-E2,太阳能区域设施群,PROJECT-10,"[1419.75, 515.0]",449358.740111,MW,OP-14,GOV-14,OPENING_PORTFOLIO,False,True,UNAPPROVED_SCENARIO_ASSET,NEW_DATA_POINT_NEEDS_MAP_MARKER,,,26964,0,0,1349,90,81592.0,,,OPENING_EXISTING_ASSET,,,True,"{""low"": 15370, ""medium"": 9437, ""high"": 2157}",404422866099.9,22467937.01,1,,AUTHORED_REFERENCE_COST_PER_CAPACITY_UNIT,,,,,
POWER-14-11,visual-territory-14,visual-territory-14-E2,风能区域设施群,PROJECT-11,"[1419.75, 515.0]",449358.740111,MW,OP-14,GOV-14,OPENING_PORTFOLIO,False,True,UNAPPROVED_SCENARIO_ASSET,NEW_DATA_POINT_NEEDS_MAP_MARKER,,,26961,0,0,1349,90,81592.0,,,OPENING_EXISTING_ASSET,,,True,"{""low"": 15368, ""medium"": 9436, ""high"": 2157}",404422866099.9,22467937.01,1,,AUTHORED_REFERENCE_COST_PER_CAPACITY_UNIT,,,,,
POWER-14-23,visual-territory-14,visual-territory-14-E2,国家电网区域设施群,PROJECT-23,"[1419.75, 515.0]",115332.403584,MW,OP-14,GOV-14,OPENING_PORTFOLIO,False,True,UNAPPROVED_SCENARIO_ASSET,NEW_DATA_POINT_NEEDS_MAP_MARKER,,,26961,0,0,1349,90,81592.0,,,OPENING_EXISTING_ASSET,,,True,"{""low"": 15368, ""medium"": 9436, ""high"": 2157}",103799163225.6,5766620.18,1,,AUTHORED_REFERENCE_COST_PER_CAPACITY_UNIT,,,,,
POWER-14-13,visual-territory-14,visual-territory-14-E2,储能区域设施群,PROJECT-13,"[1419.75, 515.0]",4920849.219586,MWh,OP-14,GOV-14,OPENING_PORTFOLIO,False,True,UNAPPROVED_SCENARIO_ASSET,NEW_DATA_POINT_NEEDS_MAP_MARKER,,,26961,0,0,1349,90,81592.0,,,OPENING_EXISTING_ASSET,,,True,"{""low"": 15368, ""medium"": 9436, ""high"": 2157}",787335875133.76,43740881.95,1,,AUTHORED_REFERENCE_COST_PER_CAPACITY_UNIT,,,,,
GATE-14,visual-territory-14,visual-territory-14-E2,国家海港集群,PROJECT-21,"[1438.5, 503.5]",285642.503394,tonne/sim-day,OP-14,GOV-14,OPENING_PORTFOLIO,False,True,UNAPPROVED_SCENARIO_ASSET,NEW_DATA_POINT_NEEDS_MAP_MARKER,,,305963,0,0,15299,90,81592.0,,,OPENING_EXISTING_ASSET,,,True,"{""low"": 174399, ""medium"": 107087, ""high"": 24477}",514156506.11,28564.25,1,,AUTHORED_REFERENCE_COST_PER_CAPACITY_UNIT,,True,"[1438.5, 503.5]",Snapped to original ocean shoreline with ocean-grid access; harbour engineering not surveyed,
WAREHOUSE-14,visual-territory-14,visual-territory-14-E2,国家战略与生产库存库群,PROJECT-26,"[1419.75, 515.0]",20968867.472428,tonne,OP-14,GOV-14,OPENING_PORTFOLIO,False,True,UNAPPROVED_SCENARIO_ASSET,NEW_DATA_POINT_NEEDS_MAP_MARKER,,,305963,0,0,15299,90,81592.0,,,OPENING_EXISTING_ASSET,,,True,"{""low"": 174399, ""medium"": 107087, ""high"": 24477}",2516264096.69,139792.45,1,,AUTHORED_REFERENCE_COST_PER_CAPACITY_UNIT,,,,,
OPEN-RES132,visual-territory-15,visual-territory-15-E2,CRUDE_OIL开采组,PROJECT-01,"[1478, 521]",693914.10759,barrel/sim-day,OP-15,GOV-15,OPENING_PORTFOLIO,False,True,UNAPPROVED_SCENARIO_ASSET,NEW_DATA_POINT_NEEDS_MAP_MARKER,,,9463,315.415503,126166.20138,474,180,37852.0,SCENARIO-RECIPE-CRUDE_OIL,LIC-15-CRUDE_OIL,OPENING_EXISTING_ASSET,CRUDE_OIL,630831.0069,,"{""low"": 5394, ""medium"": 3312, ""high"": 757}",12490453936.62,693914.11,1,0.909091,AUTHORED_REFERENCE_COST_PER_CAPACITY_UNIT,RES132,,,,
OPEN-15-GRAIN,visual-territory-15,visual-territory-15-E2,GRAIN区域生产群,,"[1445.75, 573.0]",308085.4295,tonne/sim-day,OP-15,GOV-15,OPENING_PORTFOLIO,False,True,UNAPPROVED_SCENARIO_ASSET,NEW_DATA_POINT_NEEDS_MAP_MARKER,,,133951,223.250311,382714819.255714,6698,180,535804.0,SCENARIO-RECIPE-GRAIN,LIC-15-GRAIN,OPENING_EXISTING_ASSET,GRAIN,267900.373479,True,"{""low"": 76352, ""medium"": 46883, ""high"": 10716}",554553773.1,30808.54,1,0.869565,AUTHORED_REFERENCE_COST_PER_CAPACITY_UNIT,,,,,
OPEN-15-BATTERIES,visual-territory-15,visual-territory-15-E2,BATTERIES区域生产群,PROJECT-18,"[1445.75, 573.0]",101.399584,MWh-equivalent/sim-day,OP-15,GOV-15,OPENING_PORTFOLIO,False,True,UNAPPROVED_SCENARIO_ASSET,NEW_DATA_POINT_NEEDS_MAP_MARKER,,,27,2.204339,176.347102,2,180,108.0,SCENARIO-RECIPE-BATTERIES,LIC-15-BATTERIES,OPENING_EXISTING_ASSET,BATTERIES,88.173551,True,"{""low"": 13, ""medium"": 9, ""high"": 5}",182519251.2,10139.96,1,0.869565,AUTHORED_REFERENCE_COST_PER_CAPACITY_UNIT,,,,,
SERVICE-visual-territory-15-E1-36,visual-territory-15,visual-territory-15-E1,住房区域服务群,PROJECT-36,"[1401.75, 578.5]",40765732.0,dwelling-unit,OP-15,GOV-15,OPENING_PORTFOLIO,False,True,UNAPPROVED_SCENARIO_ASSET,NEW_DATA_POINT_NEEDS_MAP_MARKER,,,0,0,0,1,90,108136.0,,,OPENING_EXISTING_ASSET,,,True,"{""low"": 0, ""medium"": 0, ""high"": 0}",2649772580000.0,147209587.78,1,,AUTHORED_REFERENCE_COST_PER_CAPACITY_UNIT,,,,,
SERVICE-visual-territory-15-E1-31,visual-territory-15,visual-territory-15-E1,基础教育区域服务群,PROJECT-31,"[1401.75, 578.5]",26122988.0,student-seat,OP-15,GOV-15,OPENING_PORTFOLIO,False,True,UNAPPROVED_SCENARIO_ASSET,NEW_DATA_POINT_NEEDS_MAP_MARKER,,,956886,0,0,47845,90,108136.0,,,OPENING_EXISTING_ASSET,,,True,"{""low"": 545425, ""medium"": 334910, ""high"": 76551}",156737928000.0,8707662.67,1,,AUTHORED_REFERENCE_COST_PER_CAPACITY_UNIT,,,,,
SERVICE-visual-territory-15-E1-35,visual-territory-15,visual-territory-15-E1,医院区域服务群,PROJECT-35,"[1401.75, 578.5]",392827.0,bed,OP-15,GOV-15,OPENING_PORTFOLIO,False,True,UNAPPROVED_SCENARIO_ASSET,NEW_DATA_POINT_NEEDS_MAP_MARKER,,,458299,0,0,22915,90,108136.0,,,OPENING_EXISTING_ASSET,,,True,"{""low"": 261230, ""medium"": 160405, ""high"": 36664}",27497890000.0,1527660.56,1,,AUTHORED_REFERENCE_COST_PER_CAPACITY_UNIT,,,,,
SERVICE-visual-territory-15-E2-36,visual-territory-15,visual-territory-15-E2,住房区域服务群,PROJECT-36,"[1445.75, 573.0]",43836217.0,dwelling-unit,OP-15,GOV-15,OPENING_PORTFOLIO,False,True,UNAPPROVED_SCENARIO_ASSET,NEW_DATA_POINT_NEEDS_MAP_MARKER,,,0,0,0,1,90,108136.0,,,OPENING_EXISTING_ASSET,,,True,"{""low"": 0, ""medium"": 0, ""high"": 0}",2849354105000.0,158297450.28,1,,AUTHORED_REFERENCE_COST_PER_CAPACITY_UNIT,,,,,
SERVICE-visual-territory-15-E2-31,visual-territory-15,visual-territory-15-E2,基础教育区域服务群,PROJECT-31,"[1445.75, 573.0]",27809073.0,student-seat,OP-15,GOV-15,OPENING_PORTFOLIO,False,True,UNAPPROVED_SCENARIO_ASSET,NEW_DATA_POINT_NEEDS_MAP_MARKER,,,1018648,0,0,50933,90,108136.0,,,OPENING_EXISTING_ASSET,,,True,"{""low"": 580629, ""medium"": 356527, ""high"": 81492}",166854438000.0,9269691.0,1,,AUTHORED_REFERENCE_COST_PER_CAPACITY_UNIT,,,,,
SERVICE-visual-territory-15-E2-35,visual-territory-15,visual-territory-15-E2,医院区域服务群,PROJECT-35,"[1445.75, 573.0]",418182.0,bed,OP-15,GOV-15,OPENING_PORTFOLIO,False,True,UNAPPROVED_SCENARIO_ASSET,NEW_DATA_POINT_NEEDS_MAP_MARKER,,,487879,0,0,24394,90,108136.0,,,OPENING_EXISTING_ASSET,,,True,"{""low"": 278091, ""medium"": 170758, ""high"": 39030}",29272740000.0,1626263.33,1,,AUTHORED_REFERENCE_COST_PER_CAPACITY_UNIT,,,,,
POWER-15-10,visual-territory-15,visual-territory-15-E2,太阳能区域设施群,PROJECT-10,"[1445.75, 573.0]",607015.278257,MW,OP-15,GOV-15,OPENING_PORTFOLIO,False,True,UNAPPROVED_SCENARIO_ASSET,NEW_DATA_POINT_NEEDS_MAP_MARKER,,,36421,0,0,1822,90,108136.0,,,OPENING_EXISTING_ASSET,,,True,"{""low"": 20760, ""medium"": 12747, ""high"": 2914}",546313750431.3,30350763.91,1,,AUTHORED_REFERENCE_COST_PER_CAPACITY_UNIT,,,,,
POWER-15-11,visual-territory-15,visual-territory-15-E2,风能区域设施群,PROJECT-11,"[1445.75, 573.0]",607015.278257,MW,OP-15,GOV-15,OPENING_PORTFOLIO,False,True,UNAPPROVED_SCENARIO_ASSET,NEW_DATA_POINT_NEEDS_MAP_MARKER,,,36421,0,0,1822,90,108136.0,,,OPENING_EXISTING_ASSET,,,True,"{""low"": 20760, ""medium"": 12747, ""high"": 2914}",546313750431.3,30350763.91,1,,AUTHORED_REFERENCE_COST_PER_CAPACITY_UNIT,,,,,
POWER-15-23,visual-territory-15,visual-territory-15-E2,国家电网区域设施群,PROJECT-23,"[1445.75, 573.0]",152740.164754,MW,OP-15,GOV-15,OPENING_PORTFOLIO,False,True,UNAPPROVED_SCENARIO_ASSET,NEW_DATA_POINT_NEEDS_MAP_MARKER,,,36421,0,0,1822,90,108136.0,,,OPENING_EXISTING_ASSET,,,True,"{""low"": 20760, ""medium"": 12747, ""high"": 2914}",137466148278.6,7637008.24,1,,AUTHORED_REFERENCE_COST_PER_CAPACITY_UNIT,,,,,
POWER-15-13,visual-territory-15,visual-territory-15-E2,储能区域设施群,PROJECT-13,"[1445.75, 573.0]",6516913.696185,MWh,OP-15,GOV-15,OPENING_PORTFOLIO,False,True,UNAPPROVED_SCENARIO_ASSET,NEW_DATA_POINT_NEEDS_MAP_MARKER,,,36421,0,0,1822,90,108136.0,,,OPENING_EXISTING_ASSET,,,True,"{""low"": 20760, ""medium"": 12747, ""high"": 2914}",1042706191389.6,57928121.74,1,,AUTHORED_REFERENCE_COST_PER_CAPACITY_UNIT,,,,,
GATE-15,visual-territory-15,visual-territory-15-E2,国家海港集群,PROJECT-21,"[1480.5, 540.5377358490566]",324341.821515,tonne/sim-day,OP-15,GOV-15,OPENING_PORTFOLIO,False,True,UNAPPROVED_SCENARIO_ASSET,NEW_DATA_POINT_NEEDS_MAP_MARKER,,,405505,0,0,20276,90,108136.0,,,OPENING_EXISTING_ASSET,,,True,"{""low"": 231138, ""medium"": 141927, ""high"": 32440}",583815278.73,32434.18,1,,AUTHORED_REFERENCE_COST_PER_CAPACITY_UNIT,,True,"[1475.5, 547.0]",Snapped to original ocean shoreline with ocean-grid access; harbour engineering not surveyed,
WAREHOUSE-15,visual-territory-15,visual-territory-15-E2,国家战略与生产库存库群,PROJECT-26,"[1445.75, 573.0]",25014526.307634,tonne,OP-15,GOV-15,OPENING_PORTFOLIO,False,True,UNAPPROVED_SCENARIO_ASSET,NEW_DATA_POINT_NEEDS_MAP_MARKER,,,405504,0,0,20276,90,108136.0,,,OPENING_EXISTING_ASSET,,,True,"{""low"": 231138, ""medium"": 141926, ""high"": 32440}",3001743156.92,166763.51,1,,AUTHORED_REFERENCE_COST_PER_CAPACITY_UNIT,,,,,
OPEN-16-GRAIN,visual-territory-16,visual-territory-16-E1,GRAIN区域生产群,,"[1495.25, 571.5]",525683.796224,tonne/sim-day,OP-16,GOV-16,OPENING_PORTFOLIO,False,True,UNAPPROVED_SCENARIO_ASSET,NEW_DATA_POINT_NEEDS_MAP_MARKER,,,228559,380.930287,653023349.347143,11428,180,914236.0,SCENARIO-RECIPE-GRAIN,LIC-16-GRAIN,OPENING_EXISTING_ASSET,GRAIN,457116.344543,True,"{""low"": 130278, ""medium"": 79996, ""high"": 18285}",946230833.2,52568.38,1,0.869565,AUTHORED_REFERENCE_COST_PER_CAPACITY_UNIT,,,,,
OPEN-16-BATTERIES,visual-territory-16,visual-territory-16-E1,BATTERIES区域生产群,PROJECT-18,"[1495.25, 571.5]",103.242969,MWh-equivalent/sim-day,OP-16,GOV-16,OPENING_PORTFOLIO,False,True,UNAPPROVED_SCENARIO_ASSET,NEW_DATA_POINT_NEEDS_MAP_MARKER,,,27,2.244412,179.55299,2,180,108.0,SCENARIO-RECIPE-BATTERIES,LIC-16-BATTERIES,OPENING_EXISTING_ASSET,BATTERIES,89.776495,True,"{""low"": 13, ""medium"": 9, ""high"": 5}",185837344.2,10324.3,1,0.869565,AUTHORED_REFERENCE_COST_PER_CAPACITY_UNIT,,,,,
SERVICE-visual-territory-16-E1-36,visual-territory-16,visual-territory-16-E1,住房区域服务群,PROJECT-36,"[1495.25, 571.5]",42734290.0,dwelling-unit,OP-16,GOV-16,OPENING_PORTFOLIO,False,True,UNAPPROVED_SCENARIO_ASSET,NEW_DATA_POINT_NEEDS_MAP_MARKER,,,0,0,0,1,90,108236.0,,,OPENING_EXISTING_ASSET,,,True,"{""low"": 0, ""medium"": 0, ""high"": 0}",2777728850000.0,154318269.44,1,,AUTHORED_REFERENCE_COST_PER_CAPACITY_UNIT,,,,,
SERVICE-visual-territory-16-E1-31,visual-territory-16,visual-territory-16-E1,基础教育区域服务群,PROJECT-31,"[1495.25, 571.5]",27085032.0,student-seat,OP-16,GOV-16,OPENING_PORTFOLIO,False,True,UNAPPROVED_SCENARIO_ASSET,NEW_DATA_POINT_NEEDS_MAP_MARKER,,,992126,0,0,49607,90,108236.0,,,OPENING_EXISTING_ASSET,,,True,"{""low"": 565512, ""medium"": 347244, ""high"": 79370}",162510192000.0,9028344.0,1,,AUTHORED_REFERENCE_COST_PER_CAPACITY_UNIT,,,,,
SERVICE-visual-territory-16-E1-35,visual-territory-16,visual-territory-16-E1,医院区域服务群,PROJECT-35,"[1495.25, 571.5]",407294.0,bed,OP-16,GOV-16,OPENING_PORTFOLIO,False,True,UNAPPROVED_SCENARIO_ASSET,NEW_DATA_POINT_NEEDS_MAP_MARKER,,,475176,0,0,23759,90,108236.0,,,OPENING_EXISTING_ASSET,,,True,"{""low"": 270850, ""medium"": 166312, ""high"": 38014}",28510580000.0,1583921.11,1,,AUTHORED_REFERENCE_COST_PER_CAPACITY_UNIT,,,,,
SERVICE-visual-territory-16-E2-36,visual-territory-16,visual-territory-16-E2,住房区域服务群,PROJECT-36,"[1547.25, 533.0]",42743151.0,dwelling-unit,OP-16,GOV-16,OPENING_PORTFOLIO,False,True,UNAPPROVED_SCENARIO_ASSET,NEW_DATA_POINT_NEEDS_MAP_MARKER,,,0,0,0,1,90,108236.0,,,OPENING_EXISTING_ASSET,,,True,"{""low"": 0, ""medium"": 0, ""high"": 0}",2778304815000.0,154350267.5,1,,AUTHORED_REFERENCE_COST_PER_CAPACITY_UNIT,,,,,
SERVICE-visual-territory-16-E2-31,visual-territory-16,visual-territory-16-E2,基础教育区域服务群,PROJECT-31,"[1547.25, 533.0]",26896651.0,student-seat,OP-16,GOV-16,OPENING_PORTFOLIO,False,True,UNAPPROVED_SCENARIO_ASSET,NEW_DATA_POINT_NEEDS_MAP_MARKER,,,985226,0,0,49262,90,108236.0,,,OPENING_EXISTING_ASSET,,,True,"{""low"": 561579, ""medium"": 344829, ""high"": 78818}",161379906000.0,8965550.33,1,,AUTHORED_REFERENCE_COST_PER_CAPACITY_UNIT,,,,,
SERVICE-visual-territory-16-E2-35,visual-territory-16,visual-territory-16-E2,医院区域服务群,PROJECT-35,"[1547.25, 533.0]",404461.0,bed,OP-16,GOV-16,OPENING_PORTFOLIO,False,True,UNAPPROVED_SCENARIO_ASSET,NEW_DATA_POINT_NEEDS_MAP_MARKER,,,471872,0,0,23594,90,108236.0,,,OPENING_EXISTING_ASSET,,,True,"{""low"": 268967, ""medium"": 165155, ""high"": 37750}",28312270000.0,1572903.89,1,,AUTHORED_REFERENCE_COST_PER_CAPACITY_UNIT,,,,,
POWER-16-10,visual-territory-16,visual-territory-16-E1,太阳能区域设施群,PROJECT-10,"[1495.25, 571.5]",577821.283533,MW,OP-16,GOV-16,OPENING_PORTFOLIO,False,True,UNAPPROVED_SCENARIO_ASSET,NEW_DATA_POINT_NEEDS_MAP_MARKER,,,34671,0,0,1734,90,108236.0,,,OPENING_EXISTING_ASSET,,,True,"{""low"": 19762, ""medium"": 12135, ""high"": 2774}",520039155179.7,28891064.18,1,,AUTHORED_REFERENCE_COST_PER_CAPACITY_UNIT,,,,,
POWER-16-11,visual-territory-16,visual-territory-16-E1,风能区域设施群,PROJECT-11,"[1495.25, 571.5]",577821.283533,MW,OP-16,GOV-16,OPENING_PORTFOLIO,False,True,UNAPPROVED_SCENARIO_ASSET,NEW_DATA_POINT_NEEDS_MAP_MARKER,,,34669,0,0,1734,90,108236.0,,,OPENING_EXISTING_ASSET,,,True,"{""low"": 19761, ""medium"": 12134, ""high"": 2774}",520039155179.7,28891064.18,1,,AUTHORED_REFERENCE_COST_PER_CAPACITY_UNIT,,,,,
POWER-16-23,visual-territory-16,visual-territory-16-E1,国家电网区域设施群,PROJECT-23,"[1495.25, 571.5]",152682.960562,MW,OP-16,GOV-16,OPENING_PORTFOLIO,False,True,UNAPPROVED_SCENARIO_ASSET,NEW_DATA_POINT_NEEDS_MAP_MARKER,,,34669,0,0,1734,90,108236.0,,,OPENING_EXISTING_ASSET,,,True,"{""low"": 19761, ""medium"": 12134, ""high"": 2774}",137414664505.8,7634148.03,1,,AUTHORED_REFERENCE_COST_PER_CAPACITY_UNIT,,,,,
POWER-16-13,visual-territory-16,visual-territory-16-E1,储能区域设施群,PROJECT-13,"[1495.25, 571.5]",6514472.983973,MWh,OP-16,GOV-16,OPENING_PORTFOLIO,False,True,UNAPPROVED_SCENARIO_ASSET,NEW_DATA_POINT_NEEDS_MAP_MARKER,,,34669,0,0,1734,90,108236.0,,,OPENING_EXISTING_ASSET,,,True,"{""low"": 19761, ""medium"": 12134, ""high"": 2774}",1042315677435.68,57906426.52,1,,AUTHORED_REFERENCE_COST_PER_CAPACITY_UNIT,,,,,
GATE-16,visual-territory-16,visual-territory-16-E2,国家海港集群,PROJECT-21,"[1575.5, 506.0]",458681.582389,tonne/sim-day,OP-16,GOV-16,OPENING_PORTFOLIO,False,True,UNAPPROVED_SCENARIO_ASSET,NEW_DATA_POINT_NEEDS_MAP_MARKER,,,405878,0,0,20294,90,108236.0,,,OPENING_EXISTING_ASSET,,,True,"{""low"": 231351, ""medium"": 142057, ""high"": 32470}",825626848.3,45868.16,1,,AUTHORED_REFERENCE_COST_PER_CAPACITY_UNIT,,True,"[1575.5, 506.0]",Snapped to original ocean shoreline with ocean-grid access; harbour engineering not surveyed,
WAREHOUSE-16,visual-territory-16,visual-territory-16-E1,国家战略与生产库存库群,PROJECT-26,"[1495.25, 571.5]",20324781.598451,tonne,OP-16,GOV-16,OPENING_PORTFOLIO,False,True,UNAPPROVED_SCENARIO_ASSET,NEW_DATA_POINT_NEEDS_MAP_MARKER,,,405877,0,0,20294,90,108236.0,,,OPENING_EXISTING_ASSET,,,True,"{""low"": 231350, ""medium"": 142057, ""high"": 32470}",2438973791.81,135498.54,1,,AUTHORED_REFERENCE_COST_PER_CAPACITY_UNIT,,,,,
OPEN-RES141,visual-territory-17,visual-territory-17-E1,IRON_ORE开采组,PROJECT-04,"[972, 605]",159162.32816,tonne/sim-day,OP-17,GOV-17,OPENING_PORTFOLIO,False,True,UNAPPROVED_SCENARIO_ASSET,NEW_DATA_POINT_NEEDS_MAP_MARKER,,,11576,361.732564,14469.30256,579,180,46304.0,SCENARIO-RECIPE-IRON_ORE,LIC-17-IRON_ORE,OPENING_EXISTING_ASSET,IRON_ORE,144693.0256,,"{""low"": 6598, ""medium"": 4052, ""high"": 926}",286492190.69,15916.23,1,0.909091,AUTHORED_REFERENCE_COST_PER_CAPACITY_UNIT,RES141,,,,
OPEN-17-STEEL,visual-territory-17,visual-territory-17-E1,STEEL区域生产群,PROJECT-14,"[984.0, 608.5]",97909.393866,tonne/sim-day,OP-17,GOV-17,OPENING_PORTFOLIO,False,True,UNAPPROVED_SCENARIO_ASSET,NEW_DATA_POINT_NEEDS_MAP_MARKER,,,10217,2305.837174,170277.206722,511,180,40868.0,SCENARIO-RECIPE-STEEL,LIC-17-STEEL,OPENING_EXISTING_ASSET,STEEL,85138.603361,True,"{""low"": 5824, ""medium"": 3576, ""high"": 817}",176236908.96,9790.94,1,0.869565,AUTHORED_REFERENCE_COST_PER_CAPACITY_UNIT,,,,,
OPEN-17-MACHINERY,visual-territory-17,visual-territory-17-E1,MACHINERY区域生产群,PROJECT-16,"[984.0, 608.5]",202.001351,equipment unit/sim-day,OP-17,GOV-17,OPENING_PORTFOLIO,False,True,UNAPPROVED_SCENARIO_ASSET,NEW_DATA_POINT_NEEDS_MAP_MARKER,,,36,14.637779,175.653349,2,180,144.0,SCENARIO-RECIPE-MACHINERY,LIC-17-MACHINERY,OPENING_EXISTING_ASSET,MACHINERY,175.653349,True,"{""low"": 17, ""medium"": 13, ""high"": 6}",242401621.2,13466.76,1,0.869565,AUTHORED_REFERENCE_COST_PER_CAPACITY_UNIT,,,,,
SERVICE-visual-territory-17-E1-36,visual-territory-17,visual-territory-17-E1,住房区域服务群,PROJECT-36,"[984.0, 608.5]",45784985.0,dwelling-unit,OP-17,GOV-17,OPENING_PORTFOLIO,False,True,UNAPPROVED_SCENARIO_ASSET,NEW_DATA_POINT_NEEDS_MAP_MARKER,,,0,0,0,1,90,56852.0,,,OPENING_EXISTING_ASSET,,,True,"{""low"": 0, ""medium"": 0, ""high"": 0}",2976024025000.0,165334668.06,1,,AUTHORED_REFERENCE_COST_PER_CAPACITY_UNIT,,,,,
SERVICE-visual-territory-17-E1-31,visual-territory-17,visual-territory-17-E1,基础教育区域服务群,PROJECT-31,"[984.0, 608.5]",28353217.0,student-seat,OP-17,GOV-17,OPENING_PORTFOLIO,False,True,UNAPPROVED_SCENARIO_ASSET,NEW_DATA_POINT_NEEDS_MAP_MARKER,,,1038580,0,0,51929,90,56852.0,,,OPENING_EXISTING_ASSET,,,True,"{""low"": 591991, ""medium"": 363503, ""high"": 83086}",170119302000.0,9451072.33,1,,AUTHORED_REFERENCE_COST_PER_CAPACITY_UNIT,,,,,
SERVICE-visual-territory-17-E1-35,visual-territory-17,visual-territory-17-E1,医院区域服务群,PROJECT-35,"[984.0, 608.5]",426365.0,bed,OP-17,GOV-17,OPENING_PORTFOLIO,False,True,UNAPPROVED_SCENARIO_ASSET,NEW_DATA_POINT_NEEDS_MAP_MARKER,,,497425,0,0,24872,90,56852.0,,,OPENING_EXISTING_ASSET,,,True,"{""low"": 283532, ""medium"": 174099, ""high"": 39794}",29845550000.0,1658086.11,1,,AUTHORED_REFERENCE_COST_PER_CAPACITY_UNIT,,,,,
POWER-17-10,visual-territory-17,visual-territory-17-E1,太阳能区域设施群,PROJECT-10,"[984.0, 608.5]",277014.179153,MW,OP-17,GOV-17,OPENING_PORTFOLIO,False,True,UNAPPROVED_SCENARIO_ASSET,NEW_DATA_POINT_NEEDS_MAP_MARKER,,,16621,0,0,832,90,56852.0,,,OPENING_EXISTING_ASSET,,,True,"{""low"": 9474, ""medium"": 5817, ""high"": 1330}",249312761237.7,13850708.96,1,,AUTHORED_REFERENCE_COST_PER_CAPACITY_UNIT,,,,,
POWER-17-11,visual-territory-17,visual-territory-17-E1,风能区域设施群,PROJECT-11,"[984.0, 608.5]",277014.179153,MW,OP-17,GOV-17,OPENING_PORTFOLIO,False,True,UNAPPROVED_SCENARIO_ASSET,NEW_DATA_POINT_NEEDS_MAP_MARKER,,,16621,0,0,832,90,56852.0,,,OPENING_EXISTING_ASSET,,,True,"{""low"": 9474, ""medium"": 5817, ""high"": 1330}",249312761237.7,13850708.96,1,,AUTHORED_REFERENCE_COST_PER_CAPACITY_UNIT,,,,,
POWER-17-23,visual-territory-17,visual-territory-17-E1,国家电网区域设施群,PROJECT-23,"[984.0, 608.5]",83296.040147,MW,OP-17,GOV-17,OPENING_PORTFOLIO,False,True,UNAPPROVED_SCENARIO_ASSET,NEW_DATA_POINT_NEEDS_MAP_MARKER,,,16621,0,0,832,90,56852.0,,,OPENING_EXISTING_ASSET,,,True,"{""low"": 9474, ""medium"": 5817, ""high"": 1330}",74966436132.3,4164802.01,1,,AUTHORED_REFERENCE_COST_PER_CAPACITY_UNIT,,,,,
POWER-17-13,visual-territory-17,visual-territory-17-E1,储能区域设施群,PROJECT-13,"[984.0, 608.5]",3553964.379598,MWh,OP-17,GOV-17,OPENING_PORTFOLIO,False,True,UNAPPROVED_SCENARIO_ASSET,NEW_DATA_POINT_NEEDS_MAP_MARKER,,,16621,0,0,832,90,56852.0,,,OPENING_EXISTING_ASSET,,,True,"{""low"": 9474, ""medium"": 5817, ""high"": 1330}",568634300735.68,31590794.49,1,,AUTHORED_REFERENCE_COST_PER_CAPACITY_UNIT,,,,,
GATE-17,visual-territory-17,visual-territory-17-E1,国家海港集群,PROJECT-21,"[1009.5, 645.5]",246774.263822,tonne/sim-day,OP-17,GOV-17,OPENING_PORTFOLIO,False,True,UNAPPROVED_SCENARIO_ASSET,NEW_DATA_POINT_NEEDS_MAP_MARKER,,,213183,0,0,10660,90,56852.0,,,OPENING_EXISTING_ASSET,,,True,"{""low"": 121514, ""medium"": 74614, ""high"": 17055}",444193674.88,24677.43,1,,AUTHORED_REFERENCE_COST_PER_CAPACITY_UNIT,,True,"[1010, 645]",Snapped to original ocean shoreline with ocean-grid access; harbour engineering not surveyed,
WAREHOUSE-17,visual-territory-17,visual-territory-17-E1,国家战略与生产库存库群,PROJECT-26,"[984.0, 608.5]",20539181.636356,tonne,OP-17,GOV-17,OPENING_PORTFOLIO,False,True,UNAPPROVED_SCENARIO_ASSET,NEW_DATA_POINT_NEEDS_MAP_MARKER,,,213182,0,0,10660,90,56852.0,,,OPENING_EXISTING_ASSET,,,True,"{""low"": 121513, ""medium"": 74614, ""high"": 17055}",2464701796.36,136927.88,1,,AUTHORED_REFERENCE_COST_PER_CAPACITY_UNIT,,,,,
OPEN-RES144,visual-territory-18,visual-territory-18-E1,CRUDE_OIL开采组,PROJECT-01,"[1004, 664]",441048.77674,barrel/sim-day,OP-18,GOV-18,OPENING_PORTFOLIO,False,True,UNAPPROVED_SCENARIO_ASSET,NEW_DATA_POINT_NEEDS_MAP_MARKER,,,6015,200.476717,80190.68668,301,180,24060.0,SCENARIO-RECIPE-CRUDE_OIL,LIC-18-CRUDE_OIL,OPENING_EXISTING_ASSET,CRUDE_OIL,400953.4334,,"{""low"": 3429, ""medium"": 2105, ""high"": 481}",7938877981.32,441048.78,1,0.909091,AUTHORED_REFERENCE_COST_PER_CAPACITY_UNIT,RES144,,,,
OPEN-RES145,visual-territory-18,visual-territory-18-E1,IRON_ORE开采组,PROJECT-04,"[1089, 702]",33628.30174,tonne/sim-day,OP-18,GOV-18,OPENING_PORTFOLIO,False,True,UNAPPROVED_SCENARIO_ASSET,NEW_DATA_POINT_NEEDS_MAP_MARKER,,,2446,76.427959,3057.11834,123,180,9784.0,SCENARIO-RECIPE-IRON_ORE,LIC-18-IRON_ORE,OPENING_EXISTING_ASSET,IRON_ORE,30571.1834,,"{""low"": 1394, ""medium"": 856, ""high"": 196}",60530943.13,3362.83,1,0.909091,AUTHORED_REFERENCE_COST_PER_CAPACITY_UNIT,RES145,,,,
OPEN-RES142,visual-territory-18,visual-territory-18-E1,LITHIUM开采组,PROJECT-06,"[1044, 717]",155.360266,tonne LCE/sim-day,OP-18,GOV-18,OPENING_PORTFOLIO,False,True,UNAPPROVED_SCENARIO_ASSET,NEW_DATA_POINT_NEEDS_MAP_MARKER,,,71,7.06183,423.709818,4,180,284.0,SCENARIO-RECIPE-LITHIUM,LIC-18-LITHIUM,OPENING_EXISTING_ASSET,LITHIUM,141.236606,,"{""low"": 40, ""medium"": 25, ""high"": 6}",93216159.6,5178.68,1,0.909091,AUTHORED_REFERENCE_COST_PER_CAPACITY_UNIT,RES142,,,,
OPEN-18-STEEL,visual-territory-18,visual-territory-18-E1,STEEL区域生产群,PROJECT-14,"[1053.0, 685.0]",16972.741428,tonne/sim-day,OP-18,GOV-18,OPENING_PORTFOLIO,False,True,UNAPPROVED_SCENARIO_ASSET,NEW_DATA_POINT_NEEDS_MAP_MARKER,,,1772,399.72036,29517.81118,89,180,7088.0,SCENARIO-RECIPE-STEEL,LIC-18-STEEL,OPENING_EXISTING_ASSET,STEEL,14758.90559,True,"{""low"": 1010, ""medium"": 620, ""high"": 142}",30550934.57,1697.27,1,0.869565,AUTHORED_REFERENCE_COST_PER_CAPACITY_UNIT,,,,,
OPEN-18-REFINED_FUEL,visual-territory-18,visual-territory-18-E1,REFINED_FUEL区域生产群,PROJECT-15,"[1053.0, 685.0]",41804.767959,barrel equivalent/sim-day,OP-18,GOV-18,OPENING_PORTFOLIO,False,True,UNAPPROVED_SCENARIO_ASSET,NEW_DATA_POINT_NEEDS_MAP_MARKER,,,291,12.117324,3635.197214,15,180,1164.0,SCENARIO-RECIPE-REFINED_FUEL,LIC-18-REFINED_FUEL,OPENING_EXISTING_ASSET,REFINED_FUEL,36351.972138,True,"{""low"": 166, ""medium"": 102, ""high"": 23}",752485823.26,41804.77,1,0.869565,AUTHORED_REFERENCE_COST_PER_CAPACITY_UNIT,,,,,
SERVICE-visual-territory-18-E1-36,visual-territory-18,visual-territory-18-E1,住房区域服务群,PROJECT-36,"[1053.0, 685.0]",36377917.0,dwelling-unit,OP-18,GOV-18,OPENING_PORTFOLIO,False,True,UNAPPROVED_SCENARIO_ASSET,NEW_DATA_POINT_NEEDS_MAP_MARKER,,,0,0,0,1,90,45812.0,,,OPENING_EXISTING_ASSET,,,True,"{""low"": 0, ""medium"": 0, ""high"": 0}",2364564605000.0,131364700.28,1,,AUTHORED_REFERENCE_COST_PER_CAPACITY_UNIT,,,,,
SERVICE-visual-territory-18-E1-31,visual-territory-18,visual-territory-18-E1,基础教育区域服务群,PROJECT-31,"[1053.0, 685.0]",22848578.0,student-seat,OP-18,GOV-18,OPENING_PORTFOLIO,False,True,UNAPPROVED_SCENARIO_ASSET,NEW_DATA_POINT_NEEDS_MAP_MARKER,,,836945,0,0,41848,90,45812.0,,,OPENING_EXISTING_ASSET,,,True,"{""low"": 477058, ""medium"": 292931, ""high"": 66956}",137091468000.0,7616192.67,1,,AUTHORED_REFERENCE_COST_PER_CAPACITY_UNIT,,,,,
SERVICE-visual-territory-18-E1-35,visual-territory-18,visual-territory-18-E1,医院区域服务群,PROJECT-35,"[1053.0, 685.0]",343588.0,bed,OP-18,GOV-18,OPENING_PORTFOLIO,False,True,UNAPPROVED_SCENARIO_ASSET,NEW_DATA_POINT_NEEDS_MAP_MARKER,,,400853,0,0,20043,90,45812.0,,,OPENING_EXISTING_ASSET,,,True,"{""low"": 228486, ""medium"": 140299, ""high"": 32068}",24051160000.0,1336175.56,1,,AUTHORED_REFERENCE_COST_PER_CAPACITY_UNIT,,,,,
POWER-18-10,visual-territory-18,visual-territory-18-E1,太阳能区域设施群,PROJECT-10,"[1053.0, 685.0]",222977.640091,MW,OP-18,GOV-18,OPENING_PORTFOLIO,False,True,UNAPPROVED_SCENARIO_ASSET,NEW_DATA_POINT_NEEDS_MAP_MARKER,,,13381,0,0,670,90,45812.0,,,OPENING_EXISTING_ASSET,,,True,"{""low"": 7628, ""medium"": 4683, ""high"": 1070}",200679876081.9,11148882.0,1,,AUTHORED_REFERENCE_COST_PER_CAPACITY_UNIT,,,,,
POWER-18-11,visual-territory-18,visual-territory-18-E1,风能区域设施群,PROJECT-11,"[1053.0, 685.0]",222977.640091,MW,OP-18,GOV-18,OPENING_PORTFOLIO,False,True,UNAPPROVED_SCENARIO_ASSET,NEW_DATA_POINT_NEEDS_MAP_MARKER,,,13378,0,0,669,90,45812.0,,,OPENING_EXISTING_ASSET,,,True,"{""low"": 7626, ""medium"": 4682, ""high"": 1070}",200679876081.9,11148882.0,1,,AUTHORED_REFERENCE_COST_PER_CAPACITY_UNIT,,,,,
POWER-18-23,visual-territory-18,visual-territory-18-E1,国家电网区域设施群,PROJECT-23,"[1053.0, 685.0]",65292.436987,MW,OP-18,GOV-18,OPENING_PORTFOLIO,False,True,UNAPPROVED_SCENARIO_ASSET,NEW_DATA_POINT_NEEDS_MAP_MARKER,,,13378,0,0,669,90,45812.0,,,OPENING_EXISTING_ASSET,,,True,"{""low"": 7626, ""medium"": 4682, ""high"": 1070}",58763193288.3,3264621.85,1,,AUTHORED_REFERENCE_COST_PER_CAPACITY_UNIT,,,,,
POWER-18-13,visual-territory-18,visual-territory-18-E1,储能区域设施群,PROJECT-13,"[1053.0, 685.0]",2785810.64476,MWh,OP-18,GOV-18,OPENING_PORTFOLIO,False,True,UNAPPROVED_SCENARIO_ASSET,NEW_DATA_POINT_NEEDS_MAP_MARKER,,,13378,0,0,669,90,45812.0,,,OPENING_EXISTING_ASSET,,,True,"{""low"": 7626, ""medium"": 4682, ""high"": 1070}",445729703161.6,24762761.29,1,,AUTHORED_REFERENCE_COST_PER_CAPACITY_UNIT,,,,,
GATE-18,visual-territory-18,visual-territory-18-E1,国家海港集群,PROJECT-21,"[1016.5, 685.0]",190156.532146,tonne/sim-day,OP-18,GOV-18,OPENING_PORTFOLIO,False,True,UNAPPROVED_SCENARIO_ASSET,NEW_DATA_POINT_NEEDS_MAP_MARKER,,,171794,0,0,8590,90,45812.0,,,OPENING_EXISTING_ASSET,,,True,"{""low"": 97922, ""medium"": 60128, ""high"": 13744}",342281757.86,19015.65,1,,AUTHORED_REFERENCE_COST_PER_CAPACITY_UNIT,,True,"[1016.5, 685.0]",Snapped to original ocean shoreline with ocean-grid access; harbour engineering not surveyed,
WAREHOUSE-18,visual-territory-18,visual-territory-18-E1,国家战略与生产库存库群,PROJECT-26,"[1053.0, 685.0]",10667988.761462,tonne,OP-18,GOV-18,OPENING_PORTFOLIO,False,True,UNAPPROVED_SCENARIO_ASSET,NEW_DATA_POINT_NEEDS_MAP_MARKER,,,171794,0,0,8590,90,45812.0,,,OPENING_EXISTING_ASSET,,,True,"{""low"": 97922, ""medium"": 60128, ""high"": 13744}",1280158651.38,71119.93,1,,AUTHORED_REFERENCE_COST_PER_CAPACITY_UNIT,,,,,
OPEN-RES146,visual-territory-19,visual-territory-19-E1,NATURAL_GAS开采组,PROJECT-02,"[1015, 651]",914787.53102,MMBtu/sim-day,OP-19,GOV-19,OPENING_PORTFOLIO,False,True,UNAPPROVED_SCENARIO_ASSET,NEW_DATA_POINT_NEEDS_MAP_MARKER,,,1664,34.651043,8316.250282,84,180,6656.0,SCENARIO-RECIPE-NATURAL_GAS,LIC-19-NATURAL_GAS,OPENING_EXISTING_ASSET,NATURAL_GAS,831625.0282,,"{""low"": 949, ""medium"": 582, ""high"": 133}",2195490074.45,121971.67,1,0.909091,AUTHORED_REFERENCE_COST_PER_CAPACITY_UNIT,RES146,,,,
OPEN-RES26,visual-territory-19,visual-territory-19-E1,URANIUM开采组,PROJECT-03,"[1093, 602]",0.45738,tonne U/sim-day,OP-19,GOV-19,OPENING_PORTFOLIO,False,True,UNAPPROVED_SCENARIO_ASSET,NEW_DATA_POINT_NEEDS_MAP_MARKER,,,9,0.606375,8.316,1,180,36.0,SCENARIO-RECIPE-URANIUM,LIC-19-URANIUM,OPENING_EXISTING_ASSET,URANIUM,0.4158,,"{""low"": 5, ""medium"": 3, ""high"": 1}",2744280.0,152.46,1,0.909091,AUTHORED_REFERENCE_COST_PER_CAPACITY_UNIT,RES26,,,,
OPEN-19-GRAIN,visual-territory-19,visual-territory-19-E1,GRAIN区域生产群,,"[1062.5, 616.0]",183028.542539,tonne/sim-day,OP-19,GOV-19,OPENING_PORTFOLIO,False,True,UNAPPROVED_SCENARIO_ASSET,NEW_DATA_POINT_NEEDS_MAP_MARKER,,,79578,132.629379,227364649.117143,3979,180,318312.0,SCENARIO-RECIPE-GRAIN,LIC-19-GRAIN,OPENING_EXISTING_ASSET,GRAIN,159155.254382,True,"{""low"": 45360, ""medium"": 27852, ""high"": 6366}",329451376.57,18302.85,1,0.869565,AUTHORED_REFERENCE_COST_PER_CAPACITY_UNIT,,,,,
OPEN-19-SEMICONDUCTORS,visual-territory-19,visual-territory-19-E1,SEMICONDUCTORS区域生产群,PROJECT-17,"[1062.5, 616.0]",212215.079032,standardised chip unit/sim-day,OP-19,GOV-19,OPENING_PORTFOLIO,False,True,UNAPPROVED_SCENARIO_ASSET,NEW_DATA_POINT_NEEDS_MAP_MARKER,,,185,0.768895,18.453485,10,180,740.0,SCENARIO-RECIPE-SEMICONDUCTORS,LIC-19-SEMICONDUCTORS,OPENING_EXISTING_ASSET,SEMICONDUCTORS,184534.851332,True,"{""low"": 64, ""medium"": 65, ""high"": 56}",742752776.61,41264.04,1,0.869565,AUTHORED_REFERENCE_COST_PER_CAPACITY_UNIT,,,,,
SERVICE-visual-territory-19-E1-36,visual-territory-19,visual-territory-19-E1,住房区域服务群,PROJECT-36,"[1062.5, 616.0]",38932979.0,dwelling-unit,OP-19,GOV-19,OPENING_PORTFOLIO,False,True,UNAPPROVED_SCENARIO_ASSET,NEW_DATA_POINT_NEEDS_MAP_MARKER,,,0,0,0,1,90,49124.0,,,OPENING_EXISTING_ASSET,,,True,"{""low"": 0, ""medium"": 0, ""high"": 0}",2530643635000.0,140591313.06,1,,AUTHORED_REFERENCE_COST_PER_CAPACITY_UNIT,,,,,
SERVICE-visual-territory-19-E1-31,visual-territory-19,visual-territory-19-E1,基础教育区域服务群,PROJECT-31,"[1062.5, 616.0]",24499054.0,student-seat,OP-19,GOV-19,OPENING_PORTFOLIO,False,True,UNAPPROVED_SCENARIO_ASSET,NEW_DATA_POINT_NEEDS_MAP_MARKER,,,897402,0,0,44871,90,49124.0,,,OPENING_EXISTING_ASSET,,,True,"{""low"": 511519, ""medium"": 314091, ""high"": 71792}",146994324000.0,8166351.33,1,,AUTHORED_REFERENCE_COST_PER_CAPACITY_UNIT,,,,,
SERVICE-visual-territory-19-E1-35,visual-territory-19,visual-territory-19-E1,医院区域服务群,PROJECT-35,"[1062.5, 616.0]",368407.0,bed,OP-19,GOV-19,OPENING_PORTFOLIO,False,True,UNAPPROVED_SCENARIO_ASSET,NEW_DATA_POINT_NEEDS_MAP_MARKER,,,429808,0,0,21491,90,49124.0,,,OPENING_EXISTING_ASSET,,,True,"{""low"": 244990, ""medium"": 150433, ""high"": 34385}",25788490000.0,1432693.89,1,,AUTHORED_REFERENCE_COST_PER_CAPACITY_UNIT,,,,,
POWER-19-10,visual-territory-19,visual-territory-19-E1,太阳能区域设施群,PROJECT-10,"[1062.5, 616.0]",210248.204718,MW,OP-19,GOV-19,OPENING_PORTFOLIO,False,True,UNAPPROVED_SCENARIO_ASSET,NEW_DATA_POINT_NEEDS_MAP_MARKER,,,12615,0,0,631,90,49124.0,,,OPENING_EXISTING_ASSET,,,True,"{""low"": 7191, ""medium"": 4415, ""high"": 1009}",189223384246.2,10512410.24,1,,AUTHORED_REFERENCE_COST_PER_CAPACITY_UNIT,,,,,
POWER-19-11,visual-territory-19,visual-territory-19-E1,风能区域设施群,PROJECT-11,"[1062.5, 616.0]",210248.204718,MW,OP-19,GOV-19,OPENING_PORTFOLIO,False,True,UNAPPROVED_SCENARIO_ASSET,NEW_DATA_POINT_NEEDS_MAP_MARKER,,,12615,0,0,631,90,49124.0,,,OPENING_EXISTING_ASSET,,,True,"{""low"": 7191, ""medium"": 4415, ""high"": 1009}",189223384246.2,10512410.24,1,,AUTHORED_REFERENCE_COST_PER_CAPACITY_UNIT,,,,,
POWER-19-23,visual-territory-19,visual-territory-19-E1,国家电网区域设施群,PROJECT-23,"[1062.5, 616.0]",69287.097615,MW,OP-19,GOV-19,OPENING_PORTFOLIO,False,True,UNAPPROVED_SCENARIO_ASSET,NEW_DATA_POINT_NEEDS_MAP_MARKER,,,12615,0,0,631,90,49124.0,,,OPENING_EXISTING_ASSET,,,True,"{""low"": 7191, ""medium"": 4415, ""high"": 1009}",62358387853.5,3464354.88,1,,AUTHORED_REFERENCE_COST_PER_CAPACITY_UNIT,,,,,
POWER-19-13,visual-territory-19,visual-territory-19-E1,储能区域设施群,PROJECT-13,"[1062.5, 616.0]",2956249.498224,MWh,OP-19,GOV-19,OPENING_PORTFOLIO,False,True,UNAPPROVED_SCENARIO_ASSET,NEW_DATA_POINT_NEEDS_MAP_MARKER,,,12615,0,0,631,90,49124.0,,,OPENING_EXISTING_ASSET,,,True,"{""low"": 7191, ""medium"": 4415, ""high"": 1009}",472999919715.84,26277773.32,1,,AUTHORED_REFERENCE_COST_PER_CAPACITY_UNIT,,,,,
GATE-19,visual-territory-19,visual-territory-19-E1,国家海港集群,PROJECT-21,"[1024.5, 589.5]",165961.22373,tonne/sim-day,OP-19,GOV-19,OPENING_PORTFOLIO,False,True,UNAPPROVED_SCENARIO_ASSET,NEW_DATA_POINT_NEEDS_MAP_MARKER,,,184204,0,0,9211,90,49124.0,,,OPENING_EXISTING_ASSET,,,True,"{""low"": 104997, ""medium"": 64471, ""high"": 14736}",298730202.71,16596.12,1,,AUTHORED_REFERENCE_COST_PER_CAPACITY_UNIT,,True,"[1024.5, 589.5]",Snapped to original ocean shoreline with ocean-grid access; harbour engineering not surveyed,
WAREHOUSE-19,visual-territory-19,visual-territory-19-E1,国家战略与生产库存库群,PROJECT-26,"[1062.5, 616.0]",8811613.314201,tonne,OP-19,GOV-19,OPENING_PORTFOLIO,False,True,UNAPPROVED_SCENARIO_ASSET,NEW_DATA_POINT_NEEDS_MAP_MARKER,,,184203,0,0,9211,90,49124.0,,,OPENING_EXISTING_ASSET,,,True,"{""low"": 104996, ""medium"": 64471, ""high"": 14736}",1057393597.7,58744.09,1,,AUTHORED_REFERENCE_COST_PER_CAPACITY_UNIT,,,,,
OPEN-RES27,visual-territory-20,visual-territory-20-E1,IRON_ORE开采组,PROJECT-04,"[1122, 648]",43196.40941,tonne/sim-day,OP-20,GOV-20,OPENING_PORTFOLIO,False,True,UNAPPROVED_SCENARIO_ASSET,NEW_DATA_POINT_NEEDS_MAP_MARKER,,,3142,98.173658,3926.94631,158,180,12568.0,SCENARIO-RECIPE-IRON_ORE,LIC-20-IRON_ORE,OPENING_EXISTING_ASSET,IRON_ORE,39269.4631,,"{""low"": 1791, ""medium"": 1100, ""high"": 251}",77753536.94,4319.64,1,0.909091,AUTHORED_REFERENCE_COST_PER_CAPACITY_UNIT,RES27,,,,
OPEN-RES36,visual-territory-20,visual-territory-20-E2,LITHIUM开采组,PROJECT-06,"[1160, 592]",87.395142,tonne LCE/sim-day,OP-20,GOV-20,OPENING_PORTFOLIO,False,True,UNAPPROVED_SCENARIO_ASSET,NEW_DATA_POINT_NEEDS_MAP_MARKER,,,40,3.972506,238.350387,2,180,160.0,SCENARIO-RECIPE-LITHIUM,LIC-20-LITHIUM,OPENING_EXISTING_ASSET,LITHIUM,79.450129,,"{""low"": 23, ""medium"": 14, ""high"": 3}",52437085.2,2913.17,1,0.909091,AUTHORED_REFERENCE_COST_PER_CAPACITY_UNIT,RES36,,,,
OPEN-RES58,visual-territory-20,visual-territory-20-E1,LITHIUM开采组,PROJECT-06,"[1102, 688]",67.965124,tonne LCE/sim-day,OP-20,GOV-20,OPENING_PORTFOLIO,False,True,UNAPPROVED_SCENARIO_ASSET,NEW_DATA_POINT_NEEDS_MAP_MARKER,,,31,3.089324,185.359431,2,180,124.0,SCENARIO-RECIPE-LITHIUM,LIC-20-LITHIUM,OPENING_EXISTING_ASSET,LITHIUM,61.786477,,"{""low"": 18, ""medium"": 11, ""high"": 2}",40779074.4,2265.5,1,0.909091,AUTHORED_REFERENCE_COST_PER_CAPACITY_UNIT,RES58,,,,
OPEN-20-STEEL,visual-territory-20,visual-territory-20-E1,STEEL区域生产群,PROJECT-14,"[1105.25, 650.5]",144466.173869,tonne/sim-day,OP-20,GOV-20,OPENING_PORTFOLIO,False,True,UNAPPROVED_SCENARIO_ASSET,NEW_DATA_POINT_NEEDS_MAP_MARKER,,,15075,3402.28308,251245.519772,754,180,60300.0,SCENARIO-RECIPE-STEEL,LIC-20-STEEL,OPENING_EXISTING_ASSET,STEEL,125622.759886,True,"{""low"": 8593, ""medium"": 5276, ""high"": 1206}",260039112.96,14446.62,1,0.869565,AUTHORED_REFERENCE_COST_PER_CAPACITY_UNIT,,,,,
OPEN-20-REFINED_FUEL,visual-territory-20,visual-territory-20-E1,REFINED_FUEL区域生产群,PROJECT-15,"[1105.25, 650.5]",65934.311768,barrel equivalent/sim-day,OP-20,GOV-20,OPENING_PORTFOLIO,False,True,UNAPPROVED_SCENARIO_ASSET,NEW_DATA_POINT_NEEDS_MAP_MARKER,,,459,19.111395,5733.418415,23,180,1836.0,SCENARIO-RECIPE-REFINED_FUEL,LIC-20-REFINED_FUEL,OPENING_EXISTING_ASSET,REFINED_FUEL,57334.184147,True,"{""low"": 261, ""medium"": 161, ""high"": 37}",1186817611.82,65934.31,1,0.869565,AUTHORED_REFERENCE_COST_PER_CAPACITY_UNIT,,,,,
SERVICE-visual-territory-20-E1-36,visual-territory-20,visual-territory-20-E1,住房区域服务群,PROJECT-36,"[1105.25, 650.5]",29808139.0,dwelling-unit,OP-20,GOV-20,OPENING_PORTFOLIO,False,True,UNAPPROVED_SCENARIO_ASSET,NEW_DATA_POINT_NEEDS_MAP_MARKER,,,0,0,0,1,90,75160.0,,,OPENING_EXISTING_ASSET,,,True,"{""low"": 0, ""medium"": 0, ""high"": 0}",1937529035000.0,107640501.94,1,,AUTHORED_REFERENCE_COST_PER_CAPACITY_UNIT,,,,,
SERVICE-visual-territory-20-E1-31,visual-territory-20,visual-territory-20-E1,基础教育区域服务群,PROJECT-31,"[1105.25, 650.5]",19088249.0,student-seat,OP-20,GOV-20,OPENING_PORTFOLIO,False,True,UNAPPROVED_SCENARIO_ASSET,NEW_DATA_POINT_NEEDS_MAP_MARKER,,,699204,0,0,34961,90,75160.0,,,OPENING_EXISTING_ASSET,,,True,"{""low"": 398547, ""medium"": 244721, ""high"": 55936}",114529494000.0,6362749.67,1,,AUTHORED_REFERENCE_COST_PER_CAPACITY_UNIT,,,,,
SERVICE-visual-territory-20-E1-35,visual-territory-20,visual-territory-20-E1,医院区域服务群,PROJECT-35,"[1105.25, 650.5]",287042.0,bed,OP-20,GOV-20,OPENING_PORTFOLIO,False,True,UNAPPROVED_SCENARIO_ASSET,NEW_DATA_POINT_NEEDS_MAP_MARKER,,,334882,0,0,16745,90,75160.0,,,OPENING_EXISTING_ASSET,,,True,"{""low"": 190882, ""medium"": 117209, ""high"": 26791}",20092940000.0,1116274.44,1,,AUTHORED_REFERENCE_COST_PER_CAPACITY_UNIT,,,,,
SERVICE-visual-territory-20-E2-36,visual-territory-20,visual-territory-20-E2,住房区域服务群,PROJECT-36,"[1151.75, 642.0]",28598339.0,dwelling-unit,OP-20,GOV-20,OPENING_PORTFOLIO,False,True,UNAPPROVED_SCENARIO_ASSET,NEW_DATA_POINT_NEEDS_MAP_MARKER,,,0,0,0,1,90,75160.0,,,OPENING_EXISTING_ASSET,,,True,"{""low"": 0, ""medium"": 0, ""high"": 0}",1858892035000.0,103271779.72,1,,AUTHORED_REFERENCE_COST_PER_CAPACITY_UNIT,,,,,
SERVICE-visual-territory-20-E2-31,visual-territory-20,visual-territory-20-E2,基础教育区域服务群,PROJECT-31,"[1151.75, 642.0]",18396824.0,student-seat,OP-20,GOV-20,OPENING_PORTFOLIO,False,True,UNAPPROVED_SCENARIO_ASSET,NEW_DATA_POINT_NEEDS_MAP_MARKER,,,673877,0,0,33694,90,75160.0,,,OPENING_EXISTING_ASSET,,,True,"{""low"": 384110, ""medium"": 235857, ""high"": 53910}",110380944000.0,6132274.67,1,,AUTHORED_REFERENCE_COST_PER_CAPACITY_UNIT,,,,,
SERVICE-visual-territory-20-E2-35,visual-territory-20,visual-territory-20-E2,医院区域服务群,PROJECT-35,"[1151.75, 642.0]",276644.0,bed,OP-20,GOV-20,OPENING_PORTFOLIO,False,True,UNAPPROVED_SCENARIO_ASSET,NEW_DATA_POINT_NEEDS_MAP_MARKER,,,322752,0,0,16138,90,75160.0,,,OPENING_EXISTING_ASSET,,,True,"{""low"": 183969, ""medium"": 112963, ""high"": 25820}",19365080000.0,1075837.78,1,,AUTHORED_REFERENCE_COST_PER_CAPACITY_UNIT,,,,,
POWER-20-10,visual-territory-20,visual-territory-20-E1,太阳能区域设施群,PROJECT-10,"[1105.25, 650.5]",345106.800177,MW,OP-20,GOV-20,OPENING_PORTFOLIO,False,True,UNAPPROVED_SCENARIO_ASSET,NEW_DATA_POINT_NEEDS_MAP_MARKER,,,20708,0,0,1036,90,75160.0,,,OPENING_EXISTING_ASSET,,,True,"{""low"": 11803, ""medium"": 7248, ""high"": 1657}",310596120159.3,17255340.01,1,,AUTHORED_REFERENCE_COST_PER_CAPACITY_UNIT,,,,,
POWER-20-11,visual-territory-20,visual-territory-20-E1,风能区域设施群,PROJECT-11,"[1105.25, 650.5]",345106.800177,MW,OP-20,GOV-20,OPENING_PORTFOLIO,False,True,UNAPPROVED_SCENARIO_ASSET,NEW_DATA_POINT_NEEDS_MAP_MARKER,,,20706,0,0,1036,90,75160.0,,,OPENING_EXISTING_ASSET,,,True,"{""low"": 11803, ""medium"": 7247, ""high"": 1656}",310596120159.3,17255340.01,1,,AUTHORED_REFERENCE_COST_PER_CAPACITY_UNIT,,,,,
POWER-20-23,visual-territory-20,visual-territory-20-E1,国家电网区域设施群,PROJECT-23,"[1105.25, 650.5]",110099.278391,MW,OP-20,GOV-20,OPENING_PORTFOLIO,False,True,UNAPPROVED_SCENARIO_ASSET,NEW_DATA_POINT_NEEDS_MAP_MARKER,,,20706,0,0,1036,90,75160.0,,,OPENING_EXISTING_ASSET,,,True,"{""low"": 11803, ""medium"": 7247, ""high"": 1656}",99089350551.9,5504963.92,1,,AUTHORED_REFERENCE_COST_PER_CAPACITY_UNIT,,,,,
POWER-20-13,visual-territory-20,visual-territory-20-E1,储能区域设施群,PROJECT-13,"[1105.25, 650.5]",4697569.21136,MWh,OP-20,GOV-20,OPENING_PORTFOLIO,False,True,UNAPPROVED_SCENARIO_ASSET,NEW_DATA_POINT_NEEDS_MAP_MARKER,,,20706,0,0,1036,90,75160.0,,,OPENING_EXISTING_ASSET,,,True,"{""low"": 11803, ""medium"": 7247, ""high"": 1656}",751611073817.6,41756170.77,1,,AUTHORED_REFERENCE_COST_PER_CAPACITY_UNIT,,,,,
GATE-20,visual-territory-20,visual-territory-20-E1,内陆货运口岸,PROJECT-25,"[1105.25, 650.5]",542706.294407,tonne/sim-day,OP-20,GOV-20,OPENING_PORTFOLIO,False,True,UNAPPROVED_SCENARIO_ASSET,NEW_DATA_POINT_NEEDS_MAP_MARKER,,,281843,0,0,14093,90,75160.0,,,OPENING_EXISTING_ASSET,,,True,"{""low"": 160651, ""medium"": 98645, ""high"": 22547}",976871329.93,54270.63,1,,AUTHORED_REFERENCE_COST_PER_CAPACITY_UNIT,,False,,,
WAREHOUSE-20,visual-territory-20,visual-territory-20-E1,国家战略与生产库存库群,PROJECT-26,"[1105.25, 650.5]",39009249.288594,tonne,OP-20,GOV-20,OPENING_PORTFOLIO,False,True,UNAPPROVED_SCENARIO_ASSET,NEW_DATA_POINT_NEEDS_MAP_MARKER,,,281843,0,0,14093,90,75160.0,,,OPENING_EXISTING_ASSET,,,True,"{""low"": 160651, ""medium"": 98645, ""high"": 22547}",4681109914.63,260061.66,1,,AUTHORED_REFERENCE_COST_PER_CAPACITY_UNIT,,,,,
OPEN-RES94,visual-territory-21,visual-territory-21-E1,CRUDE_OIL开采组,PROJECT-01,"[1187, 704]",33376.23839,barrel/sim-day,OP-21,GOV-21,OPENING_PORTFOLIO,False,True,UNAPPROVED_SCENARIO_ASSET,NEW_DATA_POINT_NEEDS_MAP_MARKER,,,456,15.171017,6068.40698,23,180,1824.0,SCENARIO-RECIPE-CRUDE_OIL,LIC-21-CRUDE_OIL,OPENING_EXISTING_ASSET,CRUDE_OIL,30342.0349,,"{""low"": 260, ""medium"": 160, ""high"": 36}",600772291.02,33376.24,1,0.909091,AUTHORED_REFERENCE_COST_PER_CAPACITY_UNIT,RES94,,,,
OPEN-21-GRAIN,visual-territory-21,visual-territory-21-E2,GRAIN区域生产群,,"[1251.25, 667.0]",390069.557553,tonne/sim-day,OP-21,GOV-21,OPENING_PORTFOLIO,False,True,UNAPPROVED_SCENARIO_ASSET,NEW_DATA_POINT_NEEDS_MAP_MARKER,,,169596,282.6591,484558456.588571,8480,180,678384.0,SCENARIO-RECIPE-GRAIN,LIC-21-GRAIN,OPENING_EXISTING_ASSET,GRAIN,339190.919612,True,"{""low"": 96669, ""medium"": 59359, ""high"": 13568}",702125203.6,39006.96,1,0.869565,AUTHORED_REFERENCE_COST_PER_CAPACITY_UNIT,,,,,
OPEN-RES150,visual-territory-21,visual-territory-21-E1,IRON_ORE开采组,PROJECT-04,"[1184, 616]",72891.1953,tonne/sim-day,OP-21,GOV-21,OPENING_PORTFOLIO,False,True,UNAPPROVED_SCENARIO_ASSET,NEW_DATA_POINT_NEEDS_MAP_MARKER,,,5302,165.661807,6626.4723,266,180,21208.0,SCENARIO-RECIPE-IRON_ORE,LIC-21-IRON_ORE,OPENING_EXISTING_ASSET,IRON_ORE,66264.723,,"{""low"": 3022, ""medium"": 1856, ""high"": 424}",131204151.54,7289.12,1,0.909091,AUTHORED_REFERENCE_COST_PER_CAPACITY_UNIT,RES150,,,,
OPEN-21-STEEL,visual-territory-21,visual-territory-21-E2,STEEL区域生产群,PROJECT-14,"[1251.25, 667.0]",12664.33994,tonne/sim-day,OP-21,GOV-21,OPENING_PORTFOLIO,False,True,UNAPPROVED_SCENARIO_ASSET,NEW_DATA_POINT_NEEDS_MAP_MARKER,,,1322,298.254383,22024.939026,67,180,5288.0,SCENARIO-RECIPE-STEEL,LIC-21-STEEL,OPENING_EXISTING_ASSET,STEEL,11012.469513,True,"{""low"": 753, ""medium"": 463, ""high"": 106}",22795811.89,1266.43,1,0.869565,AUTHORED_REFERENCE_COST_PER_CAPACITY_UNIT,,,,,
SERVICE-visual-territory-21-E1-36,visual-territory-21,visual-territory-21-E1,住房区域服务群,PROJECT-36,"[1195.25, 671.0]",40967786.0,dwelling-unit,OP-21,GOV-21,OPENING_PORTFOLIO,False,True,UNAPPROVED_SCENARIO_ASSET,NEW_DATA_POINT_NEEDS_MAP_MARKER,,,0,0,0,1,90,105032.0,,,OPENING_EXISTING_ASSET,,,True,"{""low"": 0, ""medium"": 0, ""high"": 0}",2662906090000.0,147939227.22,1,,AUTHORED_REFERENCE_COST_PER_CAPACITY_UNIT,,,,,
SERVICE-visual-territory-21-E1-31,visual-territory-21,visual-territory-21-E1,基础教育区域服务群,PROJECT-31,"[1195.25, 671.0]",26097112.0,student-seat,OP-21,GOV-21,OPENING_PORTFOLIO,False,True,UNAPPROVED_SCENARIO_ASSET,NEW_DATA_POINT_NEEDS_MAP_MARKER,,,955939,0,0,47797,90,105032.0,,,OPENING_EXISTING_ASSET,,,True,"{""low"": 544885, ""medium"": 334579, ""high"": 76475}",156582672000.0,8699037.33,1,,AUTHORED_REFERENCE_COST_PER_CAPACITY_UNIT,,,,,
SERVICE-visual-territory-21-E1-35,visual-territory-21,visual-territory-21-E1,医院区域服务群,PROJECT-35,"[1195.25, 671.0]",392438.0,bed,OP-21,GOV-21,OPENING_PORTFOLIO,False,True,UNAPPROVED_SCENARIO_ASSET,NEW_DATA_POINT_NEEDS_MAP_MARKER,,,457845,0,0,22893,90,105032.0,,,OPENING_EXISTING_ASSET,,,True,"{""low"": 260971, ""medium"": 160246, ""high"": 36628}",27470660000.0,1526147.78,1,,AUTHORED_REFERENCE_COST_PER_CAPACITY_UNIT,,,,,
SERVICE-visual-territory-21-E2-36,visual-territory-21,visual-territory-21-E2,住房区域服务群,PROJECT-36,"[1251.25, 667.0]",41208081.0,dwelling-unit,OP-21,GOV-21,OPENING_PORTFOLIO,False,True,UNAPPROVED_SCENARIO_ASSET,NEW_DATA_POINT_NEEDS_MAP_MARKER,,,0,0,0,1,90,105032.0,,,OPENING_EXISTING_ASSET,,,True,"{""low"": 0, ""medium"": 0, ""high"": 0}",2678525265000.0,148806959.17,1,,AUTHORED_REFERENCE_COST_PER_CAPACITY_UNIT,,,,,
SERVICE-visual-territory-21-E2-31,visual-territory-21,visual-territory-21-E2,基础教育区域服务群,PROJECT-31,"[1251.25, 667.0]",26286273.0,student-seat,OP-21,GOV-21,OPENING_PORTFOLIO,False,True,UNAPPROVED_SCENARIO_ASSET,NEW_DATA_POINT_NEEDS_MAP_MARKER,,,962868,0,0,48144,90,105032.0,,,OPENING_EXISTING_ASSET,,,True,"{""low"": 548835, ""medium"": 337004, ""high"": 77029}",157717638000.0,8762091.0,1,,AUTHORED_REFERENCE_COST_PER_CAPACITY_UNIT,,,,,
SERVICE-visual-territory-21-E2-35,visual-territory-21,visual-territory-21-E2,医院区域服务群,PROJECT-35,"[1251.25, 667.0]",395283.0,bed,OP-21,GOV-21,OPENING_PORTFOLIO,False,True,UNAPPROVED_SCENARIO_ASSET,NEW_DATA_POINT_NEEDS_MAP_MARKER,,,461163,0,0,23059,90,105032.0,,,OPENING_EXISTING_ASSET,,,True,"{""low"": 262863, ""medium"": 161407, ""high"": 36893}",27669810000.0,1537211.67,1,,AUTHORED_REFERENCE_COST_PER_CAPACITY_UNIT,,,,,
POWER-21-10,visual-territory-21,visual-territory-21-E2,太阳能区域设施群,PROJECT-10,"[1251.25, 667.0]",477763.531632,MW,OP-21,GOV-21,OPENING_PORTFOLIO,False,True,UNAPPROVED_SCENARIO_ASSET,NEW_DATA_POINT_NEEDS_MAP_MARKER,,,28666,0,0,1434,90,105032.0,,,OPENING_EXISTING_ASSET,,,True,"{""low"": 16340, ""medium"": 10033, ""high"": 2293}",429987178468.8,23888176.58,1,,AUTHORED_REFERENCE_COST_PER_CAPACITY_UNIT,,,,,
POWER-21-11,visual-territory-21,visual-territory-21-E2,风能区域设施群,PROJECT-11,"[1251.25, 667.0]",477763.531632,MW,OP-21,GOV-21,OPENING_PORTFOLIO,False,True,UNAPPROVED_SCENARIO_ASSET,NEW_DATA_POINT_NEEDS_MAP_MARKER,,,28666,0,0,1434,90,105032.0,,,OPENING_EXISTING_ASSET,,,True,"{""low"": 16340, ""medium"": 10033, ""high"": 2293}",429987178468.8,23888176.58,1,,AUTHORED_REFERENCE_COST_PER_CAPACITY_UNIT,,,,,
POWER-21-23,visual-territory-21,visual-territory-21-E2,国家电网区域设施群,PROJECT-23,"[1251.25, 667.0]",148649.693947,MW,OP-21,GOV-21,OPENING_PORTFOLIO,False,True,UNAPPROVED_SCENARIO_ASSET,NEW_DATA_POINT_NEEDS_MAP_MARKER,,,28666,0,0,1434,90,105032.0,,,OPENING_EXISTING_ASSET,,,True,"{""low"": 16340, ""medium"": 10033, ""high"": 2293}",133784724552.3,7432484.7,1,,AUTHORED_REFERENCE_COST_PER_CAPACITY_UNIT,,,,,
POWER-21-13,visual-territory-21,visual-territory-21-E2,储能区域设施群,PROJECT-13,"[1251.25, 667.0]",6342386.941721,MWh,OP-21,GOV-21,OPENING_PORTFOLIO,False,True,UNAPPROVED_SCENARIO_ASSET,NEW_DATA_POINT_NEEDS_MAP_MARKER,,,28666,0,0,1434,90,105032.0,,,OPENING_EXISTING_ASSET,,,True,"{""low"": 16340, ""medium"": 10033, ""high"": 2293}",1014781910675.36,56376772.82,1,,AUTHORED_REFERENCE_COST_PER_CAPACITY_UNIT,,,,,
GATE-21,visual-territory-21,visual-territory-21-E2,内陆货运口岸,PROJECT-25,"[1251.25, 667.0]",363995.584924,tonne/sim-day,OP-21,GOV-21,OPENING_PORTFOLIO,False,True,UNAPPROVED_SCENARIO_ASSET,NEW_DATA_POINT_NEEDS_MAP_MARKER,,,393861,0,0,19694,90,105032.0,,,OPENING_EXISTING_ASSET,,,True,"{""low"": 224501, ""medium"": 137851, ""high"": 31509}",655192052.86,36399.56,1,,AUTHORED_REFERENCE_COST_PER_CAPACITY_UNIT,,False,,,
WAREHOUSE-21,visual-territory-21,visual-territory-21-E2,国家战略与生产库存库群,PROJECT-26,"[1251.25, 667.0]",24842059.003897,tonne,OP-21,GOV-21,OPENING_PORTFOLIO,False,True,UNAPPROVED_SCENARIO_ASSET,NEW_DATA_POINT_NEEDS_MAP_MARKER,,,393860,0,0,19693,90,105032.0,,,OPENING_EXISTING_ASSET,,,True,"{""low"": 224500, ""medium"": 137851, ""high"": 31509}",2981047080.47,165613.73,1,,AUTHORED_REFERENCE_COST_PER_CAPACITY_UNIT,,,,,
OPEN-RES151,visual-territory-22,visual-territory-22-E1,URANIUM开采组,PROJECT-03,"[1277, 681]",0.75548,tonne U/sim-day,OP-22,GOV-22,OPENING_PORTFOLIO,False,True,UNAPPROVED_SCENARIO_ASSET,NEW_DATA_POINT_NEEDS_MAP_MARKER,,,14,1.001583,13.736,1,180,56.0,SCENARIO-RECIPE-URANIUM,LIC-22-URANIUM,OPENING_EXISTING_ASSET,URANIUM,0.6868,,"{""low"": 8, ""medium"": 5, ""high"": 1}",4532880.0,251.83,1,0.909091,AUTHORED_REFERENCE_COST_PER_CAPACITY_UNIT,RES151,,,,
OPEN-22-GRAIN,visual-territory-22,visual-territory-22-E1,GRAIN区域生产群,,"[1298.0, 673.0]",219359.172114,tonne/sim-day,OP-22,GOV-22,OPENING_PORTFOLIO,False,True,UNAPPROVED_SCENARIO_ASSET,NEW_DATA_POINT_NEEDS_MAP_MARKER,,,95374,158.955922,272495865.98,4769,180,381496.0,SCENARIO-RECIPE-GRAIN,LIC-22-GRAIN,OPENING_EXISTING_ASSET,GRAIN,190747.106186,True,"{""low"": 54363, ""medium"": 33381, ""high"": 7630}",394846509.81,21935.92,1,0.869565,AUTHORED_REFERENCE_COST_PER_CAPACITY_UNIT,,,,,
OPEN-22-STEEL,visual-territory-22,visual-territory-22-E1,STEEL区域生产群,PROJECT-14,"[1298.0, 673.0]",5411.837254,tonne/sim-day,OP-22,GOV-22,OPENING_PORTFOLIO,False,True,UNAPPROVED_SCENARIO_ASSET,NEW_DATA_POINT_NEEDS_MAP_MARKER,,,565,127.452689,9411.890876,29,180,2260.0,SCENARIO-RECIPE-STEEL,LIC-22-STEEL,OPENING_EXISTING_ASSET,STEEL,4705.945438,True,"{""low"": 322, ""medium"": 198, ""high"": 45}",9741307.06,541.18,1,0.869565,AUTHORED_REFERENCE_COST_PER_CAPACITY_UNIT,,,,,
SERVICE-visual-territory-22-E1-36,visual-territory-22,visual-territory-22-E1,住房区域服务群,PROJECT-36,"[1298.0, 673.0]",35116022.0,dwelling-unit,OP-22,GOV-22,OPENING_PORTFOLIO,False,True,UNAPPROVED_SCENARIO_ASSET,NEW_DATA_POINT_NEEDS_MAP_MARKER,,,0,0,0,1,90,44884.0,,,OPENING_EXISTING_ASSET,,,True,"{""low"": 0, ""medium"": 0, ""high"": 0}",2282541430000.0,126807857.22,1,,AUTHORED_REFERENCE_COST_PER_CAPACITY_UNIT,,,,,
SERVICE-visual-territory-22-E1-31,visual-territory-22,visual-territory-22-E1,基础教育区域服务群,PROJECT-31,"[1298.0, 673.0]",22384827.0,student-seat,OP-22,GOV-22,OPENING_PORTFOLIO,False,True,UNAPPROVED_SCENARIO_ASSET,NEW_DATA_POINT_NEEDS_MAP_MARKER,,,819958,0,0,40998,90,44884.0,,,OPENING_EXISTING_ASSET,,,True,"{""low"": 467376, ""medium"": 286985, ""high"": 65597}",134308962000.0,7461609.0,1,,AUTHORED_REFERENCE_COST_PER_CAPACITY_UNIT,,,,,
SERVICE-visual-territory-22-E1-35,visual-territory-22,visual-territory-22-E1,医院区域服务群,PROJECT-35,"[1298.0, 673.0]",336614.0,bed,OP-22,GOV-22,OPENING_PORTFOLIO,False,True,UNAPPROVED_SCENARIO_ASSET,NEW_DATA_POINT_NEEDS_MAP_MARKER,,,392717,0,0,19636,90,44884.0,,,OPENING_EXISTING_ASSET,,,True,"{""low"": 223849, ""medium"": 137451, ""high"": 31417}",23562980000.0,1309054.44,1,,AUTHORED_REFERENCE_COST_PER_CAPACITY_UNIT,,,,,
POWER-22-10,visual-territory-22,visual-territory-22-E1,太阳能区域设施群,PROJECT-10,"[1298.0, 673.0]",192366.876556,MW,OP-22,GOV-22,OPENING_PORTFOLIO,False,True,UNAPPROVED_SCENARIO_ASSET,NEW_DATA_POINT_NEEDS_MAP_MARKER,,,11543,0,0,578,90,44884.0,,,OPENING_EXISTING_ASSET,,,True,"{""low"": 6580, ""medium"": 4040, ""high"": 923}",173130188900.4,9618343.83,1,,AUTHORED_REFERENCE_COST_PER_CAPACITY_UNIT,,,,,
POWER-22-11,visual-territory-22,visual-territory-22-E1,风能区域设施群,PROJECT-11,"[1298.0, 673.0]",192366.876556,MW,OP-22,GOV-22,OPENING_PORTFOLIO,False,True,UNAPPROVED_SCENARIO_ASSET,NEW_DATA_POINT_NEEDS_MAP_MARKER,,,11542,0,0,578,90,44884.0,,,OPENING_EXISTING_ASSET,,,True,"{""low"": 6579, ""medium"": 4040, ""high"": 923}",173130188900.4,9618343.83,1,,AUTHORED_REFERENCE_COST_PER_CAPACITY_UNIT,,,,,
POWER-22-23,visual-territory-22,visual-territory-22-E1,国家电网区域设施群,PROJECT-23,"[1298.0, 673.0]",63474.37443,MW,OP-22,GOV-22,OPENING_PORTFOLIO,False,True,UNAPPROVED_SCENARIO_ASSET,NEW_DATA_POINT_NEEDS_MAP_MARKER,,,11542,0,0,578,90,44884.0,,,OPENING_EXISTING_ASSET,,,True,"{""low"": 6579, ""medium"": 4040, ""high"": 923}",57126936987.0,3173718.72,1,,AUTHORED_REFERENCE_COST_PER_CAPACITY_UNIT,,,,,
POWER-22-13,visual-territory-22,visual-territory-22-E1,储能区域设施群,PROJECT-13,"[1298.0, 673.0]",2708239.975686,MWh,OP-22,GOV-22,OPENING_PORTFOLIO,False,True,UNAPPROVED_SCENARIO_ASSET,NEW_DATA_POINT_NEEDS_MAP_MARKER,,,11542,0,0,578,90,44884.0,,,OPENING_EXISTING_ASSET,,,True,"{""low"": 6579, ""medium"": 4040, ""high"": 923}",433318396109.76,24073244.23,1,,AUTHORED_REFERENCE_COST_PER_CAPACITY_UNIT,,,,,
GATE-22,visual-territory-22,visual-territory-22-E1,河口与过境物流集群,PROJECT-25,"[1318.5, 670.5]",195617.765299,tonne/sim-day,OP-22,GOV-22,OPENING_PORTFOLIO,False,True,UNAPPROVED_SCENARIO_ASSET,NEW_DATA_POINT_NEEDS_MAP_MARKER,,,168307,0,0,8416,90,44884.0,,,OPENING_EXISTING_ASSET,,,True,"{""low"": 95935, ""medium"": 58907, ""high"": 13465}",352111977.54,19561.78,1,,AUTHORED_REFERENCE_COST_PER_CAPACITY_UNIT,,True,,,NARROW_WATER_ACCESS_NOT_RESOLVED_AT_6PX_USE_OVERLAND_TRANSIT_PROPOSAL
WAREHOUSE-22,visual-territory-22,visual-territory-22-E1,国家战略与生产库存库群,PROJECT-26,"[1298.0, 673.0]",11008911.167215,tonne,OP-22,GOV-22,OPENING_PORTFOLIO,False,True,UNAPPROVED_SCENARIO_ASSET,NEW_DATA_POINT_NEEDS_MAP_MARKER,,,168307,0,0,8416,90,44884.0,,,OPENING_EXISTING_ASSET,,,True,"{""low"": 95935, ""medium"": 58907, ""high"": 13465}",1321069340.07,73392.74,1,,AUTHORED_REFERENCE_COST_PER_CAPACITY_UNIT,,,,,
OPEN-RES156,visual-territory-23,visual-territory-23-E2,IRON_ORE开采组,PROJECT-04,"[1441, 728]",363432.49976,tonne/sim-day,OP-23,GOV-23,OPENING_PORTFOLIO,False,True,UNAPPROVED_SCENARIO_ASSET,NEW_DATA_POINT_NEEDS_MAP_MARKER,,,26432,825.982954,33039.31816,1322,180,105728.0,SCENARIO-RECIPE-IRON_ORE,LIC-23-IRON_ORE,OPENING_EXISTING_ASSET,IRON_ORE,330393.1816,,"{""low"": 15066, ""medium"": 9251, ""high"": 2115}",654178499.57,36343.25,1,0.909091,AUTHORED_REFERENCE_COST_PER_CAPACITY_UNIT,RES156,,,,
OPEN-23-STEEL,visual-territory-23,visual-territory-23-E2,STEEL区域生产群,PROJECT-14,"[1434.25, 679.0]",249946.619778,tonne/sim-day,OP-23,GOV-23,OPENING_PORTFOLIO,False,True,UNAPPROVED_SCENARIO_ASSET,NEW_DATA_POINT_NEEDS_MAP_MARKER,,,26082,5886.424017,434689.773528,1305,180,104328.0,SCENARIO-RECIPE-STEEL,LIC-23-STEEL,OPENING_EXISTING_ASSET,STEEL,217344.886764,True,"{""low"": 14866, ""medium"": 9129, ""high"": 2087}",449903915.6,24994.66,1,0.869565,AUTHORED_REFERENCE_COST_PER_CAPACITY_UNIT,,,,,
OPEN-23-BATTERIES,visual-territory-23,visual-territory-23-E2,BATTERIES区域生产群,PROJECT-18,"[1434.25, 679.0]",138.175711,MWh-equivalent/sim-day,OP-23,GOV-23,OPENING_PORTFOLIO,False,True,UNAPPROVED_SCENARIO_ASSET,NEW_DATA_POINT_NEEDS_MAP_MARKER,,,37,3.00382,240.305584,2,180,148.0,SCENARIO-RECIPE-BATTERIES,LIC-23-BATTERIES,OPENING_EXISTING_ASSET,BATTERIES,120.152792,True,"{""low"": 17, ""medium"": 13, ""high"": 7}",248716279.8,13817.57,1,0.869565,AUTHORED_REFERENCE_COST_PER_CAPACITY_UNIT,,,,,
SERVICE-visual-territory-23-E1-36,visual-territory-23,visual-territory-23-E1,住房区域服务群,PROJECT-36,"[1355.75, 664.0]",48806482.0,dwelling-unit,OP-23,GOV-23,OPENING_PORTFOLIO,False,True,UNAPPROVED_SCENARIO_ASSET,NEW_DATA_POINT_NEEDS_MAP_MARKER,,,0,0,0,1,90,140096.0,,,OPENING_EXISTING_ASSET,,,True,"{""low"": 0, ""medium"": 0, ""high"": 0}",3172421330000.0,176245629.44,1,,AUTHORED_REFERENCE_COST_PER_CAPACITY_UNIT,,,,,
SERVICE-visual-territory-23-E1-31,visual-territory-23,visual-territory-23-E1,基础教育区域服务群,PROJECT-31,"[1355.75, 664.0]",31033463.0,student-seat,OP-23,GOV-23,OPENING_PORTFOLIO,False,True,UNAPPROVED_SCENARIO_ASSET,NEW_DATA_POINT_NEEDS_MAP_MARKER,,,1136757,0,0,56838,90,140096.0,,,OPENING_EXISTING_ASSET,,,True,"{""low"": 647951, ""medium"": 397865, ""high"": 90941}",186200778000.0,10344487.67,1,,AUTHORED_REFERENCE_COST_PER_CAPACITY_UNIT,,,,,
SERVICE-visual-territory-23-E1-35,visual-territory-23,visual-territory-23-E1,医院区域服务群,PROJECT-35,"[1355.75, 664.0]",466669.0,bed,OP-23,GOV-23,OPENING_PORTFOLIO,False,True,UNAPPROVED_SCENARIO_ASSET,NEW_DATA_POINT_NEEDS_MAP_MARKER,,,544447,0,0,27223,90,140096.0,,,OPENING_EXISTING_ASSET,,,True,"{""low"": 310335, ""medium"": 190556, ""high"": 43556}",32666830000.0,1814823.89,1,,AUTHORED_REFERENCE_COST_PER_CAPACITY_UNIT,,,,,
SERVICE-visual-territory-23-E2-36,visual-territory-23,visual-territory-23-E2,住房区域服务群,PROJECT-36,"[1434.25, 679.0]",64046551.0,dwelling-unit,OP-23,GOV-23,OPENING_PORTFOLIO,False,True,UNAPPROVED_SCENARIO_ASSET,NEW_DATA_POINT_NEEDS_MAP_MARKER,,,0,0,0,1,90,140096.0,,,OPENING_EXISTING_ASSET,,,True,"{""low"": 0, ""medium"": 0, ""high"": 0}",4163025815000.0,231279211.94,1,,AUTHORED_REFERENCE_COST_PER_CAPACITY_UNIT,,,,,
SERVICE-visual-territory-23-E2-31,visual-territory-23,visual-territory-23-E2,基础教育区域服务群,PROJECT-31,"[1434.25, 679.0]",38838314.0,student-seat,OP-23,GOV-23,OPENING_PORTFOLIO,False,True,UNAPPROVED_SCENARIO_ASSET,NEW_DATA_POINT_NEEDS_MAP_MARKER,,,1422649,0,0,71133,90,140096.0,,,OPENING_EXISTING_ASSET,,,True,"{""low"": 810910, ""medium"": 497927, ""high"": 113812}",233029884000.0,12946104.67,1,,AUTHORED_REFERENCE_COST_PER_CAPACITY_UNIT,,,,,
SERVICE-visual-territory-23-E2-35,visual-territory-23,visual-territory-23-E2,医院区域服务群,PROJECT-35,"[1434.25, 679.0]",584035.0,bed,OP-23,GOV-23,OPENING_PORTFOLIO,False,True,UNAPPROVED_SCENARIO_ASSET,NEW_DATA_POINT_NEEDS_MAP_MARKER,,,681374,0,0,34069,90,140096.0,,,OPENING_EXISTING_ASSET,,,True,"{""low"": 388383, ""medium"": 238481, ""high"": 54510}",40882450000.0,2271247.22,1,,AUTHORED_REFERENCE_COST_PER_CAPACITY_UNIT,,,,,
POWER-23-10,visual-territory-23,visual-territory-23-E2,太阳能区域设施群,PROJECT-10,"[1434.25, 679.0]",756674.499886,MW,OP-23,GOV-23,OPENING_PORTFOLIO,False,True,UNAPPROVED_SCENARIO_ASSET,NEW_DATA_POINT_NEEDS_MAP_MARKER,,,45402,0,0,2271,90,140096.0,,,OPENING_EXISTING_ASSET,,,True,"{""low"": 25879, ""medium"": 15891, ""high"": 3632}",681007049897.4,37833724.99,1,,AUTHORED_REFERENCE_COST_PER_CAPACITY_UNIT,,,,,
POWER-23-11,visual-territory-23,visual-territory-23-E2,风能区域设施群,PROJECT-11,"[1434.25, 679.0]",756674.499886,MW,OP-23,GOV-23,OPENING_PORTFOLIO,False,True,UNAPPROVED_SCENARIO_ASSET,NEW_DATA_POINT_NEEDS_MAP_MARKER,,,45400,0,0,2270,90,140096.0,,,OPENING_EXISTING_ASSET,,,True,"{""low"": 25878, ""medium"": 15890, ""high"": 3632}",681007049897.4,37833724.99,1,,AUTHORED_REFERENCE_COST_PER_CAPACITY_UNIT,,,,,
POWER-23-23,visual-territory-23,visual-territory-23-E2,国家电网区域设施群,PROJECT-23,"[1434.25, 679.0]",205401.151175,MW,OP-23,GOV-23,OPENING_PORTFOLIO,False,True,UNAPPROVED_SCENARIO_ASSET,NEW_DATA_POINT_NEEDS_MAP_MARKER,,,45400,0,0,2270,90,140096.0,,,OPENING_EXISTING_ASSET,,,True,"{""low"": 25878, ""medium"": 15890, ""high"": 3632}",184861036057.5,10270057.56,1,,AUTHORED_REFERENCE_COST_PER_CAPACITY_UNIT,,,,,
POWER-23-13,visual-territory-23,visual-territory-23-E2,储能区域设施群,PROJECT-13,"[1434.25, 679.0]",8763782.45015,MWh,OP-23,GOV-23,OPENING_PORTFOLIO,False,True,UNAPPROVED_SCENARIO_ASSET,NEW_DATA_POINT_NEEDS_MAP_MARKER,,,45400,0,0,2270,90,140096.0,,,OPENING_EXISTING_ASSET,,,True,"{""low"": 25878, ""medium"": 15890, ""high"": 3632}",1402205192024.0,77900288.45,1,,AUTHORED_REFERENCE_COST_PER_CAPACITY_UNIT,,,,,
GATE-23,visual-territory-23,visual-territory-23-E1,河口与过境物流集群,PROJECT-25,"[1359.5, 701.5]",616403.518572,tonne/sim-day,OP-23,GOV-23,OPENING_PORTFOLIO,False,True,UNAPPROVED_SCENARIO_ASSET,NEW_DATA_POINT_NEEDS_MAP_MARKER,,,525352,0,0,26268,90,140096.0,,,OPENING_EXISTING_ASSET,,,True,"{""low"": 299451, ""medium"": 183873, ""high"": 42028}",1109526333.43,61640.35,1,,AUTHORED_REFERENCE_COST_PER_CAPACITY_UNIT,,True,,,NARROW_WATER_ACCESS_NOT_RESOLVED_AT_6PX_USE_OVERLAND_TRANSIT_PROPOSAL
WAREHOUSE-23,visual-territory-23,visual-territory-23-E2,国家战略与生产库存库群,PROJECT-26,"[1434.25, 679.0]",67624876.75489,tonne,OP-23,GOV-23,OPENING_PORTFOLIO,False,True,UNAPPROVED_SCENARIO_ASSET,NEW_DATA_POINT_NEEDS_MAP_MARKER,,,525352,0,0,26268,90,140096.0,,,OPENING_EXISTING_ASSET,,,True,"{""low"": 299451, ""medium"": 183873, ""high"": 42028}",8114985210.59,450832.51,1,,AUTHORED_REFERENCE_COST_PER_CAPACITY_UNIT,,,,,
OPEN-RES157,visual-territory-24,visual-territory-24-E1,CRUDE_OIL开采组,PROJECT-01,"[1489, 604]",303410.54524,barrel/sim-day,OP-24,GOV-24,OPENING_PORTFOLIO,False,True,UNAPPROVED_SCENARIO_ASSET,NEW_DATA_POINT_NEEDS_MAP_MARKER,,,4138,137.913884,55165.55368,207,180,16552.0,SCENARIO-RECIPE-CRUDE_OIL,LIC-24-CRUDE_OIL,OPENING_EXISTING_ASSET,CRUDE_OIL,275827.7684,,"{""low"": 2359, ""medium"": 1448, ""high"": 331}",5461389814.32,303410.55,1,0.909091,AUTHORED_REFERENCE_COST_PER_CAPACITY_UNIT,RES157,,,,
OPEN-RES53,visual-territory-24,visual-territory-24-E2,NATURAL_GAS开采组,PROJECT-02,"[1542, 695]",188638.215418,MMBtu/sim-day,OP-24,GOV-24,OPENING_PORTFOLIO,False,True,UNAPPROVED_SCENARIO_ASSET,NEW_DATA_POINT_NEEDS_MAP_MARKER,,,343,7.145387,1714.892867,18,180,1372.0,SCENARIO-RECIPE-NATURAL_GAS,LIC-24-NATURAL_GAS,OPENING_EXISTING_ASSET,NATURAL_GAS,171489.286743,,"{""low"": 196, ""medium"": 120, ""high"": 27}",452731717.0,25151.76,1,0.909091,AUTHORED_REFERENCE_COST_PER_CAPACITY_UNIT,RES53,,,,
OPEN-24-MACHINERY,visual-territory-24,visual-territory-24-E1,MACHINERY区域生产群,PROJECT-16,"[1473.5, 651.5]",2710.689441,equipment unit/sim-day,OP-24,GOV-24,OPENING_PORTFOLIO,False,True,UNAPPROVED_SCENARIO_ASSET,NEW_DATA_POINT_NEEDS_MAP_MARKER,,,472,196.426771,2357.121253,24,180,1888.0,SCENARIO-RECIPE-MACHINERY,LIC-24-MACHINERY,OPENING_EXISTING_ASSET,MACHINERY,2357.121253,True,"{""low"": 222, ""medium"": 165, ""high"": 85}",3252827329.2,180712.63,1,0.869565,AUTHORED_REFERENCE_COST_PER_CAPACITY_UNIT,,,,,
OPEN-24-SEMICONDUCTORS,visual-territory-24,visual-territory-24-E1,SEMICONDUCTORS区域生产群,PROJECT-17,"[1473.5, 651.5]",432560.806678,standardised chip unit/sim-day,OP-24,GOV-24,OPENING_PORTFOLIO,False,True,UNAPPROVED_SCENARIO_ASSET,NEW_DATA_POINT_NEEDS_MAP_MARKER,,,377,1.567249,37.613983,19,180,1508.0,SCENARIO-RECIPE-SEMICONDUCTORS,LIC-24-SEMICONDUCTORS,OPENING_EXISTING_ASSET,SEMICONDUCTORS,376139.831894,True,"{""low"": 132, ""medium"": 132, ""high"": 113}",1513962823.37,84109.05,1,0.869565,AUTHORED_REFERENCE_COST_PER_CAPACITY_UNIT,,,,,
SERVICE-visual-territory-24-E1-36,visual-territory-24,visual-territory-24-E1,住房区域服务群,PROJECT-36,"[1473.5, 651.5]",36118662.0,dwelling-unit,OP-24,GOV-24,OPENING_PORTFOLIO,False,True,UNAPPROVED_SCENARIO_ASSET,NEW_DATA_POINT_NEEDS_MAP_MARKER,,,0,0,0,1,90,87024.0,,,OPENING_EXISTING_ASSET,,,True,"{""low"": 0, ""medium"": 0, ""high"": 0}",2347713030000.0,130428501.67,1,,AUTHORED_REFERENCE_COST_PER_CAPACITY_UNIT,,,,,
SERVICE-visual-territory-24-E1-31,visual-territory-24,visual-territory-24-E1,基础教育区域服务群,PROJECT-31,"[1473.5, 651.5]",22228661.0,student-seat,OP-24,GOV-24,OPENING_PORTFOLIO,False,True,UNAPPROVED_SCENARIO_ASSET,NEW_DATA_POINT_NEEDS_MAP_MARKER,,,814237,0,0,40712,90,87024.0,,,OPENING_EXISTING_ASSET,,,True,"{""low"": 464115, ""medium"": 284983, ""high"": 65139}",133371966000.0,7409553.67,1,,AUTHORED_REFERENCE_COST_PER_CAPACITY_UNIT,,,,,
SERVICE-visual-territory-24-E1-35,visual-territory-24,visual-territory-24-E1,医院区域服务群,PROJECT-35,"[1473.5, 651.5]",334266.0,bed,OP-24,GOV-24,OPENING_PORTFOLIO,False,True,UNAPPROVED_SCENARIO_ASSET,NEW_DATA_POINT_NEEDS_MAP_MARKER,,,389977,0,0,19499,90,87024.0,,,OPENING_EXISTING_ASSET,,,True,"{""low"": 222287, ""medium"": 136492, ""high"": 31198}",23398620000.0,1299923.33,1,,AUTHORED_REFERENCE_COST_PER_CAPACITY_UNIT,,,,,
SERVICE-visual-territory-24-E2-36,visual-territory-24,visual-territory-24-E2,住房区域服务群,PROJECT-36,"[1516.75, 625.0]",33845357.0,dwelling-unit,OP-24,GOV-24,OPENING_PORTFOLIO,False,True,UNAPPROVED_SCENARIO_ASSET,NEW_DATA_POINT_NEEDS_MAP_MARKER,,,0,0,0,1,90,87024.0,,,OPENING_EXISTING_ASSET,,,True,"{""low"": 0, ""medium"": 0, ""high"": 0}",2199948205000.0,122219344.72,1,,AUTHORED_REFERENCE_COST_PER_CAPACITY_UNIT,,,,,
SERVICE-visual-territory-24-E2-31,visual-territory-24,visual-territory-24-E2,基础教育区域服务群,PROJECT-31,"[1516.75, 625.0]",21173460.0,student-seat,OP-24,GOV-24,OPENING_PORTFOLIO,False,True,UNAPPROVED_SCENARIO_ASSET,NEW_DATA_POINT_NEEDS_MAP_MARKER,,,775585,0,0,38780,90,87024.0,,,OPENING_EXISTING_ASSET,,,True,"{""low"": 442083, ""medium"": 271455, ""high"": 62047}",127040760000.0,7057820.0,1,,AUTHORED_REFERENCE_COST_PER_CAPACITY_UNIT,,,,,
SERVICE-visual-territory-24-E2-35,visual-territory-24,visual-territory-24-E2,医院区域服务群,PROJECT-35,"[1516.75, 625.0]",318398.0,bed,OP-24,GOV-24,OPENING_PORTFOLIO,False,True,UNAPPROVED_SCENARIO_ASSET,NEW_DATA_POINT_NEEDS_MAP_MARKER,,,371465,0,0,18574,90,87024.0,,,OPENING_EXISTING_ASSET,,,True,"{""low"": 211735, ""medium"": 130013, ""high"": 29717}",22287860000.0,1238214.44,1,,AUTHORED_REFERENCE_COST_PER_CAPACITY_UNIT,,,,,
POWER-24-10,visual-territory-24,visual-territory-24-E1,太阳能区域设施群,PROJECT-10,"[1473.5, 651.5]",437998.606735,MW,OP-24,GOV-24,OPENING_PORTFOLIO,False,True,UNAPPROVED_SCENARIO_ASSET,NEW_DATA_POINT_NEEDS_MAP_MARKER,,,26280,0,0,1314,90,87024.0,,,OPENING_EXISTING_ASSET,,,True,"{""low"": 14980, ""medium"": 9198, ""high"": 2102}",394198746061.5,21899930.34,1,,AUTHORED_REFERENCE_COST_PER_CAPACITY_UNIT,,,,,
POWER-24-11,visual-territory-24,visual-territory-24-E1,风能区域设施群,PROJECT-11,"[1473.5, 651.5]",437998.606735,MW,OP-24,GOV-24,OPENING_PORTFOLIO,False,True,UNAPPROVED_SCENARIO_ASSET,NEW_DATA_POINT_NEEDS_MAP_MARKER,,,26280,0,0,1314,90,87024.0,,,OPENING_EXISTING_ASSET,,,True,"{""low"": 14980, ""medium"": 9198, ""high"": 2102}",394198746061.5,21899930.34,1,,AUTHORED_REFERENCE_COST_PER_CAPACITY_UNIT,,,,,
POWER-24-23,visual-territory-24,visual-territory-24-E1,国家电网区域设施群,PROJECT-23,"[1473.5, 651.5]",122803.214989,MW,OP-24,GOV-24,OPENING_PORTFOLIO,False,True,UNAPPROVED_SCENARIO_ASSET,NEW_DATA_POINT_NEEDS_MAP_MARKER,,,26280,0,0,1314,90,87024.0,,,OPENING_EXISTING_ASSET,,,True,"{""low"": 14980, ""medium"": 9198, ""high"": 2102}",110522893490.1,6140160.75,1,,AUTHORED_REFERENCE_COST_PER_CAPACITY_UNIT,,,,,
POWER-24-13,visual-territory-24,visual-territory-24-E1,储能区域设施群,PROJECT-13,"[1473.5, 651.5]",5239603.839549,MWh,OP-24,GOV-24,OPENING_PORTFOLIO,False,True,UNAPPROVED_SCENARIO_ASSET,NEW_DATA_POINT_NEEDS_MAP_MARKER,,,26280,0,0,1314,90,87024.0,,,OPENING_EXISTING_ASSET,,,True,"{""low"": 14980, ""medium"": 9198, ""high"": 2102}",838336614327.84,46574256.35,1,,AUTHORED_REFERENCE_COST_PER_CAPACITY_UNIT,,,,,
GATE-24,visual-territory-24,visual-territory-24-E2,国家海港集群,PROJECT-21,"[1545.0, 692.5]",340191.579842,tonne/sim-day,OP-24,GOV-24,OPENING_PORTFOLIO,False,True,UNAPPROVED_SCENARIO_ASSET,NEW_DATA_POINT_NEEDS_MAP_MARKER,,,326332,0,0,16317,90,87024.0,,,OPENING_EXISTING_ASSET,,,True,"{""low"": 186009, ""medium"": 114216, ""high"": 26107}",612344843.72,34019.16,1,,AUTHORED_REFERENCE_COST_PER_CAPACITY_UNIT,,True,"[1545, 692]",Snapped to original ocean shoreline with ocean-grid access; harbour engineering not surveyed,
WAREHOUSE-24,visual-territory-24,visual-territory-24-E1,国家战略与生产库存库群,PROJECT-26,"[1473.5, 651.5]",19147862.836736,tonne,OP-24,GOV-24,OPENING_PORTFOLIO,False,True,UNAPPROVED_SCENARIO_ASSET,NEW_DATA_POINT_NEEDS_MAP_MARKER,,,326332,0,0,16317,90,87024.0,,,OPENING_EXISTING_ASSET,,,True,"{""low"": 186009, ""medium"": 114216, ""high"": 26107}",2297743540.41,127652.42,1,,AUTHORED_REFERENCE_COST_PER_CAPACITY_UNIT,,,,,
OPEN-RES161,visual-territory-25,visual-territory-25-E1,CRUDE_OIL开采组,PROJECT-01,"[952, 667]",498787.92172,barrel/sim-day,OP-25,GOV-25,OPENING_PORTFOLIO,False,True,UNAPPROVED_SCENARIO_ASSET,NEW_DATA_POINT_NEEDS_MAP_MARKER,,,6802,226.721783,90688.71304,341,180,27208.0,SCENARIO-RECIPE-CRUDE_OIL,LIC-25-CRUDE_OIL,OPENING_EXISTING_ASSET,CRUDE_OIL,453443.5652,,"{""low"": 3877, ""medium"": 2381, ""high"": 544}",8978182590.96,498787.92,1,0.909091,AUTHORED_REFERENCE_COST_PER_CAPACITY_UNIT,RES161,,,,
OPEN-25-STEEL,visual-territory-25,visual-territory-25-E1,STEEL区域生产群,PROJECT-14,"[927.0, 677.0]",9626.854054,tonne/sim-day,OP-25,GOV-25,OPENING_PORTFOLIO,False,True,UNAPPROVED_SCENARIO_ASSET,NEW_DATA_POINT_NEEDS_MAP_MARKER,,,1005,226.719389,16742.354878,51,180,4020.0,SCENARIO-RECIPE-STEEL,LIC-25-STEEL,OPENING_EXISTING_ASSET,STEEL,8371.177439,True,"{""low"": 573, ""medium"": 352, ""high"": 80}",17328337.3,962.69,1,0.869565,AUTHORED_REFERENCE_COST_PER_CAPACITY_UNIT,,,,,
OPEN-25-REFINED_FUEL,visual-territory-25,visual-territory-25-E1,REFINED_FUEL区域生产群,PROJECT-15,"[927.0, 677.0]",1056434.843795,barrel equivalent/sim-day,OP-25,GOV-25,OPENING_PORTFOLIO,False,True,UNAPPROVED_SCENARIO_ASSET,NEW_DATA_POINT_NEEDS_MAP_MARKER,,,7350,306.212998,91863.899461,368,180,29400.0,SCENARIO-RECIPE-REFINED_FUEL,LIC-25-REFINED_FUEL,OPENING_EXISTING_ASSET,REFINED_FUEL,918638.994605,True,"{""low"": 4190, ""medium"": 2572, ""high"": 588}",19015827188.31,1056434.84,1,0.869565,AUTHORED_REFERENCE_COST_PER_CAPACITY_UNIT,,,,,
SERVICE-visual-territory-25-E1-36,visual-territory-25,visual-territory-25-E1,住房区域服务群,PROJECT-36,"[927.0, 677.0]",38681378.0,dwelling-unit,OP-25,GOV-25,OPENING_PORTFOLIO,False,True,UNAPPROVED_SCENARIO_ASSET,NEW_DATA_POINT_NEEDS_MAP_MARKER,,,0,0,0,1,90,48760.0,,,OPENING_EXISTING_ASSET,,,True,"{""low"": 0, ""medium"": 0, ""high"": 0}",2514289570000.0,139682753.89,1,,AUTHORED_REFERENCE_COST_PER_CAPACITY_UNIT,,,,,
SERVICE-visual-territory-25-E1-31,visual-territory-25,visual-territory-25-E1,基础教育区域服务群,PROJECT-31,"[927.0, 677.0]",24318047.0,student-seat,OP-25,GOV-25,OPENING_PORTFOLIO,False,True,UNAPPROVED_SCENARIO_ASSET,NEW_DATA_POINT_NEEDS_MAP_MARKER,,,890771,0,0,44539,90,48760.0,,,OPENING_EXISTING_ASSET,,,True,"{""low"": 507739, ""medium"": 311770, ""high"": 71262}",145908282000.0,8106015.67,1,,AUTHORED_REFERENCE_COST_PER_CAPACITY_UNIT,,,,,
SERVICE-visual-territory-25-E1-35,visual-territory-25,visual-territory-25-E1,医院区域服务群,PROJECT-35,"[927.0, 677.0]",365685.0,bed,OP-25,GOV-25,OPENING_PORTFOLIO,False,True,UNAPPROVED_SCENARIO_ASSET,NEW_DATA_POINT_NEEDS_MAP_MARKER,,,426633,0,0,21332,90,48760.0,,,OPENING_EXISTING_ASSET,,,True,"{""low"": 243180, ""medium"": 149322, ""high"": 34131}",25597950000.0,1422108.33,1,,AUTHORED_REFERENCE_COST_PER_CAPACITY_UNIT,,,,,
POWER-25-10,visual-territory-25,visual-territory-25-E1,太阳能区域设施群,PROJECT-10,"[927.0, 677.0]",230790.250703,MW,OP-25,GOV-25,OPENING_PORTFOLIO,False,True,UNAPPROVED_SCENARIO_ASSET,NEW_DATA_POINT_NEEDS_MAP_MARKER,,,13849,0,0,693,90,48760.0,,,OPENING_EXISTING_ASSET,,,True,"{""low"": 7894, ""medium"": 4847, ""high"": 1108}",207711225632.7,11539512.54,1,,AUTHORED_REFERENCE_COST_PER_CAPACITY_UNIT,,,,,
POWER-25-11,visual-territory-25,visual-territory-25-E1,风能区域设施群,PROJECT-11,"[927.0, 677.0]",230790.250703,MW,OP-25,GOV-25,OPENING_PORTFOLIO,False,True,UNAPPROVED_SCENARIO_ASSET,NEW_DATA_POINT_NEEDS_MAP_MARKER,,,13847,0,0,693,90,48760.0,,,OPENING_EXISTING_ASSET,,,True,"{""low"": 7893, ""medium"": 4846, ""high"": 1108}",207711225632.7,11539512.54,1,,AUTHORED_REFERENCE_COST_PER_CAPACITY_UNIT,,,,,
POWER-25-23,visual-territory-25,visual-territory-25-E1,国家电网区域设施群,PROJECT-23,"[927.0, 677.0]",69515.4889,MW,OP-25,GOV-25,OPENING_PORTFOLIO,False,True,UNAPPROVED_SCENARIO_ASSET,NEW_DATA_POINT_NEEDS_MAP_MARKER,,,13847,0,0,693,90,48760.0,,,OPENING_EXISTING_ASSET,,,True,"{""low"": 7893, ""medium"": 4846, ""high"": 1108}",62563940010.0,3475774.45,1,,AUTHORED_REFERENCE_COST_PER_CAPACITY_UNIT,,,,,
POWER-25-13,visual-territory-25,visual-territory-25-E1,储能区域设施群,PROJECT-13,"[927.0, 677.0]",2965994.193054,MWh,OP-25,GOV-25,OPENING_PORTFOLIO,False,True,UNAPPROVED_SCENARIO_ASSET,NEW_DATA_POINT_NEEDS_MAP_MARKER,,,13847,0,0,693,90,48760.0,,,OPENING_EXISTING_ASSET,,,True,"{""low"": 7893, ""medium"": 4846, ""high"": 1108}",474559070888.64,26364392.83,1,,AUTHORED_REFERENCE_COST_PER_CAPACITY_UNIT,,,,,
GATE-25,visual-territory-25,visual-territory-25-E1,国家海港集群,PROJECT-21,"[935.5, 764.0]",362089.098646,tonne/sim-day,OP-25,GOV-25,OPENING_PORTFOLIO,False,True,UNAPPROVED_SCENARIO_ASSET,NEW_DATA_POINT_NEEDS_MAP_MARKER,,,182843,0,0,9143,90,48760.0,,,OPENING_EXISTING_ASSET,,,True,"{""low"": 104221, ""medium"": 63995, ""high"": 14627}",651760377.56,36208.91,1,,AUTHORED_REFERENCE_COST_PER_CAPACITY_UNIT,,True,"[935.5, 764.0]",Snapped to original ocean shoreline with ocean-grid access; harbour engineering not surveyed,
WAREHOUSE-25,visual-territory-25,visual-territory-25-E1,国家战略与生产库存库群,PROJECT-26,"[927.0, 677.0]",25819445.175836,tonne,OP-25,GOV-25,OPENING_PORTFOLIO,False,True,UNAPPROVED_SCENARIO_ASSET,NEW_DATA_POINT_NEEDS_MAP_MARKER,,,182842,0,0,9143,90,48760.0,,,OPENING_EXISTING_ASSET,,,True,"{""low"": 104220, ""medium"": 63995, ""high"": 14627}",3098333421.1,172129.63,1,,AUTHORED_REFERENCE_COST_PER_CAPACITY_UNIT,,,,,
OPEN-RES165,visual-territory-26,visual-territory-26-E2,CRUDE_OIL开采组,PROJECT-01,"[1088, 793]",631213.97306,barrel/sim-day,OP-26,GOV-26,OPENING_PORTFOLIO,False,True,UNAPPROVED_SCENARIO_ASSET,NEW_DATA_POINT_NEEDS_MAP_MARKER,,,8608,286.915442,114766.17692,431,180,34432.0,SCENARIO-RECIPE-CRUDE_OIL,LIC-26-CRUDE_OIL,OPENING_EXISTING_ASSET,CRUDE_OIL,573830.8846,,"{""low"": 4906, ""medium"": 3013, ""high"": 689}",11361851515.08,631213.97,1,0.909091,AUTHORED_REFERENCE_COST_PER_CAPACITY_UNIT,RES165,,,,
OPEN-26-STEEL,visual-territory-26,visual-territory-26-E2,STEEL区域生产群,PROJECT-14,"[1066.25, 751.5]",25610.759458,tonne/sim-day,OP-26,GOV-26,OPENING_PORTFOLIO,False,True,UNAPPROVED_SCENARIO_ASSET,NEW_DATA_POINT_NEEDS_MAP_MARKER,,,2673,603.151944,44540.451232,134,180,10692.0,SCENARIO-RECIPE-STEEL,LIC-26-STEEL,OPENING_EXISTING_ASSET,STEEL,22270.225616,True,"{""low"": 1523, ""medium"": 936, ""high"": 214}",46099367.02,2561.08,1,0.869565,AUTHORED_REFERENCE_COST_PER_CAPACITY_UNIT,,,,,
OPEN-26-REFINED_FUEL,visual-territory-26,visual-territory-26-E2,REFINED_FUEL区域生产群,PROJECT-15,"[1066.25, 751.5]",1054444.757792,barrel equivalent/sim-day,OP-26,GOV-26,OPENING_PORTFOLIO,False,True,UNAPPROVED_SCENARIO_ASSET,NEW_DATA_POINT_NEEDS_MAP_MARKER,,,7336,305.636162,91690.848504,367,180,29344.0,SCENARIO-RECIPE-REFINED_FUEL,LIC-26-REFINED_FUEL,OPENING_EXISTING_ASSET,REFINED_FUEL,916908.485037,True,"{""low"": 4181, ""medium"": 2568, ""high"": 587}",18980005640.26,1054444.76,1,0.869565,AUTHORED_REFERENCE_COST_PER_CAPACITY_UNIT,,,,,
SERVICE-visual-territory-26-E1-36,visual-territory-26,visual-territory-26-E1,住房区域服务群,PROJECT-36,"[1020.25, 756.5]",23504372.0,dwelling-unit,OP-26,GOV-26,OPENING_PORTFOLIO,False,True,UNAPPROVED_SCENARIO_ASSET,NEW_DATA_POINT_NEEDS_MAP_MARKER,,,0,0,0,1,90,60192.0,,,OPENING_EXISTING_ASSET,,,True,"{""low"": 0, ""medium"": 0, ""high"": 0}",1527784180000.0,84876898.89,1,,AUTHORED_REFERENCE_COST_PER_CAPACITY_UNIT,,,,,
SERVICE-visual-territory-26-E1-31,visual-territory-26,visual-territory-26-E1,基础教育区域服务群,PROJECT-31,"[1020.25, 756.5]",14921147.0,student-seat,OP-26,GOV-26,OPENING_PORTFOLIO,False,True,UNAPPROVED_SCENARIO_ASSET,NEW_DATA_POINT_NEEDS_MAP_MARKER,,,546563,0,0,27329,90,60192.0,,,OPENING_EXISTING_ASSET,,,True,"{""low"": 311541, ""medium"": 191297, ""high"": 43725}",89526882000.0,4973715.67,1,,AUTHORED_REFERENCE_COST_PER_CAPACITY_UNIT,,,,,
SERVICE-visual-territory-26-E1-35,visual-territory-26,visual-territory-26-E1,医院区域服务群,PROJECT-35,"[1020.25, 756.5]",224379.0,bed,OP-26,GOV-26,OPENING_PORTFOLIO,False,True,UNAPPROVED_SCENARIO_ASSET,NEW_DATA_POINT_NEEDS_MAP_MARKER,,,261775,0,0,13089,90,60192.0,,,OPENING_EXISTING_ASSET,,,True,"{""low"": 149212, ""medium"": 91621, ""high"": 20942}",15706530000.0,872585.0,1,,AUTHORED_REFERENCE_COST_PER_CAPACITY_UNIT,,,,,
SERVICE-visual-territory-26-E2-36,visual-territory-26,visual-territory-26-E2,住房区域服务群,PROJECT-36,"[1066.25, 751.5]",23670577.0,dwelling-unit,OP-26,GOV-26,OPENING_PORTFOLIO,False,True,UNAPPROVED_SCENARIO_ASSET,NEW_DATA_POINT_NEEDS_MAP_MARKER,,,0,0,0,1,90,60192.0,,,OPENING_EXISTING_ASSET,,,True,"{""low"": 0, ""medium"": 0, ""high"": 0}",1538587505000.0,85477083.61,1,,AUTHORED_REFERENCE_COST_PER_CAPACITY_UNIT,,,,,
SERVICE-visual-territory-26-E2-31,visual-territory-26,visual-territory-26-E2,基础教育区域服务群,PROJECT-31,"[1066.25, 751.5]",15099253.0,student-seat,OP-26,GOV-26,OPENING_PORTFOLIO,False,True,UNAPPROVED_SCENARIO_ASSET,NEW_DATA_POINT_NEEDS_MAP_MARKER,,,553087,0,0,27655,90,60192.0,,,OPENING_EXISTING_ASSET,,,True,"{""low"": 315260, ""medium"": 193580, ""high"": 44247}",90595518000.0,5033084.33,1,,AUTHORED_REFERENCE_COST_PER_CAPACITY_UNIT,,,,,
SERVICE-visual-territory-26-E2-35,visual-territory-26,visual-territory-26-E2,医院区域服务群,PROJECT-35,"[1066.25, 751.5]",227057.0,bed,OP-26,GOV-26,OPENING_PORTFOLIO,False,True,UNAPPROVED_SCENARIO_ASSET,NEW_DATA_POINT_NEEDS_MAP_MARKER,,,264900,0,0,13245,90,60192.0,,,OPENING_EXISTING_ASSET,,,True,"{""low"": 150993, ""medium"": 92715, ""high"": 21192}",15893990000.0,882999.44,1,,AUTHORED_REFERENCE_COST_PER_CAPACITY_UNIT,,,,,
POWER-26-10,visual-territory-26,visual-territory-26-E2,太阳能区域设施群,PROJECT-10,"[1066.25, 751.5]",292296.042417,MW,OP-26,GOV-26,OPENING_PORTFOLIO,False,True,UNAPPROVED_SCENARIO_ASSET,NEW_DATA_POINT_NEEDS_MAP_MARKER,,,17538,0,0,877,90,60192.0,,,OPENING_EXISTING_ASSET,,,True,"{""low"": 9997, ""medium"": 6138, ""high"": 1403}",263066438175.3,14614802.12,1,,AUTHORED_REFERENCE_COST_PER_CAPACITY_UNIT,,,,,
POWER-26-11,visual-territory-26,visual-territory-26-E2,风能区域设施群,PROJECT-11,"[1066.25, 751.5]",292296.042417,MW,OP-26,GOV-26,OPENING_PORTFOLIO,False,True,UNAPPROVED_SCENARIO_ASSET,NEW_DATA_POINT_NEEDS_MAP_MARKER,,,17538,0,0,877,90,60192.0,,,OPENING_EXISTING_ASSET,,,True,"{""low"": 9997, ""medium"": 6138, ""high"": 1403}",263066438175.3,14614802.12,1,,AUTHORED_REFERENCE_COST_PER_CAPACITY_UNIT,,,,,
POWER-26-23,visual-territory-26,visual-territory-26-E2,国家电网区域设施群,PROJECT-23,"[1066.25, 751.5]",86138.610747,MW,OP-26,GOV-26,OPENING_PORTFOLIO,False,True,UNAPPROVED_SCENARIO_ASSET,NEW_DATA_POINT_NEEDS_MAP_MARKER,,,17538,0,0,877,90,60192.0,,,OPENING_EXISTING_ASSET,,,True,"{""low"": 9997, ""medium"": 6138, ""high"": 1403}",77524749672.3,4306930.54,1,,AUTHORED_REFERENCE_COST_PER_CAPACITY_UNIT,,,,,
POWER-26-13,visual-territory-26,visual-territory-26-E2,储能区域设施群,PROJECT-13,"[1066.25, 751.5]",3675247.39188,MWh,OP-26,GOV-26,OPENING_PORTFOLIO,False,True,UNAPPROVED_SCENARIO_ASSET,NEW_DATA_POINT_NEEDS_MAP_MARKER,,,17538,0,0,877,90,60192.0,,,OPENING_EXISTING_ASSET,,,True,"{""low"": 9997, ""medium"": 6138, ""high"": 1403}",588039582700.8,32668865.71,1,,AUTHORED_REFERENCE_COST_PER_CAPACITY_UNIT,,,,,
GATE-26,visual-territory-26,visual-territory-26-E2,国家海港集群,PROJECT-21,"[1043.5, 773.5]",377942.620488,tonne/sim-day,OP-26,GOV-26,OPENING_PORTFOLIO,False,True,UNAPPROVED_SCENARIO_ASSET,NEW_DATA_POINT_NEEDS_MAP_MARKER,,,225718,0,0,11286,90,60192.0,,,OPENING_EXISTING_ASSET,,,True,"{""low"": 128660, ""medium"": 79001, ""high"": 18057}",680296716.88,37794.26,1,,AUTHORED_REFERENCE_COST_PER_CAPACITY_UNIT,,True,"[1043.5, 773.5]",Snapped to original ocean shoreline with ocean-grid access; harbour engineering not surveyed,
WAREHOUSE-26,visual-territory-26,visual-territory-26-E2,国家战略与生产库存库群,PROJECT-26,"[1066.25, 751.5]",27079614.210085,tonne,OP-26,GOV-26,OPENING_PORTFOLIO,False,True,UNAPPROVED_SCENARIO_ASSET,NEW_DATA_POINT_NEEDS_MAP_MARKER,,,225717,0,0,11286,90,60192.0,,,OPENING_EXISTING_ASSET,,,True,"{""low"": 128659, ""medium"": 79001, ""high"": 18057}",3249553705.21,180530.76,1,,AUTHORED_REFERENCE_COST_PER_CAPACITY_UNIT,,,,,
OPEN-RES170,visual-territory-27,visual-territory-27-E1,IRON_ORE开采组,PROJECT-04,"[1106, 808]",62518.090773,tonne/sim-day,OP-27,GOV-27,OPENING_PORTFOLIO,False,True,UNAPPROVED_SCENARIO_ASSET,NEW_DATA_POINT_NEEDS_MAP_MARKER,,,4547,142.08657,5683.462798,228,180,18188.0,SCENARIO-RECIPE-IRON_ORE,LIC-27-IRON_ORE,OPENING_EXISTING_ASSET,IRON_ORE,56834.627976,,"{""low"": 2592, ""medium"": 1591, ""high"": 364}",112532563.39,6251.81,1,0.909091,AUTHORED_REFERENCE_COST_PER_CAPACITY_UNIT,RES170,,,,
OPEN-27-STEEL,visual-territory-27,visual-territory-27-E2,STEEL区域生产群,PROJECT-14,"[1153.25, 733.0]",195345.066786,tonne/sim-day,OP-27,GOV-27,OPENING_PORTFOLIO,False,True,UNAPPROVED_SCENARIO_ASSET,NEW_DATA_POINT_NEEDS_MAP_MARKER,,,20384,4600.517877,339730.550932,1020,180,81536.0,SCENARIO-RECIPE-STEEL,LIC-27-STEEL,OPENING_EXISTING_ASSET,STEEL,169865.275466,True,"{""low"": 11619, ""medium"": 7134, ""high"": 1631}",351621120.21,19534.51,1,0.869565,AUTHORED_REFERENCE_COST_PER_CAPACITY_UNIT,,,,,
SERVICE-visual-territory-27-E1-36,visual-territory-27,visual-territory-27-E1,住房区域服务群,PROJECT-36,"[1108.75, 743.0]",28719778.0,dwelling-unit,OP-27,GOV-27,OPENING_PORTFOLIO,False,True,UNAPPROVED_SCENARIO_ASSET,NEW_DATA_POINT_NEEDS_MAP_MARKER,,,0,0,0,1,90,83408.0,,,OPENING_EXISTING_ASSET,,,True,"{""low"": 0, ""medium"": 0, ""high"": 0}",1866785570000.0,103710309.44,1,,AUTHORED_REFERENCE_COST_PER_CAPACITY_UNIT,,,,,
SERVICE-visual-territory-27-E1-31,visual-territory-27,visual-territory-27-E1,基础教育区域服务群,PROJECT-31,"[1108.75, 743.0]",18261389.0,student-seat,OP-27,GOV-27,OPENING_PORTFOLIO,False,True,UNAPPROVED_SCENARIO_ASSET,NEW_DATA_POINT_NEEDS_MAP_MARKER,,,668916,0,0,33446,90,83408.0,,,OPENING_EXISTING_ASSET,,,True,"{""low"": 381282, ""medium"": 234121, ""high"": 53513}",109568334000.0,6087129.67,1,,AUTHORED_REFERENCE_COST_PER_CAPACITY_UNIT,,,,,
SERVICE-visual-territory-27-E1-35,visual-territory-27,visual-territory-27-E1,医院区域服务群,PROJECT-35,"[1108.75, 743.0]",274608.0,bed,OP-27,GOV-27,OPENING_PORTFOLIO,False,True,UNAPPROVED_SCENARIO_ASSET,NEW_DATA_POINT_NEEDS_MAP_MARKER,,,320376,0,0,16019,90,83408.0,,,OPENING_EXISTING_ASSET,,,True,"{""low"": 182614, ""medium"": 112132, ""high"": 25630}",19222560000.0,1067920.0,1,,AUTHORED_REFERENCE_COST_PER_CAPACITY_UNIT,,,,,
SERVICE-visual-territory-27-E2-36,visual-territory-27,visual-territory-27-E2,住房区域服务群,PROJECT-36,"[1153.25, 733.0]",37303665.0,dwelling-unit,OP-27,GOV-27,OPENING_PORTFOLIO,False,True,UNAPPROVED_SCENARIO_ASSET,NEW_DATA_POINT_NEEDS_MAP_MARKER,,,0,0,0,1,90,83408.0,,,OPENING_EXISTING_ASSET,,,True,"{""low"": 0, ""medium"": 0, ""high"": 0}",2424738225000.0,134707679.17,1,,AUTHORED_REFERENCE_COST_PER_CAPACITY_UNIT,,,,,
SERVICE-visual-territory-27-E2-31,visual-territory-27,visual-territory-27-E2,基础教育区域服务群,PROJECT-31,"[1153.25, 733.0]",23336957.0,student-seat,OP-27,GOV-27,OPENING_PORTFOLIO,False,True,UNAPPROVED_SCENARIO_ASSET,NEW_DATA_POINT_NEEDS_MAP_MARKER,,,854834,0,0,42742,90,83408.0,,,OPENING_EXISTING_ASSET,,,True,"{""low"": 487255, ""medium"": 299192, ""high"": 68387}",140021742000.0,7778985.67,1,,AUTHORED_REFERENCE_COST_PER_CAPACITY_UNIT,,,,,
SERVICE-visual-territory-27-E2-35,visual-territory-27,visual-territory-27-E2,医院区域服务群,PROJECT-35,"[1153.25, 733.0]",350932.0,bed,OP-27,GOV-27,OPENING_PORTFOLIO,False,True,UNAPPROVED_SCENARIO_ASSET,NEW_DATA_POINT_NEEDS_MAP_MARKER,,,409421,0,0,20472,90,83408.0,,,OPENING_EXISTING_ASSET,,,True,"{""low"": 233370, ""medium"": 143297, ""high"": 32754}",24565240000.0,1364735.56,1,,AUTHORED_REFERENCE_COST_PER_CAPACITY_UNIT,,,,,
POWER-27-10,visual-territory-27,visual-territory-27-E2,太阳能区域设施群,PROJECT-10,"[1153.25, 733.0]",440574.262596,MW,OP-27,GOV-27,OPENING_PORTFOLIO,False,True,UNAPPROVED_SCENARIO_ASSET,NEW_DATA_POINT_NEEDS_MAP_MARKER,,,26436,0,0,1322,90,83408.0,,,OPENING_EXISTING_ASSET,,,True,"{""low"": 15068, ""medium"": 9253, ""high"": 2115}",396516836336.4,22028713.13,1,,AUTHORED_REFERENCE_COST_PER_CAPACITY_UNIT,,,,,
POWER-27-11,visual-territory-27,visual-territory-27-E2,风能区域设施群,PROJECT-11,"[1153.25, 733.0]",440574.262596,MW,OP-27,GOV-27,OPENING_PORTFOLIO,False,True,UNAPPROVED_SCENARIO_ASSET,NEW_DATA_POINT_NEEDS_MAP_MARKER,,,26434,0,0,1322,90,83408.0,,,OPENING_EXISTING_ASSET,,,True,"{""low"": 15067, ""medium"": 9252, ""high"": 2115}",396516836336.4,22028713.13,1,,AUTHORED_REFERENCE_COST_PER_CAPACITY_UNIT,,,,,
POWER-27-23,visual-territory-27,visual-territory-27-E2,国家电网区域设施群,PROJECT-23,"[1153.25, 733.0]",123216.823121,MW,OP-27,GOV-27,OPENING_PORTFOLIO,False,True,UNAPPROVED_SCENARIO_ASSET,NEW_DATA_POINT_NEEDS_MAP_MARKER,,,26434,0,0,1322,90,83408.0,,,OPENING_EXISTING_ASSET,,,True,"{""low"": 15067, ""medium"": 9252, ""high"": 2115}",110895140808.9,6160841.16,1,,AUTHORED_REFERENCE_COST_PER_CAPACITY_UNIT,,,,,
POWER-27-13,visual-territory-27,visual-territory-27-E2,储能区域设施群,PROJECT-13,"[1153.25, 733.0]",5257251.119847,MWh,OP-27,GOV-27,OPENING_PORTFOLIO,False,True,UNAPPROVED_SCENARIO_ASSET,NEW_DATA_POINT_NEEDS_MAP_MARKER,,,26434,0,0,1322,90,83408.0,,,OPENING_EXISTING_ASSET,,,True,"{""low"": 15067, ""medium"": 9252, ""high"": 2115}",841160179175.52,46731121.07,1,,AUTHORED_REFERENCE_COST_PER_CAPACITY_UNIT,,,,,
GATE-27,visual-territory-27,visual-territory-27-E1,国家海港集群,PROJECT-21,"[1113.5, 801.5]",688228.650105,tonne/sim-day,OP-27,GOV-27,OPENING_PORTFOLIO,False,True,UNAPPROVED_SCENARIO_ASSET,NEW_DATA_POINT_NEEDS_MAP_MARKER,,,312770,0,0,15639,90,83408.0,,,OPENING_EXISTING_ASSET,,,True,"{""low"": 178278, ""medium"": 109470, ""high"": 25022}",1238811570.19,68822.87,1,,AUTHORED_REFERENCE_COST_PER_CAPACITY_UNIT,,True,"[1113.5, 801.5]",Snapped to original ocean shoreline with ocean-grid access; harbour engineering not surveyed,
WAREHOUSE-27,visual-territory-27,visual-territory-27-E2,国家战略与生产库存库群,PROJECT-26,"[1153.25, 733.0]",51764107.793176,tonne,OP-27,GOV-27,OPENING_PORTFOLIO,False,True,UNAPPROVED_SCENARIO_ASSET,NEW_DATA_POINT_NEEDS_MAP_MARKER,,,312770,0,0,15639,90,83408.0,,,OPENING_EXISTING_ASSET,,,True,"{""low"": 178278, ""medium"": 109470, ""high"": 25022}",6211692935.18,345094.05,1,,AUTHORED_REFERENCE_COST_PER_CAPACITY_UNIT,,,,,
OPEN-RES171,visual-territory-28,visual-territory-28-E1,CRUDE_OIL开采组,PROJECT-01,"[1146, 820]",834612.36705,barrel/sim-day,OP-28,GOV-28,OPENING_PORTFOLIO,False,True,UNAPPROVED_SCENARIO_ASSET,NEW_DATA_POINT_NEEDS_MAP_MARKER,,,11382,379.369258,151747.7031,570,180,45528.0,SCENARIO-RECIPE-CRUDE_OIL,LIC-28-CRUDE_OIL,OPENING_EXISTING_ASSET,CRUDE_OIL,758738.5155,,"{""low"": 6487, ""medium"": 3984, ""high"": 911}",15023022606.9,834612.37,1,0.909091,AUTHORED_REFERENCE_COST_PER_CAPACITY_UNIT,RES171,,,,
OPEN-RES172,visual-territory-28,visual-territory-28-E2,NATURAL_GAS开采组,PROJECT-02,"[1240, 806]",901760.161368,MMBtu/sim-day,OP-28,GOV-28,OPENING_PORTFOLIO,False,True,UNAPPROVED_SCENARIO_ASSET,NEW_DATA_POINT_NEEDS_MAP_MARKER,,,1640,34.157582,8197.819649,82,180,6560.0,SCENARIO-RECIPE-NATURAL_GAS,LIC-28-NATURAL_GAS,OPENING_EXISTING_ASSET,NATURAL_GAS,819781.96488,,"{""low"": 935, ""medium"": 574, ""high"": 131}",2164224387.28,120234.69,1,0.909091,AUTHORED_REFERENCE_COST_PER_CAPACITY_UNIT,RES172,,,,
OPEN-28-REFINED_FUEL,visual-territory-28,visual-territory-28-E2,REFINED_FUEL区域生产群,PROJECT-15,"[1223.75, 765.5]",1364305.894754,barrel equivalent/sim-day,OP-28,GOV-28,OPENING_PORTFOLIO,False,True,UNAPPROVED_SCENARIO_ASSET,NEW_DATA_POINT_NEEDS_MAP_MARKER,,,9491,395.450984,118635.295196,475,180,37964.0,SCENARIO-RECIPE-REFINED_FUEL,LIC-28-REFINED_FUEL,OPENING_EXISTING_ASSET,REFINED_FUEL,1186352.95196,True,"{""low"": 5410, ""medium"": 3322, ""high"": 759}",24557506105.57,1364305.89,1,0.869565,AUTHORED_REFERENCE_COST_PER_CAPACITY_UNIT,,,,,
OPEN-28-MACHINERY,visual-territory-28,visual-territory-28-E2,MACHINERY区域生产群,PROJECT-16,"[1223.75, 765.5]",314.475158,equipment unit/sim-day,OP-28,GOV-28,OPENING_PORTFOLIO,False,True,UNAPPROVED_SCENARIO_ASSET,NEW_DATA_POINT_NEEDS_MAP_MARKER,,,55,22.788055,273.456659,3,180,220.0,SCENARIO-RECIPE-MACHINERY,LIC-28-MACHINERY,OPENING_EXISTING_ASSET,MACHINERY,273.456659,True,"{""low"": 26, ""medium"": 19, ""high"": 10}",377370189.6,20965.01,1,0.869565,AUTHORED_REFERENCE_COST_PER_CAPACITY_UNIT,,,,,
SERVICE-visual-territory-28-E1-36,visual-territory-28,visual-territory-28-E1,住房区域服务群,PROJECT-36,"[1184.25, 773.5]",35270948.0,dwelling-unit,OP-28,GOV-28,OPENING_PORTFOLIO,False,True,UNAPPROVED_SCENARIO_ASSET,NEW_DATA_POINT_NEEDS_MAP_MARKER,,,0,0,0,1,90,87252.0,,,OPENING_EXISTING_ASSET,,,True,"{""low"": 0, ""medium"": 0, ""high"": 0}",2292611620000.0,127367312.22,1,,AUTHORED_REFERENCE_COST_PER_CAPACITY_UNIT,,,,,
SERVICE-visual-territory-28-E1-31,visual-territory-28,visual-territory-28-E1,基础教育区域服务群,PROJECT-31,"[1184.25, 773.5]",21519233.0,student-seat,OP-28,GOV-28,OPENING_PORTFOLIO,False,True,UNAPPROVED_SCENARIO_ASSET,NEW_DATA_POINT_NEEDS_MAP_MARKER,,,788251,0,0,39413,90,87252.0,,,OPENING_EXISTING_ASSET,,,True,"{""low"": 449303, ""medium"": 275888, ""high"": 63060}",129115398000.0,7173077.67,1,,AUTHORED_REFERENCE_COST_PER_CAPACITY_UNIT,,,,,
SERVICE-visual-territory-28-E1-35,visual-territory-28,visual-territory-28-E1,医院区域服务群,PROJECT-35,"[1184.25, 773.5]",323598.0,bed,OP-28,GOV-28,OPENING_PORTFOLIO,False,True,UNAPPROVED_SCENARIO_ASSET,NEW_DATA_POINT_NEEDS_MAP_MARKER,,,377531,0,0,18877,90,87252.0,,,OPENING_EXISTING_ASSET,,,True,"{""low"": 215193, ""medium"": 132136, ""high"": 30202}",22651860000.0,1258436.67,1,,AUTHORED_REFERENCE_COST_PER_CAPACITY_UNIT,,,,,
SERVICE-visual-territory-28-E2-36,visual-territory-28,visual-territory-28-E2,住房区域服务群,PROJECT-36,"[1223.75, 765.5]",35604564.0,dwelling-unit,OP-28,GOV-28,OPENING_PORTFOLIO,False,True,UNAPPROVED_SCENARIO_ASSET,NEW_DATA_POINT_NEEDS_MAP_MARKER,,,0,0,0,1,90,87252.0,,,OPENING_EXISTING_ASSET,,,True,"{""low"": 0, ""medium"": 0, ""high"": 0}",2314296660000.0,128572036.67,1,,AUTHORED_REFERENCE_COST_PER_CAPACITY_UNIT,,,,,
SERVICE-visual-territory-28-E2-31,visual-territory-28,visual-territory-28-E2,基础教育区域服务群,PROJECT-31,"[1223.75, 765.5]",21996319.0,student-seat,OP-28,GOV-28,OPENING_PORTFOLIO,False,True,UNAPPROVED_SCENARIO_ASSET,NEW_DATA_POINT_NEEDS_MAP_MARKER,,,805726,0,0,40287,90,87252.0,,,OPENING_EXISTING_ASSET,,,True,"{""low"": 459264, ""medium"": 282004, ""high"": 64458}",131977914000.0,7332106.33,1,,AUTHORED_REFERENCE_COST_PER_CAPACITY_UNIT,,,,,
SERVICE-visual-territory-28-E2-35,visual-territory-28,visual-territory-28-E2,医院区域服务群,PROJECT-35,"[1223.75, 765.5]",330772.0,bed,OP-28,GOV-28,OPENING_PORTFOLIO,False,True,UNAPPROVED_SCENARIO_ASSET,NEW_DATA_POINT_NEEDS_MAP_MARKER,,,385901,0,0,19296,90,87252.0,,,OPENING_EXISTING_ASSET,,,True,"{""low"": 219964, ""medium"": 135065, ""high"": 30872}",23154040000.0,1286335.56,1,,AUTHORED_REFERENCE_COST_PER_CAPACITY_UNIT,,,,,
POWER-28-10,visual-territory-28,visual-territory-28-E2,太阳能区域设施群,PROJECT-10,"[1223.75, 765.5]",419871.539603,MW,OP-28,GOV-28,OPENING_PORTFOLIO,False,True,UNAPPROVED_SCENARIO_ASSET,NEW_DATA_POINT_NEEDS_MAP_MARKER,,,25194,0,0,1260,90,87252.0,,,OPENING_EXISTING_ASSET,,,True,"{""low"": 14360, ""medium"": 8818, ""high"": 2016}",377884385642.7,20993576.98,1,,AUTHORED_REFERENCE_COST_PER_CAPACITY_UNIT,,,,,
POWER-28-11,visual-territory-28,visual-territory-28-E2,风能区域设施群,PROJECT-11,"[1223.75, 765.5]",419871.539603,MW,OP-28,GOV-28,OPENING_PORTFOLIO,False,True,UNAPPROVED_SCENARIO_ASSET,NEW_DATA_POINT_NEEDS_MAP_MARKER,,,25192,0,0,1260,90,87252.0,,,OPENING_EXISTING_ASSET,,,True,"{""low"": 14360, ""medium"": 8817, ""high"": 2015}",377884385642.7,20993576.98,1,,AUTHORED_REFERENCE_COST_PER_CAPACITY_UNIT,,,,,
POWER-28-23,visual-territory-28,visual-territory-28-E2,国家电网区域设施群,PROJECT-23,"[1223.75, 765.5]",123733.929723,MW,OP-28,GOV-28,OPENING_PORTFOLIO,False,True,UNAPPROVED_SCENARIO_ASSET,NEW_DATA_POINT_NEEDS_MAP_MARKER,,,25192,0,0,1260,90,87252.0,,,OPENING_EXISTING_ASSET,,,True,"{""low"": 14360, ""medium"": 8817, ""high"": 2015}",111360536750.7,6186696.49,1,,AUTHORED_REFERENCE_COST_PER_CAPACITY_UNIT,,,,,
POWER-28-13,visual-territory-28,visual-territory-28-E2,储能区域设施群,PROJECT-13,"[1223.75, 765.5]",5279314.334856,MWh,OP-28,GOV-28,OPENING_PORTFOLIO,False,True,UNAPPROVED_SCENARIO_ASSET,NEW_DATA_POINT_NEEDS_MAP_MARKER,,,25192,0,0,1260,90,87252.0,,,OPENING_EXISTING_ASSET,,,True,"{""low"": 14360, ""medium"": 8817, ""high"": 2015}",844690293576.96,46927238.53,1,,AUTHORED_REFERENCE_COST_PER_CAPACITY_UNIT,,,,,
GATE-28,visual-territory-28,visual-territory-28-E1,国家海港集群,PROJECT-21,"[1196.0, 817.5]",503374.438718,tonne/sim-day,OP-28,GOV-28,OPENING_PORTFOLIO,False,True,UNAPPROVED_SCENARIO_ASSET,NEW_DATA_POINT_NEEDS_MAP_MARKER,,,327185,0,0,16360,90,87252.0,,,OPENING_EXISTING_ASSET,,,True,"{""low"": 186495, ""medium"": 114515, ""high"": 26175}",906073989.69,50337.44,1,,AUTHORED_REFERENCE_COST_PER_CAPACITY_UNIT,,True,"[1196.0, 817.5]",Snapped to original ocean shoreline with ocean-grid access; harbour engineering not surveyed,
WAREHOUSE-28,visual-territory-28,visual-territory-28-E2,国家战略与生产库存库群,PROJECT-26,"[1223.75, 765.5]",33316731.409826,tonne,OP-28,GOV-28,OPENING_PORTFOLIO,False,True,UNAPPROVED_SCENARIO_ASSET,NEW_DATA_POINT_NEEDS_MAP_MARKER,,,327185,0,0,16360,90,87252.0,,,OPENING_EXISTING_ASSET,,,True,"{""low"": 186495, ""medium"": 114515, ""high"": 26175}",3998007769.18,222111.54,1,,AUTHORED_REFERENCE_COST_PER_CAPACITY_UNIT,,,,,
OPEN-RES173,visual-territory-29,visual-territory-29-E1,CRUDE_OIL开采组,PROJECT-01,"[1262, 826]",635459.57849,barrel/sim-day,OP-29,GOV-29,OPENING_PORTFOLIO,False,True,UNAPPROVED_SCENARIO_ASSET,NEW_DATA_POINT_NEEDS_MAP_MARKER,,,8666,288.845263,115538.10518,434,180,34664.0,SCENARIO-RECIPE-CRUDE_OIL,LIC-29-CRUDE_OIL,OPENING_EXISTING_ASSET,CRUDE_OIL,577690.5259,,"{""low"": 4940, ""medium"": 3033, ""high"": 693}",11438272412.82,635459.58,1,0.909091,AUTHORED_REFERENCE_COST_PER_CAPACITY_UNIT,RES173,,,,
OPEN-RES174,visual-territory-29,visual-territory-29-E2,NATURAL_GAS开采组,PROJECT-02,"[1334, 818]",1315733.21165,MMBtu/sim-day,OP-29,GOV-29,OPENING_PORTFOLIO,False,True,UNAPPROVED_SCENARIO_ASSET,NEW_DATA_POINT_NEEDS_MAP_MARKER,,,2393,49.838379,11961.211015,120,180,9572.0,SCENARIO-RECIPE-NATURAL_GAS,LIC-29-NATURAL_GAS,OPENING_EXISTING_ASSET,NATURAL_GAS,1196121.1015,,"{""low"": 1364, ""medium"": 838, ""high"": 191}",3157759707.96,175431.09,1,0.909091,AUTHORED_REFERENCE_COST_PER_CAPACITY_UNIT,RES174,,,,
OPEN-RES302,visual-territory-29,visual-territory-29-E1,IRON_ORE开采组,PROJECT-04,"[1249, 765]",99758.31063,tonne/sim-day,OP-29,GOV-29,OPENING_PORTFOLIO,False,True,UNAPPROVED_SCENARIO_ASSET,NEW_DATA_POINT_NEEDS_MAP_MARKER,,,7256,226.723433,9068.93733,363,180,29024.0,SCENARIO-RECIPE-IRON_ORE,LIC-29-IRON_ORE,OPENING_EXISTING_ASSET,IRON_ORE,90689.3733,,"{""low"": 4136, ""medium"": 2540, ""high"": 580}",179564959.13,9975.83,1,0.909091,AUTHORED_REFERENCE_COST_PER_CAPACITY_UNIT,RES302,,,,
OPEN-29-STEEL,visual-territory-29,visual-territory-29-E2,STEEL区域生产群,PROJECT-14,"[1325.75, 768.0]",42835.884958,tonne/sim-day,OP-29,GOV-29,OPENING_PORTFOLIO,False,True,UNAPPROVED_SCENARIO_ASSET,NEW_DATA_POINT_NEEDS_MAP_MARKER,,,4470,1008.816131,74497.19123,224,180,17880.0,SCENARIO-RECIPE-STEEL,LIC-29-STEEL,OPENING_EXISTING_ASSET,STEEL,37248.595615,True,"{""low"": 2548, ""medium"": 1564, ""high"": 358}",77104592.92,4283.59,1,0.869565,AUTHORED_REFERENCE_COST_PER_CAPACITY_UNIT,,,,,
SERVICE-visual-territory-29-E1-36,visual-territory-29,visual-territory-29-E1,住房区域服务群,PROJECT-36,"[1274.25, 749.0]",30814956.0,dwelling-unit,OP-29,GOV-29,OPENING_PORTFOLIO,False,True,UNAPPROVED_SCENARIO_ASSET,NEW_DATA_POINT_NEEDS_MAP_MARKER,,,0,0,0,1,90,81040.0,,,OPENING_EXISTING_ASSET,,,True,"{""low"": 0, ""medium"": 0, ""high"": 0}",2002972140000.0,111276230.0,1,,AUTHORED_REFERENCE_COST_PER_CAPACITY_UNIT,,,,,
SERVICE-visual-territory-29-E1-31,visual-territory-29,visual-territory-29-E1,基础教育区域服务群,PROJECT-31,"[1274.25, 749.0]",19449379.0,student-seat,OP-29,GOV-29,OPENING_PORTFOLIO,False,True,UNAPPROVED_SCENARIO_ASSET,NEW_DATA_POINT_NEEDS_MAP_MARKER,,,712432,0,0,35622,90,81040.0,,,OPENING_EXISTING_ASSET,,,True,"{""low"": 406086, ""medium"": 249351, ""high"": 56995}",116696274000.0,6483126.33,1,,AUTHORED_REFERENCE_COST_PER_CAPACITY_UNIT,,,,,
SERVICE-visual-territory-29-E1-35,visual-territory-29,visual-territory-29-E1,医院区域服务群,PROJECT-35,"[1274.25, 749.0]",292472.0,bed,OP-29,GOV-29,OPENING_PORTFOLIO,False,True,UNAPPROVED_SCENARIO_ASSET,NEW_DATA_POINT_NEEDS_MAP_MARKER,,,341218,0,0,17061,90,81040.0,,,OPENING_EXISTING_ASSET,,,True,"{""low"": 194495, ""medium"": 119426, ""high"": 27297}",20473040000.0,1137391.11,1,,AUTHORED_REFERENCE_COST_PER_CAPACITY_UNIT,,,,,
SERVICE-visual-territory-29-E2-36,visual-territory-29,visual-territory-29-E2,住房区域服务群,PROJECT-36,"[1325.75, 768.0]",33747635.0,dwelling-unit,OP-29,GOV-29,OPENING_PORTFOLIO,False,True,UNAPPROVED_SCENARIO_ASSET,NEW_DATA_POINT_NEEDS_MAP_MARKER,,,0,0,0,1,90,81040.0,,,OPENING_EXISTING_ASSET,,,True,"{""low"": 0, ""medium"": 0, ""high"": 0}",2193596275000.0,121866459.72,1,,AUTHORED_REFERENCE_COST_PER_CAPACITY_UNIT,,,,,
SERVICE-visual-territory-29-E2-31,visual-territory-29,visual-territory-29-E2,基础教育区域服务群,PROJECT-31,"[1325.75, 768.0]",20968437.0,student-seat,OP-29,GOV-29,OPENING_PORTFOLIO,False,True,UNAPPROVED_SCENARIO_ASSET,NEW_DATA_POINT_NEEDS_MAP_MARKER,,,768075,0,0,38404,90,81040.0,,,OPENING_EXISTING_ASSET,,,True,"{""low"": 437803, ""medium"": 268826, ""high"": 61446}",125810622000.0,6989479.0,1,,AUTHORED_REFERENCE_COST_PER_CAPACITY_UNIT,,,,,
SERVICE-visual-territory-29-E2-35,visual-territory-29,visual-territory-29-E2,医院区域服务群,PROJECT-35,"[1325.75, 768.0]",315315.0,bed,OP-29,GOV-29,OPENING_PORTFOLIO,False,True,UNAPPROVED_SCENARIO_ASSET,NEW_DATA_POINT_NEEDS_MAP_MARKER,,,367868,0,0,18394,90,81040.0,,,OPENING_EXISTING_ASSET,,,True,"{""low"": 209685, ""medium"": 128754, ""high"": 29429}",22072050000.0,1226225.0,1,,AUTHORED_REFERENCE_COST_PER_CAPACITY_UNIT,,,,,
POWER-29-10,visual-territory-29,visual-territory-29-E2,太阳能区域设施群,PROJECT-10,"[1325.75, 768.0]",383968.022307,MW,OP-29,GOV-29,OPENING_PORTFOLIO,False,True,UNAPPROVED_SCENARIO_ASSET,NEW_DATA_POINT_NEEDS_MAP_MARKER,,,23039,0,0,1152,90,81040.0,,,OPENING_EXISTING_ASSET,,,True,"{""low"": 13132, ""medium"": 8064, ""high"": 1843}",345571220076.3,19198401.12,1,,AUTHORED_REFERENCE_COST_PER_CAPACITY_UNIT,,,,,
POWER-29-11,visual-territory-29,visual-territory-29-E2,风能区域设施群,PROJECT-11,"[1325.75, 768.0]",383968.022307,MW,OP-29,GOV-29,OPENING_PORTFOLIO,False,True,UNAPPROVED_SCENARIO_ASSET,NEW_DATA_POINT_NEEDS_MAP_MARKER,,,23038,0,0,1152,90,81040.0,,,OPENING_EXISTING_ASSET,,,True,"{""low"": 13132, ""medium"": 8063, ""high"": 1843}",345571220076.3,19198401.12,1,,AUTHORED_REFERENCE_COST_PER_CAPACITY_UNIT,,,,,
POWER-29-23,visual-territory-29,visual-territory-29-E2,国家电网区域设施群,PROJECT-23,"[1325.75, 768.0]",115927.784321,MW,OP-29,GOV-29,OPENING_PORTFOLIO,False,True,UNAPPROVED_SCENARIO_ASSET,NEW_DATA_POINT_NEEDS_MAP_MARKER,,,23038,0,0,1152,90,81040.0,,,OPENING_EXISTING_ASSET,,,True,"{""low"": 13132, ""medium"": 8063, ""high"": 1843}",104335005888.9,5796389.22,1,,AUTHORED_REFERENCE_COST_PER_CAPACITY_UNIT,,,,,
POWER-29-13,visual-territory-29,visual-territory-29-E2,储能区域设施群,PROJECT-13,"[1325.75, 768.0]",4946252.131023,MWh,OP-29,GOV-29,OPENING_PORTFOLIO,False,True,UNAPPROVED_SCENARIO_ASSET,NEW_DATA_POINT_NEEDS_MAP_MARKER,,,23038,0,0,1152,90,81040.0,,,OPENING_EXISTING_ASSET,,,True,"{""low"": 13132, ""medium"": 8063, ""high"": 1843}",791400340963.68,43966685.61,1,,AUTHORED_REFERENCE_COST_PER_CAPACITY_UNIT,,,,,
GATE-29,visual-territory-29,visual-territory-29-E2,国家海港集群,PROJECT-21,"[1312.5, 812.5]",388322.883999,tonne/sim-day,OP-29,GOV-29,OPENING_PORTFOLIO,False,True,UNAPPROVED_SCENARIO_ASSET,NEW_DATA_POINT_NEEDS_MAP_MARKER,,,303894,0,0,15195,90,81040.0,,,OPENING_EXISTING_ASSET,,,True,"{""low"": 173219, ""medium"": 106363, ""high"": 24312}",698981191.2,38832.29,1,,AUTHORED_REFERENCE_COST_PER_CAPACITY_UNIT,,True,"[1313, 812]",Snapped to original ocean shoreline with ocean-grid access; harbour engineering not surveyed,
WAREHOUSE-29,visual-territory-29,visual-territory-29-E2,国家战略与生产库存库群,PROJECT-26,"[1325.75, 768.0]",23024106.097341,tonne,OP-29,GOV-29,OPENING_PORTFOLIO,False,True,UNAPPROVED_SCENARIO_ASSET,NEW_DATA_POINT_NEEDS_MAP_MARKER,,,303893,0,0,15195,90,81040.0,,,OPENING_EXISTING_ASSET,,,True,"{""low"": 173219, ""medium"": 106363, ""high"": 24311}",2762892731.68,153494.04,1,,AUTHORED_REFERENCE_COST_PER_CAPACITY_UNIT,,,,,
OPEN-RES177,visual-territory-30,visual-territory-30-E1,CRUDE_OIL开采组,PROJECT-01,"[1365, 782]",158795.812248,barrel/sim-day,OP-30,GOV-30,OPENING_PORTFOLIO,False,True,UNAPPROVED_SCENARIO_ASSET,NEW_DATA_POINT_NEEDS_MAP_MARKER,,,2166,72.179915,28871.965863,109,180,8664.0,SCENARIO-RECIPE-CRUDE_OIL,LIC-30-CRUDE_OIL,OPENING_EXISTING_ASSET,CRUDE_OIL,144359.829316,,"{""low"": 1235, ""medium"": 758, ""high"": 173}",2858324620.46,158795.81,1,0.909091,AUTHORED_REFERENCE_COST_PER_CAPACITY_UNIT,RES177,,,,
OPEN-RES314,visual-territory-30,visual-territory-30-E1,IRON_ORE开采组,PROJECT-04,"[1385, 706]",230839.06505,tonne/sim-day,OP-30,GOV-30,OPENING_PORTFOLIO,False,True,UNAPPROVED_SCENARIO_ASSET,NEW_DATA_POINT_NEEDS_MAP_MARKER,,,16789,524.634239,20985.36955,840,180,67156.0,SCENARIO-RECIPE-IRON_ORE,LIC-30-IRON_ORE,OPENING_EXISTING_ASSET,IRON_ORE,209853.6955,,"{""low"": 9570, ""medium"": 5876, ""high"": 1343}",415510317.09,23083.91,1,0.909091,AUTHORED_REFERENCE_COST_PER_CAPACITY_UNIT,RES314,,,,
OPEN-30-STEEL,visual-territory-30,visual-territory-30-E1,STEEL区域生产群,PROJECT-14,"[1373.75, 743.0]",106071.802238,tonne/sim-day,OP-30,GOV-30,OPENING_PORTFOLIO,False,True,UNAPPROVED_SCENARIO_ASSET,NEW_DATA_POINT_NEEDS_MAP_MARKER,,,11069,2498.067806,184472.699544,554,180,44276.0,SCENARIO-RECIPE-STEEL,LIC-30-STEEL,OPENING_EXISTING_ASSET,STEEL,92236.349772,True,"{""low"": 6309, ""medium"": 3874, ""high"": 886}",190929244.03,10607.18,1,0.869565,AUTHORED_REFERENCE_COST_PER_CAPACITY_UNIT,,,,,
SERVICE-visual-territory-30-E1-36,visual-territory-30,visual-territory-30-E1,住房区域服务群,PROJECT-36,"[1373.75, 743.0]",30131660.0,dwelling-unit,OP-30,GOV-30,OPENING_PORTFOLIO,False,True,UNAPPROVED_SCENARIO_ASSET,NEW_DATA_POINT_NEEDS_MAP_MARKER,,,0,0,0,1,90,72592.0,,,OPENING_EXISTING_ASSET,,,True,"{""low"": 0, ""medium"": 0, ""high"": 0}",1958557900000.0,108808772.22,1,,AUTHORED_REFERENCE_COST_PER_CAPACITY_UNIT,,,,,
SERVICE-visual-territory-30-E1-31,visual-territory-30,visual-territory-30-E1,基础教育区域服务群,PROJECT-31,"[1373.75, 743.0]",19071030.0,student-seat,OP-30,GOV-30,OPENING_PORTFOLIO,False,True,UNAPPROVED_SCENARIO_ASSET,NEW_DATA_POINT_NEEDS_MAP_MARKER,,,698573,0,0,34929,90,72592.0,,,OPENING_EXISTING_ASSET,,,True,"{""low"": 398186, ""medium"": 244501, ""high"": 55886}",114426180000.0,6357010.0,1,,AUTHORED_REFERENCE_COST_PER_CAPACITY_UNIT,,,,,
SERVICE-visual-territory-30-E1-35,visual-territory-30,visual-territory-30-E1,医院区域服务群,PROJECT-35,"[1373.75, 743.0]",286783.0,bed,OP-30,GOV-30,OPENING_PORTFOLIO,False,True,UNAPPROVED_SCENARIO_ASSET,NEW_DATA_POINT_NEEDS_MAP_MARKER,,,334580,0,0,16729,90,72592.0,,,OPENING_EXISTING_ASSET,,,True,"{""low"": 190711, ""medium"": 117103, ""high"": 26766}",20074810000.0,1115267.22,1,,AUTHORED_REFERENCE_COST_PER_CAPACITY_UNIT,,,,,
SERVICE-visual-territory-30-E2-36,visual-territory-30,visual-territory-30-E2,住房区域服务群,PROJECT-36,"[1422.75, 759.5]",27190447.0,dwelling-unit,OP-30,GOV-30,OPENING_PORTFOLIO,False,True,UNAPPROVED_SCENARIO_ASSET,NEW_DATA_POINT_NEEDS_MAP_MARKER,,,0,0,0,1,90,72592.0,,,OPENING_EXISTING_ASSET,,,True,"{""low"": 0, ""medium"": 0, ""high"": 0}",1767379055000.0,98187725.28,1,,AUTHORED_REFERENCE_COST_PER_CAPACITY_UNIT,,,,,
SERVICE-visual-territory-30-E2-31,visual-territory-30,visual-territory-30-E2,基础教育区域服务群,PROJECT-31,"[1422.75, 759.5]",17133830.0,student-seat,OP-30,GOV-30,OPENING_PORTFOLIO,False,True,UNAPPROVED_SCENARIO_ASSET,NEW_DATA_POINT_NEEDS_MAP_MARKER,,,627613,0,0,31381,90,72592.0,,,OPENING_EXISTING_ASSET,,,True,"{""low"": 357739, ""medium"": 219665, ""high"": 50209}",102802980000.0,5711276.67,1,,AUTHORED_REFERENCE_COST_PER_CAPACITY_UNIT,,,,,
SERVICE-visual-territory-30-E2-35,visual-territory-30,visual-territory-30-E2,医院区域服务群,PROJECT-35,"[1422.75, 759.5]",257652.0,bed,OP-30,GOV-30,OPENING_PORTFOLIO,False,True,UNAPPROVED_SCENARIO_ASSET,NEW_DATA_POINT_NEEDS_MAP_MARKER,,,300594,0,0,15030,90,72592.0,,,OPENING_EXISTING_ASSET,,,True,"{""low"": 171338, ""medium"": 105208, ""high"": 24048}",18035640000.0,1001980.0,1,,AUTHORED_REFERENCE_COST_PER_CAPACITY_UNIT,,,,,
POWER-30-10,visual-territory-30,visual-territory-30-E1,太阳能区域设施群,PROJECT-10,"[1373.75, 743.0]",352445.879003,MW,OP-30,GOV-30,OPENING_PORTFOLIO,False,True,UNAPPROVED_SCENARIO_ASSET,NEW_DATA_POINT_NEEDS_MAP_MARKER,,,21147,0,0,1058,90,72592.0,,,OPENING_EXISTING_ASSET,,,True,"{""low"": 12054, ""medium"": 7401, ""high"": 1692}",317201291102.7,17622293.95,1,,AUTHORED_REFERENCE_COST_PER_CAPACITY_UNIT,,,,,
POWER-30-11,visual-territory-30,visual-territory-30-E1,风能区域设施群,PROJECT-11,"[1373.75, 743.0]",352445.879003,MW,OP-30,GOV-30,OPENING_PORTFOLIO,False,True,UNAPPROVED_SCENARIO_ASSET,NEW_DATA_POINT_NEEDS_MAP_MARKER,,,21147,0,0,1058,90,72592.0,,,OPENING_EXISTING_ASSET,,,True,"{""low"": 12054, ""medium"": 7401, ""high"": 1692}",317201291102.7,17622293.95,1,,AUTHORED_REFERENCE_COST_PER_CAPACITY_UNIT,,,,,
POWER-30-23,visual-territory-30,visual-territory-30-E1,国家电网区域设施群,PROJECT-23,"[1373.75, 743.0]",105949.9707,MW,OP-30,GOV-30,OPENING_PORTFOLIO,False,True,UNAPPROVED_SCENARIO_ASSET,NEW_DATA_POINT_NEEDS_MAP_MARKER,,,21147,0,0,1058,90,72592.0,,,OPENING_EXISTING_ASSET,,,True,"{""low"": 12054, ""medium"": 7401, ""high"": 1692}",95354973630.0,5297498.54,1,,AUTHORED_REFERENCE_COST_PER_CAPACITY_UNIT,,,,,
POWER-30-13,visual-territory-30,visual-territory-30-E1,储能区域设施群,PROJECT-13,"[1373.75, 743.0]",4520532.083186,MWh,OP-30,GOV-30,OPENING_PORTFOLIO,False,True,UNAPPROVED_SCENARIO_ASSET,NEW_DATA_POINT_NEEDS_MAP_MARKER,,,21147,0,0,1058,90,72592.0,,,OPENING_EXISTING_ASSET,,,True,"{""low"": 12054, ""medium"": 7401, ""high"": 1692}",723285133309.76,40182507.41,1,,AUTHORED_REFERENCE_COST_PER_CAPACITY_UNIT,,,,,
GATE-30,visual-territory-30,visual-territory-30-E2,国家海港集群,PROJECT-21,"[1427.5, 806.5]",385835.21499,tonne/sim-day,OP-30,GOV-30,OPENING_PORTFOLIO,False,True,UNAPPROVED_SCENARIO_ASSET,NEW_DATA_POINT_NEEDS_MAP_MARKER,,,272217,0,0,13611,90,72592.0,,,OPENING_EXISTING_ASSET,,,True,"{""low"": 155164, ""medium"": 95276, ""high"": 21777}",694503386.98,38583.52,1,,AUTHORED_REFERENCE_COST_PER_CAPACITY_UNIT,,True,"[1427.5, 806.5]",Snapped to original ocean shoreline with ocean-grid access; harbour engineering not surveyed,
WAREHOUSE-30,visual-territory-30,visual-territory-30-E1,国家战略与生产库存库群,PROJECT-26,"[1373.75, 743.0]",30982800.585101,tonne,OP-30,GOV-30,OPENING_PORTFOLIO,False,True,UNAPPROVED_SCENARIO_ASSET,NEW_DATA_POINT_NEEDS_MAP_MARKER,,,272217,0,0,13611,90,72592.0,,,OPENING_EXISTING_ASSET,,,True,"{""low"": 155164, ""medium"": 95276, ""high"": 21777}",3717936070.21,206552.0,1,,AUTHORED_REFERENCE_COST_PER_CAPACITY_UNIT,,,,,
OPEN-RES179,visual-territory-31,visual-territory-31-E2,CRUDE_OIL开采组,PROJECT-01,"[1568, 720]",642882.53161,barrel/sim-day,OP-31,GOV-31,OPENING_PORTFOLIO,False,True,UNAPPROVED_SCENARIO_ASSET,NEW_DATA_POINT_NEEDS_MAP_MARKER,,,8767,292.219333,116887.73302,439,180,35068.0,SCENARIO-RECIPE-CRUDE_OIL,LIC-31-CRUDE_OIL,OPENING_EXISTING_ASSET,CRUDE_OIL,584438.6651,,"{""low"": 4998, ""medium"": 3068, ""high"": 701}",11571885568.98,642882.53,1,0.909091,AUTHORED_REFERENCE_COST_PER_CAPACITY_UNIT,RES179,,,,
OPEN-RES178,visual-territory-31,visual-territory-31-E2,LITHIUM开采组,PROJECT-06,"[1520, 773]",155.360266,tonne LCE/sim-day,OP-31,GOV-31,OPENING_PORTFOLIO,False,True,UNAPPROVED_SCENARIO_ASSET,NEW_DATA_POINT_NEEDS_MAP_MARKER,,,71,7.06183,423.709818,4,180,284.0,SCENARIO-RECIPE-LITHIUM,LIC-31-LITHIUM,OPENING_EXISTING_ASSET,LITHIUM,141.236606,,"{""low"": 40, ""medium"": 25, ""high"": 6}",93216159.6,5178.68,1,0.909091,AUTHORED_REFERENCE_COST_PER_CAPACITY_UNIT,RES178,,,,
OPEN-31-REFINED_FUEL,visual-territory-31,visual-territory-31-E2,REFINED_FUEL区域生产群,PROJECT-15,"[1523.25, 740.0]",1717878.923303,barrel equivalent/sim-day,OP-31,GOV-31,OPENING_PORTFOLIO,False,True,UNAPPROVED_SCENARIO_ASSET,NEW_DATA_POINT_NEEDS_MAP_MARKER,,,11951,497.93592,149380.775939,598,180,47804.0,SCENARIO-RECIPE-REFINED_FUEL,LIC-31-REFINED_FUEL,OPENING_EXISTING_ASSET,REFINED_FUEL,1493807.759394,True,"{""low"": 6812, ""medium"": 4183, ""high"": 956}",30921820619.45,1717878.92,1,0.869565,AUTHORED_REFERENCE_COST_PER_CAPACITY_UNIT,,,,,
OPEN-31-MACHINERY,visual-territory-31,visual-territory-31-E2,MACHINERY区域生产群,PROJECT-16,"[1523.25, 740.0]",518.124228,equipment unit/sim-day,OP-31,GOV-31,OPENING_PORTFOLIO,False,True,UNAPPROVED_SCENARIO_ASSET,NEW_DATA_POINT_NEEDS_MAP_MARKER,,,91,37.545234,450.542807,5,180,364.0,SCENARIO-RECIPE-MACHINERY,LIC-31-MACHINERY,OPENING_EXISTING_ASSET,MACHINERY,450.542807,True,"{""low"": 43, ""medium"": 32, ""high"": 16}",621749073.6,34541.62,1,0.869565,AUTHORED_REFERENCE_COST_PER_CAPACITY_UNIT,,,,,
OPEN-31-SEMICONDUCTORS,visual-territory-31,visual-territory-31-E2,SEMICONDUCTORS区域生产群,PROJECT-17,"[1523.25, 740.0]",351012.115818,standardised chip unit/sim-day,OP-31,GOV-31,OPENING_PORTFOLIO,False,True,UNAPPROVED_SCENARIO_ASSET,NEW_DATA_POINT_NEEDS_MAP_MARKER,,,306,1.271783,30.522793,16,180,1224.0,SCENARIO-RECIPE-SEMICONDUCTORS,LIC-31-SEMICONDUCTORS,OPENING_EXISTING_ASSET,SEMICONDUCTORS,305227.926798,True,"{""low"": 107, ""medium"": 107, ""high"": 92}",1228542405.36,68252.36,1,0.869565,AUTHORED_REFERENCE_COST_PER_CAPACITY_UNIT,,,,,
SERVICE-visual-territory-31-E1-36,visual-territory-31,visual-territory-31-E1,住房区域服务群,PROJECT-36,"[1469.75, 720.0]",31188389.0,dwelling-unit,OP-31,GOV-31,OPENING_PORTFOLIO,False,True,UNAPPROVED_SCENARIO_ASSET,NEW_DATA_POINT_NEEDS_MAP_MARKER,,,0,0,0,1,90,79288.0,,,OPENING_EXISTING_ASSET,,,True,"{""low"": 0, ""medium"": 0, ""high"": 0}",2027245285000.0,112624738.06,1,,AUTHORED_REFERENCE_COST_PER_CAPACITY_UNIT,,,,,
SERVICE-visual-territory-31-E1-31,visual-territory-31,visual-territory-31-E1,基础教育区域服务群,PROJECT-31,"[1469.75, 720.0]",19327784.0,student-seat,OP-31,GOV-31,OPENING_PORTFOLIO,False,True,UNAPPROVED_SCENARIO_ASSET,NEW_DATA_POINT_NEEDS_MAP_MARKER,,,707978,0,0,35399,90,79288.0,,,OPENING_EXISTING_ASSET,,,True,"{""low"": 403548, ""medium"": 247792, ""high"": 56638}",115966704000.0,6442594.67,1,,AUTHORED_REFERENCE_COST_PER_CAPACITY_UNIT,,,,,
SERVICE-visual-territory-31-E1-35,visual-territory-31,visual-territory-31-E1,医院区域服务群,PROJECT-35,"[1469.75, 720.0]",290644.0,bed,OP-31,GOV-31,OPENING_PORTFOLIO,False,True,UNAPPROVED_SCENARIO_ASSET,NEW_DATA_POINT_NEEDS_MAP_MARKER,,,339084,0,0,16955,90,79288.0,,,OPENING_EXISTING_ASSET,,,True,"{""low"": 193278, ""medium"": 118679, ""high"": 27127}",20345080000.0,1130282.22,1,,AUTHORED_REFERENCE_COST_PER_CAPACITY_UNIT,,,,,
SERVICE-visual-territory-31-E2-36,visual-territory-31,visual-territory-31-E2,住房区域服务群,PROJECT-36,"[1523.25, 740.0]",32544379.0,dwelling-unit,OP-31,GOV-31,OPENING_PORTFOLIO,False,True,UNAPPROVED_SCENARIO_ASSET,NEW_DATA_POINT_NEEDS_MAP_MARKER,,,0,0,0,1,90,79288.0,,,OPENING_EXISTING_ASSET,,,True,"{""low"": 0, ""medium"": 0, ""high"": 0}",2115384635000.0,117521368.61,1,,AUTHORED_REFERENCE_COST_PER_CAPACITY_UNIT,,,,,
SERVICE-visual-territory-31-E2-31,visual-territory-31,visual-territory-31-E2,基础教育区域服务群,PROJECT-31,"[1523.25, 740.0]",20216028.0,student-seat,OP-31,GOV-31,OPENING_PORTFOLIO,False,True,UNAPPROVED_SCENARIO_ASSET,NEW_DATA_POINT_NEEDS_MAP_MARKER,,,740514,0,0,37026,90,79288.0,,,OPENING_EXISTING_ASSET,,,True,"{""low"": 422093, ""medium"": 259180, ""high"": 59241}",121296168000.0,6738676.0,1,,AUTHORED_REFERENCE_COST_PER_CAPACITY_UNIT,,,,,
SERVICE-visual-territory-31-E2-35,visual-territory-31,visual-territory-31-E2,医院区域服务群,PROJECT-35,"[1523.25, 740.0]",304001.0,bed,OP-31,GOV-31,OPENING_PORTFOLIO,False,True,UNAPPROVED_SCENARIO_ASSET,NEW_DATA_POINT_NEEDS_MAP_MARKER,,,354668,0,0,17734,90,79288.0,,,OPENING_EXISTING_ASSET,,,True,"{""low"": 202161, ""medium"": 124134, ""high"": 28373}",21280070000.0,1182226.11,1,,AUTHORED_REFERENCE_COST_PER_CAPACITY_UNIT,,,,,
POWER-31-10,visual-territory-31,visual-territory-31-E2,太阳能区域设施群,PROJECT-10,"[1523.25, 740.0]",380470.731434,MW,OP-31,GOV-31,OPENING_PORTFOLIO,False,True,UNAPPROVED_SCENARIO_ASSET,NEW_DATA_POINT_NEEDS_MAP_MARKER,,,22829,0,0,1142,90,79288.0,,,OPENING_EXISTING_ASSET,,,True,"{""low"": 13013, ""medium"": 7990, ""high"": 1826}",342423658290.6,19023536.57,1,,AUTHORED_REFERENCE_COST_PER_CAPACITY_UNIT,,,,,
POWER-31-11,visual-territory-31,visual-territory-31-E2,风能区域设施群,PROJECT-11,"[1523.25, 740.0]",380470.731434,MW,OP-31,GOV-31,OPENING_PORTFOLIO,False,True,UNAPPROVED_SCENARIO_ASSET,NEW_DATA_POINT_NEEDS_MAP_MARKER,,,22828,0,0,1142,90,79288.0,,,OPENING_EXISTING_ASSET,,,True,"{""low"": 13012, ""medium"": 7990, ""high"": 1826}",342423658290.6,19023536.57,1,,AUTHORED_REFERENCE_COST_PER_CAPACITY_UNIT,,,,,
POWER-31-23,visual-territory-31,visual-territory-31-E2,国家电网区域设施群,PROJECT-23,"[1523.25, 740.0]",112540.750624,MW,OP-31,GOV-31,OPENING_PORTFOLIO,False,True,UNAPPROVED_SCENARIO_ASSET,NEW_DATA_POINT_NEEDS_MAP_MARKER,,,22828,0,0,1142,90,79288.0,,,OPENING_EXISTING_ASSET,,,True,"{""low"": 13012, ""medium"": 7990, ""high"": 1826}",101286675561.6,5627037.53,1,,AUTHORED_REFERENCE_COST_PER_CAPACITY_UNIT,,,,,
POWER-31-13,visual-territory-31,visual-territory-31-E2,储能区域设施群,PROJECT-13,"[1523.25, 740.0]",4801738.69331,MWh,OP-31,GOV-31,OPENING_PORTFOLIO,False,True,UNAPPROVED_SCENARIO_ASSET,NEW_DATA_POINT_NEEDS_MAP_MARKER,,,22828,0,0,1142,90,79288.0,,,OPENING_EXISTING_ASSET,,,True,"{""low"": 13012, ""medium"": 7990, ""high"": 1826}",768278190929.6,42682121.72,1,,AUTHORED_REFERENCE_COST_PER_CAPACITY_UNIT,,,,,
GATE-31,visual-territory-31,visual-territory-31-E1,国家海港集群,PROJECT-21,"[1451.2421383647797, 774.5]",606418.213932,tonne/sim-day,OP-31,GOV-31,OPENING_PORTFOLIO,False,True,UNAPPROVED_SCENARIO_ASSET,NEW_DATA_POINT_NEEDS_MAP_MARKER,,,297322,0,0,14867,90,79288.0,,,OPENING_EXISTING_ASSET,,,True,"{""low"": 169473, ""medium"": 104063, ""high"": 23786}",1091552785.08,60641.82,1,,AUTHORED_REFERENCE_COST_PER_CAPACITY_UNIT,,True,"[1451.0, 758.5]",Snapped to original ocean shoreline with ocean-grid access; harbour engineering not surveyed,
WAREHOUSE-31,visual-territory-31,visual-territory-31-E2,国家战略与生产库存库群,PROJECT-26,"[1523.25, 740.0]",39872801.258362,tonne,OP-31,GOV-31,OPENING_PORTFOLIO,False,True,UNAPPROVED_SCENARIO_ASSET,NEW_DATA_POINT_NEEDS_MAP_MARKER,,,297322,0,0,14867,90,79288.0,,,OPENING_EXISTING_ASSET,,,True,"{""low"": 169473, ""medium"": 104063, ""high"": 23786}",4784736151.0,265818.68,1,,AUTHORED_REFERENCE_COST_PER_CAPACITY_UNIT,,,,,
OPEN-RES182,visual-territory-32,visual-territory-32-E2,NATURAL_GAS开采组,PROJECT-02,"[1773, 806]",1079814.664132,MMBtu/sim-day,OP-32,GOV-32,OPENING_PORTFOLIO,False,True,UNAPPROVED_SCENARIO_ASSET,NEW_DATA_POINT_NEEDS_MAP_MARKER,,,1964,40.902071,9816.496947,99,180,7856.0,SCENARIO-RECIPE-NATURAL_GAS,LIC-32-NATURAL_GAS,OPENING_EXISTING_ASSET,NATURAL_GAS,981649.694665,,"{""low"": 1120, ""medium"": 687, ""high"": 157}",2591555193.92,143975.29,1,0.909091,AUTHORED_REFERENCE_COST_PER_CAPACITY_UNIT,RES182,,,,
OPEN-RES183,visual-territory-32,visual-territory-32-E2,IRON_ORE开采组,PROJECT-04,"[1655, 794]",39265.987787,tonne/sim-day,OP-32,GOV-32,OPENING_PORTFOLIO,False,True,UNAPPROVED_SCENARIO_ASSET,NEW_DATA_POINT_NEEDS_MAP_MARKER,,,2856,89.240881,3569.635253,143,180,11424.0,SCENARIO-RECIPE-IRON_ORE,LIC-32-IRON_ORE,OPENING_EXISTING_ASSET,IRON_ORE,35696.352533,,"{""low"": 1628, ""medium"": 1000, ""high"": 228}",70678778.02,3926.6,1,0.909091,AUTHORED_REFERENCE_COST_PER_CAPACITY_UNIT,RES183,,,,
OPEN-32-STEEL,visual-territory-32,visual-territory-32-E2,STEEL区域生产群,PROJECT-14,"[1643.0, 778.0]",114466.252302,tonne/sim-day,OP-32,GOV-32,OPENING_PORTFOLIO,False,True,UNAPPROVED_SCENARIO_ASSET,NEW_DATA_POINT_NEEDS_MAP_MARKER,,,11945,2695.763188,199071.743134,598,180,47780.0,SCENARIO-RECIPE-STEEL,LIC-32-STEEL,OPENING_EXISTING_ASSET,STEEL,99535.871567,True,"{""low"": 6808, ""medium"": 4181, ""high"": 956}",206039254.14,11446.63,1,0.869565,AUTHORED_REFERENCE_COST_PER_CAPACITY_UNIT,,,,,
SERVICE-visual-territory-32-E1-36,visual-territory-32,visual-territory-32-E1,住房区域服务群,PROJECT-36,"[1515.75, 784.0]",20351602.0,dwelling-unit,OP-32,GOV-32,OPENING_PORTFOLIO,False,True,UNAPPROVED_SCENARIO_ASSET,NEW_DATA_POINT_NEEDS_MAP_MARKER,,,0,0,0,1,90,52624.0,,,OPENING_EXISTING_ASSET,,,True,"{""low"": 0, ""medium"": 0, ""high"": 0}",1322854130000.0,73491896.11,1,,AUTHORED_REFERENCE_COST_PER_CAPACITY_UNIT,,,,,
SERVICE-visual-territory-32-E1-31,visual-territory-32,visual-territory-32-E1,基础教育区域服务群,PROJECT-31,"[1515.75, 784.0]",12842277.0,student-seat,OP-32,GOV-32,OPENING_PORTFOLIO,False,True,UNAPPROVED_SCENARIO_ASSET,NEW_DATA_POINT_NEEDS_MAP_MARKER,,,470414,0,0,23521,90,52624.0,,,OPENING_EXISTING_ASSET,,,True,"{""low"": 268136, ""medium"": 164645, ""high"": 37633}",77053662000.0,4280759.0,1,,AUTHORED_REFERENCE_COST_PER_CAPACITY_UNIT,,,,,
SERVICE-visual-territory-32-E1-35,visual-territory-32,visual-territory-32-E1,医院区域服务群,PROJECT-35,"[1515.75, 784.0]",193117.0,bed,OP-32,GOV-32,OPENING_PORTFOLIO,False,True,UNAPPROVED_SCENARIO_ASSET,NEW_DATA_POINT_NEEDS_MAP_MARKER,,,225304,0,0,11266,90,52624.0,,,OPENING_EXISTING_ASSET,,,True,"{""low"": 128424, ""medium"": 78856, ""high"": 18024}",13518190000.0,751010.56,1,,AUTHORED_REFERENCE_COST_PER_CAPACITY_UNIT,,,,,
SERVICE-visual-territory-32-E2-36,visual-territory-32,visual-territory-32-E2,住房区域服务群,PROJECT-36,"[1643.0, 778.0]",21195455.0,dwelling-unit,OP-32,GOV-32,OPENING_PORTFOLIO,False,True,UNAPPROVED_SCENARIO_ASSET,NEW_DATA_POINT_NEEDS_MAP_MARKER,,,0,0,0,1,90,52624.0,,,OPENING_EXISTING_ASSET,,,True,"{""low"": 0, ""medium"": 0, ""high"": 0}",1377704575000.0,76539143.06,1,,AUTHORED_REFERENCE_COST_PER_CAPACITY_UNIT,,,,,
SERVICE-visual-territory-32-E2-31,visual-territory-32,visual-territory-32-E2,基础教育区域服务群,PROJECT-31,"[1643.0, 778.0]",13402692.0,student-seat,OP-32,GOV-32,OPENING_PORTFOLIO,False,True,UNAPPROVED_SCENARIO_ASSET,NEW_DATA_POINT_NEEDS_MAP_MARKER,,,490942,0,0,24548,90,52624.0,,,OPENING_EXISTING_ASSET,,,True,"{""low"": 279837, ""medium"": 171830, ""high"": 39275}",80416152000.0,4467564.0,1,,AUTHORED_REFERENCE_COST_PER_CAPACITY_UNIT,,,,,
SERVICE-visual-territory-32-E2-35,visual-territory-32,visual-territory-32-E2,医院区域服务群,PROJECT-35,"[1643.0, 778.0]",201545.0,bed,OP-32,GOV-32,OPENING_PORTFOLIO,False,True,UNAPPROVED_SCENARIO_ASSET,NEW_DATA_POINT_NEEDS_MAP_MARKER,,,235135,0,0,11757,90,52624.0,,,OPENING_EXISTING_ASSET,,,True,"{""low"": 134027, ""medium"": 82297, ""high"": 18811}",14108150000.0,783786.11,1,,AUTHORED_REFERENCE_COST_PER_CAPACITY_UNIT,,,,,
POWER-32-10,visual-territory-32,visual-territory-32-E2,太阳能区域设施群,PROJECT-10,"[1643.0, 778.0]",242825.772048,MW,OP-32,GOV-32,OPENING_PORTFOLIO,False,True,UNAPPROVED_SCENARIO_ASSET,NEW_DATA_POINT_NEEDS_MAP_MARKER,,,14572,0,0,729,90,52624.0,,,OPENING_EXISTING_ASSET,,,True,"{""low"": 8306, ""medium"": 5100, ""high"": 1166}",218543194843.2,12141288.6,1,,AUTHORED_REFERENCE_COST_PER_CAPACITY_UNIT,,,,,
POWER-32-11,visual-territory-32,visual-territory-32-E2,风能区域设施群,PROJECT-11,"[1643.0, 778.0]",242825.772048,MW,OP-32,GOV-32,OPENING_PORTFOLIO,False,True,UNAPPROVED_SCENARIO_ASSET,NEW_DATA_POINT_NEEDS_MAP_MARKER,,,14569,0,0,729,90,52624.0,,,OPENING_EXISTING_ASSET,,,True,"{""low"": 8304, ""medium"": 5099, ""high"": 1166}",218543194843.2,12141288.6,1,,AUTHORED_REFERENCE_COST_PER_CAPACITY_UNIT,,,,,
POWER-32-23,visual-territory-32,visual-territory-32-E2,国家电网区域设施群,PROJECT-23,"[1643.0, 778.0]",77531.350738,MW,OP-32,GOV-32,OPENING_PORTFOLIO,False,True,UNAPPROVED_SCENARIO_ASSET,NEW_DATA_POINT_NEEDS_MAP_MARKER,,,14569,0,0,729,90,52624.0,,,OPENING_EXISTING_ASSET,,,True,"{""low"": 8304, ""medium"": 5099, ""high"": 1166}",69778215664.2,3876567.54,1,,AUTHORED_REFERENCE_COST_PER_CAPACITY_UNIT,,,,,
POWER-32-13,visual-territory-32,visual-territory-32-E2,储能区域设施群,PROJECT-13,"[1643.0, 778.0]",3308004.298145,MWh,OP-32,GOV-32,OPENING_PORTFOLIO,False,True,UNAPPROVED_SCENARIO_ASSET,NEW_DATA_POINT_NEEDS_MAP_MARKER,,,14569,0,0,729,90,52624.0,,,OPENING_EXISTING_ASSET,,,True,"{""low"": 8304, ""medium"": 5099, ""high"": 1166}",529280687703.2,29404482.65,1,,AUTHORED_REFERENCE_COST_PER_CAPACITY_UNIT,,,,,
GATE-32,visual-territory-32,visual-territory-32-E2,国家海港集群,PROJECT-21,"[1561.5, 747.2484276729559]",417678.957764,tonne/sim-day,OP-32,GOV-32,OPENING_PORTFOLIO,False,True,UNAPPROVED_SCENARIO_ASSET,NEW_DATA_POINT_NEEDS_MAP_MARKER,,,197331,0,0,9867,90,52624.0,,,OPENING_EXISTING_ASSET,,,True,"{""low"": 112479, ""medium"": 69066, ""high"": 15786}",751822123.98,41767.9,1,,AUTHORED_REFERENCE_COST_PER_CAPACITY_UNIT,,True,"[1558.5, 747.0]",Snapped to original ocean shoreline with ocean-grid access; harbour engineering not surveyed,
WAREHOUSE-32,visual-territory-32,visual-territory-32-E2,国家战略与生产库存库群,PROJECT-26,"[1643.0, 778.0]",27961939.712529,tonne,OP-32,GOV-32,OPENING_PORTFOLIO,False,True,UNAPPROVED_SCENARIO_ASSET,NEW_DATA_POINT_NEEDS_MAP_MARKER,,,197331,0,0,9867,90,52624.0,,,OPENING_EXISTING_ASSET,,,True,"{""low"": 112479, ""medium"": 69066, ""high"": 15786}",3355432765.5,186412.93,1,,AUTHORED_REFERENCE_COST_PER_CAPACITY_UNIT,,,,,
OPEN-RES55,visual-territory-33,visual-territory-33-E2,URANIUM开采组,PROJECT-03,"[188, 178]",0.74437,tonne U/sim-day,OP-33,GOV-33,OPENING_PORTFOLIO,False,True,UNAPPROVED_SCENARIO_ASSET,NEW_DATA_POINT_NEEDS_MAP_MARKER,,,14,0.986854,13.534,1,180,56.0,SCENARIO-RECIPE-URANIUM,LIC-33-URANIUM,OPENING_EXISTING_ASSET,URANIUM,0.6767,,"{""low"": 8, ""medium"": 5, ""high"": 1}",4466220.0,248.12,1,0.909091,AUTHORED_REFERENCE_COST_PER_CAPACITY_UNIT,RES55,,,,
OPEN-33-GRAIN,visual-territory-33,visual-territory-33-E1,GRAIN区域生产群,,"[154.25, 175.0]",278885.719878,tonne/sim-day,OP-33,GOV-33,OPENING_PORTFOLIO,False,True,UNAPPROVED_SCENARIO_ASSET,NEW_DATA_POINT_NEEDS_MAP_MARKER,,,121255,202.091101,346441888.047143,6063,180,485020.0,SCENARIO-RECIPE-GRAIN,LIC-33-GRAIN,OPENING_EXISTING_ASSET,GRAIN,242509.321633,True,"{""low"": 69116, ""medium"": 42439, ""high"": 9700}",501994295.78,27888.57,1,0.869565,AUTHORED_REFERENCE_COST_PER_CAPACITY_UNIT,,,,,
OPEN-RES310,visual-territory-33,visual-territory-33-E2,IRON_ORE开采组,PROJECT-04,"[220, 216]",50314.866237,tonne/sim-day,OP-33,GOV-33,OPENING_PORTFOLIO,False,True,UNAPPROVED_SCENARIO_ASSET,NEW_DATA_POINT_NEEDS_MAP_MARKER,,,3660,114.351969,4574.078749,183,180,14640.0,SCENARIO-RECIPE-IRON_ORE,LIC-33-IRON_ORE,OPENING_EXISTING_ASSET,IRON_ORE,45740.787488,,"{""low"": 2086, ""medium"": 1281, ""high"": 293}",90566759.23,5031.49,1,0.909091,AUTHORED_REFERENCE_COST_PER_CAPACITY_UNIT,RES310,,,,
SERVICE-visual-territory-33-E1-36,visual-territory-33,visual-territory-33-E1,住房区域服务群,PROJECT-36,"[154.25, 175.0]",30627919.0,dwelling-unit,OP-33,GOV-33,OPENING_PORTFOLIO,False,True,UNAPPROVED_SCENARIO_ASSET,NEW_DATA_POINT_NEEDS_MAP_MARKER,,,0,0,0,1,90,69032.0,,,OPENING_EXISTING_ASSET,,,True,"{""low"": 0, ""medium"": 0, ""high"": 0}",1990814735000.0,110600818.61,1,,AUTHORED_REFERENCE_COST_PER_CAPACITY_UNIT,,,,,
SERVICE-visual-territory-33-E1-31,visual-territory-33,visual-territory-33-E1,基础教育区域服务群,PROJECT-31,"[154.25, 175.0]",19537281.0,student-seat,OP-33,GOV-33,OPENING_PORTFOLIO,False,True,UNAPPROVED_SCENARIO_ASSET,NEW_DATA_POINT_NEEDS_MAP_MARKER,,,715652,0,0,35783,90,69032.0,,,OPENING_EXISTING_ASSET,,,True,"{""low"": 407922, ""medium"": 250478, ""high"": 57252}",117223686000.0,6512427.0,1,,AUTHORED_REFERENCE_COST_PER_CAPACITY_UNIT,,,,,
SERVICE-visual-territory-33-E1-35,visual-territory-33,visual-territory-33-E1,医院区域服务群,PROJECT-35,"[154.25, 175.0]",293794.0,bed,OP-33,GOV-33,OPENING_PORTFOLIO,False,True,UNAPPROVED_SCENARIO_ASSET,NEW_DATA_POINT_NEEDS_MAP_MARKER,,,342760,0,0,17138,90,69032.0,,,OPENING_EXISTING_ASSET,,,True,"{""low"": 195373, ""medium"": 119966, ""high"": 27421}",20565580000.0,1142532.22,1,,AUTHORED_REFERENCE_COST_PER_CAPACITY_UNIT,,,,,
SERVICE-visual-territory-33-E2-36,visual-territory-33,visual-territory-33-E2,住房区域服务群,PROJECT-36,"[205.25, 174.0]",23181740.0,dwelling-unit,OP-33,GOV-33,OPENING_PORTFOLIO,False,True,UNAPPROVED_SCENARIO_ASSET,NEW_DATA_POINT_NEEDS_MAP_MARKER,,,0,0,0,1,90,69032.0,,,OPENING_EXISTING_ASSET,,,True,"{""low"": 0, ""medium"": 0, ""high"": 0}",1506813100000.0,83711838.89,1,,AUTHORED_REFERENCE_COST_PER_CAPACITY_UNIT,,,,,
SERVICE-visual-territory-33-E2-31,visual-territory-33,visual-territory-33-E2,基础教育区域服务群,PROJECT-31,"[205.25, 174.0]",14892173.0,student-seat,OP-33,GOV-33,OPENING_PORTFOLIO,False,True,UNAPPROVED_SCENARIO_ASSET,NEW_DATA_POINT_NEEDS_MAP_MARKER,,,545501,0,0,27276,90,69032.0,,,OPENING_EXISTING_ASSET,,,True,"{""low"": 310936, ""medium"": 190925, ""high"": 43640}",89353038000.0,4964057.67,1,,AUTHORED_REFERENCE_COST_PER_CAPACITY_UNIT,,,,,
SERVICE-visual-territory-33-E2-35,visual-territory-33,visual-territory-33-E2,医院区域服务群,PROJECT-35,"[205.25, 174.0]",223943.0,bed,OP-33,GOV-33,OPENING_PORTFOLIO,False,True,UNAPPROVED_SCENARIO_ASSET,NEW_DATA_POINT_NEEDS_MAP_MARKER,,,261267,0,0,13064,90,69032.0,,,OPENING_EXISTING_ASSET,,,True,"{""low"": 148923, ""medium"": 91443, ""high"": 20901}",15676010000.0,870889.44,1,,AUTHORED_REFERENCE_COST_PER_CAPACITY_UNIT,,,,,
POWER-33-10,visual-territory-33,visual-territory-33-E1,太阳能区域设施群,PROJECT-10,"[154.25, 175.0]",300160.227342,MW,OP-33,GOV-33,OPENING_PORTFOLIO,False,True,UNAPPROVED_SCENARIO_ASSET,NEW_DATA_POINT_NEEDS_MAP_MARKER,,,18012,0,0,901,90,69032.0,,,OPENING_EXISTING_ASSET,,,True,"{""low"": 10267, ""medium"": 6304, ""high"": 1441}",270144204607.8,15008011.37,1,,AUTHORED_REFERENCE_COST_PER_CAPACITY_UNIT,,,,,
POWER-33-11,visual-territory-33,visual-territory-33-E1,风能区域设施群,PROJECT-11,"[154.25, 175.0]",300160.227342,MW,OP-33,GOV-33,OPENING_PORTFOLIO,False,True,UNAPPROVED_SCENARIO_ASSET,NEW_DATA_POINT_NEEDS_MAP_MARKER,,,18009,0,0,901,90,69032.0,,,OPENING_EXISTING_ASSET,,,True,"{""low"": 10265, ""medium"": 6303, ""high"": 1441}",270144204607.8,15008011.37,1,,AUTHORED_REFERENCE_COST_PER_CAPACITY_UNIT,,,,,
POWER-33-23,visual-territory-33,visual-territory-33-E1,国家电网区域设施群,PROJECT-23,"[154.25, 175.0]",97472.312343,MW,OP-33,GOV-33,OPENING_PORTFOLIO,False,True,UNAPPROVED_SCENARIO_ASSET,NEW_DATA_POINT_NEEDS_MAP_MARKER,,,18009,0,0,901,90,69032.0,,,OPENING_EXISTING_ASSET,,,True,"{""low"": 10265, ""medium"": 6303, ""high"": 1441}",87725081108.7,4873615.62,1,,AUTHORED_REFERENCE_COST_PER_CAPACITY_UNIT,,,,,
POWER-33-13,visual-territory-33,visual-territory-33-E1,储能区域设施群,PROJECT-13,"[154.25, 175.0]",4158818.65996,MWh,OP-33,GOV-33,OPENING_PORTFOLIO,False,True,UNAPPROVED_SCENARIO_ASSET,NEW_DATA_POINT_NEEDS_MAP_MARKER,,,18009,0,0,901,90,69032.0,,,OPENING_EXISTING_ASSET,,,True,"{""low"": 10265, ""medium"": 6303, ""high"": 1441}",665410985593.6,36967276.98,1,,AUTHORED_REFERENCE_COST_PER_CAPACITY_UNIT,,,,,
GATE-33,visual-territory-33,visual-territory-33-E1,国家海港集群,PROJECT-21,"[149.0, 208.5]",287959.792962,tonne/sim-day,OP-33,GOV-33,OPENING_PORTFOLIO,False,True,UNAPPROVED_SCENARIO_ASSET,NEW_DATA_POINT_NEEDS_MAP_MARKER,,,258869,0,0,12944,90,69032.0,,,OPENING_EXISTING_ASSET,,,True,"{""low"": 147555, ""medium"": 90604, ""high"": 20710}",518327627.33,28795.98,1,,AUTHORED_REFERENCE_COST_PER_CAPACITY_UNIT,,True,"[149.0, 208.5]",Snapped to original ocean shoreline with ocean-grid access; harbour engineering not surveyed,
WAREHOUSE-33,visual-territory-33,visual-territory-33-E1,国家战略与生产库存库群,PROJECT-26,"[154.25, 175.0]",15585664.447212,tonne,OP-33,GOV-33,OPENING_PORTFOLIO,False,True,UNAPPROVED_SCENARIO_ASSET,NEW_DATA_POINT_NEEDS_MAP_MARKER,,,258868,0,0,12944,90,69032.0,,,OPENING_EXISTING_ASSET,,,True,"{""low"": 147555, ""medium"": 90604, ""high"": 20709}",1870279733.67,103904.43,1,,AUTHORED_REFERENCE_COST_PER_CAPACITY_UNIT,,,,,
OPEN-RES56,visual-territory-34,visual-territory-34-E2,URANIUM开采组,PROJECT-03,"[409, 181]",0.99418,tonne U/sim-day,OP-34,GOV-34,OPENING_PORTFOLIO,False,True,UNAPPROVED_SCENARIO_ASSET,NEW_DATA_POINT_NEEDS_MAP_MARKER,,,19,1.318042,18.076,1,180,76.0,SCENARIO-RECIPE-URANIUM,LIC-34-URANIUM,OPENING_EXISTING_ASSET,URANIUM,0.9038,,"{""low"": 10, ""medium"": 7, ""high"": 2}",5965080.0,331.39,1,0.909091,AUTHORED_REFERENCE_COST_PER_CAPACITY_UNIT,RES56,,,,
OPEN-34-GRAIN,visual-territory-34,visual-territory-34-E1,GRAIN区域生产群,,"[339.75, 205.0]",331520.467629,tonne/sim-day,OP-34,GOV-34,OPENING_PORTFOLIO,False,True,UNAPPROVED_SCENARIO_ASSET,NEW_DATA_POINT_NEEDS_MAP_MARKER,,,144140,240.232223,411826667.861429,7207,180,576560.0,SCENARIO-RECIPE-GRAIN,LIC-34-GRAIN,OPENING_EXISTING_ASSET,GRAIN,288278.667503,True,"{""low"": 82160, ""medium"": 50449, ""high"": 11531}",596736841.73,33152.05,1,0.869565,AUTHORED_REFERENCE_COST_PER_CAPACITY_UNIT,,,,,
OPEN-RES299,visual-territory-34,visual-territory-34-E1,IRON_ORE开采组,PROJECT-04,"[362, 195]",60437.970702,tonne/sim-day,OP-34,GOV-34,OPENING_PORTFOLIO,False,True,UNAPPROVED_SCENARIO_ASSET,NEW_DATA_POINT_NEEDS_MAP_MARKER,,,4396,137.359024,5494.360973,220,180,17584.0,SCENARIO-RECIPE-IRON_ORE,LIC-34-IRON_ORE,OPENING_EXISTING_ASSET,IRON_ORE,54943.609729,,"{""low"": 2505, ""medium"": 1539, ""high"": 352}",108788347.26,6043.8,1,0.909091,AUTHORED_REFERENCE_COST_PER_CAPACITY_UNIT,RES299,,,,
SERVICE-visual-territory-34-E1-36,visual-territory-34,visual-territory-34-E1,住房区域服务群,PROJECT-36,"[339.75, 205.0]",32726884.0,dwelling-unit,OP-34,GOV-34,OPENING_PORTFOLIO,False,True,UNAPPROVED_SCENARIO_ASSET,NEW_DATA_POINT_NEEDS_MAP_MARKER,,,0,0,0,1,90,82140.0,,,OPENING_EXISTING_ASSET,,,True,"{""low"": 0, ""medium"": 0, ""high"": 0}",2127247460000.0,118180414.44,1,,AUTHORED_REFERENCE_COST_PER_CAPACITY_UNIT,,,,,
SERVICE-visual-territory-34-E1-31,visual-territory-34,visual-territory-34-E1,基础教育区域服务群,PROJECT-31,"[339.75, 205.0]",20833195.0,student-seat,OP-34,GOV-34,OPENING_PORTFOLIO,False,True,UNAPPROVED_SCENARIO_ASSET,NEW_DATA_POINT_NEEDS_MAP_MARKER,,,763121,0,0,38157,90,82140.0,,,OPENING_EXISTING_ASSET,,,True,"{""low"": 434979, ""medium"": 267092, ""high"": 61050}",124999170000.0,6944398.33,1,,AUTHORED_REFERENCE_COST_PER_CAPACITY_UNIT,,,,,
SERVICE-visual-territory-34-E1-35,visual-territory-34,visual-territory-34-E1,医院区域服务群,PROJECT-35,"[339.75, 205.0]",313282.0,bed,OP-34,GOV-34,OPENING_PORTFOLIO,False,True,UNAPPROVED_SCENARIO_ASSET,NEW_DATA_POINT_NEEDS_MAP_MARKER,,,365495,0,0,18275,90,82140.0,,,OPENING_EXISTING_ASSET,,,True,"{""low"": 208332, ""medium"": 127923, ""high"": 29240}",21929740000.0,1218318.89,1,,AUTHORED_REFERENCE_COST_PER_CAPACITY_UNIT,,,,,
SERVICE-visual-territory-34-E2-36,visual-territory-34,visual-territory-34-E2,住房区域服务群,PROJECT-36,"[390.25, 207.5]",31625788.0,dwelling-unit,OP-34,GOV-34,OPENING_PORTFOLIO,False,True,UNAPPROVED_SCENARIO_ASSET,NEW_DATA_POINT_NEEDS_MAP_MARKER,,,0,0,0,1,90,82140.0,,,OPENING_EXISTING_ASSET,,,True,"{""low"": 0, ""medium"": 0, ""high"": 0}",2055676220000.0,114204234.44,1,,AUTHORED_REFERENCE_COST_PER_CAPACITY_UNIT,,,,,
SERVICE-visual-territory-34-E2-31,visual-territory-34,visual-territory-34-E2,基础教育区域服务群,PROJECT-31,"[390.25, 207.5]",20132262.0,student-seat,OP-34,GOV-34,OPENING_PORTFOLIO,False,True,UNAPPROVED_SCENARIO_ASSET,NEW_DATA_POINT_NEEDS_MAP_MARKER,,,737446,0,0,36873,90,82140.0,,,OPENING_EXISTING_ASSET,,,True,"{""low"": 420344, ""medium"": 258106, ""high"": 58996}",120793572000.0,6710754.0,1,,AUTHORED_REFERENCE_COST_PER_CAPACITY_UNIT,,,,,
SERVICE-visual-territory-34-E2-35,visual-territory-34,visual-territory-34-E2,医院区域服务群,PROJECT-35,"[390.25, 207.5]",302741.0,bed,OP-34,GOV-34,OPENING_PORTFOLIO,False,True,UNAPPROVED_SCENARIO_ASSET,NEW_DATA_POINT_NEEDS_MAP_MARKER,,,353198,0,0,17660,90,82140.0,,,OPENING_EXISTING_ASSET,,,True,"{""low"": 201323, ""medium"": 123619, ""high"": 28256}",21191870000.0,1177326.11,1,,AUTHORED_REFERENCE_COST_PER_CAPACITY_UNIT,,,,,
POWER-34-10,visual-territory-34,visual-territory-34-E1,太阳能区域设施群,PROJECT-10,"[339.75, 205.0]",372427.45425,MW,OP-34,GOV-34,OPENING_PORTFOLIO,False,True,UNAPPROVED_SCENARIO_ASSET,NEW_DATA_POINT_NEEDS_MAP_MARKER,,,22348,0,0,1118,90,82140.0,,,OPENING_EXISTING_ASSET,,,True,"{""low"": 12738, ""medium"": 7822, ""high"": 1788}",335184708825.0,18621372.71,1,,AUTHORED_REFERENCE_COST_PER_CAPACITY_UNIT,,,,,
POWER-34-11,visual-territory-34,visual-territory-34-E1,风能区域设施群,PROJECT-11,"[339.75, 205.0]",372427.45425,MW,OP-34,GOV-34,OPENING_PORTFOLIO,False,True,UNAPPROVED_SCENARIO_ASSET,NEW_DATA_POINT_NEEDS_MAP_MARKER,,,22345,0,0,1118,90,82140.0,,,OPENING_EXISTING_ASSET,,,True,"{""low"": 12736, ""medium"": 7821, ""high"": 1788}",335184708825.0,18621372.71,1,,AUTHORED_REFERENCE_COST_PER_CAPACITY_UNIT,,,,,
POWER-34-23,visual-territory-34,visual-territory-34-E1,国家电网区域设施群,PROJECT-23,"[339.75, 205.0]",115977.743799,MW,OP-34,GOV-34,OPENING_PORTFOLIO,False,True,UNAPPROVED_SCENARIO_ASSET,NEW_DATA_POINT_NEEDS_MAP_MARKER,,,22345,0,0,1118,90,82140.0,,,OPENING_EXISTING_ASSET,,,True,"{""low"": 12736, ""medium"": 7821, ""high"": 1788}",104379969419.1,5798887.19,1,,AUTHORED_REFERENCE_COST_PER_CAPACITY_UNIT,,,,,
POWER-34-13,visual-territory-34,visual-territory-34-E1,储能区域设施群,PROJECT-13,"[339.75, 205.0]",4948383.735408,MWh,OP-34,GOV-34,OPENING_PORTFOLIO,False,True,UNAPPROVED_SCENARIO_ASSET,NEW_DATA_POINT_NEEDS_MAP_MARKER,,,22345,0,0,1118,90,82140.0,,,OPENING_EXISTING_ASSET,,,True,"{""low"": 12736, ""medium"": 7821, ""high"": 1788}",791741397665.28,43985633.2,1,,AUTHORED_REFERENCE_COST_PER_CAPACITY_UNIT,,,,,
GATE-34,visual-territory-34,visual-territory-34-E2,国家海港集群,PROJECT-21,"[389.0, 153.5]",342933.432546,tonne/sim-day,OP-34,GOV-34,OPENING_PORTFOLIO,False,True,UNAPPROVED_SCENARIO_ASSET,NEW_DATA_POINT_NEEDS_MAP_MARKER,,,308011,0,0,15401,90,82140.0,,,OPENING_EXISTING_ASSET,,,True,"{""low"": 175566, ""medium"": 107804, ""high"": 24641}",617280178.58,34293.34,1,,AUTHORED_REFERENCE_COST_PER_CAPACITY_UNIT,,True,"[389.0, 153.5]",Snapped to original ocean shoreline with ocean-grid access; harbour engineering not surveyed,
WAREHOUSE-34,visual-territory-34,visual-territory-34-E1,国家战略与生产库存库群,PROJECT-26,"[339.75, 205.0]",16086713.192026,tonne,OP-34,GOV-34,OPENING_PORTFOLIO,False,True,UNAPPROVED_SCENARIO_ASSET,NEW_DATA_POINT_NEEDS_MAP_MARKER,,,308011,0,0,15401,90,82140.0,,,OPENING_EXISTING_ASSET,,,True,"{""low"": 175566, ""medium"": 107804, ""high"": 24641}",1930405583.04,107244.75,1,,AUTHORED_REFERENCE_COST_PER_CAPACITY_UNIT,,,,,
OPEN-RES192,visual-territory-35,visual-territory-35-E1,URANIUM开采组,PROJECT-03,"[419, 211]",0.47333,tonne U/sim-day,OP-35,GOV-35,OPENING_PORTFOLIO,False,True,UNAPPROVED_SCENARIO_ASSET,NEW_DATA_POINT_NEEDS_MAP_MARKER,,,9,0.627521,8.606,1,180,36.0,SCENARIO-RECIPE-URANIUM,LIC-35-URANIUM,OPENING_EXISTING_ASSET,URANIUM,0.4303,,"{""low"": 5, ""medium"": 3, ""high"": 1}",2839980.0,157.78,1,0.909091,AUTHORED_REFERENCE_COST_PER_CAPACITY_UNIT,RES192,,,,
OPEN-RES308,visual-territory-35,visual-territory-35-E2,IRON_ORE开采组,PROJECT-04,"[503, 217]",253237.16759,tonne/sim-day,OP-35,GOV-35,OPENING_PORTFOLIO,False,True,UNAPPROVED_SCENARIO_ASSET,NEW_DATA_POINT_NEEDS_MAP_MARKER,,,18418,575.539017,23021.56069,921,180,73672.0,SCENARIO-RECIPE-IRON_ORE,LIC-35-IRON_ORE,OPENING_EXISTING_ASSET,IRON_ORE,230215.6069,,"{""low"": 10499, ""medium"": 6446, ""high"": 1473}",455826901.66,25323.72,1,0.909091,AUTHORED_REFERENCE_COST_PER_CAPACITY_UNIT,RES308,,,,
OPEN-35-STEEL,visual-territory-35,visual-territory-35-E1,STEEL区域生产群,PROJECT-14,"[435.75, 179.5]",129788.40922,tonne/sim-day,OP-35,GOV-35,OPENING_PORTFOLIO,False,True,UNAPPROVED_SCENARIO_ASSET,NEW_DATA_POINT_NEEDS_MAP_MARKER,,,13544,3056.611087,225718.972556,678,180,54176.0,SCENARIO-RECIPE-STEEL,LIC-35-STEEL,OPENING_EXISTING_ASSET,STEEL,112859.486278,True,"{""low"": 7720, ""medium"": 4740, ""high"": 1084}",233619136.6,12978.84,1,0.869565,AUTHORED_REFERENCE_COST_PER_CAPACITY_UNIT,,,,,
SERVICE-visual-territory-35-E1-36,visual-territory-35,visual-territory-35-E1,住房区域服务群,PROJECT-36,"[435.75, 179.5]",31040033.0,dwelling-unit,OP-35,GOV-35,OPENING_PORTFOLIO,False,True,UNAPPROVED_SCENARIO_ASSET,NEW_DATA_POINT_NEEDS_MAP_MARKER,,,0,0,0,1,90,74396.0,,,OPENING_EXISTING_ASSET,,,True,"{""low"": 0, ""medium"": 0, ""high"": 0}",2017602145000.0,112089008.06,1,,AUTHORED_REFERENCE_COST_PER_CAPACITY_UNIT,,,,,
SERVICE-visual-territory-35-E1-31,visual-territory-35,visual-territory-35-E1,基础教育区域服务群,PROJECT-31,"[435.75, 179.5]",19863545.0,student-seat,OP-35,GOV-35,OPENING_PORTFOLIO,False,True,UNAPPROVED_SCENARIO_ASSET,NEW_DATA_POINT_NEEDS_MAP_MARKER,,,727603,0,0,36381,90,74396.0,,,OPENING_EXISTING_ASSET,,,True,"{""low"": 414734, ""medium"": 254661, ""high"": 58208}",119181270000.0,6621181.67,1,,AUTHORED_REFERENCE_COST_PER_CAPACITY_UNIT,,,,,
SERVICE-visual-territory-35-E1-35,visual-territory-35,visual-territory-35-E1,医院区域服务群,PROJECT-35,"[435.75, 179.5]",298700.0,bed,OP-35,GOV-35,OPENING_PORTFOLIO,False,True,UNAPPROVED_SCENARIO_ASSET,NEW_DATA_POINT_NEEDS_MAP_MARKER,,,348484,0,0,17425,90,74396.0,,,OPENING_EXISTING_ASSET,,,True,"{""low"": 198636, ""medium"": 121969, ""high"": 27879}",20909000000.0,1161611.11,1,,AUTHORED_REFERENCE_COST_PER_CAPACITY_UNIT,,,,,
SERVICE-visual-territory-35-E2-36,visual-territory-35,visual-territory-35-E2,住房区域服务群,PROJECT-36,"[478.75, 171.0]",26959387.0,dwelling-unit,OP-35,GOV-35,OPENING_PORTFOLIO,False,True,UNAPPROVED_SCENARIO_ASSET,NEW_DATA_POINT_NEEDS_MAP_MARKER,,,0,0,0,1,90,74396.0,,,OPENING_EXISTING_ASSET,,,True,"{""low"": 0, ""medium"": 0, ""high"": 0}",1752360155000.0,97353341.94,1,,AUTHORED_REFERENCE_COST_PER_CAPACITY_UNIT,,,,,
SERVICE-visual-territory-35-E2-31,visual-territory-35,visual-territory-35-E2,基础教育区域服务群,PROJECT-31,"[478.75, 171.0]",17240413.0,student-seat,OP-35,GOV-35,OPENING_PORTFOLIO,False,True,UNAPPROVED_SCENARIO_ASSET,NEW_DATA_POINT_NEEDS_MAP_MARKER,,,631517,0,0,31576,90,74396.0,,,OPENING_EXISTING_ASSET,,,True,"{""low"": 359965, ""medium"": 221031, ""high"": 50521}",103442478000.0,5746804.33,1,,AUTHORED_REFERENCE_COST_PER_CAPACITY_UNIT,,,,,
SERVICE-visual-territory-35-E2-35,visual-territory-35,visual-territory-35-E2,医院区域服务群,PROJECT-35,"[478.75, 171.0]",259255.0,bed,OP-35,GOV-35,OPENING_PORTFOLIO,False,True,UNAPPROVED_SCENARIO_ASSET,NEW_DATA_POINT_NEEDS_MAP_MARKER,,,302464,0,0,15124,90,74396.0,,,OPENING_EXISTING_ASSET,,,True,"{""low"": 172405, ""medium"": 105862, ""high"": 24197}",18147850000.0,1008213.89,1,,AUTHORED_REFERENCE_COST_PER_CAPACITY_UNIT,,,,,
POWER-35-10,visual-territory-35,visual-territory-35-E1,太阳能区域设施群,PROJECT-10,"[435.75, 179.5]",335372.653717,MW,OP-35,GOV-35,OPENING_PORTFOLIO,False,True,UNAPPROVED_SCENARIO_ASSET,NEW_DATA_POINT_NEEDS_MAP_MARKER,,,20124,0,0,1007,90,74396.0,,,OPENING_EXISTING_ASSET,,,True,"{""low"": 11471, ""medium"": 7043, ""high"": 1610}",301835388345.3,16768632.69,1,,AUTHORED_REFERENCE_COST_PER_CAPACITY_UNIT,,,,,
POWER-35-11,visual-territory-35,visual-territory-35-E1,风能区域设施群,PROJECT-11,"[435.75, 179.5]",335372.653717,MW,OP-35,GOV-35,OPENING_PORTFOLIO,False,True,UNAPPROVED_SCENARIO_ASSET,NEW_DATA_POINT_NEEDS_MAP_MARKER,,,20122,0,0,1007,90,74396.0,,,OPENING_EXISTING_ASSET,,,True,"{""low"": 11469, ""medium"": 7043, ""high"": 1610}",301835388345.3,16768632.69,1,,AUTHORED_REFERENCE_COST_PER_CAPACITY_UNIT,,,,,
POWER-35-23,visual-territory-35,visual-territory-35-E1,国家电网区域设施群,PROJECT-23,"[435.75, 179.5]",109157.391093,MW,OP-35,GOV-35,OPENING_PORTFOLIO,False,True,UNAPPROVED_SCENARIO_ASSET,NEW_DATA_POINT_NEEDS_MAP_MARKER,,,20122,0,0,1007,90,74396.0,,,OPENING_EXISTING_ASSET,,,True,"{""low"": 11469, ""medium"": 7043, ""high"": 1610}",98241651983.7,5457869.55,1,,AUTHORED_REFERENCE_COST_PER_CAPACITY_UNIT,,,,,
POWER-35-13,visual-territory-35,visual-territory-35-E1,储能区域设施群,PROJECT-13,"[435.75, 179.5]",4657382.019989,MWh,OP-35,GOV-35,OPENING_PORTFOLIO,False,True,UNAPPROVED_SCENARIO_ASSET,NEW_DATA_POINT_NEEDS_MAP_MARKER,,,20122,0,0,1007,90,74396.0,,,OPENING_EXISTING_ASSET,,,True,"{""low"": 11469, ""medium"": 7043, ""high"": 1610}",745181123198.24,41398951.29,1,,AUTHORED_REFERENCE_COST_PER_CAPACITY_UNIT,,,,,
GATE-35,visual-territory-35,visual-territory-35-E2,国家海港集群,PROJECT-21,"[504.5, 123.0]",376026.817338,tonne/sim-day,OP-35,GOV-35,OPENING_PORTFOLIO,False,True,UNAPPROVED_SCENARIO_ASSET,NEW_DATA_POINT_NEEDS_MAP_MARKER,,,278978,0,0,13949,90,74396.0,,,OPENING_EXISTING_ASSET,,,True,"{""low"": 159018, ""medium"": 97642, ""high"": 22318}",676848271.21,37602.68,1,,AUTHORED_REFERENCE_COST_PER_CAPACITY_UNIT,,True,"[504.5, 123.0]",Snapped to original ocean shoreline with ocean-grid access; harbour engineering not surveyed,
WAREHOUSE-35,visual-territory-35,visual-territory-35-E1,国家战略与生产库存库群,PROJECT-26,"[435.75, 179.5]",31730241.998737,tonne,OP-35,GOV-35,OPENING_PORTFOLIO,False,True,UNAPPROVED_SCENARIO_ASSET,NEW_DATA_POINT_NEEDS_MAP_MARKER,,,278977,0,0,13949,90,74396.0,,,OPENING_EXISTING_ASSET,,,True,"{""low"": 159017, ""medium"": 97642, ""high"": 22318}",3807629039.85,211534.95,1,,AUTHORED_REFERENCE_COST_PER_CAPACITY_UNIT,,,,,
OPEN-RES195,visual-territory-36,visual-territory-36-E1,NATURAL_GAS开采组,PROJECT-02,"[505, 213]",747050.635544,MMBtu/sim-day,OP-36,GOV-36,OPENING_PORTFOLIO,False,True,UNAPPROVED_SCENARIO_ASSET,NEW_DATA_POINT_NEEDS_MAP_MARKER,,,1359,28.297373,6791.369414,68,180,5436.0,SCENARIO-RECIPE-NATURAL_GAS,LIC-36-NATURAL_GAS,OPENING_EXISTING_ASSET,NATURAL_GAS,679136.941403,,"{""low"": 774, ""medium"": 476, ""high"": 109}",1792921525.31,99606.75,1,0.909091,AUTHORED_REFERENCE_COST_PER_CAPACITY_UNIT,RES195,,,,
OPEN-36-GRAIN,visual-territory-36,visual-territory-36-E1,GRAIN区域生产群,,"[549.0, 163.5]",169561.907437,tonne/sim-day,OP-36,GOV-36,OPENING_PORTFOLIO,False,True,UNAPPROVED_SCENARIO_ASSET,NEW_DATA_POINT_NEEDS_MAP_MARKER,,,73723,122.870947,210635909.86,3687,180,294892.0,SCENARIO-RECIPE-GRAIN,LIC-36-GRAIN,OPENING_EXISTING_ASSET,GRAIN,147445.136902,True,"{""low"": 42022, ""medium"": 25803, ""high"": 5898}",305211433.39,16956.19,1,0.869565,AUTHORED_REFERENCE_COST_PER_CAPACITY_UNIT,,,,,
OPEN-36-BATTERIES,visual-territory-36,visual-territory-36-E1,BATTERIES区域生产群,PROJECT-18,"[549.0, 163.5]",34.711444,MWh-equivalent/sim-day,OP-36,GOV-36,OPENING_PORTFOLIO,False,True,UNAPPROVED_SCENARIO_ASSET,NEW_DATA_POINT_NEEDS_MAP_MARKER,,,10,0.754597,60.367728,1,180,40.0,SCENARIO-RECIPE-BATTERIES,LIC-36-BATTERIES,OPENING_EXISTING_ASSET,BATTERIES,30.183864,True,"{""low"": 4, ""medium"": 4, ""high"": 2}",62480599.2,3471.14,1,0.869565,AUTHORED_REFERENCE_COST_PER_CAPACITY_UNIT,,,,,
SERVICE-visual-territory-36-E1-36,visual-territory-36,visual-territory-36-E1,住房区域服务群,PROJECT-36,"[549.0, 163.5]",29107533.0,dwelling-unit,OP-36,GOV-36,OPENING_PORTFOLIO,False,True,UNAPPROVED_SCENARIO_ASSET,NEW_DATA_POINT_NEEDS_MAP_MARKER,,,0,0,0,1,90,37424.0,,,OPENING_EXISTING_ASSET,,,True,"{""low"": 0, ""medium"": 0, ""high"": 0}",1891989645000.0,105110535.83,1,,AUTHORED_REFERENCE_COST_PER_CAPACITY_UNIT,,,,,
SERVICE-visual-territory-36-E1-31,visual-territory-36,visual-territory-36-E1,基础教育区域服务群,PROJECT-31,"[549.0, 163.5]",18665049.0,student-seat,OP-36,GOV-36,OPENING_PORTFOLIO,False,True,UNAPPROVED_SCENARIO_ASSET,NEW_DATA_POINT_NEEDS_MAP_MARKER,,,683702,0,0,34186,90,37424.0,,,OPENING_EXISTING_ASSET,,,True,"{""low"": 389710, ""medium"": 239296, ""high"": 54696}",111990294000.0,6221683.0,1,,AUTHORED_REFERENCE_COST_PER_CAPACITY_UNIT,,,,,
SERVICE-visual-territory-36-E1-35,visual-territory-36,visual-territory-36-E1,医院区域服务群,PROJECT-35,"[549.0, 163.5]",280678.0,bed,OP-36,GOV-36,OPENING_PORTFOLIO,False,True,UNAPPROVED_SCENARIO_ASSET,NEW_DATA_POINT_NEEDS_MAP_MARKER,,,327457,0,0,16373,90,37424.0,,,OPENING_EXISTING_ASSET,,,True,"{""low"": 186650, ""medium"": 114610, ""high"": 26197}",19647460000.0,1091525.56,1,,AUTHORED_REFERENCE_COST_PER_CAPACITY_UNIT,,,,,
POWER-36-10,visual-territory-36,visual-territory-36-E1,太阳能区域设施群,PROJECT-10,"[549.0, 163.5]",148943.313543,MW,OP-36,GOV-36,OPENING_PORTFOLIO,False,True,UNAPPROVED_SCENARIO_ASSET,NEW_DATA_POINT_NEEDS_MAP_MARKER,,,8939,0,0,447,90,37424.0,,,OPENING_EXISTING_ASSET,,,True,"{""low"": 5095, ""medium"": 3129, ""high"": 715}",134048982188.7,7447165.68,1,,AUTHORED_REFERENCE_COST_PER_CAPACITY_UNIT,,,,,
POWER-36-11,visual-territory-36,visual-territory-36-E1,风能区域设施群,PROJECT-11,"[549.0, 163.5]",148943.313543,MW,OP-36,GOV-36,OPENING_PORTFOLIO,False,True,UNAPPROVED_SCENARIO_ASSET,NEW_DATA_POINT_NEEDS_MAP_MARKER,,,8936,0,0,447,90,37424.0,,,OPENING_EXISTING_ASSET,,,True,"{""low"": 5093, ""medium"": 3128, ""high"": 715}",134048982188.7,7447165.68,1,,AUTHORED_REFERENCE_COST_PER_CAPACITY_UNIT,,,,,
POWER-36-23,visual-territory-36,visual-territory-36-E1,国家电网区域设施群,PROJECT-23,"[549.0, 163.5]",52816.918771,MW,OP-36,GOV-36,OPENING_PORTFOLIO,False,True,UNAPPROVED_SCENARIO_ASSET,NEW_DATA_POINT_NEEDS_MAP_MARKER,,,8936,0,0,447,90,37424.0,,,OPENING_EXISTING_ASSET,,,True,"{""low"": 5093, ""medium"": 3128, ""high"": 715}",47535226893.9,2640845.94,1,,AUTHORED_REFERENCE_COST_PER_CAPACITY_UNIT,,,,,
POWER-36-13,visual-territory-36,visual-territory-36-E1,储能区域设施群,PROJECT-13,"[549.0, 163.5]",2253521.867551,MWh,OP-36,GOV-36,OPENING_PORTFOLIO,False,True,UNAPPROVED_SCENARIO_ASSET,NEW_DATA_POINT_NEEDS_MAP_MARKER,,,8936,0,0,447,90,37424.0,,,OPENING_EXISTING_ASSET,,,True,"{""low"": 5093, ""medium"": 3128, ""high"": 715}",360563498808.16,20031305.49,1,,AUTHORED_REFERENCE_COST_PER_CAPACITY_UNIT,,,,,
GATE-36,visual-territory-36,visual-territory-36-E1,国家海港集群,PROJECT-21,"[575.5, 114.5]",161811.676435,tonne/sim-day,OP-36,GOV-36,OPENING_PORTFOLIO,False,True,UNAPPROVED_SCENARIO_ASSET,NEW_DATA_POINT_NEEDS_MAP_MARKER,,,140339,0,0,7017,90,37424.0,,,OPENING_EXISTING_ASSET,,,True,"{""low"": 79993, ""medium"": 49119, ""high"": 11227}",291261017.58,16181.17,1,,AUTHORED_REFERENCE_COST_PER_CAPACITY_UNIT,,True,"[575.5, 114.5]",Snapped to original ocean shoreline with ocean-grid access; harbour engineering not surveyed,
WAREHOUSE-36,visual-territory-36,visual-territory-36-E1,国家战略与生产库存库群,PROJECT-26,"[549.0, 163.5]",7536833.596212,tonne,OP-36,GOV-36,OPENING_PORTFOLIO,False,True,UNAPPROVED_SCENARIO_ASSET,NEW_DATA_POINT_NEEDS_MAP_MARKER,,,140339,0,0,7017,90,37424.0,,,OPENING_EXISTING_ASSET,,,True,"{""low"": 79993, ""medium"": 49119, ""high"": 11227}",904420031.55,50245.56,1,,AUTHORED_REFERENCE_COST_PER_CAPACITY_UNIT,,,,,
OPEN-RES196,visual-territory-37,visual-territory-37-E1,CRUDE_OIL开采组,PROJECT-01,"[665, 186]",349566.8341,barrel/sim-day,OP-37,GOV-37,OPENING_PORTFOLIO,False,True,UNAPPROVED_SCENARIO_ASSET,NEW_DATA_POINT_NEEDS_MAP_MARKER,,,4767,158.894015,63557.6062,239,180,19068.0,SCENARIO-RECIPE-CRUDE_OIL,LIC-37-CRUDE_OIL,OPENING_EXISTING_ASSET,CRUDE_OIL,317788.031,,"{""low"": 2718, ""medium"": 1668, ""high"": 381}",6292203013.8,349566.83,1,0.909091,AUTHORED_REFERENCE_COST_PER_CAPACITY_UNIT,RES196,,,,
OPEN-RES08,visual-territory-37,visual-territory-37-E1,IRON_ORE开采组,PROJECT-04,"[592, 183]",41807.92255,tonne/sim-day,OP-37,GOV-37,OPENING_PORTFOLIO,False,True,UNAPPROVED_SCENARIO_ASSET,NEW_DATA_POINT_NEEDS_MAP_MARKER,,,3041,95.018006,3800.720232,153,180,12164.0,SCENARIO-RECIPE-IRON_ORE,LIC-37-IRON_ORE,OPENING_EXISTING_ASSET,IRON_ORE,38007.202318,,"{""low"": 1734, ""medium"": 1064, ""high"": 243}",75254260.59,4180.79,1,0.909091,AUTHORED_REFERENCE_COST_PER_CAPACITY_UNIT,RES08,,,,
OPEN-37-STEEL,visual-territory-37,visual-territory-37-E1,STEEL区域生产群,PROJECT-14,"[608.5, 178.0]",4597.748241,tonne/sim-day,OP-37,GOV-37,OPENING_PORTFOLIO,False,True,UNAPPROVED_SCENARIO_ASSET,NEW_DATA_POINT_NEEDS_MAP_MARKER,,,480,108.280303,7996.083898,24,180,1920.0,SCENARIO-RECIPE-STEEL,LIC-37-STEEL,OPENING_EXISTING_ASSET,STEEL,3998.041949,True,"{""low"": 274, ""medium"": 168, ""high"": 38}",8275946.83,459.77,1,0.869565,AUTHORED_REFERENCE_COST_PER_CAPACITY_UNIT,,,,,
OPEN-37-REFINED_FUEL,visual-territory-37,visual-territory-37-E1,REFINED_FUEL区域生产群,PROJECT-15,"[608.5, 178.0]",829325.036606,barrel equivalent/sim-day,OP-37,GOV-37,OPENING_PORTFOLIO,False,True,UNAPPROVED_SCENARIO_ASSET,NEW_DATA_POINT_NEEDS_MAP_MARKER,,,5770,240.384069,72115.220575,289,180,23080.0,SCENARIO-RECIPE-REFINED_FUEL,LIC-37-REFINED_FUEL,OPENING_EXISTING_ASSET,REFINED_FUEL,721152.205745,True,"{""low"": 3289, ""medium"": 2019, ""high"": 462}",14927850658.91,829325.04,1,0.869565,AUTHORED_REFERENCE_COST_PER_CAPACITY_UNIT,,,,,
SERVICE-visual-territory-37-E1-36,visual-territory-37,visual-territory-37-E1,住房区域服务群,PROJECT-36,"[608.5, 178.0]",29886054.0,dwelling-unit,OP-37,GOV-37,OPENING_PORTFOLIO,False,True,UNAPPROVED_SCENARIO_ASSET,NEW_DATA_POINT_NEEDS_MAP_MARKER,,,0,0,0,1,90,38280.0,,,OPENING_EXISTING_ASSET,,,True,"{""low"": 0, ""medium"": 0, ""high"": 0}",1942593510000.0,107921861.67,1,,AUTHORED_REFERENCE_COST_PER_CAPACITY_UNIT,,,,,
SERVICE-visual-territory-37-E1-31,visual-territory-37,visual-territory-37-E1,基础教育区域服务群,PROJECT-31,"[608.5, 178.0]",19090212.0,student-seat,OP-37,GOV-37,OPENING_PORTFOLIO,False,True,UNAPPROVED_SCENARIO_ASSET,NEW_DATA_POINT_NEEDS_MAP_MARKER,,,699276,0,0,34964,90,38280.0,,,OPENING_EXISTING_ASSET,,,True,"{""low"": 398587, ""medium"": 244747, ""high"": 55942}",114541272000.0,6363404.0,1,,AUTHORED_REFERENCE_COST_PER_CAPACITY_UNIT,,,,,
SERVICE-visual-territory-37-E1-35,visual-territory-37,visual-territory-37-E1,医院区域服务群,PROJECT-35,"[608.5, 178.0]",287071.0,bed,OP-37,GOV-37,OPENING_PORTFOLIO,False,True,UNAPPROVED_SCENARIO_ASSET,NEW_DATA_POINT_NEEDS_MAP_MARKER,,,334916,0,0,16746,90,38280.0,,,OPENING_EXISTING_ASSET,,,True,"{""low"": 190902, ""medium"": 117221, ""high"": 26793}",20094970000.0,1116387.22,1,,AUTHORED_REFERENCE_COST_PER_CAPACITY_UNIT,,,,,
POWER-37-10,visual-territory-37,visual-territory-37-E1,太阳能区域设施群,PROJECT-10,"[608.5, 178.0]",185379.434482,MW,OP-37,GOV-37,OPENING_PORTFOLIO,False,True,UNAPPROVED_SCENARIO_ASSET,NEW_DATA_POINT_NEEDS_MAP_MARKER,,,11123,0,0,557,90,38280.0,,,OPENING_EXISTING_ASSET,,,True,"{""low"": 6340, ""medium"": 3893, ""high"": 890}",166841491033.8,9268971.72,1,,AUTHORED_REFERENCE_COST_PER_CAPACITY_UNIT,,,,,
POWER-37-11,visual-territory-37,visual-territory-37-E1,风能区域设施群,PROJECT-11,"[608.5, 178.0]",185379.434482,MW,OP-37,GOV-37,OPENING_PORTFOLIO,False,True,UNAPPROVED_SCENARIO_ASSET,NEW_DATA_POINT_NEEDS_MAP_MARKER,,,11123,0,0,557,90,38280.0,,,OPENING_EXISTING_ASSET,,,True,"{""low"": 6340, ""medium"": 3893, ""high"": 890}",166841491033.8,9268971.72,1,,AUTHORED_REFERENCE_COST_PER_CAPACITY_UNIT,,,,,
POWER-37-23,visual-territory-37,visual-territory-37-E1,国家电网区域设施群,PROJECT-23,"[608.5, 178.0]",54579.005803,MW,OP-37,GOV-37,OPENING_PORTFOLIO,False,True,UNAPPROVED_SCENARIO_ASSET,NEW_DATA_POINT_NEEDS_MAP_MARKER,,,11123,0,0,557,90,38280.0,,,OPENING_EXISTING_ASSET,,,True,"{""low"": 6340, ""medium"": 3893, ""high"": 890}",49121105222.7,2728950.29,1,,AUTHORED_REFERENCE_COST_PER_CAPACITY_UNIT,,,,,
POWER-37-13,visual-territory-37,visual-territory-37-E1,储能区域设施群,PROJECT-13,"[608.5, 178.0]",2328704.247609,MWh,OP-37,GOV-37,OPENING_PORTFOLIO,False,True,UNAPPROVED_SCENARIO_ASSET,NEW_DATA_POINT_NEEDS_MAP_MARKER,,,11123,0,0,557,90,38280.0,,,OPENING_EXISTING_ASSET,,,True,"{""low"": 6340, ""medium"": 3893, ""high"": 890}",372592679617.44,20699593.31,1,,AUTHORED_REFERENCE_COST_PER_CAPACITY_UNIT,,,,,
GATE-37,visual-territory-37,visual-territory-37-E1,国家海港集群,PROJECT-21,"[644.5, 179.5]",321596.414543,tonne/sim-day,OP-37,GOV-37,OPENING_PORTFOLIO,False,True,UNAPPROVED_SCENARIO_ASSET,NEW_DATA_POINT_NEEDS_MAP_MARKER,,,143536,0,0,7177,90,38280.0,,,OPENING_EXISTING_ASSET,,,True,"{""low"": 81815, ""medium"": 50238, ""high"": 11483}",578873546.18,32159.64,1,,AUTHORED_REFERENCE_COST_PER_CAPACITY_UNIT,,True,"[644.5, 179.5]",Snapped to original ocean shoreline with ocean-grid access; harbour engineering not surveyed,
WAREHOUSE-37,visual-territory-37,visual-territory-37-E1,国家战略与生产库存库群,PROJECT-26,"[608.5, 178.0]",16628882.055166,tonne,OP-37,GOV-37,OPENING_PORTFOLIO,False,True,UNAPPROVED_SCENARIO_ASSET,NEW_DATA_POINT_NEEDS_MAP_MARKER,,,143535,0,0,7177,90,38280.0,,,OPENING_EXISTING_ASSET,,,True,"{""low"": 81815, ""medium"": 50237, ""high"": 11483}",1995465846.62,110859.21,1,,AUTHORED_REFERENCE_COST_PER_CAPACITY_UNIT,,,,,
OPEN-RES199,visual-territory-38,visual-territory-38-E1,CRUDE_OIL开采组,PROJECT-01,"[40, 300]",1115912.54159,barrel/sim-day,OP-38,GOV-38,OPENING_PORTFOLIO,False,True,UNAPPROVED_SCENARIO_ASSET,NEW_DATA_POINT_NEEDS_MAP_MARKER,,,15217,507.232973,202893.18938,761,180,60868.0,SCENARIO-RECIPE-CRUDE_OIL,LIC-38-CRUDE_OIL,OPENING_EXISTING_ASSET,CRUDE_OIL,1014465.9469,,"{""low"": 8674, ""medium"": 5326, ""high"": 1217}",20086425748.62,1115912.54,1,0.909091,AUTHORED_REFERENCE_COST_PER_CAPACITY_UNIT,RES199,,,,
OPEN-38-GRAIN,visual-territory-38,visual-territory-38-E1,GRAIN区域生产群,,"[157.75, 266.5]",15529.740158,tonne/sim-day,OP-38,GOV-38,OPENING_PORTFOLIO,False,True,UNAPPROVED_SCENARIO_ASSET,NEW_DATA_POINT_NEEDS_MAP_MARKER,,,6753,11.253435,19291602.681429,338,180,27012.0,SCENARIO-RECIPE-GRAIN,LIC-38-GRAIN,OPENING_EXISTING_ASSET,GRAIN,13504.121877,True,"{""low"": 3849, ""medium"": 2364, ""high"": 540}",27953532.28,1552.97,1,0.869565,AUTHORED_REFERENCE_COST_PER_CAPACITY_UNIT,,,,,
OPEN-RES01,visual-territory-38,visual-territory-38-E2,IRON_ORE开采组,PROJECT-04,"[216, 241]",87978.478001,tonne/sim-day,OP-38,GOV-38,OPENING_PORTFOLIO,False,True,UNAPPROVED_SCENARIO_ASSET,NEW_DATA_POINT_NEEDS_MAP_MARKER,,,6399,199.951086,7998.043455,320,180,25596.0,SCENARIO-RECIPE-IRON_ORE,LIC-38-IRON_ORE,OPENING_EXISTING_ASSET,IRON_ORE,79980.434546,,"{""low"": 3647, ""medium"": 2240, ""high"": 512}",158361260.4,8797.85,1,0.909091,AUTHORED_REFERENCE_COST_PER_CAPACITY_UNIT,RES01,,,,
OPEN-38-REFINED_FUEL,visual-territory-38,visual-territory-38-E1,REFINED_FUEL区域生产群,PROJECT-15,"[157.75, 266.5]",2019648.204058,barrel equivalent/sim-day,OP-38,GOV-38,OPENING_PORTFOLIO,False,True,UNAPPROVED_SCENARIO_ASSET,NEW_DATA_POINT_NEEDS_MAP_MARKER,,,14050,585.405277,175621.582962,703,180,56200.0,SCENARIO-RECIPE-REFINED_FUEL,LIC-38-REFINED_FUEL,OPENING_EXISTING_ASSET,REFINED_FUEL,1756215.829616,True,"{""low"": 8008, ""medium"": 4918, ""high"": 1124}",36353667673.04,2019648.2,1,0.869565,AUTHORED_REFERENCE_COST_PER_CAPACITY_UNIT,,,,,
SERVICE-visual-territory-38-E1-36,visual-territory-38,visual-territory-38-E1,住房区域服务群,PROJECT-36,"[157.75, 266.5]",49737343.0,dwelling-unit,OP-38,GOV-38,OPENING_PORTFOLIO,False,True,UNAPPROVED_SCENARIO_ASSET,NEW_DATA_POINT_NEEDS_MAP_MARKER,,,0,0,0,1,90,114988.0,,,OPENING_EXISTING_ASSET,,,True,"{""low"": 0, ""medium"": 0, ""high"": 0}",3232927295000.0,179607071.94,1,,AUTHORED_REFERENCE_COST_PER_CAPACITY_UNIT,,,,,
SERVICE-visual-territory-38-E1-31,visual-territory-38,visual-territory-38-E1,基础教育区域服务群,PROJECT-31,"[157.75, 266.5]",31093479.0,student-seat,OP-38,GOV-38,OPENING_PORTFOLIO,False,True,UNAPPROVED_SCENARIO_ASSET,NEW_DATA_POINT_NEEDS_MAP_MARKER,,,1138956,0,0,56948,90,114988.0,,,OPENING_EXISTING_ASSET,,,True,"{""low"": 649205, ""medium"": 398635, ""high"": 91116}",186560874000.0,10364493.0,1,,AUTHORED_REFERENCE_COST_PER_CAPACITY_UNIT,,,,,
SERVICE-visual-territory-38-E1-35,visual-territory-38,visual-territory-38-E1,医院区域服务群,PROJECT-35,"[157.75, 266.5]",467572.0,bed,OP-38,GOV-38,OPENING_PORTFOLIO,False,True,UNAPPROVED_SCENARIO_ASSET,NEW_DATA_POINT_NEEDS_MAP_MARKER,,,545500,0,0,27275,90,114988.0,,,OPENING_EXISTING_ASSET,,,True,"{""low"": 310935, ""medium"": 190925, ""high"": 43640}",32730040000.0,1818335.56,1,,AUTHORED_REFERENCE_COST_PER_CAPACITY_UNIT,,,,,
SERVICE-visual-territory-38-E2-36,visual-territory-38,visual-territory-38-E2,住房区域服务群,PROJECT-36,"[216.75, 269.0]",41188994.0,dwelling-unit,OP-38,GOV-38,OPENING_PORTFOLIO,False,True,UNAPPROVED_SCENARIO_ASSET,NEW_DATA_POINT_NEEDS_MAP_MARKER,,,0,0,0,1,90,114988.0,,,OPENING_EXISTING_ASSET,,,True,"{""low"": 0, ""medium"": 0, ""high"": 0}",2677284610000.0,148738033.89,1,,AUTHORED_REFERENCE_COST_PER_CAPACITY_UNIT,,,,,
SERVICE-visual-territory-38-E2-31,visual-territory-38,visual-territory-38-E2,基础教育区域服务群,PROJECT-31,"[216.75, 269.0]",26256063.0,student-seat,OP-38,GOV-38,OPENING_PORTFOLIO,False,True,UNAPPROVED_SCENARIO_ASSET,NEW_DATA_POINT_NEEDS_MAP_MARKER,,,961761,0,0,48089,90,114988.0,,,OPENING_EXISTING_ASSET,,,True,"{""low"": 548204, ""medium"": 336616, ""high"": 76941}",157536378000.0,8752021.0,1,,AUTHORED_REFERENCE_COST_PER_CAPACITY_UNIT,,,,,
SERVICE-visual-territory-38-E2-35,visual-territory-38,visual-territory-38-E2,医院区域服务群,PROJECT-35,"[216.75, 269.0]",394829.0,bed,OP-38,GOV-38,OPENING_PORTFOLIO,False,True,UNAPPROVED_SCENARIO_ASSET,NEW_DATA_POINT_NEEDS_MAP_MARKER,,,460633,0,0,23032,90,114988.0,,,OPENING_EXISTING_ASSET,,,True,"{""low"": 262560, ""medium"": 161222, ""high"": 36851}",27638030000.0,1535446.11,1,,AUTHORED_REFERENCE_COST_PER_CAPACITY_UNIT,,,,,
POWER-38-10,visual-territory-38,visual-territory-38-E1,太阳能区域设施群,PROJECT-10,"[157.75, 266.5]",543647.997724,MW,OP-38,GOV-38,OPENING_PORTFOLIO,False,True,UNAPPROVED_SCENARIO_ASSET,NEW_DATA_POINT_NEEDS_MAP_MARKER,,,32619,0,0,1631,90,114988.0,,,OPENING_EXISTING_ASSET,,,True,"{""low"": 18592, ""medium"": 11417, ""high"": 2610}",489283197951.6,27182399.89,1,,AUTHORED_REFERENCE_COST_PER_CAPACITY_UNIT,,,,,
POWER-38-11,visual-territory-38,visual-territory-38-E1,风能区域设施群,PROJECT-11,"[157.75, 266.5]",543647.997724,MW,OP-38,GOV-38,OPENING_PORTFOLIO,False,True,UNAPPROVED_SCENARIO_ASSET,NEW_DATA_POINT_NEEDS_MAP_MARKER,,,32619,0,0,1631,90,114988.0,,,OPENING_EXISTING_ASSET,,,True,"{""low"": 18592, ""medium"": 11417, ""high"": 2610}",489283197951.6,27182399.89,1,,AUTHORED_REFERENCE_COST_PER_CAPACITY_UNIT,,,,,
POWER-38-23,visual-territory-38,visual-territory-38-E1,国家电网区域设施群,PROJECT-23,"[157.75, 266.5]",163329.639402,MW,OP-38,GOV-38,OPENING_PORTFOLIO,False,True,UNAPPROVED_SCENARIO_ASSET,NEW_DATA_POINT_NEEDS_MAP_MARKER,,,32619,0,0,1631,90,114988.0,,,OPENING_EXISTING_ASSET,,,True,"{""low"": 18592, ""medium"": 11417, ""high"": 2610}",146996675461.8,8166481.97,1,,AUTHORED_REFERENCE_COST_PER_CAPACITY_UNIT,,,,,
POWER-38-13,visual-territory-38,visual-territory-38-E1,储能区域设施群,PROJECT-13,"[157.75, 266.5]",6968731.281133,MWh,OP-38,GOV-38,OPENING_PORTFOLIO,False,True,UNAPPROVED_SCENARIO_ASSET,NEW_DATA_POINT_NEEDS_MAP_MARKER,,,32619,0,0,1631,90,114988.0,,,OPENING_EXISTING_ASSET,,,True,"{""low"": 18592, ""medium"": 11417, ""high"": 2610}",1114997004981.28,61944278.05,1,,AUTHORED_REFERENCE_COST_PER_CAPACITY_UNIT,,,,,
GATE-38,visual-territory-38,visual-territory-38-E1,国家海港集群,PROJECT-21,"[105.0, 223.5]",788040.708509,tonne/sim-day,OP-38,GOV-38,OPENING_PORTFOLIO,False,True,UNAPPROVED_SCENARIO_ASSET,NEW_DATA_POINT_NEEDS_MAP_MARKER,,,431200,0,0,21560,90,114988.0,,,OPENING_EXISTING_ASSET,,,True,"{""low"": 245784, ""medium"": 150920, ""high"": 34496}",1418473275.32,78804.07,1,,AUTHORED_REFERENCE_COST_PER_CAPACITY_UNIT,,True,"[105.0, 223.5]",Snapped to original ocean shoreline with ocean-grid access; harbour engineering not surveyed,
WAREHOUSE-38,visual-territory-38,visual-territory-38-E1,国家战略与生产库存库群,PROJECT-26,"[157.75, 266.5]",49973339.068847,tonne,OP-38,GOV-38,OPENING_PORTFOLIO,False,True,UNAPPROVED_SCENARIO_ASSET,NEW_DATA_POINT_NEEDS_MAP_MARKER,,,431200,0,0,21560,90,114988.0,,,OPENING_EXISTING_ASSET,,,True,"{""low"": 245784, ""medium"": 150920, ""high"": 34496}",5996800688.26,333155.59,1,,AUTHORED_REFERENCE_COST_PER_CAPACITY_UNIT,,,,,
OPEN-RES203,visual-territory-39,visual-territory-39-E1,URANIUM开采组,PROJECT-03,"[222, 214]",0.95744,tonne U/sim-day,OP-39,GOV-39,OPENING_PORTFOLIO,False,True,UNAPPROVED_SCENARIO_ASSET,NEW_DATA_POINT_NEEDS_MAP_MARKER,,,18,1.269333,17.408,1,180,72.0,SCENARIO-RECIPE-URANIUM,LIC-39-URANIUM,OPENING_EXISTING_ASSET,URANIUM,0.8704,,"{""low"": 11, ""medium"": 6, ""high"": 1}",5744640.0,319.15,1,0.909091,AUTHORED_REFERENCE_COST_PER_CAPACITY_UNIT,RES203,,,,
OPEN-RES204,visual-territory-39,visual-territory-39-E2,IRON_ORE开采组,PROJECT-04,"[290, 169]",64604.074496,tonne/sim-day,OP-39,GOV-39,OPENING_PORTFOLIO,False,True,UNAPPROVED_SCENARIO_ASSET,NEW_DATA_POINT_NEEDS_MAP_MARKER,,,4699,146.827442,5873.097681,235,180,18796.0,SCENARIO-RECIPE-IRON_ORE,LIC-39-IRON_ORE,OPENING_EXISTING_ASSET,IRON_ORE,58730.976814,,"{""low"": 2678, ""medium"": 1645, ""high"": 376}",116287334.09,6460.41,1,0.909091,AUTHORED_REFERENCE_COST_PER_CAPACITY_UNIT,RES204,,,,
OPEN-39-STEEL,visual-territory-39,visual-territory-39-E1,STEEL区域生产群,PROJECT-14,"[248.75, 204.0]",206694.803655,tonne/sim-day,OP-39,GOV-39,OPENING_PORTFOLIO,False,True,UNAPPROVED_SCENARIO_ASSET,NEW_DATA_POINT_NEEDS_MAP_MARKER,,,21569,4867.812405,359469.223748,1079,180,86276.0,SCENARIO-RECIPE-STEEL,LIC-39-STEEL,OPENING_EXISTING_ASSET,STEEL,179734.611874,True,"{""low"": 12294, ""medium"": 7549, ""high"": 1726}",372050646.58,20669.48,1,0.869565,AUTHORED_REFERENCE_COST_PER_CAPACITY_UNIT,,,,,
SERVICE-visual-territory-39-E1-36,visual-territory-39,visual-territory-39-E1,住房区域服务群,PROJECT-36,"[248.75, 204.0]",34504957.0,dwelling-unit,OP-39,GOV-39,OPENING_PORTFOLIO,False,True,UNAPPROVED_SCENARIO_ASSET,NEW_DATA_POINT_NEEDS_MAP_MARKER,,,0,0,0,1,90,88192.0,,,OPENING_EXISTING_ASSET,,,True,"{""low"": 0, ""medium"": 0, ""high"": 0}",2242822205000.0,124601233.61,1,,AUTHORED_REFERENCE_COST_PER_CAPACITY_UNIT,,,,,
SERVICE-visual-territory-39-E1-31,visual-territory-39,visual-territory-39-E1,基础教育区域服务群,PROJECT-31,"[248.75, 204.0]",22080864.0,student-seat,OP-39,GOV-39,OPENING_PORTFOLIO,False,True,UNAPPROVED_SCENARIO_ASSET,NEW_DATA_POINT_NEEDS_MAP_MARKER,,,808823,0,0,40442,90,88192.0,,,OPENING_EXISTING_ASSET,,,True,"{""low"": 461029, ""medium"": 283088, ""high"": 64706}",132485184000.0,7360288.0,1,,AUTHORED_REFERENCE_COST_PER_CAPACITY_UNIT,,,,,
SERVICE-visual-territory-39-E1-35,visual-territory-39,visual-territory-39-E1,医院区域服务群,PROJECT-35,"[248.75, 204.0]",332044.0,bed,OP-39,GOV-39,OPENING_PORTFOLIO,False,True,UNAPPROVED_SCENARIO_ASSET,NEW_DATA_POINT_NEEDS_MAP_MARKER,,,387384,0,0,19370,90,88192.0,,,OPENING_EXISTING_ASSET,,,True,"{""low"": 220809, ""medium"": 135584, ""high"": 30991}",23243080000.0,1291282.22,1,,AUTHORED_REFERENCE_COST_PER_CAPACITY_UNIT,,,,,
SERVICE-visual-territory-39-E2-36,visual-territory-39,visual-territory-39-E2,住房区域服务群,PROJECT-36,"[296.25, 220.0]",34425156.0,dwelling-unit,OP-39,GOV-39,OPENING_PORTFOLIO,False,True,UNAPPROVED_SCENARIO_ASSET,NEW_DATA_POINT_NEEDS_MAP_MARKER,,,0,0,0,1,90,88192.0,,,OPENING_EXISTING_ASSET,,,True,"{""low"": 0, ""medium"": 0, ""high"": 0}",2237635140000.0,124313063.33,1,,AUTHORED_REFERENCE_COST_PER_CAPACITY_UNIT,,,,,
SERVICE-visual-territory-39-E2-31,visual-territory-39,visual-territory-39-E2,基础教育区域服务群,PROJECT-31,"[296.25, 220.0]",21904222.0,student-seat,OP-39,GOV-39,OPENING_PORTFOLIO,False,True,UNAPPROVED_SCENARIO_ASSET,NEW_DATA_POINT_NEEDS_MAP_MARKER,,,802353,0,0,40118,90,88192.0,,,OPENING_EXISTING_ASSET,,,True,"{""low"": 457341, ""medium"": 280824, ""high"": 64188}",131425332000.0,7301407.33,1,,AUTHORED_REFERENCE_COST_PER_CAPACITY_UNIT,,,,,
SERVICE-visual-territory-39-E2-35,visual-territory-39,visual-territory-39-E2,医院区域服务群,PROJECT-35,"[296.25, 220.0]",329387.0,bed,OP-39,GOV-39,OPENING_PORTFOLIO,False,True,UNAPPROVED_SCENARIO_ASSET,NEW_DATA_POINT_NEEDS_MAP_MARKER,,,384285,0,0,19215,90,88192.0,,,OPENING_EXISTING_ASSET,,,True,"{""low"": 219042, ""medium"": 134500, ""high"": 30743}",23057090000.0,1280949.44,1,,AUTHORED_REFERENCE_COST_PER_CAPACITY_UNIT,,,,,
POWER-39-10,visual-territory-39,visual-territory-39-E1,太阳能区域设施群,PROJECT-10,"[248.75, 204.0]",408412.840204,MW,OP-39,GOV-39,OPENING_PORTFOLIO,False,True,UNAPPROVED_SCENARIO_ASSET,NEW_DATA_POINT_NEEDS_MAP_MARKER,,,24505,0,0,1226,90,88192.0,,,OPENING_EXISTING_ASSET,,,True,"{""low"": 13968, ""medium"": 8577, ""high"": 1960}",367571556183.6,20420642.01,1,,AUTHORED_REFERENCE_COST_PER_CAPACITY_UNIT,,,,,
POWER-39-11,visual-territory-39,visual-territory-39-E1,风能区域设施群,PROJECT-11,"[248.75, 204.0]",408412.840204,MW,OP-39,GOV-39,OPENING_PORTFOLIO,False,True,UNAPPROVED_SCENARIO_ASSET,NEW_DATA_POINT_NEEDS_MAP_MARKER,,,24505,0,0,1226,90,88192.0,,,OPENING_EXISTING_ASSET,,,True,"{""low"": 13968, ""medium"": 8577, ""high"": 1960}",367571556183.6,20420642.01,1,,AUTHORED_REFERENCE_COST_PER_CAPACITY_UNIT,,,,,
POWER-39-23,visual-territory-39,visual-territory-39-E1,国家电网区域设施群,PROJECT-23,"[248.75, 204.0]",130287.984663,MW,OP-39,GOV-39,OPENING_PORTFOLIO,False,True,UNAPPROVED_SCENARIO_ASSET,NEW_DATA_POINT_NEEDS_MAP_MARKER,,,24505,0,0,1226,90,88192.0,,,OPENING_EXISTING_ASSET,,,True,"{""low"": 13968, ""medium"": 8577, ""high"": 1960}",117259186196.7,6514399.23,1,,AUTHORED_REFERENCE_COST_PER_CAPACITY_UNIT,,,,,
POWER-39-13,visual-territory-39,visual-territory-39-E1,储能区域设施群,PROJECT-13,"[248.75, 204.0]",5558954.012282,MWh,OP-39,GOV-39,OPENING_PORTFOLIO,False,True,UNAPPROVED_SCENARIO_ASSET,NEW_DATA_POINT_NEEDS_MAP_MARKER,,,24505,0,0,1226,90,88192.0,,,OPENING_EXISTING_ASSET,,,True,"{""low"": 13968, ""medium"": 8577, ""high"": 1960}",889432641965.12,49412924.55,1,,AUTHORED_REFERENCE_COST_PER_CAPACITY_UNIT,,,,,
GATE-39,visual-territory-39,visual-territory-39-E1,国家海港集群,PROJECT-21,"[263.5, 174.5]",729910.67971,tonne/sim-day,OP-39,GOV-39,OPENING_PORTFOLIO,False,True,UNAPPROVED_SCENARIO_ASSET,NEW_DATA_POINT_NEEDS_MAP_MARKER,,,330715,0,0,16536,90,88192.0,,,OPENING_EXISTING_ASSET,,,True,"{""low"": 188508, ""medium"": 115750, ""high"": 26457}",1313839223.48,72991.07,1,,AUTHORED_REFERENCE_COST_PER_CAPACITY_UNIT,,True,"[263.5, 174.5]",Snapped to original ocean shoreline with ocean-grid access; harbour engineering not surveyed,
WAREHOUSE-39,visual-territory-39,visual-territory-39-E1,国家战略与生产库存库群,PROJECT-26,"[248.75, 204.0]",44270975.1023,tonne,OP-39,GOV-39,OPENING_PORTFOLIO,False,True,UNAPPROVED_SCENARIO_ASSET,NEW_DATA_POINT_NEEDS_MAP_MARKER,,,330715,0,0,16536,90,88192.0,,,OPENING_EXISTING_ASSET,,,True,"{""low"": 188508, ""medium"": 115750, ""high"": 26457}",5312517012.28,295139.83,1,,AUTHORED_REFERENCE_COST_PER_CAPACITY_UNIT,,,,,
OPEN-RES205,visual-territory-40,visual-territory-40-E1,CRUDE_OIL开采组,PROJECT-01,"[314, 341]",361527.97923,barrel/sim-day,OP-40,GOV-40,OPENING_PORTFOLIO,False,True,UNAPPROVED_SCENARIO_ASSET,NEW_DATA_POINT_NEEDS_MAP_MARKER,,,4930,164.3309,65732.35986,247,180,19720.0,SCENARIO-RECIPE-CRUDE_OIL,LIC-40-CRUDE_OIL,OPENING_EXISTING_ASSET,CRUDE_OIL,328661.7993,,"{""low"": 2810, ""medium"": 1726, ""high"": 394}",6507503626.14,361527.98,1,0.909091,AUTHORED_REFERENCE_COST_PER_CAPACITY_UNIT,RES205,,,,
OPEN-40-MACHINERY,visual-territory-40,visual-territory-40-E2,MACHINERY区域生产群,PROJECT-16,"[350.75, 296.5]",278.789662,equipment unit/sim-day,OP-40,GOV-40,OPENING_PORTFOLIO,False,True,UNAPPROVED_SCENARIO_ASSET,NEW_DATA_POINT_NEEDS_MAP_MARKER,,,49,20.202149,242.425793,3,180,196.0,SCENARIO-RECIPE-MACHINERY,LIC-40-MACHINERY,OPENING_EXISTING_ASSET,MACHINERY,242.425793,True,"{""low"": 23, ""medium"": 17, ""high"": 9}",334547594.4,18585.98,1,0.869565,AUTHORED_REFERENCE_COST_PER_CAPACITY_UNIT,,,,,
OPEN-40-SEMICONDUCTORS,visual-territory-40,visual-territory-40-E2,SEMICONDUCTORS区域生产群,PROJECT-17,"[350.75, 296.5]",2567050.0514,standardised chip unit/sim-day,OP-40,GOV-40,OPENING_PORTFOLIO,False,True,UNAPPROVED_SCENARIO_ASSET,NEW_DATA_POINT_NEEDS_MAP_MARKER,,,2233,9.300906,223.221744,112,180,8932.0,SCENARIO-RECIPE-SEMICONDUCTORS,LIC-40-SEMICONDUCTORS,OPENING_EXISTING_ASSET,SEMICONDUCTORS,2232217.436,True,"{""low"": 781, ""medium"": 782, ""high"": 670}",8984675179.9,499148.62,1,0.869565,AUTHORED_REFERENCE_COST_PER_CAPACITY_UNIT,,,,,
SERVICE-visual-territory-40-E1-36,visual-territory-40,visual-territory-40-E1,住房区域服务群,PROJECT-36,"[316.75, 297.5]",28885655.0,dwelling-unit,OP-40,GOV-40,OPENING_PORTFOLIO,False,True,UNAPPROVED_SCENARIO_ASSET,NEW_DATA_POINT_NEEDS_MAP_MARKER,,,0,0,0,1,90,77628.0,,,OPENING_EXISTING_ASSET,,,True,"{""low"": 0, ""medium"": 0, ""high"": 0}",1877567575000.0,104309309.72,1,,AUTHORED_REFERENCE_COST_PER_CAPACITY_UNIT,,,,,
SERVICE-visual-territory-40-E1-31,visual-territory-40,visual-territory-40-E1,基础教育区域服务群,PROJECT-31,"[316.75, 297.5]",18096146.0,student-seat,OP-40,GOV-40,OPENING_PORTFOLIO,False,True,UNAPPROVED_SCENARIO_ASSET,NEW_DATA_POINT_NEEDS_MAP_MARKER,,,662863,0,0,33144,90,77628.0,,,OPENING_EXISTING_ASSET,,,True,"{""low"": 377832, ""medium"": 232002, ""high"": 53029}",108576876000.0,6032048.67,1,,AUTHORED_REFERENCE_COST_PER_CAPACITY_UNIT,,,,,
SERVICE-visual-territory-40-E1-35,visual-territory-40,visual-territory-40-E1,医院区域服务群,PROJECT-35,"[316.75, 297.5]",272123.0,bed,OP-40,GOV-40,OPENING_PORTFOLIO,False,True,UNAPPROVED_SCENARIO_ASSET,NEW_DATA_POINT_NEEDS_MAP_MARKER,,,317477,0,0,15874,90,77628.0,,,OPENING_EXISTING_ASSET,,,True,"{""low"": 180962, ""medium"": 111117, ""high"": 25398}",19048610000.0,1058256.11,1,,AUTHORED_REFERENCE_COST_PER_CAPACITY_UNIT,,,,,
SERVICE-visual-territory-40-E2-36,visual-territory-40,visual-territory-40-E2,住房区域服务群,PROJECT-36,"[350.75, 296.5]",34054836.0,dwelling-unit,OP-40,GOV-40,OPENING_PORTFOLIO,False,True,UNAPPROVED_SCENARIO_ASSET,NEW_DATA_POINT_NEEDS_MAP_MARKER,,,0,0,0,1,90,77628.0,,,OPENING_EXISTING_ASSET,,,True,"{""low"": 0, ""medium"": 0, ""high"": 0}",2213564340000.0,122975796.67,1,,AUTHORED_REFERENCE_COST_PER_CAPACITY_UNIT,,,,,
SERVICE-visual-territory-40-E2-31,visual-territory-40,visual-territory-40-E2,基础教育区域服务群,PROJECT-31,"[350.75, 296.5]",20620797.0,student-seat,OP-40,GOV-40,OPENING_PORTFOLIO,False,True,UNAPPROVED_SCENARIO_ASSET,NEW_DATA_POINT_NEEDS_MAP_MARKER,,,755341,0,0,37768,90,77628.0,,,OPENING_EXISTING_ASSET,,,True,"{""low"": 430545, ""medium"": 264369, ""high"": 60427}",123724782000.0,6873599.0,1,,AUTHORED_REFERENCE_COST_PER_CAPACITY_UNIT,,,,,
SERVICE-visual-territory-40-E2-35,visual-territory-40,visual-territory-40-E2,医院区域服务群,PROJECT-35,"[350.75, 296.5]",310088.0,bed,OP-40,GOV-40,OPENING_PORTFOLIO,False,True,UNAPPROVED_SCENARIO_ASSET,NEW_DATA_POINT_NEEDS_MAP_MARKER,,,361769,0,0,18089,90,77628.0,,,OPENING_EXISTING_ASSET,,,True,"{""low"": 206208, ""medium"": 126619, ""high"": 28942}",21706160000.0,1205897.78,1,,AUTHORED_REFERENCE_COST_PER_CAPACITY_UNIT,,,,,
POWER-40-10,visual-territory-40,visual-territory-40-E2,太阳能区域设施群,PROJECT-10,"[350.75, 296.5]",388229.395283,MW,OP-40,GOV-40,OPENING_PORTFOLIO,False,True,UNAPPROVED_SCENARIO_ASSET,NEW_DATA_POINT_NEEDS_MAP_MARKER,,,23294,0,0,1165,90,77628.0,,,OPENING_EXISTING_ASSET,,,True,"{""low"": 13277, ""medium"": 8153, ""high"": 1864}",349406455754.7,19411469.76,1,,AUTHORED_REFERENCE_COST_PER_CAPACITY_UNIT,,,,,
POWER-40-11,visual-territory-40,visual-territory-40-E2,风能区域设施群,PROJECT-11,"[350.75, 296.5]",388229.395283,MW,OP-40,GOV-40,OPENING_PORTFOLIO,False,True,UNAPPROVED_SCENARIO_ASSET,NEW_DATA_POINT_NEEDS_MAP_MARKER,,,23294,0,0,1165,90,77628.0,,,OPENING_EXISTING_ASSET,,,True,"{""low"": 13277, ""medium"": 8153, ""high"": 1864}",349406455754.7,19411469.76,1,,AUTHORED_REFERENCE_COST_PER_CAPACITY_UNIT,,,,,
POWER-40-23,visual-territory-40,visual-territory-40-E2,国家电网区域设施群,PROJECT-23,"[350.75, 296.5]",109406.604444,MW,OP-40,GOV-40,OPENING_PORTFOLIO,False,True,UNAPPROVED_SCENARIO_ASSET,NEW_DATA_POINT_NEEDS_MAP_MARKER,,,23294,0,0,1165,90,77628.0,,,OPENING_EXISTING_ASSET,,,True,"{""low"": 13277, ""medium"": 8153, ""high"": 1864}",98465943999.6,5470330.22,1,,AUTHORED_REFERENCE_COST_PER_CAPACITY_UNIT,,,,,
POWER-40-13,visual-territory-40,visual-territory-40-E2,储能区域设施群,PROJECT-13,"[350.75, 296.5]",4668015.122936,MWh,OP-40,GOV-40,OPENING_PORTFOLIO,False,True,UNAPPROVED_SCENARIO_ASSET,NEW_DATA_POINT_NEEDS_MAP_MARKER,,,23294,0,0,1165,90,77628.0,,,OPENING_EXISTING_ASSET,,,True,"{""low"": 13277, ""medium"": 8153, ""high"": 1864}",746882419669.76,41493467.76,1,,AUTHORED_REFERENCE_COST_PER_CAPACITY_UNIT,,,,,
GATE-40,visual-territory-40,visual-territory-40-E1,河口与过境物流集群,PROJECT-25,"[323.5, 344.0]",297258.003804,tonne/sim-day,OP-40,GOV-40,OPENING_PORTFOLIO,False,True,UNAPPROVED_SCENARIO_ASSET,NEW_DATA_POINT_NEEDS_MAP_MARKER,,,291105,0,0,14556,90,77628.0,,,OPENING_EXISTING_ASSET,,,True,"{""low"": 165930, ""medium"": 101887, ""high"": 23288}",535064406.85,29725.8,1,,AUTHORED_REFERENCE_COST_PER_CAPACITY_UNIT,,True,,,NARROW_WATER_ACCESS_NOT_RESOLVED_AT_6PX_USE_OVERLAND_TRANSIT_PROPOSAL
WAREHOUSE-40,visual-territory-40,visual-territory-40-E2,国家战略与生产库存库群,PROJECT-26,"[350.75, 296.5]",17374496.232723,tonne,OP-40,GOV-40,OPENING_PORTFOLIO,False,True,UNAPPROVED_SCENARIO_ASSET,NEW_DATA_POINT_NEEDS_MAP_MARKER,,,291105,0,0,14556,90,77628.0,,,OPENING_EXISTING_ASSET,,,True,"{""low"": 165930, ""medium"": 101887, ""high"": 23288}",2084939547.93,115829.97,1,,AUTHORED_REFERENCE_COST_PER_CAPACITY_UNIT,,,,,
OPEN-RES209,visual-territory-41,visual-territory-41-E2,CRUDE_OIL开采组,PROJECT-01,"[477, 230]",602052.53229,barrel/sim-day,OP-41,GOV-41,OPENING_PORTFOLIO,False,True,UNAPPROVED_SCENARIO_ASSET,NEW_DATA_POINT_NEEDS_MAP_MARKER,,,8210,273.660242,109464.09678,411,180,32840.0,SCENARIO-RECIPE-CRUDE_OIL,LIC-41-CRUDE_OIL,OPENING_EXISTING_ASSET,CRUDE_OIL,547320.4839,,"{""low"": 4679, ""medium"": 2874, ""high"": 657}",10836945581.22,602052.53,1,0.909091,AUTHORED_REFERENCE_COST_PER_CAPACITY_UNIT,RES209,,,,
OPEN-RES210,visual-territory-41,visual-territory-41-E2,IRON_ORE开采组,PROJECT-04,"[447, 270]",260422.10106,tonne/sim-day,OP-41,GOV-41,OPENING_PORTFOLIO,False,True,UNAPPROVED_SCENARIO_ASSET,NEW_DATA_POINT_NEEDS_MAP_MARKER,,,18940,591.868411,23674.73646,947,180,75760.0,SCENARIO-RECIPE-IRON_ORE,LIC-41-IRON_ORE,OPENING_EXISTING_ASSET,IRON_ORE,236747.3646,,"{""low"": 10796, ""medium"": 6629, ""high"": 1515}",468759781.91,26042.21,1,0.909091,AUTHORED_REFERENCE_COST_PER_CAPACITY_UNIT,RES210,,,,
OPEN-41-STEEL,visual-territory-41,visual-territory-41-E1,STEEL区域生产群,PROJECT-14,"[385.75, 263.5]",59502.050591,tonne/sim-day,OP-41,GOV-41,OPENING_PORTFOLIO,False,True,UNAPPROVED_SCENARIO_ASSET,NEW_DATA_POINT_NEEDS_MAP_MARKER,,,6209,1401.316409,103481.827114,311,180,24836.0,SCENARIO-RECIPE-STEEL,LIC-41-STEEL,OPENING_EXISTING_ASSET,STEEL,51740.913557,True,"{""low"": 3539, ""medium"": 2173, ""high"": 497}",107103691.06,5950.21,1,0.869565,AUTHORED_REFERENCE_COST_PER_CAPACITY_UNIT,,,,,
SERVICE-visual-territory-41-E1-36,visual-territory-41,visual-territory-41-E1,住房区域服务群,PROJECT-36,"[385.75, 263.5]",34618724.0,dwelling-unit,OP-41,GOV-41,OPENING_PORTFOLIO,False,True,UNAPPROVED_SCENARIO_ASSET,NEW_DATA_POINT_NEEDS_MAP_MARKER,,,0,0,0,1,90,83728.0,,,OPENING_EXISTING_ASSET,,,True,"{""low"": 0, ""medium"": 0, ""high"": 0}",2250217060000.0,125012058.89,1,,AUTHORED_REFERENCE_COST_PER_CAPACITY_UNIT,,,,,
SERVICE-visual-territory-41-E1-31,visual-territory-41,visual-territory-41-E1,基础教育区域服务群,PROJECT-31,"[385.75, 263.5]",21468897.0,student-seat,OP-41,GOV-41,OPENING_PORTFOLIO,False,True,UNAPPROVED_SCENARIO_ASSET,NEW_DATA_POINT_NEEDS_MAP_MARKER,,,786407,0,0,39321,90,83728.0,,,OPENING_EXISTING_ASSET,,,True,"{""low"": 448252, ""medium"": 275242, ""high"": 62913}",128813382000.0,7156299.0,1,,AUTHORED_REFERENCE_COST_PER_CAPACITY_UNIT,,,,,
SERVICE-visual-territory-41-E1-35,visual-territory-41,visual-territory-41-E1,医院区域服务群,PROJECT-35,"[385.75, 263.5]",322841.0,bed,OP-41,GOV-41,OPENING_PORTFOLIO,False,True,UNAPPROVED_SCENARIO_ASSET,NEW_DATA_POINT_NEEDS_MAP_MARKER,,,376648,0,0,18833,90,83728.0,,,OPENING_EXISTING_ASSET,,,True,"{""low"": 214689, ""medium"": 131827, ""high"": 30132}",22598870000.0,1255492.78,1,,AUTHORED_REFERENCE_COST_PER_CAPACITY_UNIT,,,,,
SERVICE-visual-territory-41-E2-36,visual-territory-41,visual-territory-41-E2,住房区域服务群,PROJECT-36,"[432.75, 249.0]",32116984.0,dwelling-unit,OP-41,GOV-41,OPENING_PORTFOLIO,False,True,UNAPPROVED_SCENARIO_ASSET,NEW_DATA_POINT_NEEDS_MAP_MARKER,,,0,0,0,1,90,83728.0,,,OPENING_EXISTING_ASSET,,,True,"{""low"": 0, ""medium"": 0, ""high"": 0}",2087603960000.0,115977997.78,1,,AUTHORED_REFERENCE_COST_PER_CAPACITY_UNIT,,,,,
SERVICE-visual-territory-41-E2-31,visual-territory-41,visual-territory-41-E2,基础教育区域服务群,PROJECT-31,"[432.75, 249.0]",20289985.0,student-seat,OP-41,GOV-41,OPENING_PORTFOLIO,False,True,UNAPPROVED_SCENARIO_ASSET,NEW_DATA_POINT_NEEDS_MAP_MARKER,,,743223,0,0,37162,90,83728.0,,,OPENING_EXISTING_ASSET,,,True,"{""low"": 423637, ""medium"": 260128, ""high"": 59458}",121739910000.0,6763328.33,1,,AUTHORED_REFERENCE_COST_PER_CAPACITY_UNIT,,,,,
SERVICE-visual-territory-41-E2-35,visual-territory-41,visual-territory-41-E2,医院区域服务群,PROJECT-35,"[432.75, 249.0]",305113.0,bed,OP-41,GOV-41,OPENING_PORTFOLIO,False,True,UNAPPROVED_SCENARIO_ASSET,NEW_DATA_POINT_NEEDS_MAP_MARKER,,,355965,0,0,17799,90,83728.0,,,OPENING_EXISTING_ASSET,,,True,"{""low"": 202900, ""medium"": 124588, ""high"": 28477}",21357910000.0,1186550.56,1,,AUTHORED_REFERENCE_COST_PER_CAPACITY_UNIT,,,,,
POWER-41-10,visual-territory-41,visual-territory-41-E1,太阳能区域设施群,PROJECT-10,"[385.75, 263.5]",440506.722791,MW,OP-41,GOV-41,OPENING_PORTFOLIO,False,True,UNAPPROVED_SCENARIO_ASSET,NEW_DATA_POINT_NEEDS_MAP_MARKER,,,26432,0,0,1322,90,83728.0,,,OPENING_EXISTING_ASSET,,,True,"{""low"": 15066, ""medium"": 9251, ""high"": 2115}",396456050511.9,22025336.14,1,,AUTHORED_REFERENCE_COST_PER_CAPACITY_UNIT,,,,,
POWER-41-11,visual-territory-41,visual-territory-41-E1,风能区域设施群,PROJECT-11,"[385.75, 263.5]",440506.722791,MW,OP-41,GOV-41,OPENING_PORTFOLIO,False,True,UNAPPROVED_SCENARIO_ASSET,NEW_DATA_POINT_NEEDS_MAP_MARKER,,,26430,0,0,1322,90,83728.0,,,OPENING_EXISTING_ASSET,,,True,"{""low"": 15066, ""medium"": 9250, ""high"": 2114}",396456050511.9,22025336.14,1,,AUTHORED_REFERENCE_COST_PER_CAPACITY_UNIT,,,,,
POWER-41-23,visual-territory-41,visual-territory-41-E1,国家电网区域设施群,PROJECT-23,"[385.75, 263.5]",120574.762015,MW,OP-41,GOV-41,OPENING_PORTFOLIO,False,True,UNAPPROVED_SCENARIO_ASSET,NEW_DATA_POINT_NEEDS_MAP_MARKER,,,26430,0,0,1322,90,83728.0,,,OPENING_EXISTING_ASSET,,,True,"{""low"": 15066, ""medium"": 9250, ""high"": 2114}",108517285813.5,6028738.1,1,,AUTHORED_REFERENCE_COST_PER_CAPACITY_UNIT,,,,,
POWER-41-13,visual-territory-41,visual-territory-41-E1,储能区域设施群,PROJECT-13,"[385.75, 263.5]",5144523.179322,MWh,OP-41,GOV-41,OPENING_PORTFOLIO,False,True,UNAPPROVED_SCENARIO_ASSET,NEW_DATA_POINT_NEEDS_MAP_MARKER,,,26430,0,0,1322,90,83728.0,,,OPENING_EXISTING_ASSET,,,True,"{""low"": 15066, ""medium"": 9250, ""high"": 2114}",823123708691.52,45729094.93,1,,AUTHORED_REFERENCE_COST_PER_CAPACITY_UNIT,,,,,
GATE-41,visual-territory-41,visual-territory-41-E1,内陆货运口岸,PROJECT-25,"[385.75, 263.5]",543979.74032,tonne/sim-day,OP-41,GOV-41,OPENING_PORTFOLIO,False,True,UNAPPROVED_SCENARIO_ASSET,NEW_DATA_POINT_NEEDS_MAP_MARKER,,,313977,0,0,15699,90,83728.0,,,OPENING_EXISTING_ASSET,,,True,"{""low"": 178967, ""medium"": 109892, ""high"": 25118}",979163532.58,54397.97,1,,AUTHORED_REFERENCE_COST_PER_CAPACITY_UNIT,,False,,,
WAREHOUSE-41,visual-territory-41,visual-territory-41-E1,国家战略与生产库存库群,PROJECT-26,"[385.75, 263.5]",27089898.142464,tonne,OP-41,GOV-41,OPENING_PORTFOLIO,False,True,UNAPPROVED_SCENARIO_ASSET,NEW_DATA_POINT_NEEDS_MAP_MARKER,,,313977,0,0,15699,90,83728.0,,,OPENING_EXISTING_ASSET,,,True,"{""low"": 178967, ""medium"": 109892, ""high"": 25118}",3250787777.1,180599.32,1,,AUTHORED_REFERENCE_COST_PER_CAPACITY_UNIT,,,,,
OPEN-RES214,visual-territory-42,visual-territory-42-E1,IRON_ORE开采组,PROJECT-04,"[491, 270]",127764.41865,tonne/sim-day,OP-42,GOV-42,OPENING_PORTFOLIO,False,True,UNAPPROVED_SCENARIO_ASSET,NEW_DATA_POINT_NEEDS_MAP_MARKER,,,9292,290.373679,11614.94715,465,180,37168.0,SCENARIO-RECIPE-IRON_ORE,LIC-42-IRON_ORE,OPENING_EXISTING_ASSET,IRON_ORE,116149.4715,,"{""low"": 5297, ""medium"": 3252, ""high"": 743}",229975953.57,12776.44,1,0.909091,AUTHORED_REFERENCE_COST_PER_CAPACITY_UNIT,RES214,,,,
OPEN-42-STEEL,visual-territory-42,visual-territory-42-E1,STEEL区域生产群,PROJECT-14,"[499.5, 260.5]",74348.417689,tonne/sim-day,OP-42,GOV-42,OPENING_PORTFOLIO,False,True,UNAPPROVED_SCENARIO_ASSET,NEW_DATA_POINT_NEEDS_MAP_MARKER,,,7759,1750.959112,129301.595982,388,180,31036.0,SCENARIO-RECIPE-STEEL,LIC-42-STEEL,OPENING_EXISTING_ASSET,STEEL,64650.797991,True,"{""low"": 4422, ""medium"": 2716, ""high"": 621}",133827151.84,7434.84,1,0.869565,AUTHORED_REFERENCE_COST_PER_CAPACITY_UNIT,,,,,
OPEN-42-MACHINERY,visual-territory-42,visual-territory-42-E1,MACHINERY区域生产群,PROJECT-16,"[499.5, 260.5]",175.395867,equipment unit/sim-day,OP-42,GOV-42,OPENING_PORTFOLIO,False,True,UNAPPROVED_SCENARIO_ASSET,NEW_DATA_POINT_NEEDS_MAP_MARKER,,,31,12.709845,152.518145,2,180,124.0,SCENARIO-RECIPE-MACHINERY,LIC-42-MACHINERY,OPENING_EXISTING_ASSET,MACHINERY,152.518145,True,"{""low"": 14, ""medium"": 11, ""high"": 6}",210475040.4,11693.06,1,0.869565,AUTHORED_REFERENCE_COST_PER_CAPACITY_UNIT,,,,,
SERVICE-visual-territory-42-E1-36,visual-territory-42,visual-territory-42-E1,住房区域服务群,PROJECT-36,"[499.5, 260.5]",40614928.0,dwelling-unit,OP-42,GOV-42,OPENING_PORTFOLIO,False,True,UNAPPROVED_SCENARIO_ASSET,NEW_DATA_POINT_NEEDS_MAP_MARKER,,,0,0,0,1,90,51864.0,,,OPENING_EXISTING_ASSET,,,True,"{""low"": 0, ""medium"": 0, ""high"": 0}",2639970320000.0,146665017.78,1,,AUTHORED_REFERENCE_COST_PER_CAPACITY_UNIT,,,,,
SERVICE-visual-territory-42-E1-31,visual-territory-42,visual-territory-42-E1,基础教育区域服务群,PROJECT-31,"[499.5, 260.5]",25866407.0,student-seat,OP-42,GOV-42,OPENING_PORTFOLIO,False,True,UNAPPROVED_SCENARIO_ASSET,NEW_DATA_POINT_NEEDS_MAP_MARKER,,,947488,0,0,47375,90,51864.0,,,OPENING_EXISTING_ASSET,,,True,"{""low"": 540068, ""medium"": 331621, ""high"": 75799}",155198442000.0,8622135.67,1,,AUTHORED_REFERENCE_COST_PER_CAPACITY_UNIT,,,,,
SERVICE-visual-territory-42-E1-35,visual-territory-42,visual-territory-42-E1,医院区域服务群,PROJECT-35,"[499.5, 260.5]",388969.0,bed,OP-42,GOV-42,OPENING_PORTFOLIO,False,True,UNAPPROVED_SCENARIO_ASSET,NEW_DATA_POINT_NEEDS_MAP_MARKER,,,453797,0,0,22690,90,51864.0,,,OPENING_EXISTING_ASSET,,,True,"{""low"": 258664, ""medium"": 158829, ""high"": 36304}",27227830000.0,1512657.22,1,,AUTHORED_REFERENCE_COST_PER_CAPACITY_UNIT,,,,,
POWER-42-10,visual-territory-42,visual-territory-42-E1,太阳能区域设施群,PROJECT-10,"[499.5, 260.5]",270694.742148,MW,OP-42,GOV-42,OPENING_PORTFOLIO,False,True,UNAPPROVED_SCENARIO_ASSET,NEW_DATA_POINT_NEEDS_MAP_MARKER,,,16244,0,0,813,90,51864.0,,,OPENING_EXISTING_ASSET,,,True,"{""low"": 9259, ""medium"": 5685, ""high"": 1300}",243625267933.2,13534737.11,1,,AUTHORED_REFERENCE_COST_PER_CAPACITY_UNIT,,,,,
POWER-42-11,visual-territory-42,visual-territory-42-E1,风能区域设施群,PROJECT-11,"[499.5, 260.5]",270694.742148,MW,OP-42,GOV-42,OPENING_PORTFOLIO,False,True,UNAPPROVED_SCENARIO_ASSET,NEW_DATA_POINT_NEEDS_MAP_MARKER,,,16241,0,0,813,90,51864.0,,,OPENING_EXISTING_ASSET,,,True,"{""low"": 9258, ""medium"": 5684, ""high"": 1299}",243625267933.2,13534737.11,1,,AUTHORED_REFERENCE_COST_PER_CAPACITY_UNIT,,,,,
POWER-42-23,visual-territory-42,visual-territory-42-E1,国家电网区域设施群,PROJECT-23,"[499.5, 260.5]",75499.150608,MW,OP-42,GOV-42,OPENING_PORTFOLIO,False,True,UNAPPROVED_SCENARIO_ASSET,NEW_DATA_POINT_NEEDS_MAP_MARKER,,,16241,0,0,813,90,51864.0,,,OPENING_EXISTING_ASSET,,,True,"{""low"": 9258, ""medium"": 5684, ""high"": 1299}",67949235547.2,3774957.53,1,,AUTHORED_REFERENCE_COST_PER_CAPACITY_UNIT,,,,,
POWER-42-13,visual-territory-42,visual-territory-42-E1,储能区域设施群,PROJECT-13,"[499.5, 260.5]",3221297.09261,MWh,OP-42,GOV-42,OPENING_PORTFOLIO,False,True,UNAPPROVED_SCENARIO_ASSET,NEW_DATA_POINT_NEEDS_MAP_MARKER,,,16241,0,0,813,90,51864.0,,,OPENING_EXISTING_ASSET,,,True,"{""low"": 9258, ""medium"": 5684, ""high"": 1299}",515407534817.6,28633751.93,1,,AUTHORED_REFERENCE_COST_PER_CAPACITY_UNIT,,,,,
GATE-42,visual-territory-42,visual-territory-42-E1,国家海港集群,PROJECT-21,"[529.5, 290.5]",213680.313027,tonne/sim-day,OP-42,GOV-42,OPENING_PORTFOLIO,False,True,UNAPPROVED_SCENARIO_ASSET,NEW_DATA_POINT_NEEDS_MAP_MARKER,,,194485,0,0,9725,90,51864.0,,,OPENING_EXISTING_ASSET,,,True,"{""low"": 110856, ""medium"": 68070, ""high"": 15559}",384624563.45,21368.03,1,,AUTHORED_REFERENCE_COST_PER_CAPACITY_UNIT,,True,"[529.5, 290.5]",Snapped to original ocean shoreline with ocean-grid access; harbour engineering not surveyed,
WAREHOUSE-42,visual-territory-42,visual-territory-42-E1,国家战略与生产库存库群,PROJECT-26,"[499.5, 260.5]",20115770.732131,tonne,OP-42,GOV-42,OPENING_PORTFOLIO,False,True,UNAPPROVED_SCENARIO_ASSET,NEW_DATA_POINT_NEEDS_MAP_MARKER,,,194484,0,0,9725,90,51864.0,,,OPENING_EXISTING_ASSET,,,True,"{""low"": 110856, ""medium"": 68069, ""high"": 15559}",2413892487.86,134105.14,1,,AUTHORED_REFERENCE_COST_PER_CAPACITY_UNIT,,,,,
OPEN-RES217,visual-territory-43,visual-territory-43-E1,IRON_ORE开采组,PROJECT-04,"[539, 267]",122141.0399,tonne/sim-day,OP-43,GOV-43,OPENING_PORTFOLIO,False,True,UNAPPROVED_SCENARIO_ASSET,NEW_DATA_POINT_NEEDS_MAP_MARKER,,,8883,277.593272,11103.7309,445,180,35532.0,SCENARIO-RECIPE-IRON_ORE,LIC-43-IRON_ORE,OPENING_EXISTING_ASSET,IRON_ORE,111037.309,,"{""low"": 5063, ""medium"": 3109, ""high"": 711}",219853871.82,12214.1,1,0.909091,AUTHORED_REFERENCE_COST_PER_CAPACITY_UNIT,RES217,,,,
OPEN-RES216,visual-territory-43,visual-territory-43-E1,COPPER开采组,PROJECT-05,"[584, 208]",536.320564,tonne/sim-day,OP-43,GOV-43,OPENING_PORTFOLIO,False,True,UNAPPROVED_SCENARIO_ASSET,NEW_DATA_POINT_NEEDS_MAP_MARKER,,,244,16.252138,975.128298,13,180,976.0,SCENARIO-RECIPE-COPPER,LIC-43-COPPER,OPENING_EXISTING_ASSET,COPPER,487.564149,,"{""low"": 139, ""medium"": 85, ""high"": 20}",965377.02,53.63,1,0.909091,AUTHORED_REFERENCE_COST_PER_CAPACITY_UNIT,RES216,,,,
OPEN-43-STEEL,visual-territory-43,visual-territory-43-E1,STEEL区域生产群,PROJECT-14,"[558.0, 242.0]",77647.500218,tonne/sim-day,OP-43,GOV-43,OPENING_PORTFOLIO,False,True,UNAPPROVED_SCENARIO_ASSET,NEW_DATA_POINT_NEEDS_MAP_MARKER,,,8103,1828.654896,135039.130814,406,180,32412.0,SCENARIO-RECIPE-STEEL,LIC-43-STEEL,OPENING_EXISTING_ASSET,STEEL,67519.565407,True,"{""low"": 4619, ""medium"": 2836, ""high"": 648}",139765500.39,7764.75,1,0.869565,AUTHORED_REFERENCE_COST_PER_CAPACITY_UNIT,,,,,
SERVICE-visual-territory-43-E1-36,visual-territory-43,visual-territory-43-E1,住房区域服务群,PROJECT-36,"[558.0, 242.0]",41612142.0,dwelling-unit,OP-43,GOV-43,OPENING_PORTFOLIO,False,True,UNAPPROVED_SCENARIO_ASSET,NEW_DATA_POINT_NEEDS_MAP_MARKER,,,0,0,0,1,90,53236.0,,,OPENING_EXISTING_ASSET,,,True,"{""low"": 0, ""medium"": 0, ""high"": 0}",2704789230000.0,150266068.33,1,,AUTHORED_REFERENCE_COST_PER_CAPACITY_UNIT,,,,,
SERVICE-visual-territory-43-E1-31,visual-territory-43,visual-territory-43-E1,基础教育区域服务群,PROJECT-31,"[558.0, 242.0]",26550092.0,student-seat,OP-43,GOV-43,OPENING_PORTFOLIO,False,True,UNAPPROVED_SCENARIO_ASSET,NEW_DATA_POINT_NEEDS_MAP_MARKER,,,972531,0,0,48627,90,53236.0,,,OPENING_EXISTING_ASSET,,,True,"{""low"": 554343, ""medium"": 340386, ""high"": 77802}",159300552000.0,8850030.67,1,,AUTHORED_REFERENCE_COST_PER_CAPACITY_UNIT,,,,,
SERVICE-visual-territory-43-E1-35,visual-territory-43,visual-territory-43-E1,医院区域服务群,PROJECT-35,"[558.0, 242.0]",399250.0,bed,OP-43,GOV-43,OPENING_PORTFOLIO,False,True,UNAPPROVED_SCENARIO_ASSET,NEW_DATA_POINT_NEEDS_MAP_MARKER,,,465792,0,0,23290,90,53236.0,,,OPENING_EXISTING_ASSET,,,True,"{""low"": 265502, ""medium"": 163027, ""high"": 37263}",27947500000.0,1552638.89,1,,AUTHORED_REFERENCE_COST_PER_CAPACITY_UNIT,,,,,
POWER-43-10,visual-territory-43,visual-territory-43-E1,太阳能区域设施群,PROJECT-10,"[558.0, 242.0]",276874.659776,MW,OP-43,GOV-43,OPENING_PORTFOLIO,False,True,UNAPPROVED_SCENARIO_ASSET,NEW_DATA_POINT_NEEDS_MAP_MARKER,,,16614,0,0,831,90,53236.0,,,OPENING_EXISTING_ASSET,,,True,"{""low"": 9470, ""medium"": 5815, ""high"": 1329}",249187193798.4,13843732.99,1,,AUTHORED_REFERENCE_COST_PER_CAPACITY_UNIT,,,,,
POWER-43-11,visual-territory-43,visual-territory-43-E1,风能区域设施群,PROJECT-11,"[558.0, 242.0]",276874.659776,MW,OP-43,GOV-43,OPENING_PORTFOLIO,False,True,UNAPPROVED_SCENARIO_ASSET,NEW_DATA_POINT_NEEDS_MAP_MARKER,,,16612,0,0,831,90,53236.0,,,OPENING_EXISTING_ASSET,,,True,"{""low"": 9469, ""medium"": 5814, ""high"": 1329}",249187193798.4,13843732.99,1,,AUTHORED_REFERENCE_COST_PER_CAPACITY_UNIT,,,,,
POWER-43-23,visual-territory-43,visual-territory-43-E1,国家电网区域设施群,PROJECT-23,"[558.0, 242.0]",77512.405697,MW,OP-43,GOV-43,OPENING_PORTFOLIO,False,True,UNAPPROVED_SCENARIO_ASSET,NEW_DATA_POINT_NEEDS_MAP_MARKER,,,16612,0,0,831,90,53236.0,,,OPENING_EXISTING_ASSET,,,True,"{""low"": 9469, ""medium"": 5814, ""high"": 1329}",69761165127.3,3875620.28,1,,AUTHORED_REFERENCE_COST_PER_CAPACITY_UNIT,,,,,
POWER-43-13,visual-territory-43,visual-territory-43-E1,储能区域设施群,PROJECT-13,"[558.0, 242.0]",3307195.976386,MWh,OP-43,GOV-43,OPENING_PORTFOLIO,False,True,UNAPPROVED_SCENARIO_ASSET,NEW_DATA_POINT_NEEDS_MAP_MARKER,,,16612,0,0,831,90,53236.0,,,OPENING_EXISTING_ASSET,,,True,"{""low"": 9469, ""medium"": 5814, ""high"": 1329}",529151356221.76,29397297.57,1,,AUTHORED_REFERENCE_COST_PER_CAPACITY_UNIT,,,,,
GATE-43,visual-territory-43,visual-territory-43-E1,国家海港集群,PROJECT-21,"[587.5, 268.0]",209261.90164,tonne/sim-day,OP-43,GOV-43,OPENING_PORTFOLIO,False,True,UNAPPROVED_SCENARIO_ASSET,NEW_DATA_POINT_NEEDS_MAP_MARKER,,,199625,0,0,9982,90,53236.0,,,OPENING_EXISTING_ASSET,,,True,"{""low"": 113786, ""medium"": 69869, ""high"": 15970}",376671422.95,20926.19,1,,AUTHORED_REFERENCE_COST_PER_CAPACITY_UNIT,,True,"[587.5, 268.0]",Snapped to original ocean shoreline with ocean-grid access; harbour engineering not surveyed,
WAREHOUSE-43,visual-territory-43,visual-territory-43-E1,国家战略与生产库存库群,PROJECT-26,"[558.0, 242.0]",19966506.977422,tonne,OP-43,GOV-43,OPENING_PORTFOLIO,False,True,UNAPPROVED_SCENARIO_ASSET,NEW_DATA_POINT_NEEDS_MAP_MARKER,,,199625,0,0,9982,90,53236.0,,,OPENING_EXISTING_ASSET,,,True,"{""low"": 113786, ""medium"": 69869, ""high"": 15970}",2395980837.29,133110.05,1,,AUTHORED_REFERENCE_COST_PER_CAPACITY_UNIT,,,,,
OPEN-RES219,visual-territory-44,visual-territory-44-E1,CRUDE_OIL开采组,PROJECT-01,"[79, 358]",563408.79342,barrel/sim-day,OP-44,GOV-44,OPENING_PORTFOLIO,False,True,UNAPPROVED_SCENARIO_ASSET,NEW_DATA_POINT_NEEDS_MAP_MARKER,,,7683,256.094906,102437.96244,385,180,30732.0,SCENARIO-RECIPE-CRUDE_OIL,LIC-44-CRUDE_OIL,OPENING_EXISTING_ASSET,CRUDE_OIL,512189.8122,,"{""low"": 4379, ""medium"": 2689, ""high"": 615}",10141358281.56,563408.79,1,0.909091,AUTHORED_REFERENCE_COST_PER_CAPACITY_UNIT,RES219,,,,
OPEN-RES220,visual-territory-44,visual-territory-44-E2,IRON_ORE开采组,PROJECT-04,"[192, 397]",218559.86735,tonne/sim-day,OP-44,GOV-44,OPENING_PORTFOLIO,False,True,UNAPPROVED_SCENARIO_ASSET,NEW_DATA_POINT_NEEDS_MAP_MARKER,,,15896,496.726971,19869.07885,795,180,63584.0,SCENARIO-RECIPE-IRON_ORE,LIC-44-IRON_ORE,OPENING_EXISTING_ASSET,IRON_ORE,198690.7885,,"{""low"": 9060, ""medium"": 5564, ""high"": 1272}",393407761.23,21855.99,1,0.909091,AUTHORED_REFERENCE_COST_PER_CAPACITY_UNIT,RES220,,,,
OPEN-44-STEEL,visual-territory-44,visual-territory-44-E1,STEEL区域生产群,PROJECT-14,"[149.75, 340.0]",60541.714035,tonne/sim-day,OP-44,GOV-44,OPENING_PORTFOLIO,False,True,UNAPPROVED_SCENARIO_ASSET,NEW_DATA_POINT_NEEDS_MAP_MARKER,,,6318,1425.801236,105289.937452,316,180,25272.0,SCENARIO-RECIPE-STEEL,LIC-44-STEEL,OPENING_EXISTING_ASSET,STEEL,52644.968726,True,"{""low"": 3602, ""medium"": 2211, ""high"": 505}",108975085.26,6054.17,1,0.869565,AUTHORED_REFERENCE_COST_PER_CAPACITY_UNIT,,,,,
OPEN-44-MACHINERY,visual-territory-44,visual-territory-44-E1,MACHINERY区域生产群,PROJECT-16,"[149.75, 340.0]",388.89535,equipment unit/sim-day,OP-44,GOV-44,OPENING_PORTFOLIO,False,True,UNAPPROVED_SCENARIO_ASSET,NEW_DATA_POINT_NEEDS_MAP_MARKER,,,68,28.180822,338.169869,4,180,272.0,SCENARIO-RECIPE-MACHINERY,LIC-44-MACHINERY,OPENING_EXISTING_ASSET,MACHINERY,338.169869,True,"{""low"": 32, ""medium"": 24, ""high"": 12}",466674420.0,25926.36,1,0.869565,AUTHORED_REFERENCE_COST_PER_CAPACITY_UNIT,,,,,
OPEN-44-SEMICONDUCTORS,visual-territory-44,visual-territory-44-E1,SEMICONDUCTORS区域生产群,PROJECT-17,"[149.75, 340.0]",486119.187222,standardised chip unit/sim-day,OP-44,GOV-44,OPENING_PORTFOLIO,False,True,UNAPPROVED_SCENARIO_ASSET,NEW_DATA_POINT_NEEDS_MAP_MARKER,,,423,1.761301,42.271234,22,180,1692.0,SCENARIO-RECIPE-SEMICONDUCTORS,LIC-44-SEMICONDUCTORS,OPENING_EXISTING_ASSET,SEMICONDUCTORS,422712.336715,True,"{""low"": 148, ""medium"": 148, ""high"": 127}",1701417155.28,94523.18,1,0.869565,AUTHORED_REFERENCE_COST_PER_CAPACITY_UNIT,,,,,
SERVICE-visual-territory-44-E1-36,visual-territory-44,visual-territory-44-E1,住房区域服务群,PROJECT-36,"[149.75, 340.0]",48038242.0,dwelling-unit,OP-44,GOV-44,OPENING_PORTFOLIO,False,True,UNAPPROVED_SCENARIO_ASSET,NEW_DATA_POINT_NEEDS_MAP_MARKER,,,0,0,0,1,90,108456.0,,,OPENING_EXISTING_ASSET,,,True,"{""low"": 0, ""medium"": 0, ""high"": 0}",3122485730000.0,173471429.44,1,,AUTHORED_REFERENCE_COST_PER_CAPACITY_UNIT,,,,,
SERVICE-visual-territory-44-E1-31,visual-territory-44,visual-territory-44-E1,基础教育区域服务群,PROJECT-31,"[149.75, 340.0]",29030950.0,student-seat,OP-44,GOV-44,OPENING_PORTFOLIO,False,True,UNAPPROVED_SCENARIO_ASSET,NEW_DATA_POINT_NEEDS_MAP_MARKER,,,1063405,0,0,53171,90,108456.0,,,OPENING_EXISTING_ASSET,,,True,"{""low"": 606141, ""medium"": 372192, ""high"": 85072}",174185700000.0,9676983.33,1,,AUTHORED_REFERENCE_COST_PER_CAPACITY_UNIT,,,,,
SERVICE-visual-territory-44-E1-35,visual-territory-44,visual-territory-44-E1,医院区域服务群,PROJECT-35,"[149.75, 340.0]",436556.0,bed,OP-44,GOV-44,OPENING_PORTFOLIO,False,True,UNAPPROVED_SCENARIO_ASSET,NEW_DATA_POINT_NEEDS_MAP_MARKER,,,509315,0,0,25466,90,108456.0,,,OPENING_EXISTING_ASSET,,,True,"{""low"": 290310, ""medium"": 178260, ""high"": 40745}",30558920000.0,1697717.78,1,,AUTHORED_REFERENCE_COST_PER_CAPACITY_UNIT,,,,,
SERVICE-visual-territory-44-E2-36,visual-territory-44,visual-territory-44-E2,住房区域服务群,PROJECT-36,"[197.25, 354.5]",39826712.0,dwelling-unit,OP-44,GOV-44,OPENING_PORTFOLIO,False,True,UNAPPROVED_SCENARIO_ASSET,NEW_DATA_POINT_NEEDS_MAP_MARKER,,,0,0,0,1,90,108456.0,,,OPENING_EXISTING_ASSET,,,True,"{""low"": 0, ""medium"": 0, ""high"": 0}",2588736280000.0,143818682.22,1,,AUTHORED_REFERENCE_COST_PER_CAPACITY_UNIT,,,,,
SERVICE-visual-territory-44-E2-31,visual-territory-44,visual-territory-44-E2,基础教育区域服务群,PROJECT-31,"[197.25, 354.5]",25061446.0,student-seat,OP-44,GOV-44,OPENING_PORTFOLIO,False,True,UNAPPROVED_SCENARIO_ASSET,NEW_DATA_POINT_NEEDS_MAP_MARKER,,,918002,0,0,45901,90,108456.0,,,OPENING_EXISTING_ASSET,,,True,"{""low"": 523261, ""medium"": 321301, ""high"": 73440}",150368676000.0,8353815.33,1,,AUTHORED_REFERENCE_COST_PER_CAPACITY_UNIT,,,,,
SERVICE-visual-territory-44-E2-35,visual-territory-44,visual-territory-44-E2,医院区域服务群,PROJECT-35,"[197.25, 354.5]",376864.0,bed,OP-44,GOV-44,OPENING_PORTFOLIO,False,True,UNAPPROVED_SCENARIO_ASSET,NEW_DATA_POINT_NEEDS_MAP_MARKER,,,439675,0,0,21984,90,108456.0,,,OPENING_EXISTING_ASSET,,,True,"{""low"": 250615, ""medium"": 153886, ""high"": 35174}",26380480000.0,1465582.22,1,,AUTHORED_REFERENCE_COST_PER_CAPACITY_UNIT,,,,,
POWER-44-10,visual-territory-44,visual-territory-44-E1,太阳能区域设施群,PROJECT-10,"[149.75, 340.0]",605612.238475,MW,OP-44,GOV-44,OPENING_PORTFOLIO,False,True,UNAPPROVED_SCENARIO_ASSET,NEW_DATA_POINT_NEEDS_MAP_MARKER,,,36339,0,0,1817,90,108456.0,,,OPENING_EXISTING_ASSET,,,True,"{""low"": 20713, ""medium"": 12719, ""high"": 2907}",545051014627.5,30280611.92,1,,AUTHORED_REFERENCE_COST_PER_CAPACITY_UNIT,,,,,
POWER-44-11,visual-territory-44,visual-territory-44-E1,风能区域设施群,PROJECT-11,"[149.75, 340.0]",605612.238475,MW,OP-44,GOV-44,OPENING_PORTFOLIO,False,True,UNAPPROVED_SCENARIO_ASSET,NEW_DATA_POINT_NEEDS_MAP_MARKER,,,36336,0,0,1817,90,108456.0,,,OPENING_EXISTING_ASSET,,,True,"{""low"": 20711, ""medium"": 12718, ""high"": 2907}",545051014627.5,30280611.92,1,,AUTHORED_REFERENCE_COST_PER_CAPACITY_UNIT,,,,,
POWER-44-23,visual-territory-44,visual-territory-44-E1,国家电网区域设施群,PROJECT-23,"[149.75, 340.0]",155276.856984,MW,OP-44,GOV-44,OPENING_PORTFOLIO,False,True,UNAPPROVED_SCENARIO_ASSET,NEW_DATA_POINT_NEEDS_MAP_MARKER,,,36336,0,0,1817,90,108456.0,,,OPENING_EXISTING_ASSET,,,True,"{""low"": 20711, ""medium"": 12718, ""high"": 2907}",139749171285.6,7763842.85,1,,AUTHORED_REFERENCE_COST_PER_CAPACITY_UNIT,,,,,
POWER-44-13,visual-territory-44,visual-territory-44-E1,储能区域设施群,PROJECT-13,"[149.75, 340.0]",6625145.898002,MWh,OP-44,GOV-44,OPENING_PORTFOLIO,False,True,UNAPPROVED_SCENARIO_ASSET,NEW_DATA_POINT_NEEDS_MAP_MARKER,,,36336,0,0,1817,90,108456.0,,,OPENING_EXISTING_ASSET,,,True,"{""low"": 20711, ""medium"": 12718, ""high"": 2907}",1060023343680.32,58890185.76,1,,AUTHORED_REFERENCE_COST_PER_CAPACITY_UNIT,,,,,
GATE-44,visual-territory-44,visual-territory-44-E1,国家海港集群,PROJECT-21,"[134.5, 327.5]",538146.540376,tonne/sim-day,OP-44,GOV-44,OPENING_PORTFOLIO,False,True,UNAPPROVED_SCENARIO_ASSET,NEW_DATA_POINT_NEEDS_MAP_MARKER,,,406710,0,0,20336,90,108456.0,,,OPENING_EXISTING_ASSET,,,True,"{""low"": 231825, ""medium"": 142348, ""high"": 32537}",968663772.68,53814.65,1,,AUTHORED_REFERENCE_COST_PER_CAPACITY_UNIT,,True,"[135, 328]",Snapped to original ocean shoreline with ocean-grid access; harbour engineering not surveyed,
WAREHOUSE-44,visual-territory-44,visual-territory-44-E1,国家战略与生产库存库群,PROJECT-26,"[149.75, 340.0]",36451323.711296,tonne,OP-44,GOV-44,OPENING_PORTFOLIO,False,True,UNAPPROVED_SCENARIO_ASSET,NEW_DATA_POINT_NEEDS_MAP_MARKER,,,406710,0,0,20336,90,108456.0,,,OPENING_EXISTING_ASSET,,,True,"{""low"": 231825, ""medium"": 142348, ""high"": 32537}",4374158845.36,243008.82,1,,AUTHORED_REFERENCE_COST_PER_CAPACITY_UNIT,,,,,
OPEN-RES223,visual-territory-45,visual-territory-45-E1,IRON_ORE开采组,PROJECT-04,"[266, 271]",201285.96554,tonne/sim-day,OP-45,GOV-45,OPENING_PORTFOLIO,False,True,UNAPPROVED_SCENARIO_ASSET,NEW_DATA_POINT_NEEDS_MAP_MARKER,,,14639,457.468103,18298.72414,732,180,58556.0,SCENARIO-RECIPE-IRON_ORE,LIC-45-IRON_ORE,OPENING_EXISTING_ASSET,IRON_ORE,182987.2414,,"{""low"": 8344, ""medium"": 5124, ""high"": 1171}",362314737.97,20128.6,1,0.909091,AUTHORED_REFERENCE_COST_PER_CAPACITY_UNIT,RES223,,,,
OPEN-45-STEEL,visual-territory-45,visual-territory-45-E2,STEEL区域生产群,PROJECT-14,"[290.75, 331.5]",151843.378318,tonne/sim-day,OP-45,GOV-45,OPENING_PORTFOLIO,False,True,UNAPPROVED_SCENARIO_ASSET,NEW_DATA_POINT_NEEDS_MAP_MARKER,,,15845,3576.021591,264075.440552,793,180,63380.0,SCENARIO-RECIPE-STEEL,LIC-45-STEEL,OPENING_EXISTING_ASSET,STEEL,132037.720276,True,"{""low"": 9031, ""medium"": 5546, ""high"": 1268}",273318080.97,15184.34,1,0.869565,AUTHORED_REFERENCE_COST_PER_CAPACITY_UNIT,,,,,
SERVICE-visual-territory-45-E1-36,visual-territory-45,visual-territory-45-E1,住房区域服务群,PROJECT-36,"[242.75, 322.5]",34152554.0,dwelling-unit,OP-45,GOV-45,OPENING_PORTFOLIO,False,True,UNAPPROVED_SCENARIO_ASSET,NEW_DATA_POINT_NEEDS_MAP_MARKER,,,0,0,0,1,90,92144.0,,,OPENING_EXISTING_ASSET,,,True,"{""low"": 0, ""medium"": 0, ""high"": 0}",2219916010000.0,123328667.22,1,,AUTHORED_REFERENCE_COST_PER_CAPACITY_UNIT,,,,,
SERVICE-visual-territory-45-E1-31,visual-territory-45,visual-territory-45-E1,基础教育区域服务群,PROJECT-31,"[242.75, 322.5]",21825472.0,student-seat,OP-45,GOV-45,OPENING_PORTFOLIO,False,True,UNAPPROVED_SCENARIO_ASSET,NEW_DATA_POINT_NEEDS_MAP_MARKER,,,799468,0,0,39974,90,92144.0,,,OPENING_EXISTING_ASSET,,,True,"{""low"": 455697, ""medium"": 279814, ""high"": 63957}",130952832000.0,7275157.33,1,,AUTHORED_REFERENCE_COST_PER_CAPACITY_UNIT,,,,,
SERVICE-visual-territory-45-E1-35,visual-territory-45,visual-territory-45-E1,医院区域服务群,PROJECT-35,"[242.75, 322.5]",328203.0,bed,OP-45,GOV-45,OPENING_PORTFOLIO,False,True,UNAPPROVED_SCENARIO_ASSET,NEW_DATA_POINT_NEEDS_MAP_MARKER,,,382904,0,0,19146,90,92144.0,,,OPENING_EXISTING_ASSET,,,True,"{""low"": 218256, ""medium"": 134016, ""high"": 30632}",22974210000.0,1276345.0,1,,AUTHORED_REFERENCE_COST_PER_CAPACITY_UNIT,,,,,
SERVICE-visual-territory-45-E2-36,visual-territory-45,visual-territory-45-E2,住房区域服务群,PROJECT-36,"[290.75, 331.5]",38099947.0,dwelling-unit,OP-45,GOV-45,OPENING_PORTFOLIO,False,True,UNAPPROVED_SCENARIO_ASSET,NEW_DATA_POINT_NEEDS_MAP_MARKER,,,0,0,0,1,90,92144.0,,,OPENING_EXISTING_ASSET,,,True,"{""low"": 0, ""medium"": 0, ""high"": 0}",2476496555000.0,137583141.94,1,,AUTHORED_REFERENCE_COST_PER_CAPACITY_UNIT,,,,,
SERVICE-visual-territory-45-E2-31,visual-territory-45,visual-territory-45-E2,基础教育区域服务群,PROJECT-31,"[290.75, 331.5]",24131064.0,student-seat,OP-45,GOV-45,OPENING_PORTFOLIO,False,True,UNAPPROVED_SCENARIO_ASSET,NEW_DATA_POINT_NEEDS_MAP_MARKER,,,883922,0,0,44197,90,92144.0,,,OPENING_EXISTING_ASSET,,,True,"{""low"": 503835, ""medium"": 309373, ""high"": 70714}",144786384000.0,8043688.0,1,,AUTHORED_REFERENCE_COST_PER_CAPACITY_UNIT,,,,,
SERVICE-visual-territory-45-E2-35,visual-territory-45,visual-territory-45-E2,医院区域服务群,PROJECT-35,"[290.75, 331.5]",362874.0,bed,OP-45,GOV-45,OPENING_PORTFOLIO,False,True,UNAPPROVED_SCENARIO_ASSET,NEW_DATA_POINT_NEEDS_MAP_MARKER,,,423352,0,0,21168,90,92144.0,,,OPENING_EXISTING_ASSET,,,True,"{""low"": 241311, ""medium"": 148173, ""high"": 33868}",25401180000.0,1411176.67,1,,AUTHORED_REFERENCE_COST_PER_CAPACITY_UNIT,,,,,
POWER-45-10,visual-territory-45,visual-territory-45-E2,太阳能区域设施群,PROJECT-10,"[290.75, 331.5]",448154.400671,MW,OP-45,GOV-45,OPENING_PORTFOLIO,False,True,UNAPPROVED_SCENARIO_ASSET,NEW_DATA_POINT_NEEDS_MAP_MARKER,,,26891,0,0,1345,90,92144.0,,,OPENING_EXISTING_ASSET,,,True,"{""low"": 15328, ""medium"": 9412, ""high"": 2151}",403338960603.9,22407720.03,1,,AUTHORED_REFERENCE_COST_PER_CAPACITY_UNIT,,,,,
POWER-45-11,visual-territory-45,visual-territory-45-E2,风能区域设施群,PROJECT-11,"[290.75, 331.5]",448154.400671,MW,OP-45,GOV-45,OPENING_PORTFOLIO,False,True,UNAPPROVED_SCENARIO_ASSET,NEW_DATA_POINT_NEEDS_MAP_MARKER,,,26889,0,0,1345,90,92144.0,,,OPENING_EXISTING_ASSET,,,True,"{""low"": 15327, ""medium"": 9411, ""high"": 2151}",403338960603.9,22407720.03,1,,AUTHORED_REFERENCE_COST_PER_CAPACITY_UNIT,,,,,
POWER-45-23,visual-territory-45,visual-territory-45-E2,国家电网区域设施群,PROJECT-23,"[290.75, 331.5]",134618.559993,MW,OP-45,GOV-45,OPENING_PORTFOLIO,False,True,UNAPPROVED_SCENARIO_ASSET,NEW_DATA_POINT_NEEDS_MAP_MARKER,,,26889,0,0,1345,90,92144.0,,,OPENING_EXISTING_ASSET,,,True,"{""low"": 15327, ""medium"": 9411, ""high"": 2151}",121156703993.7,6730928.0,1,,AUTHORED_REFERENCE_COST_PER_CAPACITY_UNIT,,,,,
POWER-45-13,visual-territory-45,visual-territory-45-E2,储能区域设施群,PROJECT-13,"[290.75, 331.5]",5743725.226364,MWh,OP-45,GOV-45,OPENING_PORTFOLIO,False,True,UNAPPROVED_SCENARIO_ASSET,NEW_DATA_POINT_NEEDS_MAP_MARKER,,,26889,0,0,1345,90,92144.0,,,OPENING_EXISTING_ASSET,,,True,"{""low"": 15327, ""medium"": 9411, ""high"": 2151}",918996036218.24,51055335.35,1,,AUTHORED_REFERENCE_COST_PER_CAPACITY_UNIT,,,,,
GATE-45,visual-territory-45,visual-territory-45-E2,河口与过境物流集群,PROJECT-25,"[299.5, 363.5]",411890.716287,tonne/sim-day,OP-45,GOV-45,OPENING_PORTFOLIO,False,True,UNAPPROVED_SCENARIO_ASSET,NEW_DATA_POINT_NEEDS_MAP_MARKER,,,345538,0,0,17277,90,92144.0,,,OPENING_EXISTING_ASSET,,,True,"{""low"": 196957, ""medium"": 120938, ""high"": 27643}",741403289.32,41189.07,1,,AUTHORED_REFERENCE_COST_PER_CAPACITY_UNIT,,True,,,NARROW_WATER_ACCESS_NOT_RESOLVED_AT_6PX_USE_OVERLAND_TRANSIT_PROPOSAL
WAREHOUSE-45,visual-territory-45,visual-territory-45-E2,国家战略与生产库存库群,PROJECT-26,"[290.75, 331.5]",48727279.838606,tonne,OP-45,GOV-45,OPENING_PORTFOLIO,False,True,UNAPPROVED_SCENARIO_ASSET,NEW_DATA_POINT_NEEDS_MAP_MARKER,,,345538,0,0,17277,90,92144.0,,,OPENING_EXISTING_ASSET,,,True,"{""low"": 196957, ""medium"": 120938, ""high"": 27643}",5847273580.63,324848.53,1,,AUTHORED_REFERENCE_COST_PER_CAPACITY_UNIT,,,,,
OPEN-RES62,visual-territory-46,visual-territory-46-E1,CRUDE_OIL开采组,PROJECT-01,"[355, 338]",131207.53888,barrel/sim-day,OP-46,GOV-46,OPENING_PORTFOLIO,False,True,UNAPPROVED_SCENARIO_ASSET,NEW_DATA_POINT_NEEDS_MAP_MARKER,,,1790,59.63979,23855.91616,90,180,7160.0,SCENARIO-RECIPE-CRUDE_OIL,LIC-46-CRUDE_OIL,OPENING_EXISTING_ASSET,CRUDE_OIL,119279.5808,,"{""low"": 1021, ""medium"": 626, ""high"": 143}",2361735699.84,131207.54,1,0.909091,AUTHORED_REFERENCE_COST_PER_CAPACITY_UNIT,RES62,,,,
OPEN-46-GRAIN,visual-territory-46,visual-territory-46-E2,GRAIN区域生产群,,"[411.5, 364.5]",379007.90077,tonne/sim-day,OP-46,GOV-46,OPENING_PORTFOLIO,False,True,UNAPPROVED_SCENARIO_ASSET,NEW_DATA_POINT_NEEDS_MAP_MARKER,,,164787,274.643406,470817268.037143,8240,180,659148.0,SCENARIO-RECIPE-GRAIN,LIC-46-GRAIN,OPENING_EXISTING_ASSET,GRAIN,329572.087626,True,"{""low"": 93929, ""medium"": 57675, ""high"": 13183}",682214221.39,37900.79,1,0.869565,AUTHORED_REFERENCE_COST_PER_CAPACITY_UNIT,,,,,
OPEN-46-SEMICONDUCTORS,visual-territory-46,visual-territory-46-E2,SEMICONDUCTORS区域生产群,PROJECT-17,"[411.5, 364.5]",447530.937569,standardised chip unit/sim-day,OP-46,GOV-46,OPENING_PORTFOLIO,False,True,UNAPPROVED_SCENARIO_ASSET,NEW_DATA_POINT_NEEDS_MAP_MARKER,,,390,1.621489,38.915734,20,180,1560.0,SCENARIO-RECIPE-SEMICONDUCTORS,LIC-46-SEMICONDUCTORS,OPENING_EXISTING_ASSET,SEMICONDUCTORS,389157.337017,True,"{""low"": 137, ""medium"": 136, ""high"": 117}",1566358281.49,87019.9,1,0.869565,AUTHORED_REFERENCE_COST_PER_CAPACITY_UNIT,,,,,
SERVICE-visual-territory-46-E1-36,visual-territory-46,visual-territory-46-E1,住房区域服务群,PROJECT-36,"[377.5, 366.5]",41162087.0,dwelling-unit,OP-46,GOV-46,OPENING_PORTFOLIO,False,True,UNAPPROVED_SCENARIO_ASSET,NEW_DATA_POINT_NEEDS_MAP_MARKER,,,0,0,0,1,90,103936.0,,,OPENING_EXISTING_ASSET,,,True,"{""low"": 0, ""medium"": 0, ""high"": 0}",2675535655000.0,148640869.72,1,,AUTHORED_REFERENCE_COST_PER_CAPACITY_UNIT,,,,,
SERVICE-visual-territory-46-E1-31,visual-territory-46,visual-territory-46-E1,基础教育区域服务群,PROJECT-31,"[377.5, 366.5]",25901747.0,student-seat,OP-46,GOV-46,OPENING_PORTFOLIO,False,True,UNAPPROVED_SCENARIO_ASSET,NEW_DATA_POINT_NEEDS_MAP_MARKER,,,948782,0,0,47440,90,103936.0,,,OPENING_EXISTING_ASSET,,,True,"{""low"": 540805, ""medium"": 332074, ""high"": 75903}",155410482000.0,8633915.67,1,,AUTHORED_REFERENCE_COST_PER_CAPACITY_UNIT,,,,,
SERVICE-visual-territory-46-E1-35,visual-territory-46,visual-territory-46-E1,医院区域服务群,PROJECT-35,"[377.5, 366.5]",389500.0,bed,OP-46,GOV-46,OPENING_PORTFOLIO,False,True,UNAPPROVED_SCENARIO_ASSET,NEW_DATA_POINT_NEEDS_MAP_MARKER,,,454417,0,0,22721,90,103936.0,,,OPENING_EXISTING_ASSET,,,True,"{""low"": 259018, ""medium"": 159046, ""high"": 36353}",27265000000.0,1514722.22,1,,AUTHORED_REFERENCE_COST_PER_CAPACITY_UNIT,,,,,
SERVICE-visual-territory-46-E2-36,visual-territory-46,visual-territory-46-E2,住房区域服务群,PROJECT-36,"[411.5, 364.5]",41061486.0,dwelling-unit,OP-46,GOV-46,OPENING_PORTFOLIO,False,True,UNAPPROVED_SCENARIO_ASSET,NEW_DATA_POINT_NEEDS_MAP_MARKER,,,0,0,0,1,90,103936.0,,,OPENING_EXISTING_ASSET,,,True,"{""low"": 0, ""medium"": 0, ""high"": 0}",2668996590000.0,148277588.33,1,,AUTHORED_REFERENCE_COST_PER_CAPACITY_UNIT,,,,,
SERVICE-visual-territory-46-E2-31,visual-territory-46,visual-territory-46-E2,基础教育区域服务群,PROJECT-31,"[411.5, 364.5]",25934686.0,student-seat,OP-46,GOV-46,OPENING_PORTFOLIO,False,True,UNAPPROVED_SCENARIO_ASSET,NEW_DATA_POINT_NEEDS_MAP_MARKER,,,949989,0,0,47500,90,103936.0,,,OPENING_EXISTING_ASSET,,,True,"{""low"": 541494, ""medium"": 332496, ""high"": 75999}",155608116000.0,8644895.33,1,,AUTHORED_REFERENCE_COST_PER_CAPACITY_UNIT,,,,,
SERVICE-visual-territory-46-E2-35,visual-territory-46,visual-territory-46-E2,医院区域服务群,PROJECT-35,"[411.5, 364.5]",389996.0,bed,OP-46,GOV-46,OPENING_PORTFOLIO,False,True,UNAPPROVED_SCENARIO_ASSET,NEW_DATA_POINT_NEEDS_MAP_MARKER,,,454995,0,0,22750,90,103936.0,,,OPENING_EXISTING_ASSET,,,True,"{""low"": 259347, ""medium"": 159248, ""high"": 36400}",27299720000.0,1516651.11,1,,AUTHORED_REFERENCE_COST_PER_CAPACITY_UNIT,,,,,
POWER-46-10,visual-territory-46,visual-territory-46-E2,太阳能区域设施群,PROJECT-10,"[411.5, 364.5]",556470.619422,MW,OP-46,GOV-46,OPENING_PORTFOLIO,False,True,UNAPPROVED_SCENARIO_ASSET,NEW_DATA_POINT_NEEDS_MAP_MARKER,,,33389,0,0,1670,90,103936.0,,,OPENING_EXISTING_ASSET,,,True,"{""low"": 19032, ""medium"": 11686, ""high"": 2671}",500823557479.8,27823530.97,1,,AUTHORED_REFERENCE_COST_PER_CAPACITY_UNIT,,,,,
POWER-46-11,visual-territory-46,visual-territory-46-E2,风能区域设施群,PROJECT-11,"[411.5, 364.5]",556470.619422,MW,OP-46,GOV-46,OPENING_PORTFOLIO,False,True,UNAPPROVED_SCENARIO_ASSET,NEW_DATA_POINT_NEEDS_MAP_MARKER,,,33388,0,0,1670,90,103936.0,,,OPENING_EXISTING_ASSET,,,True,"{""low"": 19031, ""medium"": 11686, ""high"": 2671}",500823557479.8,27823530.97,1,,AUTHORED_REFERENCE_COST_PER_CAPACITY_UNIT,,,,,
POWER-46-23,visual-territory-46,visual-territory-46-E2,国家电网区域设施群,PROJECT-23,"[411.5, 364.5]",146575.23517,MW,OP-46,GOV-46,OPENING_PORTFOLIO,False,True,UNAPPROVED_SCENARIO_ASSET,NEW_DATA_POINT_NEEDS_MAP_MARKER,,,33388,0,0,1670,90,103936.0,,,OPENING_EXISTING_ASSET,,,True,"{""low"": 19031, ""medium"": 11686, ""high"": 2671}",131917711653.0,7328761.76,1,,AUTHORED_REFERENCE_COST_PER_CAPACITY_UNIT,,,,,
POWER-46-13,visual-territory-46,visual-territory-46-E2,储能区域设施群,PROJECT-13,"[411.5, 364.5]",6253876.700569,MWh,OP-46,GOV-46,OPENING_PORTFOLIO,False,True,UNAPPROVED_SCENARIO_ASSET,NEW_DATA_POINT_NEEDS_MAP_MARKER,,,33388,0,0,1670,90,103936.0,,,OPENING_EXISTING_ASSET,,,True,"{""low"": 19031, ""medium"": 11686, ""high"": 2671}",1000620272091.04,55590015.12,1,,AUTHORED_REFERENCE_COST_PER_CAPACITY_UNIT,,,,,
GATE-46,visual-territory-46,visual-territory-46-E2,国家海港集群,PROJECT-21,"[397.5, 404.0]",318876.273054,tonne/sim-day,OP-46,GOV-46,OPENING_PORTFOLIO,False,True,UNAPPROVED_SCENARIO_ASSET,NEW_DATA_POINT_NEEDS_MAP_MARKER,,,389748,0,0,19488,90,103936.0,,,OPENING_EXISTING_ASSET,,,True,"{""low"": 222156, ""medium"": 136412, ""high"": 31180}",573977291.5,31887.63,1,,AUTHORED_REFERENCE_COST_PER_CAPACITY_UNIT,,True,"[397.5, 404.0]",Snapped to original ocean shoreline with ocean-grid access; harbour engineering not surveyed,
WAREHOUSE-46,visual-territory-46,visual-territory-46-E2,国家战略与生产库存库群,PROJECT-26,"[411.5, 364.5]",21488339.072819,tonne,OP-46,GOV-46,OPENING_PORTFOLIO,False,True,UNAPPROVED_SCENARIO_ASSET,NEW_DATA_POINT_NEEDS_MAP_MARKER,,,389748,0,0,19488,90,103936.0,,,OPENING_EXISTING_ASSET,,,True,"{""low"": 222156, ""medium"": 136412, ""high"": 31180}",2578600688.74,143255.59,1,,AUTHORED_REFERENCE_COST_PER_CAPACITY_UNIT,,,,,
OPEN-RES34,visual-territory-47,visual-territory-47-E2,CRUDE_OIL开采组,PROJECT-01,"[497, 343]",738446.96453,barrel/sim-day,OP-47,GOV-47,OPENING_PORTFOLIO,False,True,UNAPPROVED_SCENARIO_ASSET,NEW_DATA_POINT_NEEDS_MAP_MARKER,,,10070,335.657711,134263.08446,504,180,40280.0,SCENARIO-RECIPE-CRUDE_OIL,LIC-47-CRUDE_OIL,OPENING_EXISTING_ASSET,CRUDE_OIL,671315.4223,,"{""low"": 5740, ""medium"": 3524, ""high"": 806}",13292045361.54,738446.96,1,0.909091,AUTHORED_REFERENCE_COST_PER_CAPACITY_UNIT,RES34,,,,
OPEN-47-GRAIN,visual-territory-47,visual-territory-47-E1,GRAIN区域生产群,,"[445.75, 326.0]",319122.524475,tonne/sim-day,OP-47,GOV-47,OPENING_PORTFOLIO,False,True,UNAPPROVED_SCENARIO_ASSET,NEW_DATA_POINT_NEEDS_MAP_MARKER,,,138749,231.248206,396425496.241429,6938,180,554996.0,SCENARIO-RECIPE-GRAIN,LIC-47-GRAIN,OPENING_EXISTING_ASSET,GRAIN,277497.847369,True,"{""low"": 79087, ""medium"": 48562, ""high"": 11100}",574420544.05,31912.25,1,0.869565,AUTHORED_REFERENCE_COST_PER_CAPACITY_UNIT,,,,,
SERVICE-visual-territory-47-E1-36,visual-territory-47,visual-territory-47-E1,住房区域服务群,PROJECT-36,"[445.75, 326.0]",49867055.0,dwelling-unit,OP-47,GOV-47,OPENING_PORTFOLIO,False,True,UNAPPROVED_SCENARIO_ASSET,NEW_DATA_POINT_NEEDS_MAP_MARKER,,,0,0,0,1,90,125744.0,,,OPENING_EXISTING_ASSET,,,True,"{""low"": 0, ""medium"": 0, ""high"": 0}",3241358575000.0,180075476.39,1,,AUTHORED_REFERENCE_COST_PER_CAPACITY_UNIT,,,,,
SERVICE-visual-territory-47-E1-31,visual-territory-47,visual-territory-47-E1,基础教育区域服务群,PROJECT-31,"[445.75, 326.0]",31591200.0,student-seat,OP-47,GOV-47,OPENING_PORTFOLIO,False,True,UNAPPROVED_SCENARIO_ASSET,NEW_DATA_POINT_NEEDS_MAP_MARKER,,,1157187,0,0,57860,90,125744.0,,,OPENING_EXISTING_ASSET,,,True,"{""low"": 659597, ""medium"": 405015, ""high"": 92575}",189547200000.0,10530400.0,1,,AUTHORED_REFERENCE_COST_PER_CAPACITY_UNIT,,,,,
SERVICE-visual-territory-47-E1-35,visual-territory-47,visual-territory-47-E1,医院区域服务群,PROJECT-35,"[445.75, 326.0]",475056.0,bed,OP-47,GOV-47,OPENING_PORTFOLIO,False,True,UNAPPROVED_SCENARIO_ASSET,NEW_DATA_POINT_NEEDS_MAP_MARKER,,,554232,0,0,27712,90,125744.0,,,OPENING_EXISTING_ASSET,,,True,"{""low"": 315912, ""medium"": 193981, ""high"": 44339}",33253920000.0,1847440.0,1,,AUTHORED_REFERENCE_COST_PER_CAPACITY_UNIT,,,,,
SERVICE-visual-territory-47-E2-36,visual-territory-47,visual-territory-47-E2,住房区域服务群,PROJECT-36,"[492.75, 331.0]",49459928.0,dwelling-unit,OP-47,GOV-47,OPENING_PORTFOLIO,False,True,UNAPPROVED_SCENARIO_ASSET,NEW_DATA_POINT_NEEDS_MAP_MARKER,,,0,0,0,1,90,125744.0,,,OPENING_EXISTING_ASSET,,,True,"{""low"": 0, ""medium"": 0, ""high"": 0}",3214895320000.0,178605295.56,1,,AUTHORED_REFERENCE_COST_PER_CAPACITY_UNIT,,,,,
SERVICE-visual-territory-47-E2-31,visual-territory-47,visual-territory-47-E2,基础教育区域服务群,PROJECT-31,"[492.75, 331.0]",31123266.0,student-seat,OP-47,GOV-47,OPENING_PORTFOLIO,False,True,UNAPPROVED_SCENARIO_ASSET,NEW_DATA_POINT_NEEDS_MAP_MARKER,,,1140047,0,0,57003,90,125744.0,,,OPENING_EXISTING_ASSET,,,True,"{""low"": 649827, ""medium"": 399016, ""high"": 91204}",186739596000.0,10374422.0,1,,AUTHORED_REFERENCE_COST_PER_CAPACITY_UNIT,,,,,
SERVICE-visual-territory-47-E2-35,visual-territory-47,visual-territory-47-E2,医院区域服务群,PROJECT-35,"[492.75, 331.0]",468020.0,bed,OP-47,GOV-47,OPENING_PORTFOLIO,False,True,UNAPPROVED_SCENARIO_ASSET,NEW_DATA_POINT_NEEDS_MAP_MARKER,,,546023,0,0,27302,90,125744.0,,,OPENING_EXISTING_ASSET,,,True,"{""low"": 311233, ""medium"": 191108, ""high"": 43682}",32761400000.0,1820077.78,1,,AUTHORED_REFERENCE_COST_PER_CAPACITY_UNIT,,,,,
POWER-47-10,visual-territory-47,visual-territory-47-E1,太阳能区域设施群,PROJECT-10,"[445.75, 326.0]",715057.061851,MW,OP-47,GOV-47,OPENING_PORTFOLIO,False,True,UNAPPROVED_SCENARIO_ASSET,NEW_DATA_POINT_NEEDS_MAP_MARKER,,,42905,0,0,2146,90,125744.0,,,OPENING_EXISTING_ASSET,,,True,"{""low"": 24456, ""medium"": 15017, ""high"": 3432}",643551355665.9,35752853.09,1,,AUTHORED_REFERENCE_COST_PER_CAPACITY_UNIT,,,,,
POWER-47-11,visual-territory-47,visual-territory-47-E1,风能区域设施群,PROJECT-11,"[445.75, 326.0]",715057.061851,MW,OP-47,GOV-47,OPENING_PORTFOLIO,False,True,UNAPPROVED_SCENARIO_ASSET,NEW_DATA_POINT_NEEDS_MAP_MARKER,,,42903,0,0,2146,90,125744.0,,,OPENING_EXISTING_ASSET,,,True,"{""low"": 24455, ""medium"": 15016, ""high"": 3432}",643551355665.9,35752853.09,1,,AUTHORED_REFERENCE_COST_PER_CAPACITY_UNIT,,,,,
POWER-47-23,visual-territory-47,visual-territory-47-E1,国家电网区域设施群,PROJECT-23,"[445.75, 326.0]",177535.131147,MW,OP-47,GOV-47,OPENING_PORTFOLIO,False,True,UNAPPROVED_SCENARIO_ASSET,NEW_DATA_POINT_NEEDS_MAP_MARKER,,,42903,0,0,2146,90,125744.0,,,OPENING_EXISTING_ASSET,,,True,"{""low"": 24455, ""medium"": 15016, ""high"": 3432}",159781618032.3,8876756.56,1,,AUTHORED_REFERENCE_COST_PER_CAPACITY_UNIT,,,,,
POWER-47-13,visual-territory-47,visual-territory-47-E1,储能区域设施群,PROJECT-13,"[445.75, 326.0]",7574832.262256,MWh,OP-47,GOV-47,OPENING_PORTFOLIO,False,True,UNAPPROVED_SCENARIO_ASSET,NEW_DATA_POINT_NEEDS_MAP_MARKER,,,42903,0,0,2146,90,125744.0,,,OPENING_EXISTING_ASSET,,,True,"{""low"": 24455, ""medium"": 15016, ""high"": 3432}",1211973161960.96,67331842.33,1,,AUTHORED_REFERENCE_COST_PER_CAPACITY_UNIT,,,,,
GATE-47,visual-territory-47,visual-territory-47-E2,国家海港集群,PROJECT-21,"[474.0, 393.5]",321306.680831,tonne/sim-day,OP-47,GOV-47,OPENING_PORTFOLIO,False,True,UNAPPROVED_SCENARIO_ASSET,NEW_DATA_POINT_NEEDS_MAP_MARKER,,,471538,0,0,23577,90,125744.0,,,OPENING_EXISTING_ASSET,,,True,"{""low"": 268777, ""medium"": 165038, ""high"": 37723}",578352025.5,32130.67,1,,AUTHORED_REFERENCE_COST_PER_CAPACITY_UNIT,,True,"[474.0, 393.5]",Snapped to original ocean shoreline with ocean-grid access; harbour engineering not surveyed,
WAREHOUSE-47,visual-territory-47,visual-territory-47-E1,国家战略与生产库存库群,PROJECT-26,"[445.75, 326.0]",24969315.819207,tonne,OP-47,GOV-47,OPENING_PORTFOLIO,False,True,UNAPPROVED_SCENARIO_ASSET,NEW_DATA_POINT_NEEDS_MAP_MARKER,,,471537,0,0,23577,90,125744.0,,,OPENING_EXISTING_ASSET,,,True,"{""low"": 268776, ""medium"": 165038, ""high"": 37723}",2996317898.3,166462.11,1,,AUTHORED_REFERENCE_COST_PER_CAPACITY_UNIT,,,,,
OPEN-RES227,visual-territory-48,visual-territory-48-E1,CRUDE_OIL开采组,PROJECT-01,"[78, 393]",317980.48271,barrel/sim-day,OP-48,GOV-48,OPENING_PORTFOLIO,False,True,UNAPPROVED_SCENARIO_ASSET,NEW_DATA_POINT_NEEDS_MAP_MARKER,,,4337,144.536583,57814.63322,217,180,17348.0,SCENARIO-RECIPE-CRUDE_OIL,LIC-48-CRUDE_OIL,OPENING_EXISTING_ASSET,CRUDE_OIL,289073.1661,,"{""low"": 2472, ""medium"": 1518, ""high"": 347}",5723648688.78,317980.48,1,0.909091,AUTHORED_REFERENCE_COST_PER_CAPACITY_UNIT,RES227,,,,
OPEN-RES228,visual-territory-48,visual-territory-48-E1,IRON_ORE开采组,PROJECT-04,"[192, 415]",123374.56153,tonne/sim-day,OP-48,GOV-48,OPENING_PORTFOLIO,False,True,UNAPPROVED_SCENARIO_ASSET,NEW_DATA_POINT_NEEDS_MAP_MARKER,,,8973,280.396731,11215.86923,449,180,35892.0,SCENARIO-RECIPE-IRON_ORE,LIC-48-IRON_ORE,OPENING_EXISTING_ASSET,IRON_ORE,112158.6923,,"{""low"": 5114, ""medium"": 3141, ""high"": 718}",222074210.75,12337.46,1,0.909091,AUTHORED_REFERENCE_COST_PER_CAPACITY_UNIT,RES228,,,,
OPEN-48-STEEL,visual-territory-48,visual-territory-48-E1,STEEL区域生产群,PROJECT-14,"[125.0, 411.0]",31471.134852,tonne/sim-day,OP-48,GOV-48,OPENING_PORTFOLIO,False,True,UNAPPROVED_SCENARIO_ASSET,NEW_DATA_POINT_NEEDS_MAP_MARKER,,,3284,741.168031,54732.408438,165,180,13136.0,SCENARIO-RECIPE-STEEL,LIC-48-STEEL,OPENING_EXISTING_ASSET,STEEL,27366.204219,True,"{""low"": 1872, ""medium"": 1149, ""high"": 263}",56648042.73,3147.11,1,0.869565,AUTHORED_REFERENCE_COST_PER_CAPACITY_UNIT,,,,,
OPEN-48-REFINED_FUEL,visual-territory-48,visual-territory-48-E1,REFINED_FUEL区域生产群,PROJECT-15,"[125.0, 411.0]",46537.043227,barrel equivalent/sim-day,OP-48,GOV-48,OPENING_PORTFOLIO,False,True,UNAPPROVED_SCENARIO_ASSET,NEW_DATA_POINT_NEEDS_MAP_MARKER,,,324,13.488998,4046.699411,17,180,1296.0,SCENARIO-RECIPE-REFINED_FUEL,LIC-48-REFINED_FUEL,OPENING_EXISTING_ASSET,REFINED_FUEL,40466.994111,True,"{""low"": 185, ""medium"": 113, ""high"": 26}",837666778.09,46537.04,1,0.869565,AUTHORED_REFERENCE_COST_PER_CAPACITY_UNIT,,,,,
SERVICE-visual-territory-48-E1-36,visual-territory-48,visual-territory-48-E1,住房区域服务群,PROJECT-36,"[125.0, 411.0]",40510342.0,dwelling-unit,OP-48,GOV-48,OPENING_PORTFOLIO,False,True,UNAPPROVED_SCENARIO_ASSET,NEW_DATA_POINT_NEEDS_MAP_MARKER,,,0,0,0,1,90,51040.0,,,OPENING_EXISTING_ASSET,,,True,"{""low"": 0, ""medium"": 0, ""high"": 0}",2633172230000.0,146287346.11,1,,AUTHORED_REFERENCE_COST_PER_CAPACITY_UNIT,,,,,
SERVICE-visual-territory-48-E1-31,visual-territory-48,visual-territory-48-E1,基础教育区域服务群,PROJECT-31,"[125.0, 411.0]",25455993.0,student-seat,OP-48,GOV-48,OPENING_PORTFOLIO,False,True,UNAPPROVED_SCENARIO_ASSET,NEW_DATA_POINT_NEEDS_MAP_MARKER,,,932454,0,0,46623,90,51040.0,,,OPENING_EXISTING_ASSET,,,True,"{""low"": 531499, ""medium"": 326359, ""high"": 74596}",152735958000.0,8485331.0,1,,AUTHORED_REFERENCE_COST_PER_CAPACITY_UNIT,,,,,
SERVICE-visual-territory-48-E1-35,visual-territory-48,visual-territory-48-E1,医院区域服务群,PROJECT-35,"[125.0, 411.0]",382797.0,bed,OP-48,GOV-48,OPENING_PORTFOLIO,False,True,UNAPPROVED_SCENARIO_ASSET,NEW_DATA_POINT_NEEDS_MAP_MARKER,,,446597,0,0,22330,90,51040.0,,,OPENING_EXISTING_ASSET,,,True,"{""low"": 254560, ""medium"": 156309, ""high"": 35728}",26795790000.0,1488655.0,1,,AUTHORED_REFERENCE_COST_PER_CAPACITY_UNIT,,,,,
POWER-48-10,visual-territory-48,visual-territory-48-E1,太阳能区域设施群,PROJECT-10,"[125.0, 411.0]",280390.114697,MW,OP-48,GOV-48,OPENING_PORTFOLIO,False,True,UNAPPROVED_SCENARIO_ASSET,NEW_DATA_POINT_NEEDS_MAP_MARKER,,,16825,0,0,842,90,51040.0,,,OPENING_EXISTING_ASSET,,,True,"{""low"": 9590, ""medium"": 5889, ""high"": 1346}",252351103227.3,14019505.73,1,,AUTHORED_REFERENCE_COST_PER_CAPACITY_UNIT,,,,,
POWER-48-11,visual-territory-48,visual-territory-48-E1,风能区域设施群,PROJECT-11,"[125.0, 411.0]",280390.114697,MW,OP-48,GOV-48,OPENING_PORTFOLIO,False,True,UNAPPROVED_SCENARIO_ASSET,NEW_DATA_POINT_NEEDS_MAP_MARKER,,,16823,0,0,842,90,51040.0,,,OPENING_EXISTING_ASSET,,,True,"{""low"": 9589, ""medium"": 5888, ""high"": 1346}",252351103227.3,14019505.73,1,,AUTHORED_REFERENCE_COST_PER_CAPACITY_UNIT,,,,,
POWER-48-23,visual-territory-48,visual-territory-48-E1,国家电网区域设施群,PROJECT-23,"[125.0, 411.0]",73248.901803,MW,OP-48,GOV-48,OPENING_PORTFOLIO,False,True,UNAPPROVED_SCENARIO_ASSET,NEW_DATA_POINT_NEEDS_MAP_MARKER,,,16823,0,0,842,90,51040.0,,,OPENING_EXISTING_ASSET,,,True,"{""low"": 9589, ""medium"": 5888, ""high"": 1346}",65924011622.7,3662445.09,1,,AUTHORED_REFERENCE_COST_PER_CAPACITY_UNIT,,,,,
POWER-48-13,visual-territory-48,visual-territory-48-E1,储能区域设施群,PROJECT-13,"[125.0, 411.0]",3125286.476948,MWh,OP-48,GOV-48,OPENING_PORTFOLIO,False,True,UNAPPROVED_SCENARIO_ASSET,NEW_DATA_POINT_NEEDS_MAP_MARKER,,,16823,0,0,842,90,51040.0,,,OPENING_EXISTING_ASSET,,,True,"{""low"": 9589, ""medium"": 5888, ""high"": 1346}",500045836311.68,27780324.24,1,,AUTHORED_REFERENCE_COST_PER_CAPACITY_UNIT,,,,,
GATE-48,visual-territory-48,visual-territory-48-E1,国家海港集群,PROJECT-21,"[153.5, 445.5]",270597.427125,tonne/sim-day,OP-48,GOV-48,OPENING_PORTFOLIO,False,True,UNAPPROVED_SCENARIO_ASSET,NEW_DATA_POINT_NEEDS_MAP_MARKER,,,191399,0,0,9570,90,51040.0,,,OPENING_EXISTING_ASSET,,,True,"{""low"": 109097, ""medium"": 66990, ""high"": 15312}",487075368.82,27059.74,1,,AUTHORED_REFERENCE_COST_PER_CAPACITY_UNIT,,True,"[153.5, 445.5]",Snapped to original ocean shoreline with ocean-grid access; harbour engineering not surveyed,
WAREHOUSE-48,visual-territory-48,visual-territory-48-E1,国家战略与生产库存库群,PROJECT-26,"[125.0, 411.0]",14442320.400058,tonne,OP-48,GOV-48,OPENING_PORTFOLIO,False,True,UNAPPROVED_SCENARIO_ASSET,NEW_DATA_POINT_NEEDS_MAP_MARKER,,,191398,0,0,9570,90,51040.0,,,OPENING_EXISTING_ASSET,,,True,"{""low"": 109097, ""medium"": 66989, ""high"": 15312}",1733078448.01,96282.14,1,,AUTHORED_REFERENCE_COST_PER_CAPACITY_UNIT,,,,,
OPEN-RES232,visual-territory-49,visual-territory-49-E2,CRUDE_OIL开采组,PROJECT-01,"[292, 377]",411235.04488,barrel/sim-day,OP-49,GOV-49,OPENING_PORTFOLIO,False,True,UNAPPROVED_SCENARIO_ASSET,NEW_DATA_POINT_NEEDS_MAP_MARKER,,,5608,186.92502,74770.00816,281,180,22432.0,SCENARIO-RECIPE-CRUDE_OIL,LIC-49-CRUDE_OIL,OPENING_EXISTING_ASSET,CRUDE_OIL,373850.0408,,"{""low"": 3196, ""medium"": 1963, ""high"": 449}",7402230807.84,411235.04,1,0.909091,AUTHORED_REFERENCE_COST_PER_CAPACITY_UNIT,RES232,,,,
OPEN-RES231,visual-territory-49,visual-territory-49-E1,URANIUM开采组,PROJECT-03,"[208, 375]",1.03708,tonne U/sim-day,OP-49,GOV-49,OPENING_PORTFOLIO,False,True,UNAPPROVED_SCENARIO_ASSET,NEW_DATA_POINT_NEEDS_MAP_MARKER,,,19,1.374917,18.856,1,180,76.0,SCENARIO-RECIPE-URANIUM,LIC-49-URANIUM,OPENING_EXISTING_ASSET,URANIUM,0.9428,,"{""low"": 10, ""medium"": 7, ""high"": 2}",6222480.0,345.69,1,0.909091,AUTHORED_REFERENCE_COST_PER_CAPACITY_UNIT,RES231,,,,
OPEN-RES230,visual-territory-49,visual-territory-49-E1,IRON_ORE开采组,PROJECT-04,"[195, 431]",180987.88697,tonne/sim-day,OP-49,GOV-49,OPENING_PORTFOLIO,False,True,UNAPPROVED_SCENARIO_ASSET,NEW_DATA_POINT_NEEDS_MAP_MARKER,,,13163,411.336107,16453.44427,659,180,52652.0,SCENARIO-RECIPE-IRON_ORE,LIC-49-IRON_ORE,OPENING_EXISTING_ASSET,IRON_ORE,164534.4427,,"{""low"": 7503, ""medium"": 4607, ""high"": 1053}",325778196.55,18098.79,1,0.909091,AUTHORED_REFERENCE_COST_PER_CAPACITY_UNIT,RES230,,,,
OPEN-49-STEEL,visual-territory-49,visual-territory-49-E2,STEEL区域生产群,PROJECT-14,"[267.0, 400.0]",46343.434259,tonne/sim-day,OP-49,GOV-49,OPENING_PORTFOLIO,False,True,UNAPPROVED_SCENARIO_ASSET,NEW_DATA_POINT_NEEDS_MAP_MARKER,,,4836,1091.421459,80597.276972,242,180,19344.0,SCENARIO-RECIPE-STEEL,LIC-49-STEEL,OPENING_EXISTING_ASSET,STEEL,40298.638486,True,"{""low"": 2756, ""medium"": 1693, ""high"": 387}",83418181.67,4634.34,1,0.869565,AUTHORED_REFERENCE_COST_PER_CAPACITY_UNIT,,,,,
OPEN-49-SEMICONDUCTORS,visual-territory-49,visual-territory-49-E2,SEMICONDUCTORS区域生产群,PROJECT-17,"[267.0, 400.0]",331441.545026,standardised chip unit/sim-day,OP-49,GOV-49,OPENING_PORTFOLIO,False,True,UNAPPROVED_SCENARIO_ASSET,NEW_DATA_POINT_NEEDS_MAP_MARKER,,,289,1.200875,28.821004,15,180,1156.0,SCENARIO-RECIPE-SEMICONDUCTORS,LIC-49-SEMICONDUCTORS,OPENING_EXISTING_ASSET,SEMICONDUCTORS,288210.039153,True,"{""low"": 101, ""medium"": 101, ""high"": 87}",1160045407.59,64446.97,1,0.869565,AUTHORED_REFERENCE_COST_PER_CAPACITY_UNIT,,,,,
SERVICE-visual-territory-49-E1-36,visual-territory-49,visual-territory-49-E1,住房区域服务群,PROJECT-36,"[218.5, 398.0]",29641343.0,dwelling-unit,OP-49,GOV-49,OPENING_PORTFOLIO,False,True,UNAPPROVED_SCENARIO_ASSET,NEW_DATA_POINT_NEEDS_MAP_MARKER,,,0,0,0,1,90,76156.0,,,OPENING_EXISTING_ASSET,,,True,"{""low"": 0, ""medium"": 0, ""high"": 0}",1926687295000.0,107038183.06,1,,AUTHORED_REFERENCE_COST_PER_CAPACITY_UNIT,,,,,
SERVICE-visual-territory-49-E1-31,visual-territory-49,visual-territory-49-E1,基础教育区域服务群,PROJECT-31,"[218.5, 398.0]",18721654.0,student-seat,OP-49,GOV-49,OPENING_PORTFOLIO,False,True,UNAPPROVED_SCENARIO_ASSET,NEW_DATA_POINT_NEEDS_MAP_MARKER,,,685775,0,0,34289,90,76156.0,,,OPENING_EXISTING_ASSET,,,True,"{""low"": 390892, ""medium"": 240021, ""high"": 54862}",112329924000.0,6240551.33,1,,AUTHORED_REFERENCE_COST_PER_CAPACITY_UNIT,,,,,
SERVICE-visual-territory-49-E1-35,visual-territory-49,visual-territory-49-E1,医院区域服务群,PROJECT-35,"[218.5, 398.0]",281529.0,bed,OP-49,GOV-49,OPENING_PORTFOLIO,False,True,UNAPPROVED_SCENARIO_ASSET,NEW_DATA_POINT_NEEDS_MAP_MARKER,,,328451,0,0,16423,90,76156.0,,,OPENING_EXISTING_ASSET,,,True,"{""low"": 187217, ""medium"": 114958, ""high"": 26276}",19707030000.0,1094835.0,1,,AUTHORED_REFERENCE_COST_PER_CAPACITY_UNIT,,,,,
SERVICE-visual-territory-49-E2-36,visual-territory-49,visual-territory-49-E2,住房区域服务群,PROJECT-36,"[267.0, 400.0]",30974911.0,dwelling-unit,OP-49,GOV-49,OPENING_PORTFOLIO,False,True,UNAPPROVED_SCENARIO_ASSET,NEW_DATA_POINT_NEEDS_MAP_MARKER,,,0,0,0,1,90,76156.0,,,OPENING_EXISTING_ASSET,,,True,"{""low"": 0, ""medium"": 0, ""high"": 0}",2013369215000.0,111853845.28,1,,AUTHORED_REFERENCE_COST_PER_CAPACITY_UNIT,,,,,
SERVICE-visual-territory-49-E2-31,visual-territory-49,visual-territory-49-E2,基础教育区域服务群,PROJECT-31,"[267.0, 400.0]",19259335.0,student-seat,OP-49,GOV-49,OPENING_PORTFOLIO,False,True,UNAPPROVED_SCENARIO_ASSET,NEW_DATA_POINT_NEEDS_MAP_MARKER,,,705471,0,0,35274,90,76156.0,,,OPENING_EXISTING_ASSET,,,True,"{""low"": 402118, ""medium"": 246915, ""high"": 56438}",115556010000.0,6419778.33,1,,AUTHORED_REFERENCE_COST_PER_CAPACITY_UNIT,,,,,
SERVICE-visual-territory-49-E2-35,visual-territory-49,visual-territory-49-E2,医院区域服务群,PROJECT-35,"[267.0, 400.0]",289615.0,bed,OP-49,GOV-49,OPENING_PORTFOLIO,False,True,UNAPPROVED_SCENARIO_ASSET,NEW_DATA_POINT_NEEDS_MAP_MARKER,,,337884,0,0,16895,90,76156.0,,,OPENING_EXISTING_ASSET,,,True,"{""low"": 192594, ""medium"": 118259, ""high"": 27031}",20273050000.0,1126280.56,1,,AUTHORED_REFERENCE_COST_PER_CAPACITY_UNIT,,,,,
POWER-49-10,visual-territory-49,visual-territory-49-E2,太阳能区域设施群,PROJECT-10,"[267.0, 400.0]",364922.190326,MW,OP-49,GOV-49,OPENING_PORTFOLIO,False,True,UNAPPROVED_SCENARIO_ASSET,NEW_DATA_POINT_NEEDS_MAP_MARKER,,,21897,0,0,1095,90,76156.0,,,OPENING_EXISTING_ASSET,,,True,"{""low"": 12481, ""medium"": 7664, ""high"": 1752}",328429971293.4,18246109.52,1,,AUTHORED_REFERENCE_COST_PER_CAPACITY_UNIT,,,,,
POWER-49-11,visual-territory-49,visual-territory-49-E2,风能区域设施群,PROJECT-11,"[267.0, 400.0]",364922.190326,MW,OP-49,GOV-49,OPENING_PORTFOLIO,False,True,UNAPPROVED_SCENARIO_ASSET,NEW_DATA_POINT_NEEDS_MAP_MARKER,,,21895,0,0,1095,90,76156.0,,,OPENING_EXISTING_ASSET,,,True,"{""low"": 12480, ""medium"": 7663, ""high"": 1752}",328429971293.4,18246109.52,1,,AUTHORED_REFERENCE_COST_PER_CAPACITY_UNIT,,,,,
POWER-49-23,visual-territory-49,visual-territory-49-E2,国家电网区域设施群,PROJECT-23,"[267.0, 400.0]",109204.575285,MW,OP-49,GOV-49,OPENING_PORTFOLIO,False,True,UNAPPROVED_SCENARIO_ASSET,NEW_DATA_POINT_NEEDS_MAP_MARKER,,,21895,0,0,1095,90,76156.0,,,OPENING_EXISTING_ASSET,,,True,"{""low"": 12480, ""medium"": 7663, ""high"": 1752}",98284117756.5,5460228.76,1,,AUTHORED_REFERENCE_COST_PER_CAPACITY_UNIT,,,,,
POWER-49-13,visual-territory-49,visual-territory-49-E2,储能区域设施群,PROJECT-13,"[267.0, 400.0]",4659395.212159,MWh,OP-49,GOV-49,OPENING_PORTFOLIO,False,True,UNAPPROVED_SCENARIO_ASSET,NEW_DATA_POINT_NEEDS_MAP_MARKER,,,21895,0,0,1095,90,76156.0,,,OPENING_EXISTING_ASSET,,,True,"{""low"": 12480, ""medium"": 7663, ""high"": 1752}",745503233945.44,41416846.33,1,,AUTHORED_REFERENCE_COST_PER_CAPACITY_UNIT,,,,,
GATE-49,visual-territory-49,visual-territory-49-E1,国家海港集群,PROJECT-21,"[224.0, 417.5]",411615.972326,tonne/sim-day,OP-49,GOV-49,OPENING_PORTFOLIO,False,True,UNAPPROVED_SCENARIO_ASSET,NEW_DATA_POINT_NEEDS_MAP_MARKER,,,285572,0,0,14279,90,76156.0,,,OPENING_EXISTING_ASSET,,,True,"{""low"": 162776, ""medium"": 99950, ""high"": 22846}",740908750.19,41161.6,1,,AUTHORED_REFERENCE_COST_PER_CAPACITY_UNIT,,True,"[224.0, 417.5]",Snapped to original ocean shoreline with ocean-grid access; harbour engineering not surveyed,
WAREHOUSE-49,visual-territory-49,visual-territory-49-E2,国家战略与生产库存库群,PROJECT-26,"[267.0, 400.0]",26694692.649729,tonne,OP-49,GOV-49,OPENING_PORTFOLIO,False,True,UNAPPROVED_SCENARIO_ASSET,NEW_DATA_POINT_NEEDS_MAP_MARKER,,,285571,0,0,14279,90,76156.0,,,OPENING_EXISTING_ASSET,,,True,"{""low"": 162775, ""medium"": 99950, ""high"": 22846}",3203363117.97,177964.62,1,,AUTHORED_REFERENCE_COST_PER_CAPACITY_UNIT,,,,,
OPEN-RES38,visual-territory-50,visual-territory-50-E1,CRUDE_OIL开采组,PROJECT-01,"[270, 455]",293942.44902,barrel/sim-day,OP-50,GOV-50,OPENING_PORTFOLIO,False,True,UNAPPROVED_SCENARIO_ASSET,NEW_DATA_POINT_NEEDS_MAP_MARKER,,,4009,133.610204,53444.08164,201,180,16036.0,SCENARIO-RECIPE-CRUDE_OIL,LIC-50-CRUDE_OIL,OPENING_EXISTING_ASSET,CRUDE_OIL,267220.4082,,"{""low"": 2285, ""medium"": 1403, ""high"": 321}",5290964082.36,293942.45,1,0.909091,AUTHORED_REFERENCE_COST_PER_CAPACITY_UNIT,RES38,,,,
OPEN-RES233,visual-territory-50,visual-territory-50-E2,NATURAL_GAS开采组,PROJECT-02,"[332, 525]",1128559.41715,MMBtu/sim-day,OP-50,GOV-50,OPENING_PORTFOLIO,False,True,UNAPPROVED_SCENARIO_ASSET,NEW_DATA_POINT_NEEDS_MAP_MARKER,,,2052,42.748463,10259.631065,103,180,8208.0,SCENARIO-RECIPE-NATURAL_GAS,LIC-50-NATURAL_GAS,OPENING_EXISTING_ASSET,NATURAL_GAS,1025963.1065,,"{""low"": 1170, ""medium"": 718, ""high"": 164}",2708542601.16,150474.59,1,0.909091,AUTHORED_REFERENCE_COST_PER_CAPACITY_UNIT,RES233,,,,
OPEN-RES234,visual-territory-50,visual-territory-50-E1,COPPER开采组,PROJECT-05,"[284, 505]",187.701784,tonne/sim-day,OP-50,GOV-50,OPENING_PORTFOLIO,False,True,UNAPPROVED_SCENARIO_ASSET,NEW_DATA_POINT_NEEDS_MAP_MARKER,,,86,5.687933,341.275972,5,180,344.0,SCENARIO-RECIPE-COPPER,LIC-50-COPPER,OPENING_EXISTING_ASSET,COPPER,170.637986,,"{""low"": 49, ""medium"": 30, ""high"": 7}",337863.21,18.77,1,0.909091,AUTHORED_REFERENCE_COST_PER_CAPACITY_UNIT,RES234,,,,
OPEN-50-REFINED_FUEL,visual-territory-50,visual-territory-50-E1,REFINED_FUEL区域生产群,PROJECT-15,"[279.75, 466.0]",74222.452287,barrel equivalent/sim-day,OP-50,GOV-50,OPENING_PORTFOLIO,False,True,UNAPPROVED_SCENARIO_ASSET,NEW_DATA_POINT_NEEDS_MAP_MARKER,,,517,21.513754,6454.126286,26,180,2068.0,SCENARIO-RECIPE-REFINED_FUEL,LIC-50-REFINED_FUEL,OPENING_EXISTING_ASSET,REFINED_FUEL,64541.262859,True,"{""low"": 295, ""medium"": 181, ""high"": 41}",1336004141.17,74222.45,1,0.869565,AUTHORED_REFERENCE_COST_PER_CAPACITY_UNIT,,,,,
OPEN-50-MACHINERY,visual-territory-50,visual-territory-50-E1,MACHINERY区域生产群,PROJECT-16,"[279.75, 466.0]",2490.994019,equipment unit/sim-day,OP-50,GOV-50,OPENING_PORTFOLIO,False,True,UNAPPROVED_SCENARIO_ASSET,NEW_DATA_POINT_NEEDS_MAP_MARKER,,,434,180.506813,2166.081756,22,180,1736.0,SCENARIO-RECIPE-MACHINERY,LIC-50-MACHINERY,OPENING_EXISTING_ASSET,MACHINERY,2166.081756,True,"{""low"": 204, ""medium"": 152, ""high"": 78}",2989192822.8,166066.27,1,0.869565,AUTHORED_REFERENCE_COST_PER_CAPACITY_UNIT,,,,,
SERVICE-visual-territory-50-E1-36,visual-territory-50,visual-territory-50-E1,住房区域服务群,PROJECT-36,"[279.75, 466.0]",32689971.0,dwelling-unit,OP-50,GOV-50,OPENING_PORTFOLIO,False,True,UNAPPROVED_SCENARIO_ASSET,NEW_DATA_POINT_NEEDS_MAP_MARKER,,,0,0,0,1,90,79980.0,,,OPENING_EXISTING_ASSET,,,True,"{""low"": 0, ""medium"": 0, ""high"": 0}",2124848115000.0,118047117.5,1,,AUTHORED_REFERENCE_COST_PER_CAPACITY_UNIT,,,,,
SERVICE-visual-territory-50-E1-31,visual-territory-50,visual-territory-50-E1,基础教育区域服务群,PROJECT-31,"[279.75, 466.0]",20239065.0,student-seat,OP-50,GOV-50,OPENING_PORTFOLIO,False,True,UNAPPROVED_SCENARIO_ASSET,NEW_DATA_POINT_NEEDS_MAP_MARKER,,,741358,0,0,37068,90,79980.0,,,OPENING_EXISTING_ASSET,,,True,"{""low"": 422574, ""medium"": 259475, ""high"": 59309}",121434390000.0,6746355.0,1,,AUTHORED_REFERENCE_COST_PER_CAPACITY_UNIT,,,,,
SERVICE-visual-territory-50-E1-35,visual-territory-50,visual-territory-50-E1,医院区域服务群,PROJECT-35,"[279.75, 466.0]",304347.0,bed,OP-50,GOV-50,OPENING_PORTFOLIO,False,True,UNAPPROVED_SCENARIO_ASSET,NEW_DATA_POINT_NEEDS_MAP_MARKER,,,355072,0,0,17754,90,79980.0,,,OPENING_EXISTING_ASSET,,,True,"{""low"": 202391, ""medium"": 124275, ""high"": 28406}",21304290000.0,1183571.67,1,,AUTHORED_REFERENCE_COST_PER_CAPACITY_UNIT,,,,,
SERVICE-visual-territory-50-E2-36,visual-territory-50,visual-territory-50-E2,住房区域服务群,PROJECT-36,"[314.25, 482.0]",31438249.0,dwelling-unit,OP-50,GOV-50,OPENING_PORTFOLIO,False,True,UNAPPROVED_SCENARIO_ASSET,NEW_DATA_POINT_NEEDS_MAP_MARKER,,,0,0,0,1,90,79980.0,,,OPENING_EXISTING_ASSET,,,True,"{""low"": 0, ""medium"": 0, ""high"": 0}",2043486185000.0,113527010.28,1,,AUTHORED_REFERENCE_COST_PER_CAPACITY_UNIT,,,,,
SERVICE-visual-territory-50-E2-31,visual-territory-50,visual-territory-50-E2,基础教育区域服务群,PROJECT-31,"[314.25, 482.0]",19649116.0,student-seat,OP-50,GOV-50,OPENING_PORTFOLIO,False,True,UNAPPROVED_SCENARIO_ASSET,NEW_DATA_POINT_NEEDS_MAP_MARKER,,,719748,0,0,35988,90,79980.0,,,OPENING_EXISTING_ASSET,,,True,"{""low"": 410256, ""medium"": 251912, ""high"": 57580}",117894696000.0,6549705.33,1,,AUTHORED_REFERENCE_COST_PER_CAPACITY_UNIT,,,,,
SERVICE-visual-territory-50-E2-35,visual-territory-50,visual-territory-50-E2,医院区域服务群,PROJECT-35,"[314.25, 482.0]",295476.0,bed,OP-50,GOV-50,OPENING_PORTFOLIO,False,True,UNAPPROVED_SCENARIO_ASSET,NEW_DATA_POINT_NEEDS_MAP_MARKER,,,344722,0,0,17237,90,79980.0,,,OPENING_EXISTING_ASSET,,,True,"{""low"": 196491, ""medium"": 120653, ""high"": 27578}",20683320000.0,1149073.33,1,,AUTHORED_REFERENCE_COST_PER_CAPACITY_UNIT,,,,,
POWER-50-10,visual-territory-50,visual-territory-50-E1,太阳能区域设施群,PROJECT-10,"[279.75, 466.0]",470574.279291,MW,OP-50,GOV-50,OPENING_PORTFOLIO,False,True,UNAPPROVED_SCENARIO_ASSET,NEW_DATA_POINT_NEEDS_MAP_MARKER,,,28236,0,0,1412,90,79980.0,,,OPENING_EXISTING_ASSET,,,True,"{""low"": 16094, ""medium"": 9883, ""high"": 2259}",423516851361.9,23528713.96,1,,AUTHORED_REFERENCE_COST_PER_CAPACITY_UNIT,,,,,
POWER-50-11,visual-territory-50,visual-territory-50-E1,风能区域设施群,PROJECT-11,"[279.75, 466.0]",470574.279291,MW,OP-50,GOV-50,OPENING_PORTFOLIO,False,True,UNAPPROVED_SCENARIO_ASSET,NEW_DATA_POINT_NEEDS_MAP_MARKER,,,28234,0,0,1412,90,79980.0,,,OPENING_EXISTING_ASSET,,,True,"{""low"": 16093, ""medium"": 9882, ""high"": 2259}",423516851361.9,23528713.96,1,,AUTHORED_REFERENCE_COST_PER_CAPACITY_UNIT,,,,,
POWER-50-23,visual-territory-50,visual-territory-50-E1,国家电网区域设施群,PROJECT-23,"[279.75, 466.0]",112946.756396,MW,OP-50,GOV-50,OPENING_PORTFOLIO,False,True,UNAPPROVED_SCENARIO_ASSET,NEW_DATA_POINT_NEEDS_MAP_MARKER,,,28234,0,0,1412,90,79980.0,,,OPENING_EXISTING_ASSET,,,True,"{""low"": 16093, ""medium"": 9882, ""high"": 2259}",101652080756.4,5647337.82,1,,AUTHORED_REFERENCE_COST_PER_CAPACITY_UNIT,,,,,
POWER-50-13,visual-territory-50,visual-territory-50-E1,储能区域设施群,PROJECT-13,"[279.75, 466.0]",4819061.606241,MWh,OP-50,GOV-50,OPENING_PORTFOLIO,False,True,UNAPPROVED_SCENARIO_ASSET,NEW_DATA_POINT_NEEDS_MAP_MARKER,,,28234,0,0,1412,90,79980.0,,,OPENING_EXISTING_ASSET,,,True,"{""low"": 16093, ""medium"": 9882, ""high"": 2259}",771049856998.56,42836103.17,1,,AUTHORED_REFERENCE_COST_PER_CAPACITY_UNIT,,,,,
GATE-50,visual-territory-50,visual-territory-50-E1,国家海港集群,PROJECT-21,"[283.5, 498.5]",313702.065951,tonne/sim-day,OP-50,GOV-50,OPENING_PORTFOLIO,False,True,UNAPPROVED_SCENARIO_ASSET,NEW_DATA_POINT_NEEDS_MAP_MARKER,,,299912,0,0,14996,90,79980.0,,,OPENING_EXISTING_ASSET,,,True,"{""low"": 170950, ""medium"": 104969, ""high"": 23993}",564663718.71,31370.21,1,,AUTHORED_REFERENCE_COST_PER_CAPACITY_UNIT,,True,"[283.5, 498.5]",Snapped to original ocean shoreline with ocean-grid access; harbour engineering not surveyed,
WAREHOUSE-50,visual-territory-50,visual-territory-50-E1,国家战略与生产库存库群,PROJECT-26,"[279.75, 466.0]",18690723.005539,tonne,OP-50,GOV-50,OPENING_PORTFOLIO,False,True,UNAPPROVED_SCENARIO_ASSET,NEW_DATA_POINT_NEEDS_MAP_MARKER,,,299911,0,0,14996,90,79980.0,,,OPENING_EXISTING_ASSET,,,True,"{""low"": 170949, ""medium"": 104969, ""high"": 23993}",2242886760.66,124604.82,1,,AUTHORED_REFERENCE_COST_PER_CAPACITY_UNIT,,,,,
OPEN-RES236,visual-territory-51,visual-territory-51-E2,CRUDE_OIL开采组,PROJECT-01,"[421, 458]",405061.23086,barrel/sim-day,OP-51,GOV-51,OPENING_PORTFOLIO,False,True,UNAPPROVED_SCENARIO_ASSET,NEW_DATA_POINT_NEEDS_MAP_MARKER,,,5524,184.118741,73647.49652,277,180,22096.0,SCENARIO-RECIPE-CRUDE_OIL,LIC-51-CRUDE_OIL,OPENING_EXISTING_ASSET,CRUDE_OIL,368237.4826,,"{""low"": 3149, ""medium"": 1933, ""high"": 442}",7291102155.48,405061.23,1,0.909091,AUTHORED_REFERENCE_COST_PER_CAPACITY_UNIT,RES236,,,,
OPEN-RES238,visual-territory-51,visual-territory-51-E2,IRON_ORE开采组,PROJECT-04,"[361, 491]",166333.00211,tonne/sim-day,OP-51,GOV-51,OPENING_PORTFOLIO,False,True,UNAPPROVED_SCENARIO_ASSET,NEW_DATA_POINT_NEEDS_MAP_MARKER,,,12097,378.02955,15121.18201,605,180,48388.0,SCENARIO-RECIPE-IRON_ORE,LIC-51-IRON_ORE,OPENING_EXISTING_ASSET,IRON_ORE,151211.8201,,"{""low"": 6895, ""medium"": 4234, ""high"": 968}",299399403.8,16633.3,1,0.909091,AUTHORED_REFERENCE_COST_PER_CAPACITY_UNIT,RES238,,,,
OPEN-51-STEEL,visual-territory-51,visual-territory-51-E1,STEEL区域生产群,PROJECT-14,"[308.75, 438.0]",72349.378937,tonne/sim-day,OP-51,GOV-51,OPENING_PORTFOLIO,False,True,UNAPPROVED_SCENARIO_ASSET,NEW_DATA_POINT_NEEDS_MAP_MARKER,,,7550,1703.880301,125825.006846,378,180,30200.0,SCENARIO-RECIPE-STEEL,LIC-51-STEEL,OPENING_EXISTING_ASSET,STEEL,62912.503423,True,"{""low"": 4304, ""medium"": 2642, ""high"": 604}",130228882.09,7234.94,1,0.869565,AUTHORED_REFERENCE_COST_PER_CAPACITY_UNIT,,,,,
OPEN-51-MACHINERY,visual-territory-51,visual-territory-51-E1,MACHINERY区域生产群,PROJECT-16,"[308.75, 438.0]",316.985551,equipment unit/sim-day,OP-51,GOV-51,OPENING_PORTFOLIO,False,True,UNAPPROVED_SCENARIO_ASSET,NEW_DATA_POINT_NEEDS_MAP_MARKER,,,56,22.969967,275.63961,3,180,224.0,SCENARIO-RECIPE-MACHINERY,LIC-51-MACHINERY,OPENING_EXISTING_ASSET,MACHINERY,275.63961,True,"{""low"": 26, ""medium"": 20, ""high"": 10}",380382661.2,21132.37,1,0.869565,AUTHORED_REFERENCE_COST_PER_CAPACITY_UNIT,,,,,
SERVICE-visual-territory-51-E1-36,visual-territory-51,visual-territory-51-E1,住房区域服务群,PROJECT-36,"[308.75, 438.0]",38950743.0,dwelling-unit,OP-51,GOV-51,OPENING_PORTFOLIO,False,True,UNAPPROVED_SCENARIO_ASSET,NEW_DATA_POINT_NEEDS_MAP_MARKER,,,0,0,0,1,90,86956.0,,,OPENING_EXISTING_ASSET,,,True,"{""low"": 0, ""medium"": 0, ""high"": 0}",2531798295000.0,140655460.83,1,,AUTHORED_REFERENCE_COST_PER_CAPACITY_UNIT,,,,,
SERVICE-visual-territory-51-E1-31,visual-territory-51,visual-territory-51-E1,基础教育区域服务群,PROJECT-31,"[308.75, 438.0]",23417551.0,student-seat,OP-51,GOV-51,OPENING_PORTFOLIO,False,True,UNAPPROVED_SCENARIO_ASSET,NEW_DATA_POINT_NEEDS_MAP_MARKER,,,857786,0,0,42890,90,86956.0,,,OPENING_EXISTING_ASSET,,,True,"{""low"": 488938, ""medium"": 300225, ""high"": 68623}",140505306000.0,7805850.33,1,,AUTHORED_REFERENCE_COST_PER_CAPACITY_UNIT,,,,,
SERVICE-visual-territory-51-E1-35,visual-territory-51,visual-territory-51-E1,医院区域服务群,PROJECT-35,"[308.75, 438.0]",352144.0,bed,OP-51,GOV-51,OPENING_PORTFOLIO,False,True,UNAPPROVED_SCENARIO_ASSET,NEW_DATA_POINT_NEEDS_MAP_MARKER,,,410835,0,0,20542,90,86956.0,,,OPENING_EXISTING_ASSET,,,True,"{""low"": 234176, ""medium"": 143792, ""high"": 32867}",24650080000.0,1369448.89,1,,AUTHORED_REFERENCE_COST_PER_CAPACITY_UNIT,,,,,
SERVICE-visual-territory-51-E2-36,visual-territory-51,visual-territory-51-E2,住房区域服务群,PROJECT-36,"[347.25, 448.0]",32193711.0,dwelling-unit,OP-51,GOV-51,OPENING_PORTFOLIO,False,True,UNAPPROVED_SCENARIO_ASSET,NEW_DATA_POINT_NEEDS_MAP_MARKER,,,0,0,0,1,90,86956.0,,,OPENING_EXISTING_ASSET,,,True,"{""low"": 0, ""medium"": 0, ""high"": 0}",2092591215000.0,116255067.5,1,,AUTHORED_REFERENCE_COST_PER_CAPACITY_UNIT,,,,,
SERVICE-visual-territory-51-E2-31,visual-territory-51,visual-territory-51-E2,基础教育区域服务群,PROJECT-31,"[347.25, 448.0]",19950793.0,student-seat,OP-51,GOV-51,OPENING_PORTFOLIO,False,True,UNAPPROVED_SCENARIO_ASSET,NEW_DATA_POINT_NEEDS_MAP_MARKER,,,730799,0,0,36540,90,86956.0,,,OPENING_EXISTING_ASSET,,,True,"{""low"": 416555, ""medium"": 255780, ""high"": 58464}",119704758000.0,6650264.33,1,,AUTHORED_REFERENCE_COST_PER_CAPACITY_UNIT,,,,,
SERVICE-visual-territory-51-E2-35,visual-territory-51,visual-territory-51-E2,医院区域服务群,PROJECT-35,"[347.25, 448.0]",300012.0,bed,OP-51,GOV-51,OPENING_PORTFOLIO,False,True,UNAPPROVED_SCENARIO_ASSET,NEW_DATA_POINT_NEEDS_MAP_MARKER,,,350014,0,0,17501,90,86956.0,,,OPENING_EXISTING_ASSET,,,True,"{""low"": 199508, ""medium"": 122505, ""high"": 28001}",21000840000.0,1166713.33,1,,AUTHORED_REFERENCE_COST_PER_CAPACITY_UNIT,,,,,
POWER-51-10,visual-territory-51,visual-territory-51-E1,太阳能区域设施群,PROJECT-10,"[308.75, 438.0]",527850.118883,MW,OP-51,GOV-51,OPENING_PORTFOLIO,False,True,UNAPPROVED_SCENARIO_ASSET,NEW_DATA_POINT_NEEDS_MAP_MARKER,,,31672,0,0,1584,90,86956.0,,,OPENING_EXISTING_ASSET,,,True,"{""low"": 18053, ""medium"": 11085, ""high"": 2534}",475065106994.7,26392505.94,1,,AUTHORED_REFERENCE_COST_PER_CAPACITY_UNIT,,,,,
POWER-51-11,visual-territory-51,visual-territory-51-E1,风能区域设施群,PROJECT-11,"[308.75, 438.0]",527850.118883,MW,OP-51,GOV-51,OPENING_PORTFOLIO,False,True,UNAPPROVED_SCENARIO_ASSET,NEW_DATA_POINT_NEEDS_MAP_MARKER,,,31671,0,0,1584,90,86956.0,,,OPENING_EXISTING_ASSET,,,True,"{""low"": 18052, ""medium"": 11085, ""high"": 2534}",475065106994.7,26392505.94,1,,AUTHORED_REFERENCE_COST_PER_CAPACITY_UNIT,,,,,
POWER-51-23,visual-territory-51,visual-territory-51-E1,国家电网区域设施群,PROJECT-23,"[308.75, 438.0]",125140.408575,MW,OP-51,GOV-51,OPENING_PORTFOLIO,False,True,UNAPPROVED_SCENARIO_ASSET,NEW_DATA_POINT_NEEDS_MAP_MARKER,,,31671,0,0,1584,90,86956.0,,,OPENING_EXISTING_ASSET,,,True,"{""low"": 18052, ""medium"": 11085, ""high"": 2534}",112626367717.5,6257020.43,1,,AUTHORED_REFERENCE_COST_PER_CAPACITY_UNIT,,,,,
POWER-51-13,visual-territory-51,visual-territory-51-E1,储能区域设施群,PROJECT-13,"[308.75, 438.0]",5339324.099203,MWh,OP-51,GOV-51,OPENING_PORTFOLIO,False,True,UNAPPROVED_SCENARIO_ASSET,NEW_DATA_POINT_NEEDS_MAP_MARKER,,,31671,0,0,1584,90,86956.0,,,OPENING_EXISTING_ASSET,,,True,"{""low"": 18052, ""medium"": 11085, ""high"": 2534}",854291855872.48,47460658.66,1,,AUTHORED_REFERENCE_COST_PER_CAPACITY_UNIT,,,,,
GATE-51,visual-territory-51,visual-territory-51-E2,国家海港集群,PROJECT-21,"[363.5, 435.5]",398863.82626,tonne/sim-day,OP-51,GOV-51,OPENING_PORTFOLIO,False,True,UNAPPROVED_SCENARIO_ASSET,NEW_DATA_POINT_NEEDS_MAP_MARKER,,,326078,0,0,16304,90,86956.0,,,OPENING_EXISTING_ASSET,,,True,"{""low"": 185865, ""medium"": 114127, ""high"": 26086}",717954887.27,39886.38,1,,AUTHORED_REFERENCE_COST_PER_CAPACITY_UNIT,,True,"[363.5, 435.5]",Snapped to original ocean shoreline with ocean-grid access; harbour engineering not surveyed,
WAREHOUSE-51,visual-territory-51,visual-territory-51-E1,国家战略与生产库存库群,PROJECT-26,"[308.75, 438.0]",27498044.08003,tonne,OP-51,GOV-51,OPENING_PORTFOLIO,False,True,UNAPPROVED_SCENARIO_ASSET,NEW_DATA_POINT_NEEDS_MAP_MARKER,,,326078,0,0,16304,90,86956.0,,,OPENING_EXISTING_ASSET,,,True,"{""low"": 185865, ""medium"": 114127, ""high"": 26086}",3299765289.6,183320.29,1,,AUTHORED_REFERENCE_COST_PER_CAPACITY_UNIT,,,,,
OPEN-RES240,visual-territory-52,visual-territory-52-E1,CRUDE_OIL开采组,PROJECT-01,"[479, 447]",312458.78664,barrel/sim-day,OP-52,GOV-52,OPENING_PORTFOLIO,False,True,UNAPPROVED_SCENARIO_ASSET,NEW_DATA_POINT_NEEDS_MAP_MARKER,,,4261,142.026721,56810.68848,214,180,17044.0,SCENARIO-RECIPE-CRUDE_OIL,LIC-52-CRUDE_OIL,OPENING_EXISTING_ASSET,CRUDE_OIL,284053.4424,,"{""low"": 2429, ""medium"": 1491, ""high"": 341}",5624258159.52,312458.79,1,0.909091,AUTHORED_REFERENCE_COST_PER_CAPACITY_UNIT,RES240,,,,
OPEN-RES242,visual-territory-52,visual-territory-52-E1,IRON_ORE开采组,PROJECT-04,"[523, 437]",121689.56019,tonne/sim-day,OP-52,GOV-52,OPENING_PORTFOLIO,False,True,UNAPPROVED_SCENARIO_ASSET,NEW_DATA_POINT_NEEDS_MAP_MARKER,,,8851,276.567182,11062.68729,443,180,35404.0,SCENARIO-RECIPE-IRON_ORE,LIC-52-IRON_ORE,OPENING_EXISTING_ASSET,IRON_ORE,110626.8729,,"{""low"": 5045, ""medium"": 3098, ""high"": 708}",219041208.34,12168.96,1,0.909091,AUTHORED_REFERENCE_COST_PER_CAPACITY_UNIT,RES242,,,,
OPEN-52-REFINED_FUEL,visual-territory-52,visual-territory-52-E1,REFINED_FUEL区域生产群,PROJECT-15,"[534.0, 401.0]",64209.030767,barrel equivalent/sim-day,OP-52,GOV-52,OPENING_PORTFOLIO,False,True,UNAPPROVED_SCENARIO_ASSET,NEW_DATA_POINT_NEEDS_MAP_MARKER,,,447,18.611313,5583.39398,23,180,1788.0,SCENARIO-RECIPE-REFINED_FUEL,LIC-52-REFINED_FUEL,OPENING_EXISTING_ASSET,REFINED_FUEL,55833.939798,True,"{""low"": 255, ""medium"": 156, ""high"": 36}",1155762553.81,64209.03,1,0.869565,AUTHORED_REFERENCE_COST_PER_CAPACITY_UNIT,,,,,
OPEN-52-MACHINERY,visual-territory-52,visual-territory-52-E1,MACHINERY区域生产群,PROJECT-16,"[534.0, 401.0]",669.988664,equipment unit/sim-day,OP-52,GOV-52,OPENING_PORTFOLIO,False,True,UNAPPROVED_SCENARIO_ASSET,NEW_DATA_POINT_NEEDS_MAP_MARKER,,,117,48.549903,582.598838,6,180,468.0,SCENARIO-RECIPE-MACHINERY,LIC-52-MACHINERY,OPENING_EXISTING_ASSET,MACHINERY,582.598838,True,"{""low"": 55, ""medium"": 41, ""high"": 21}",803986396.8,44665.91,1,0.869565,AUTHORED_REFERENCE_COST_PER_CAPACITY_UNIT,,,,,
OPEN-52-SEMICONDUCTORS,visual-territory-52,visual-territory-52-E1,SEMICONDUCTORS区域生产群,PROJECT-17,"[534.0, 401.0]",825633.27404,standardised chip unit/sim-day,OP-52,GOV-52,OPENING_PORTFOLIO,False,True,UNAPPROVED_SCENARIO_ASSET,NEW_DATA_POINT_NEEDS_MAP_MARKER,,,718,2.991425,71.794198,36,180,2872.0,SCENARIO-RECIPE-SEMICONDUCTORS,LIC-52-SEMICONDUCTORS,OPENING_EXISTING_ASSET,SEMICONDUCTORS,717941.977426,True,"{""low"": 252, ""medium"": 251, ""high"": 215}",2889716459.14,160539.8,1,0.869565,AUTHORED_REFERENCE_COST_PER_CAPACITY_UNIT,,,,,
SERVICE-visual-territory-52-E1-36,visual-territory-52,visual-territory-52-E1,住房区域服务群,PROJECT-36,"[534.0, 401.0]",54107277.0,dwelling-unit,OP-52,GOV-52,OPENING_PORTFOLIO,False,True,UNAPPROVED_SCENARIO_ASSET,NEW_DATA_POINT_NEEDS_MAP_MARKER,,,0,0,0,1,90,64788.0,,,OPENING_EXISTING_ASSET,,,True,"{""low"": 0, ""medium"": 0, ""high"": 0}",3516973005000.0,195387389.17,1,,AUTHORED_REFERENCE_COST_PER_CAPACITY_UNIT,,,,,
SERVICE-visual-territory-52-E1-31,visual-territory-52,visual-territory-52-E1,基础教育区域服务群,PROJECT-31,"[534.0, 401.0]",32312312.0,student-seat,OP-52,GOV-52,OPENING_PORTFOLIO,False,True,UNAPPROVED_SCENARIO_ASSET,NEW_DATA_POINT_NEEDS_MAP_MARKER,,,1183602,0,0,59181,90,64788.0,,,OPENING_EXISTING_ASSET,,,True,"{""low"": 674653, ""medium"": 414261, ""high"": 94688}",193873872000.0,10770770.67,1,,AUTHORED_REFERENCE_COST_PER_CAPACITY_UNIT,,,,,
SERVICE-visual-territory-52-E1-35,visual-territory-52,visual-territory-52-E1,医院区域服务群,PROJECT-35,"[534.0, 401.0]",485900.0,bed,OP-52,GOV-52,OPENING_PORTFOLIO,False,True,UNAPPROVED_SCENARIO_ASSET,NEW_DATA_POINT_NEEDS_MAP_MARKER,,,566883,0,0,28345,90,64788.0,,,OPENING_EXISTING_ASSET,,,True,"{""low"": 323123, ""medium"": 198409, ""high"": 45351}",34013000000.0,1889611.11,1,,AUTHORED_REFERENCE_COST_PER_CAPACITY_UNIT,,,,,
POWER-52-10,visual-territory-52,visual-territory-52-E1,太阳能区域设施群,PROJECT-10,"[534.0, 401.0]",372824.696271,MW,OP-52,GOV-52,OPENING_PORTFOLIO,False,True,UNAPPROVED_SCENARIO_ASSET,NEW_DATA_POINT_NEEDS_MAP_MARKER,,,22371,0,0,1119,90,64788.0,,,OPENING_EXISTING_ASSET,,,True,"{""low"": 12751, ""medium"": 7830, ""high"": 1790}",335542226643.9,18641234.81,1,,AUTHORED_REFERENCE_COST_PER_CAPACITY_UNIT,,,,,
POWER-52-11,visual-territory-52,visual-territory-52-E1,风能区域设施群,PROJECT-11,"[534.0, 401.0]",372824.696271,MW,OP-52,GOV-52,OPENING_PORTFOLIO,False,True,UNAPPROVED_SCENARIO_ASSET,NEW_DATA_POINT_NEEDS_MAP_MARKER,,,22369,0,0,1119,90,64788.0,,,OPENING_EXISTING_ASSET,,,True,"{""low"": 12750, ""medium"": 7829, ""high"": 1790}",335542226643.9,18641234.81,1,,AUTHORED_REFERENCE_COST_PER_CAPACITY_UNIT,,,,,
POWER-52-23,visual-territory-52,visual-territory-52-E1,国家电网区域设施群,PROJECT-23,"[534.0, 401.0]",91717.073681,MW,OP-52,GOV-52,OPENING_PORTFOLIO,False,True,UNAPPROVED_SCENARIO_ASSET,NEW_DATA_POINT_NEEDS_MAP_MARKER,,,22369,0,0,1119,90,64788.0,,,OPENING_EXISTING_ASSET,,,True,"{""low"": 12750, ""medium"": 7829, ""high"": 1790}",82545366312.9,4585853.68,1,,AUTHORED_REFERENCE_COST_PER_CAPACITY_UNIT,,,,,
POWER-52-13,visual-territory-52,visual-territory-52-E1,储能区域设施群,PROJECT-13,"[534.0, 401.0]",3913261.810388,MWh,OP-52,GOV-52,OPENING_PORTFOLIO,False,True,UNAPPROVED_SCENARIO_ASSET,NEW_DATA_POINT_NEEDS_MAP_MARKER,,,22369,0,0,1119,90,64788.0,,,OPENING_EXISTING_ASSET,,,True,"{""low"": 12750, ""medium"": 7829, ""high"": 1790}",626121889662.08,34784549.43,1,,AUTHORED_REFERENCE_COST_PER_CAPACITY_UNIT,,,,,
GATE-52,visual-territory-52,visual-territory-52-E1,国家海港集群,PROJECT-21,"[539.5, 387.5]",377339.382567,tonne/sim-day,OP-52,GOV-52,OPENING_PORTFOLIO,False,True,UNAPPROVED_SCENARIO_ASSET,NEW_DATA_POINT_NEEDS_MAP_MARKER,,,242950,0,0,12148,90,64788.0,,,OPENING_EXISTING_ASSET,,,True,"{""low"": 138482, ""medium"": 85032, ""high"": 19436}",679210888.62,37733.94,1,,AUTHORED_REFERENCE_COST_PER_CAPACITY_UNIT,,True,"[539, 388]",Snapped to original ocean shoreline with ocean-grid access; harbour engineering not surveyed,
WAREHOUSE-52,visual-territory-52,visual-territory-52-E1,国家战略与生产库存库群,PROJECT-26,"[534.0, 401.0]",13097171.711502,tonne,OP-52,GOV-52,OPENING_PORTFOLIO,False,True,UNAPPROVED_SCENARIO_ASSET,NEW_DATA_POINT_NEEDS_MAP_MARKER,,,242950,0,0,12148,90,64788.0,,,OPENING_EXISTING_ASSET,,,True,"{""low"": 138482, ""medium"": 85032, ""high"": 19436}",1571660605.38,87314.48,1,,AUTHORED_REFERENCE_COST_PER_CAPACITY_UNIT,,,,,
OPEN-RES243,visual-territory-53,visual-territory-53-E2,CRUDE_OIL开采组,PROJECT-01,"[816, 376]",827320.75371,barrel/sim-day,OP-53,GOV-53,OPENING_PORTFOLIO,False,True,UNAPPROVED_SCENARIO_ASSET,NEW_DATA_POINT_NEEDS_MAP_MARKER,,,11282,376.054888,150421.95522,565,180,45128.0,SCENARIO-RECIPE-CRUDE_OIL,LIC-53-CRUDE_OIL,OPENING_EXISTING_ASSET,CRUDE_OIL,752109.7761,,"{""low"": 6430, ""medium"": 3949, ""high"": 903}",14891773566.78,827320.75,1,0.909091,AUTHORED_REFERENCE_COST_PER_CAPACITY_UNIT,RES243,,,,
OPEN-53-GRAIN,visual-territory-53,visual-territory-53-E2,GRAIN区域生产群,,"[803.75, 429.0]",305541.592689,tonne/sim-day,OP-53,GOV-53,OPENING_PORTFOLIO,False,True,UNAPPROVED_SCENARIO_ASSET,NEW_DATA_POINT_NEEDS_MAP_MARKER,,,132845,221.406951,379554773.525714,6643,180,531380.0,SCENARIO-RECIPE-GRAIN,LIC-53-GRAIN,OPENING_EXISTING_ASSET,GRAIN,265688.341468,True,"{""low"": 75721, ""medium"": 46496, ""high"": 10628}",549974866.84,30554.16,1,0.869565,AUTHORED_REFERENCE_COST_PER_CAPACITY_UNIT,,,,,
OPEN-53-REFINED_FUEL,visual-territory-53,visual-territory-53-E2,REFINED_FUEL区域生产群,PROJECT-15,"[803.75, 429.0]",102316.554821,barrel equivalent/sim-day,OP-53,GOV-53,OPENING_PORTFOLIO,False,True,UNAPPROVED_SCENARIO_ASSET,NEW_DATA_POINT_NEEDS_MAP_MARKER,,,712,29.656972,8897.091724,36,180,2848.0,SCENARIO-RECIPE-REFINED_FUEL,LIC-53-REFINED_FUEL,OPENING_EXISTING_ASSET,REFINED_FUEL,88970.917236,True,"{""low"": 406, ""medium"": 249, ""high"": 57}",1841697986.78,102316.55,1,0.869565,AUTHORED_REFERENCE_COST_PER_CAPACITY_UNIT,,,,,
SERVICE-visual-territory-53-E1-36,visual-territory-53,visual-territory-53-E1,住房区域服务群,PROJECT-36,"[762.25, 421.0]",43125146.0,dwelling-unit,OP-53,GOV-53,OPENING_PORTFOLIO,False,True,UNAPPROVED_SCENARIO_ASSET,NEW_DATA_POINT_NEEDS_MAP_MARKER,,,0,0,0,1,90,111012.0,,,OPENING_EXISTING_ASSET,,,True,"{""low"": 0, ""medium"": 0, ""high"": 0}",2803134490000.0,155729693.89,1,,AUTHORED_REFERENCE_COST_PER_CAPACITY_UNIT,,,,,
SERVICE-visual-territory-53-E1-31,visual-territory-53,visual-territory-53-E1,基础教育区域服务群,PROJECT-31,"[762.25, 421.0]",27035823.0,student-seat,OP-53,GOV-53,OPENING_PORTFOLIO,False,True,UNAPPROVED_SCENARIO_ASSET,NEW_DATA_POINT_NEEDS_MAP_MARKER,,,990324,0,0,49517,90,111012.0,,,OPENING_EXISTING_ASSET,,,True,"{""low"": 564485, ""medium"": 346613, ""high"": 79226}",162214938000.0,9011941.0,1,,AUTHORED_REFERENCE_COST_PER_CAPACITY_UNIT,,,,,
SERVICE-visual-territory-53-E1-35,visual-territory-53,visual-territory-53-E1,医院区域服务群,PROJECT-35,"[762.25, 421.0]",406554.0,bed,OP-53,GOV-53,OPENING_PORTFOLIO,False,True,UNAPPROVED_SCENARIO_ASSET,NEW_DATA_POINT_NEEDS_MAP_MARKER,,,474313,0,0,23716,90,111012.0,,,OPENING_EXISTING_ASSET,,,True,"{""low"": 270358, ""medium"": 166010, ""high"": 37945}",28458780000.0,1581043.33,1,,AUTHORED_REFERENCE_COST_PER_CAPACITY_UNIT,,,,,
SERVICE-visual-territory-53-E2-36,visual-territory-53,visual-territory-53-E2,住房区域服务群,PROJECT-36,"[803.75, 429.0]",45530892.0,dwelling-unit,OP-53,GOV-53,OPENING_PORTFOLIO,False,True,UNAPPROVED_SCENARIO_ASSET,NEW_DATA_POINT_NEEDS_MAP_MARKER,,,0,0,0,1,90,111012.0,,,OPENING_EXISTING_ASSET,,,True,"{""low"": 0, ""medium"": 0, ""high"": 0}",2959507980000.0,164417110.0,1,,AUTHORED_REFERENCE_COST_PER_CAPACITY_UNIT,,,,,
SERVICE-visual-territory-53-E2-31,visual-territory-53,visual-territory-53-E2,基础教育区域服务群,PROJECT-31,"[803.75, 429.0]",28329935.0,student-seat,OP-53,GOV-53,OPENING_PORTFOLIO,False,True,UNAPPROVED_SCENARIO_ASSET,NEW_DATA_POINT_NEEDS_MAP_MARKER,,,1037727,0,0,51887,90,111012.0,,,OPENING_EXISTING_ASSET,,,True,"{""low"": 591505, ""medium"": 363204, ""high"": 83018}",169979610000.0,9443311.67,1,,AUTHORED_REFERENCE_COST_PER_CAPACITY_UNIT,,,,,
SERVICE-visual-territory-53-E2-35,visual-territory-53,visual-territory-53-E2,医院区域服务群,PROJECT-35,"[803.75, 429.0]",426015.0,bed,OP-53,GOV-53,OPENING_PORTFOLIO,False,True,UNAPPROVED_SCENARIO_ASSET,NEW_DATA_POINT_NEEDS_MAP_MARKER,,,497017,0,0,24851,90,111012.0,,,OPENING_EXISTING_ASSET,,,True,"{""low"": 283300, ""medium"": 173956, ""high"": 39761}",29821050000.0,1656725.0,1,,AUTHORED_REFERENCE_COST_PER_CAPACITY_UNIT,,,,,
POWER-53-10,visual-territory-53,visual-territory-53-E2,太阳能区域设施群,PROJECT-10,"[803.75, 429.0]",589197.332859,MW,OP-53,GOV-53,OPENING_PORTFOLIO,False,True,UNAPPROVED_SCENARIO_ASSET,NEW_DATA_POINT_NEEDS_MAP_MARKER,,,35352,0,0,1768,90,111012.0,,,OPENING_EXISTING_ASSET,,,True,"{""low"": 20151, ""medium"": 12373, ""high"": 2828}",530277599573.1,29459866.64,1,,AUTHORED_REFERENCE_COST_PER_CAPACITY_UNIT,,,,,
POWER-53-11,visual-territory-53,visual-territory-53-E2,风能区域设施群,PROJECT-11,"[803.75, 429.0]",589197.332859,MW,OP-53,GOV-53,OPENING_PORTFOLIO,False,True,UNAPPROVED_SCENARIO_ASSET,NEW_DATA_POINT_NEEDS_MAP_MARKER,,,35352,0,0,1768,90,111012.0,,,OPENING_EXISTING_ASSET,,,True,"{""low"": 20151, ""medium"": 12373, ""high"": 2828}",530277599573.1,29459866.64,1,,AUTHORED_REFERENCE_COST_PER_CAPACITY_UNIT,,,,,
POWER-53-23,visual-territory-53,visual-territory-53-E2,国家电网区域设施群,PROJECT-23,"[803.75, 429.0]",156890.35764,MW,OP-53,GOV-53,OPENING_PORTFOLIO,False,True,UNAPPROVED_SCENARIO_ASSET,NEW_DATA_POINT_NEEDS_MAP_MARKER,,,35352,0,0,1768,90,111012.0,,,OPENING_EXISTING_ASSET,,,True,"{""low"": 20151, ""medium"": 12373, ""high"": 2828}",141201321876.0,7844517.88,1,,AUTHORED_REFERENCE_COST_PER_CAPACITY_UNIT,,,,,
POWER-53-13,visual-territory-53,visual-territory-53-E2,储能区域设施群,PROJECT-13,"[803.75, 429.0]",6693988.592623,MWh,OP-53,GOV-53,OPENING_PORTFOLIO,False,True,UNAPPROVED_SCENARIO_ASSET,NEW_DATA_POINT_NEEDS_MAP_MARKER,,,35352,0,0,1768,90,111012.0,,,OPENING_EXISTING_ASSET,,,True,"{""low"": 20151, ""medium"": 12373, ""high"": 2828}",1071038174819.68,59502120.82,1,,AUTHORED_REFERENCE_COST_PER_CAPACITY_UNIT,,,,,
GATE-53,visual-territory-53,visual-territory-53-E2,国家海港集群,PROJECT-21,"[832.5, 426.0]",307333.374486,tonne/sim-day,OP-53,GOV-53,OPENING_PORTFOLIO,False,True,UNAPPROVED_SCENARIO_ASSET,NEW_DATA_POINT_NEEDS_MAP_MARKER,,,416284,0,0,20815,90,111012.0,,,OPENING_EXISTING_ASSET,,,True,"{""low"": 237282, ""medium"": 145699, ""high"": 33303}",553200074.07,30733.34,1,,AUTHORED_REFERENCE_COST_PER_CAPACITY_UNIT,,True,"[832.5, 426.0]",Snapped to original ocean shoreline with ocean-grid access; harbour engineering not surveyed,
WAREHOUSE-53,visual-territory-53,visual-territory-53-E2,国家战略与生产库存库群,PROJECT-26,"[803.75, 429.0]",20547555.969654,tonne,OP-53,GOV-53,OPENING_PORTFOLIO,False,True,UNAPPROVED_SCENARIO_ASSET,NEW_DATA_POINT_NEEDS_MAP_MARKER,,,416284,0,0,20815,90,111012.0,,,OPENING_EXISTING_ASSET,,,True,"{""low"": 237282, ""medium"": 145699, ""high"": 33303}",2465706716.36,136983.71,1,,AUTHORED_REFERENCE_COST_PER_CAPACITY_UNIT,,,,,
OPEN-RES74,visual-territory-54,visual-territory-54-E1,URANIUM开采组,PROJECT-03,"[821, 497]",1.80059,tonne U/sim-day,OP-54,GOV-54,OPENING_PORTFOLIO,False,True,UNAPPROVED_SCENARIO_ASSET,NEW_DATA_POINT_NEEDS_MAP_MARKER,,,33,2.387146,32.738,2,180,132.0,SCENARIO-RECIPE-URANIUM,LIC-54-URANIUM,OPENING_EXISTING_ASSET,URANIUM,1.6369,,"{""low"": 18, ""medium"": 12, ""high"": 3}",10803540.0,600.2,1,0.909091,AUTHORED_REFERENCE_COST_PER_CAPACITY_UNIT,RES74,,,,
OPEN-54-GRAIN,visual-territory-54,visual-territory-54-E1,GRAIN区域生产群,,"[836.75, 465.0]",647398.77715,tonne/sim-day,OP-54,GOV-54,OPENING_PORTFOLIO,False,True,UNAPPROVED_SCENARIO_ASSET,NEW_DATA_POINT_NEEDS_MAP_MARKER,,,281478,469.129549,804222083.417143,14074,180,1125912.0,SCENARIO-RECIPE-GRAIN,LIC-54-GRAIN,OPENING_EXISTING_ASSET,GRAIN,562955.458392,True,"{""low"": 160443, ""medium"": 98517, ""high"": 22518}",1165317798.87,64739.88,1,0.869565,AUTHORED_REFERENCE_COST_PER_CAPACITY_UNIT,,,,,
OPEN-54-SEMICONDUCTORS,visual-territory-54,visual-territory-54-E1,SEMICONDUCTORS区域生产群,PROJECT-17,"[836.75, 465.0]",589255.43527,standardised chip unit/sim-day,OP-54,GOV-54,OPENING_PORTFOLIO,False,True,UNAPPROVED_SCENARIO_ASSET,NEW_DATA_POINT_NEEDS_MAP_MARKER,,,513,2.134983,51.239603,26,180,2052.0,SCENARIO-RECIPE-SEMICONDUCTORS,LIC-54-SEMICONDUCTORS,OPENING_EXISTING_ASSET,SEMICONDUCTORS,512396.03067,True,"{""low"": 179, ""medium"": 180, ""high"": 154}",2062394023.45,114577.45,1,0.869565,AUTHORED_REFERENCE_COST_PER_CAPACITY_UNIT,,,,,
SERVICE-visual-territory-54-E1-36,visual-territory-54,visual-territory-54-E1,住房区域服务群,PROJECT-36,"[836.75, 465.0]",57386975.0,dwelling-unit,OP-54,GOV-54,OPENING_PORTFOLIO,False,True,UNAPPROVED_SCENARIO_ASSET,NEW_DATA_POINT_NEEDS_MAP_MARKER,,,0,0,0,1,90,135040.0,,,OPENING_EXISTING_ASSET,,,True,"{""low"": 0, ""medium"": 0, ""high"": 0}",3730153375000.0,207230743.06,1,,AUTHORED_REFERENCE_COST_PER_CAPACITY_UNIT,,,,,
SERVICE-visual-territory-54-E1-31,visual-territory-54,visual-territory-54-E1,基础教育区域服务群,PROJECT-31,"[836.75, 465.0]",35664728.0,student-seat,OP-54,GOV-54,OPENING_PORTFOLIO,False,True,UNAPPROVED_SCENARIO_ASSET,NEW_DATA_POINT_NEEDS_MAP_MARKER,,,1306401,0,0,65321,90,135040.0,,,OPENING_EXISTING_ASSET,,,True,"{""low"": 744649, ""medium"": 457240, ""high"": 104512}",213988368000.0,11888242.67,1,,AUTHORED_REFERENCE_COST_PER_CAPACITY_UNIT,,,,,
SERVICE-visual-territory-54-E1-35,visual-territory-54,visual-territory-54-E1,医院区域服务群,PROJECT-35,"[836.75, 465.0]",536312.0,bed,OP-54,GOV-54,OPENING_PORTFOLIO,False,True,UNAPPROVED_SCENARIO_ASSET,NEW_DATA_POINT_NEEDS_MAP_MARKER,,,625697,0,0,31285,90,135040.0,,,OPENING_EXISTING_ASSET,,,True,"{""low"": 356647, ""medium"": 218994, ""high"": 50056}",37541840000.0,2085657.78,1,,AUTHORED_REFERENCE_COST_PER_CAPACITY_UNIT,,,,,
SERVICE-visual-territory-54-E2-36,visual-territory-54,visual-territory-54-E2,住房区域服务群,PROJECT-36,"[896.75, 472.5]",50259303.0,dwelling-unit,OP-54,GOV-54,OPENING_PORTFOLIO,False,True,UNAPPROVED_SCENARIO_ASSET,NEW_DATA_POINT_NEEDS_MAP_MARKER,,,0,0,0,1,90,135040.0,,,OPENING_EXISTING_ASSET,,,True,"{""low"": 0, ""medium"": 0, ""high"": 0}",3266854695000.0,181491927.5,1,,AUTHORED_REFERENCE_COST_PER_CAPACITY_UNIT,,,,,
SERVICE-visual-territory-54-E2-31,visual-territory-54,visual-territory-54-E2,基础教育区域服务群,PROJECT-31,"[896.75, 472.5]",31685200.0,student-seat,OP-54,GOV-54,OPENING_PORTFOLIO,False,True,UNAPPROVED_SCENARIO_ASSET,NEW_DATA_POINT_NEEDS_MAP_MARKER,,,1160631,0,0,58032,90,135040.0,,,OPENING_EXISTING_ASSET,,,True,"{""low"": 661560, ""medium"": 406221, ""high"": 92850}",190111200000.0,10561733.33,1,,AUTHORED_REFERENCE_COST_PER_CAPACITY_UNIT,,,,,
SERVICE-visual-territory-54-E2-35,visual-territory-54,visual-territory-54-E2,医院区域服务群,PROJECT-35,"[896.75, 472.5]",476470.0,bed,OP-54,GOV-54,OPENING_PORTFOLIO,False,True,UNAPPROVED_SCENARIO_ASSET,NEW_DATA_POINT_NEEDS_MAP_MARKER,,,555881,0,0,27795,90,135040.0,,,OPENING_EXISTING_ASSET,,,True,"{""low"": 316853, ""medium"": 194558, ""high"": 44470}",33352900000.0,1852938.89,1,,AUTHORED_REFERENCE_COST_PER_CAPACITY_UNIT,,,,,
POWER-54-10,visual-territory-54,visual-territory-54-E1,太阳能区域设施群,PROJECT-10,"[836.75, 465.0]",738573.611619,MW,OP-54,GOV-54,OPENING_PORTFOLIO,False,True,UNAPPROVED_SCENARIO_ASSET,NEW_DATA_POINT_NEEDS_MAP_MARKER,,,44316,0,0,2216,90,135040.0,,,OPENING_EXISTING_ASSET,,,True,"{""low"": 25260, ""medium"": 15511, ""high"": 3545}",664716250457.1,36928680.58,1,,AUTHORED_REFERENCE_COST_PER_CAPACITY_UNIT,,,,,
POWER-54-11,visual-territory-54,visual-territory-54-E1,风能区域设施群,PROJECT-11,"[836.75, 465.0]",738573.611619,MW,OP-54,GOV-54,OPENING_PORTFOLIO,False,True,UNAPPROVED_SCENARIO_ASSET,NEW_DATA_POINT_NEEDS_MAP_MARKER,,,44314,0,0,2216,90,135040.0,,,OPENING_EXISTING_ASSET,,,True,"{""low"": 25259, ""medium"": 15510, ""high"": 3545}",664716250457.1,36928680.58,1,,AUTHORED_REFERENCE_COST_PER_CAPACITY_UNIT,,,,,
POWER-54-23,visual-territory-54,visual-territory-54-E1,国家电网区域设施群,PROJECT-23,"[836.75, 465.0]",190488.476972,MW,OP-54,GOV-54,OPENING_PORTFOLIO,False,True,UNAPPROVED_SCENARIO_ASSET,NEW_DATA_POINT_NEEDS_MAP_MARKER,,,44314,0,0,2216,90,135040.0,,,OPENING_EXISTING_ASSET,,,True,"{""low"": 25259, ""medium"": 15510, ""high"": 3545}",171439629274.8,9524423.85,1,,AUTHORED_REFERENCE_COST_PER_CAPACITY_UNIT,,,,,
POWER-54-13,visual-territory-54,visual-territory-54-E1,储能区域设施群,PROJECT-13,"[836.75, 465.0]",8127508.350824,MWh,OP-54,GOV-54,OPENING_PORTFOLIO,False,True,UNAPPROVED_SCENARIO_ASSET,NEW_DATA_POINT_NEEDS_MAP_MARKER,,,44314,0,0,2216,90,135040.0,,,OPENING_EXISTING_ASSET,,,True,"{""low"": 25259, ""medium"": 15510, ""high"": 3545}",1300401336131.84,72244518.67,1,,AUTHORED_REFERENCE_COST_PER_CAPACITY_UNIT,,,,,
GATE-54,visual-territory-54,visual-territory-54-E2,国家海港集群,PROJECT-21,"[907.5, 530.5]",562055.37462,tonne/sim-day,OP-54,GOV-54,OPENING_PORTFOLIO,False,True,UNAPPROVED_SCENARIO_ASSET,NEW_DATA_POINT_NEEDS_MAP_MARKER,,,506391,0,0,25320,90,135040.0,,,OPENING_EXISTING_ASSET,,,True,"{""low"": 288643, ""medium"": 177237, ""high"": 40511}",1011699674.32,56205.54,1,,AUTHORED_REFERENCE_COST_PER_CAPACITY_UNIT,,True,"[907.5, 530.5]",Snapped to original ocean shoreline with ocean-grid access; harbour engineering not surveyed,
WAREHOUSE-54,visual-territory-54,visual-territory-54-E1,国家战略与生产库存库群,PROJECT-26,"[836.75, 465.0]",24253090.191707,tonne,OP-54,GOV-54,OPENING_PORTFOLIO,False,True,UNAPPROVED_SCENARIO_ASSET,NEW_DATA_POINT_NEEDS_MAP_MARKER,,,506390,0,0,25320,90,135040.0,,,OPENING_EXISTING_ASSET,,,True,"{""low"": 288643, ""medium"": 177236, ""high"": 40511}",2910370823.0,161687.27,1,,AUTHORED_REFERENCE_COST_PER_CAPACITY_UNIT,,,,,
OPEN-RES246,visual-territory-55,visual-territory-55-E1,CRUDE_OIL开采组,PROJECT-01,"[1005, 433]",303575.77063,barrel/sim-day,OP-55,GOV-55,OPENING_PORTFOLIO,False,True,UNAPPROVED_SCENARIO_ASSET,NEW_DATA_POINT_NEEDS_MAP_MARKER,,,4140,137.988987,55195.59466,207,180,16560.0,SCENARIO-RECIPE-CRUDE_OIL,LIC-55-CRUDE_OIL,OPENING_EXISTING_ASSET,CRUDE_OIL,275977.9733,,"{""low"": 2360, ""medium"": 1449, ""high"": 331}",5464363871.34,303575.77,1,0.909091,AUTHORED_REFERENCE_COST_PER_CAPACITY_UNIT,RES246,,,,
OPEN-55-GRAIN,visual-territory-55,visual-territory-55-E1,GRAIN区域生产群,,"[965.5, 442.0]",155518.107969,tonne/sim-day,OP-55,GOV-55,OPENING_PORTFOLIO,False,True,UNAPPROVED_SCENARIO_ASSET,NEW_DATA_POINT_NEEDS_MAP_MARKER,,,67617,112.694281,193190196.234286,3381,180,270468.0,SCENARIO-RECIPE-GRAIN,LIC-55-GRAIN,OPENING_EXISTING_ASSET,GRAIN,135233.137364,True,"{""low"": 38542, ""medium"": 23666, ""high"": 5409}",279932594.34,15551.81,1,0.869565,AUTHORED_REFERENCE_COST_PER_CAPACITY_UNIT,,,,,
OPEN-55-REFINED_FUEL,visual-territory-55,visual-territory-55-E1,REFINED_FUEL区域生产群,PROJECT-15,"[965.5, 442.0]",62556.571303,barrel equivalent/sim-day,OP-55,GOV-55,OPENING_PORTFOLIO,False,True,UNAPPROVED_SCENARIO_ASSET,NEW_DATA_POINT_NEEDS_MAP_MARKER,,,436,18.13234,5439.701852,22,180,1744.0,SCENARIO-RECIPE-REFINED_FUEL,LIC-55-REFINED_FUEL,OPENING_EXISTING_ASSET,REFINED_FUEL,54397.018524,True,"{""low"": 248, ""medium"": 153, ""high"": 35}",1126018283.45,62556.57,1,0.869565,AUTHORED_REFERENCE_COST_PER_CAPACITY_UNIT,,,,,
OPEN-55-SEMICONDUCTORS,visual-territory-55,visual-territory-55-E1,SEMICONDUCTORS区域生产群,PROJECT-17,"[965.5, 442.0]",297143.713687,standardised chip unit/sim-day,OP-55,GOV-55,OPENING_PORTFOLIO,False,True,UNAPPROVED_SCENARIO_ASSET,NEW_DATA_POINT_NEEDS_MAP_MARKER,,,259,1.076608,25.838584,13,180,1036.0,SCENARIO-RECIPE-SEMICONDUCTORS,LIC-55-SEMICONDUCTORS,OPENING_EXISTING_ASSET,SEMICONDUCTORS,258385.837989,True,"{""low"": 90, ""medium"": 91, ""high"": 78}",1040002997.9,57777.94,1,0.869565,AUTHORED_REFERENCE_COST_PER_CAPACITY_UNIT,,,,,
SERVICE-visual-territory-55-E1-36,visual-territory-55,visual-territory-55-E1,住房区域服务群,PROJECT-36,"[965.5, 442.0]",52783787.0,dwelling-unit,OP-55,GOV-55,OPENING_PORTFOLIO,False,True,UNAPPROVED_SCENARIO_ASSET,NEW_DATA_POINT_NEEDS_MAP_MARKER,,,0,0,0,1,90,63360.0,,,OPENING_EXISTING_ASSET,,,True,"{""low"": 0, ""medium"": 0, ""high"": 0}",3430946155000.0,190608119.72,1,,AUTHORED_REFERENCE_COST_PER_CAPACITY_UNIT,,,,,
SERVICE-visual-territory-55-E1-31,visual-territory-55,visual-territory-55-E1,基础教育区域服务群,PROJECT-31,"[965.5, 442.0]",31600569.0,student-seat,OP-55,GOV-55,OPENING_PORTFOLIO,False,True,UNAPPROVED_SCENARIO_ASSET,NEW_DATA_POINT_NEEDS_MAP_MARKER,,,1157530,0,0,57877,90,63360.0,,,OPENING_EXISTING_ASSET,,,True,"{""low"": 659792, ""medium"": 405136, ""high"": 92602}",189603414000.0,10533523.0,1,,AUTHORED_REFERENCE_COST_PER_CAPACITY_UNIT,,,,,
SERVICE-visual-territory-55-E1-35,visual-territory-55,visual-territory-55-E1,医院区域服务群,PROJECT-35,"[965.5, 442.0]",475197.0,bed,OP-55,GOV-55,OPENING_PORTFOLIO,False,True,UNAPPROVED_SCENARIO_ASSET,NEW_DATA_POINT_NEEDS_MAP_MARKER,,,554396,0,0,27720,90,63360.0,,,OPENING_EXISTING_ASSET,,,True,"{""low"": 316005, ""medium"": 194039, ""high"": 44352}",33263790000.0,1847988.33,1,,AUTHORED_REFERENCE_COST_PER_CAPACITY_UNIT,,,,,
POWER-55-10,visual-territory-55,visual-territory-55-E1,太阳能区域设施群,PROJECT-10,"[965.5, 442.0]",334250.261408,MW,OP-55,GOV-55,OPENING_PORTFOLIO,False,True,UNAPPROVED_SCENARIO_ASSET,NEW_DATA_POINT_NEEDS_MAP_MARKER,,,20056,0,0,1003,90,63360.0,,,OPENING_EXISTING_ASSET,,,True,"{""low"": 11432, ""medium"": 7020, ""high"": 1604}",300825235267.2,16712513.07,1,,AUTHORED_REFERENCE_COST_PER_CAPACITY_UNIT,,,,,
POWER-55-11,visual-territory-55,visual-territory-55-E1,风能区域设施群,PROJECT-11,"[965.5, 442.0]",334250.261408,MW,OP-55,GOV-55,OPENING_PORTFOLIO,False,True,UNAPPROVED_SCENARIO_ASSET,NEW_DATA_POINT_NEEDS_MAP_MARKER,,,20055,0,0,1003,90,63360.0,,,OPENING_EXISTING_ASSET,,,True,"{""low"": 11432, ""medium"": 7019, ""high"": 1604}",300825235267.2,16712513.07,1,,AUTHORED_REFERENCE_COST_PER_CAPACITY_UNIT,,,,,
POWER-55-23,visual-territory-55,visual-territory-55-E1,国家电网区域设施群,PROJECT-23,"[965.5, 442.0]",89436.713894,MW,OP-55,GOV-55,OPENING_PORTFOLIO,False,True,UNAPPROVED_SCENARIO_ASSET,NEW_DATA_POINT_NEEDS_MAP_MARKER,,,20055,0,0,1003,90,63360.0,,,OPENING_EXISTING_ASSET,,,True,"{""low"": 11432, ""medium"": 7019, ""high"": 1604}",80493042504.6,4471835.69,1,,AUTHORED_REFERENCE_COST_PER_CAPACITY_UNIT,,,,,
POWER-55-13,visual-territory-55,visual-territory-55-E1,储能区域设施群,PROJECT-13,"[965.5, 442.0]",3815966.459464,MWh,OP-55,GOV-55,OPENING_PORTFOLIO,False,True,UNAPPROVED_SCENARIO_ASSET,NEW_DATA_POINT_NEEDS_MAP_MARKER,,,20055,0,0,1003,90,63360.0,,,OPENING_EXISTING_ASSET,,,True,"{""low"": 11432, ""medium"": 7019, ""high"": 1604}",610554633514.24,33919701.86,1,,AUTHORED_REFERENCE_COST_PER_CAPACITY_UNIT,,,,,
GATE-55,visual-territory-55,visual-territory-55-E1,国家海港集群,PROJECT-21,"[977.5, 453.5]",125759.599397,tonne/sim-day,OP-55,GOV-55,OPENING_PORTFOLIO,False,True,UNAPPROVED_SCENARIO_ASSET,NEW_DATA_POINT_NEEDS_MAP_MARKER,,,237599,0,0,11880,90,63360.0,,,OPENING_EXISTING_ASSET,,,True,"{""low"": 135431, ""medium"": 83160, ""high"": 19008}",226367278.91,12575.96,1,,AUTHORED_REFERENCE_COST_PER_CAPACITY_UNIT,,True,"[977, 453]",Snapped to original ocean shoreline with ocean-grid access; harbour engineering not surveyed,
WAREHOUSE-55,visual-territory-55,visual-territory-55-E1,国家战略与生产库存库群,PROJECT-26,"[965.5, 442.0]",11437991.493257,tonne,OP-55,GOV-55,OPENING_PORTFOLIO,False,True,UNAPPROVED_SCENARIO_ASSET,NEW_DATA_POINT_NEEDS_MAP_MARKER,,,237598,0,0,11880,90,63360.0,,,OPENING_EXISTING_ASSET,,,True,"{""low"": 135431, ""medium"": 83159, ""high"": 19008}",1372558979.19,76253.28,1,,AUTHORED_REFERENCE_COST_PER_CAPACITY_UNIT,,,,,
OPEN-RES250,visual-territory-56,visual-territory-56-E1,CRUDE_OIL开采组,PROJECT-01,"[647, 571]",221648.37607,barrel/sim-day,OP-56,GOV-56,OPENING_PORTFOLIO,False,True,UNAPPROVED_SCENARIO_ASSET,NEW_DATA_POINT_NEEDS_MAP_MARKER,,,3023,100.749262,40299.70474,152,180,12092.0,SCENARIO-RECIPE-CRUDE_OIL,LIC-56-CRUDE_OIL,OPENING_EXISTING_ASSET,CRUDE_OIL,201498.5237,,"{""low"": 1723, ""medium"": 1058, ""high"": 242}",3989670769.26,221648.38,1,0.909091,AUTHORED_REFERENCE_COST_PER_CAPACITY_UNIT,RES250,,,,
OPEN-56-MACHINERY,visual-territory-56,visual-territory-56-E1,MACHINERY区域生产群,PROJECT-16,"[656.75, 534.0]",2174.618141,equipment unit/sim-day,OP-56,GOV-56,OPENING_PORTFOLIO,False,True,UNAPPROVED_SCENARIO_ASSET,NEW_DATA_POINT_NEEDS_MAP_MARKER,,,379,157.581025,1890.972297,19,180,1516.0,SCENARIO-RECIPE-MACHINERY,LIC-56-MACHINERY,OPENING_EXISTING_ASSET,MACHINERY,1890.972297,True,"{""low"": 178, ""medium"": 133, ""high"": 68}",2609541769.2,144974.54,1,0.869565,AUTHORED_REFERENCE_COST_PER_CAPACITY_UNIT,,,,,
OPEN-56-SEMICONDUCTORS,visual-territory-56,visual-territory-56-E1,SEMICONDUCTORS区域生产群,PROJECT-17,"[656.75, 534.0]",3383793.67982,standardised chip unit/sim-day,OP-56,GOV-56,OPENING_PORTFOLIO,False,True,UNAPPROVED_SCENARIO_ASSET,NEW_DATA_POINT_NEEDS_MAP_MARKER,,,2943,12.260122,294.242929,148,180,11772.0,SCENARIO-RECIPE-SEMICONDUCTORS,LIC-56-SEMICONDUCTORS,OPENING_EXISTING_ASSET,SEMICONDUCTORS,2942429.2868,True,"{""low"": 1030, ""medium"": 1030, ""high"": 883}",11843277879.37,657959.88,1,0.869565,AUTHORED_REFERENCE_COST_PER_CAPACITY_UNIT,,,,,
OPEN-56-BATTERIES,visual-territory-56,visual-territory-56-E1,BATTERIES区域生产群,PROJECT-18,"[656.75, 534.0]",129.108905,MWh-equivalent/sim-day,OP-56,GOV-56,OPENING_PORTFOLIO,False,True,UNAPPROVED_SCENARIO_ASSET,NEW_DATA_POINT_NEEDS_MAP_MARKER,,,34,2.806715,224.537226,2,180,136.0,SCENARIO-RECIPE-BATTERIES,LIC-56-BATTERIES,OPENING_EXISTING_ASSET,BATTERIES,112.268613,True,"{""low"": 16, ""medium"": 12, ""high"": 6}",232396029.0,12910.89,1,0.869565,AUTHORED_REFERENCE_COST_PER_CAPACITY_UNIT,,,,,
SERVICE-visual-territory-56-E1-36,visual-territory-56,visual-territory-56-E1,住房区域服务群,PROJECT-36,"[656.75, 534.0]",55920229.0,dwelling-unit,OP-56,GOV-56,OPENING_PORTFOLIO,False,True,UNAPPROVED_SCENARIO_ASSET,NEW_DATA_POINT_NEEDS_MAP_MARKER,,,0,0,0,1,90,130760.0,,,OPENING_EXISTING_ASSET,,,True,"{""low"": 0, ""medium"": 0, ""high"": 0}",3634814885000.0,201934160.28,1,,AUTHORED_REFERENCE_COST_PER_CAPACITY_UNIT,,,,,
SERVICE-visual-territory-56-E1-31,visual-territory-56,visual-territory-56-E1,基础教育区域服务群,PROJECT-31,"[656.75, 534.0]",34001650.0,student-seat,OP-56,GOV-56,OPENING_PORTFOLIO,False,True,UNAPPROVED_SCENARIO_ASSET,NEW_DATA_POINT_NEEDS_MAP_MARKER,,,1245482,0,0,62275,90,130760.0,,,OPENING_EXISTING_ASSET,,,True,"{""low"": 709924, ""medium"": 435919, ""high"": 99639}",204009900000.0,11333883.33,1,,AUTHORED_REFERENCE_COST_PER_CAPACITY_UNIT,,,,,
SERVICE-visual-territory-56-E1-35,visual-territory-56,visual-territory-56-E1,医院区域服务群,PROJECT-35,"[656.75, 534.0]",511303.0,bed,OP-56,GOV-56,OPENING_PORTFOLIO,False,True,UNAPPROVED_SCENARIO_ASSET,NEW_DATA_POINT_NEEDS_MAP_MARKER,,,596521,0,0,29827,90,130760.0,,,OPENING_EXISTING_ASSET,,,True,"{""low"": 340017, ""medium"": 208782, ""high"": 47722}",35791210000.0,1988400.56,1,,AUTHORED_REFERENCE_COST_PER_CAPACITY_UNIT,,,,,
SERVICE-visual-territory-56-E2-36,visual-territory-56,visual-territory-56-E2,住房区域服务群,PROJECT-36,"[699.75, 503.0]",49455822.0,dwelling-unit,OP-56,GOV-56,OPENING_PORTFOLIO,False,True,UNAPPROVED_SCENARIO_ASSET,NEW_DATA_POINT_NEEDS_MAP_MARKER,,,0,0,0,1,90,130760.0,,,OPENING_EXISTING_ASSET,,,True,"{""low"": 0, ""medium"": 0, ""high"": 0}",3214628430000.0,178590468.33,1,,AUTHORED_REFERENCE_COST_PER_CAPACITY_UNIT,,,,,
SERVICE-visual-territory-56-E2-31,visual-territory-56,visual-territory-56-E2,基础教育区域服务群,PROJECT-31,"[699.75, 503.0]",31214876.0,student-seat,OP-56,GOV-56,OPENING_PORTFOLIO,False,True,UNAPPROVED_SCENARIO_ASSET,NEW_DATA_POINT_NEEDS_MAP_MARKER,,,1143403,0,0,57171,90,130760.0,,,OPENING_EXISTING_ASSET,,,True,"{""low"": 651740, ""medium"": 400191, ""high"": 91472}",187289256000.0,10404958.67,1,,AUTHORED_REFERENCE_COST_PER_CAPACITY_UNIT,,,,,
SERVICE-visual-territory-56-E2-35,visual-territory-56,visual-territory-56-E2,医院区域服务群,PROJECT-35,"[699.75, 503.0]",469397.0,bed,OP-56,GOV-56,OPENING_PORTFOLIO,False,True,UNAPPROVED_SCENARIO_ASSET,NEW_DATA_POINT_NEEDS_MAP_MARKER,,,547630,0,0,27382,90,130760.0,,,OPENING_EXISTING_ASSET,,,True,"{""low"": 312150, ""medium"": 191670, ""high"": 43810}",32857790000.0,1825432.78,1,,AUTHORED_REFERENCE_COST_PER_CAPACITY_UNIT,,,,,
POWER-56-10,visual-territory-56,visual-territory-56-E1,太阳能区域设施群,PROJECT-10,"[656.75, 534.0]",742858.016857,MW,OP-56,GOV-56,OPENING_PORTFOLIO,False,True,UNAPPROVED_SCENARIO_ASSET,NEW_DATA_POINT_NEEDS_MAP_MARKER,,,44573,0,0,2229,90,130760.0,,,OPENING_EXISTING_ASSET,,,True,"{""low"": 25406, ""medium"": 15601, ""high"": 3566}",668572215171.3,37142900.84,1,,AUTHORED_REFERENCE_COST_PER_CAPACITY_UNIT,,,,,
POWER-56-11,visual-territory-56,visual-territory-56-E1,风能区域设施群,PROJECT-11,"[656.75, 534.0]",742858.016857,MW,OP-56,GOV-56,OPENING_PORTFOLIO,False,True,UNAPPROVED_SCENARIO_ASSET,NEW_DATA_POINT_NEEDS_MAP_MARKER,,,44571,0,0,2229,90,130760.0,,,OPENING_EXISTING_ASSET,,,True,"{""low"": 25405, ""medium"": 15600, ""high"": 3566}",668572215171.3,37142900.84,1,,AUTHORED_REFERENCE_COST_PER_CAPACITY_UNIT,,,,,
POWER-56-23,visual-territory-56,visual-territory-56-E1,国家电网区域设施群,PROJECT-23,"[656.75, 534.0]",184222.924405,MW,OP-56,GOV-56,OPENING_PORTFOLIO,False,True,UNAPPROVED_SCENARIO_ASSET,NEW_DATA_POINT_NEEDS_MAP_MARKER,,,44571,0,0,2229,90,130760.0,,,OPENING_EXISTING_ASSET,,,True,"{""low"": 25405, ""medium"": 15600, ""high"": 3566}",165800631964.5,9211146.22,1,,AUTHORED_REFERENCE_COST_PER_CAPACITY_UNIT,,,,,
POWER-56-13,visual-territory-56,visual-territory-56-E1,储能区域设施群,PROJECT-13,"[656.75, 534.0]",7860178.107943,MWh,OP-56,GOV-56,OPENING_PORTFOLIO,False,True,UNAPPROVED_SCENARIO_ASSET,NEW_DATA_POINT_NEEDS_MAP_MARKER,,,44571,0,0,2229,90,130760.0,,,OPENING_EXISTING_ASSET,,,True,"{""low"": 25405, ""medium"": 15600, ""high"": 3566}",1257628497270.88,69868249.85,1,,AUTHORED_REFERENCE_COST_PER_CAPACITY_UNIT,,,,,
GATE-56,visual-territory-56,visual-territory-56-E1,国家海港集群,PROJECT-21,"[636.5, 547.5]",452660.761378,tonne/sim-day,OP-56,GOV-56,OPENING_PORTFOLIO,False,True,UNAPPROVED_SCENARIO_ASSET,NEW_DATA_POINT_NEEDS_MAP_MARKER,,,490350,0,0,24518,90,130760.0,,,OPENING_EXISTING_ASSET,,,True,"{""low"": 279500, ""medium"": 171622, ""high"": 39228}",814789370.48,45266.08,1,,AUTHORED_REFERENCE_COST_PER_CAPACITY_UNIT,,True,"[637, 548]",Snapped to original ocean shoreline with ocean-grid access; harbour engineering not surveyed,
WAREHOUSE-56,visual-territory-56,visual-territory-56-E1,国家战略与生产库存库群,PROJECT-26,"[656.75, 534.0]",25601349.021106,tonne,OP-56,GOV-56,OPENING_PORTFOLIO,False,True,UNAPPROVED_SCENARIO_ASSET,NEW_DATA_POINT_NEEDS_MAP_MARKER,,,490350,0,0,24518,90,130760.0,,,OPENING_EXISTING_ASSET,,,True,"{""low"": 279500, ""medium"": 171622, ""high"": 39228}",3072161882.53,170675.66,1,,AUTHORED_REFERENCE_COST_PER_CAPACITY_UNIT,,,,,
OPEN-RES254,visual-territory-57,visual-territory-57-E1,IRON_ORE开采组,PROJECT-04,"[666, 622]",183923.02731,tonne/sim-day,OP-57,GOV-57,OPENING_PORTFOLIO,False,True,UNAPPROVED_SCENARIO_ASSET,NEW_DATA_POINT_NEEDS_MAP_MARKER,,,13377,418.00688,16720.27521,669,180,53508.0,SCENARIO-RECIPE-IRON_ORE,LIC-57-IRON_ORE,OPENING_EXISTING_ASSET,IRON_ORE,167202.7521,,"{""low"": 7625, ""medium"": 4682, ""high"": 1070}",331061449.16,18392.3,1,0.909091,AUTHORED_REFERENCE_COST_PER_CAPACITY_UNIT,RES254,,,,
OPEN-57-STEEL,visual-territory-57,visual-territory-57-E1,STEEL区域生产群,PROJECT-14,"[665.75, 594.5]",134051.858906,tonne/sim-day,OP-57,GOV-57,OPENING_PORTFOLIO,False,True,UNAPPROVED_SCENARIO_ASSET,NEW_DATA_POINT_NEEDS_MAP_MARKER,,,13989,3157.018416,233133.667664,700,180,55956.0,SCENARIO-RECIPE-STEEL,LIC-57-STEEL,OPENING_EXISTING_ASSET,STEEL,116566.833832,True,"{""low"": 7974, ""medium"": 4896, ""high"": 1119}",241293346.03,13405.19,1,0.869565,AUTHORED_REFERENCE_COST_PER_CAPACITY_UNIT,,,,,
OPEN-57-MACHINERY,visual-territory-57,visual-territory-57-E1,MACHINERY区域生产群,PROJECT-16,"[665.75, 594.5]",307.069091,equipment unit/sim-day,OP-57,GOV-57,OPENING_PORTFOLIO,False,True,UNAPPROVED_SCENARIO_ASSET,NEW_DATA_POINT_NEEDS_MAP_MARKER,,,54,22.251383,267.016601,3,180,216.0,SCENARIO-RECIPE-MACHINERY,LIC-57-MACHINERY,OPENING_EXISTING_ASSET,MACHINERY,267.016601,True,"{""low"": 25, ""medium"": 19, ""high"": 10}",368482909.2,20471.27,1,0.869565,AUTHORED_REFERENCE_COST_PER_CAPACITY_UNIT,,,,,
SERVICE-visual-territory-57-E1-36,visual-territory-57,visual-territory-57-E1,住房区域服务群,PROJECT-36,"[665.75, 594.5]",36463324.0,dwelling-unit,OP-57,GOV-57,OPENING_PORTFOLIO,False,True,UNAPPROVED_SCENARIO_ASSET,NEW_DATA_POINT_NEEDS_MAP_MARKER,,,0,0,0,1,90,88440.0,,,OPENING_EXISTING_ASSET,,,True,"{""low"": 0, ""medium"": 0, ""high"": 0}",2370116060000.0,131673114.44,1,,AUTHORED_REFERENCE_COST_PER_CAPACITY_UNIT,,,,,
SERVICE-visual-territory-57-E1-31,visual-territory-57,visual-territory-57-E1,基础教育区域服务群,PROJECT-31,"[665.75, 594.5]",22789822.0,student-seat,OP-57,GOV-57,OPENING_PORTFOLIO,False,True,UNAPPROVED_SCENARIO_ASSET,NEW_DATA_POINT_NEEDS_MAP_MARKER,,,834792,0,0,41740,90,88440.0,,,OPENING_EXISTING_ASSET,,,True,"{""low"": 475832, ""medium"": 292177, ""high"": 66783}",136738932000.0,7596607.33,1,,AUTHORED_REFERENCE_COST_PER_CAPACITY_UNIT,,,,,
SERVICE-visual-territory-57-E1-35,visual-territory-57,visual-territory-57-E1,医院区域服务群,PROJECT-35,"[665.75, 594.5]",342705.0,bed,OP-57,GOV-57,OPENING_PORTFOLIO,False,True,UNAPPROVED_SCENARIO_ASSET,NEW_DATA_POINT_NEEDS_MAP_MARKER,,,399822,0,0,19992,90,88440.0,,,OPENING_EXISTING_ASSET,,,True,"{""low"": 227898, ""medium"": 139938, ""high"": 31986}",23989350000.0,1332741.67,1,,AUTHORED_REFERENCE_COST_PER_CAPACITY_UNIT,,,,,
SERVICE-visual-territory-57-E2-36,visual-territory-57,visual-territory-57-E2,住房区域服务群,PROJECT-36,"[708.25, 609.0]",33816886.0,dwelling-unit,OP-57,GOV-57,OPENING_PORTFOLIO,False,True,UNAPPROVED_SCENARIO_ASSET,NEW_DATA_POINT_NEEDS_MAP_MARKER,,,0,0,0,1,90,88440.0,,,OPENING_EXISTING_ASSET,,,True,"{""low"": 0, ""medium"": 0, ""high"": 0}",2198097590000.0,122116532.78,1,,AUTHORED_REFERENCE_COST_PER_CAPACITY_UNIT,,,,,
SERVICE-visual-territory-57-E2-31,visual-territory-57,visual-territory-57-E2,基础教育区域服务群,PROJECT-31,"[708.25, 609.0]",21319333.0,student-seat,OP-57,GOV-57,OPENING_PORTFOLIO,False,True,UNAPPROVED_SCENARIO_ASSET,NEW_DATA_POINT_NEEDS_MAP_MARKER,,,780928,0,0,39047,90,88440.0,,,OPENING_EXISTING_ASSET,,,True,"{""low"": 445129, ""medium"": 273325, ""high"": 62474}",127915998000.0,7106444.33,1,,AUTHORED_REFERENCE_COST_PER_CAPACITY_UNIT,,,,,
SERVICE-visual-territory-57-E2-35,visual-territory-57,visual-territory-57-E2,医院区域服务群,PROJECT-35,"[708.25, 609.0]",320592.0,bed,OP-57,GOV-57,OPENING_PORTFOLIO,False,True,UNAPPROVED_SCENARIO_ASSET,NEW_DATA_POINT_NEEDS_MAP_MARKER,,,374024,0,0,18702,90,88440.0,,,OPENING_EXISTING_ASSET,,,True,"{""low"": 213194, ""medium"": 130908, ""high"": 29922}",22441440000.0,1246746.67,1,,AUTHORED_REFERENCE_COST_PER_CAPACITY_UNIT,,,,,
POWER-57-10,visual-territory-57,visual-territory-57-E1,太阳能区域设施群,PROJECT-10,"[665.75, 594.5]",483812.915235,MW,OP-57,GOV-57,OPENING_PORTFOLIO,False,True,UNAPPROVED_SCENARIO_ASSET,NEW_DATA_POINT_NEEDS_MAP_MARKER,,,29029,0,0,1452,90,88440.0,,,OPENING_EXISTING_ASSET,,,True,"{""low"": 16547, ""medium"": 10160, ""high"": 2322}",435431623711.5,24190645.76,1,,AUTHORED_REFERENCE_COST_PER_CAPACITY_UNIT,,,,,
POWER-57-11,visual-territory-57,visual-territory-57-E1,风能区域设施群,PROJECT-11,"[665.75, 594.5]",483812.915235,MW,OP-57,GOV-57,OPENING_PORTFOLIO,False,True,UNAPPROVED_SCENARIO_ASSET,NEW_DATA_POINT_NEEDS_MAP_MARKER,,,29029,0,0,1452,90,88440.0,,,OPENING_EXISTING_ASSET,,,True,"{""low"": 16547, ""medium"": 10160, ""high"": 2322}",435431623711.5,24190645.76,1,,AUTHORED_REFERENCE_COST_PER_CAPACITY_UNIT,,,,,
POWER-57-23,visual-territory-57,visual-territory-57-E1,国家电网区域设施群,PROJECT-23,"[665.75, 594.5]",128864.511662,MW,OP-57,GOV-57,OPENING_PORTFOLIO,False,True,UNAPPROVED_SCENARIO_ASSET,NEW_DATA_POINT_NEEDS_MAP_MARKER,,,29029,0,0,1452,90,88440.0,,,OPENING_EXISTING_ASSET,,,True,"{""low"": 16547, ""medium"": 10160, ""high"": 2322}",115978060495.8,6443225.58,1,,AUTHORED_REFERENCE_COST_PER_CAPACITY_UNIT,,,,,
POWER-57-13,visual-territory-57,visual-territory-57-E1,储能区域设施群,PROJECT-13,"[665.75, 594.5]",5498219.164261,MWh,OP-57,GOV-57,OPENING_PORTFOLIO,False,True,UNAPPROVED_SCENARIO_ASSET,NEW_DATA_POINT_NEEDS_MAP_MARKER,,,29029,0,0,1452,90,88440.0,,,OPENING_EXISTING_ASSET,,,True,"{""low"": 16547, ""medium"": 10160, ""high"": 2322}",879715066281.76,48873059.24,1,,AUTHORED_REFERENCE_COST_PER_CAPACITY_UNIT,,,,,
GATE-57,visual-territory-57,visual-territory-57-E2,国家海港集群,PROJECT-21,"[714.5, 630.5]",369951.82058,tonne/sim-day,OP-57,GOV-57,OPENING_PORTFOLIO,False,True,UNAPPROVED_SCENARIO_ASSET,NEW_DATA_POINT_NEEDS_MAP_MARKER,,,331648,0,0,16583,90,88440.0,,,OPENING_EXISTING_ASSET,,,True,"{""low"": 189039, ""medium"": 116077, ""high"": 26532}",665913277.04,36995.18,1,,AUTHORED_REFERENCE_COST_PER_CAPACITY_UNIT,,True,"[714.5, 630.5]",Snapped to original ocean shoreline with ocean-grid access; harbour engineering not surveyed,
WAREHOUSE-57,visual-territory-57,visual-territory-57-E1,国家战略与生产库存库群,PROJECT-26,"[665.75, 594.5]",36146387.487915,tonne,OP-57,GOV-57,OPENING_PORTFOLIO,False,True,UNAPPROVED_SCENARIO_ASSET,NEW_DATA_POINT_NEEDS_MAP_MARKER,,,331648,0,0,16583,90,88440.0,,,OPENING_EXISTING_ASSET,,,True,"{""low"": 189039, ""medium"": 116077, ""high"": 26532}",4337566498.55,240975.92,1,,AUTHORED_REFERENCE_COST_PER_CAPACITY_UNIT,,,,,
OPEN-RES68,visual-territory-58,visual-territory-58-E2,URANIUM开采组,PROJECT-03,"[821, 553]",2.36412,tonne U/sim-day,OP-58,GOV-58,OPENING_PORTFOLIO,False,True,UNAPPROVED_SCENARIO_ASSET,NEW_DATA_POINT_NEEDS_MAP_MARKER,,,43,3.13425,42.984,3,180,172.0,SCENARIO-RECIPE-URANIUM,LIC-58-URANIUM,OPENING_EXISTING_ASSET,URANIUM,2.1492,,"{""low"": 25, ""medium"": 15, ""high"": 3}",14184720.0,788.04,1,0.909091,AUTHORED_REFERENCE_COST_PER_CAPACITY_UNIT,RES68,,,,
OPEN-RES78,visual-territory-58,visual-territory-58-E1,URANIUM开采组,PROJECT-03,"[765, 495]",1.57905,tonne U/sim-day,OP-58,GOV-58,OPENING_PORTFOLIO,False,True,UNAPPROVED_SCENARIO_ASSET,NEW_DATA_POINT_NEEDS_MAP_MARKER,,,29,2.093437,28.71,2,180,116.0,SCENARIO-RECIPE-URANIUM,LIC-58-URANIUM,OPENING_EXISTING_ASSET,URANIUM,1.4355,,"{""low"": 17, ""medium"": 10, ""high"": 2}",9474300.0,526.35,1,0.909091,AUTHORED_REFERENCE_COST_PER_CAPACITY_UNIT,RES78,,,,
OPEN-58-GRAIN,visual-territory-58,visual-territory-58-E1,GRAIN区域生产群,,"[748.0, 518.0]",580937.795978,tonne/sim-day,OP-58,GOV-58,OPENING_PORTFOLIO,False,True,UNAPPROVED_SCENARIO_ASSET,NEW_DATA_POINT_NEEDS_MAP_MARKER,,,252582,420.969417,721661858.357143,12630,180,1010328.0,SCENARIO-RECIPE-GRAIN,LIC-58-GRAIN,OPENING_EXISTING_ASSET,GRAIN,505163.30085,True,"{""low"": 143971, ""medium"": 88404, ""high"": 20207}",1045688032.76,58093.78,1,0.869565,AUTHORED_REFERENCE_COST_PER_CAPACITY_UNIT,,,,,
OPEN-RES11,visual-territory-58,visual-territory-58-E1,IRON_ORE开采组,PROJECT-04,"[745, 480]",92018.390382,tonne/sim-day,OP-58,GOV-58,OPENING_PORTFOLIO,False,True,UNAPPROVED_SCENARIO_ASSET,NEW_DATA_POINT_NEEDS_MAP_MARKER,,,6693,209.132705,8365.308216,335,180,26772.0,SCENARIO-RECIPE-IRON_ORE,LIC-58-IRON_ORE,OPENING_EXISTING_ASSET,IRON_ORE,83653.082165,,"{""low"": 3815, ""medium"": 2343, ""high"": 535}",165633102.69,9201.84,1,0.909091,AUTHORED_REFERENCE_COST_PER_CAPACITY_UNIT,RES11,,,,
SERVICE-visual-territory-58-E1-36,visual-territory-58,visual-territory-58-E1,住房区域服务群,PROJECT-36,"[748.0, 518.0]",49026437.0,dwelling-unit,OP-58,GOV-58,OPENING_PORTFOLIO,False,True,UNAPPROVED_SCENARIO_ASSET,NEW_DATA_POINT_NEEDS_MAP_MARKER,,,0,0,0,1,90,121548.0,,,OPENING_EXISTING_ASSET,,,True,"{""low"": 0, ""medium"": 0, ""high"": 0}",3186718405000.0,177039911.39,1,,AUTHORED_REFERENCE_COST_PER_CAPACITY_UNIT,,,,,
SERVICE-visual-territory-58-E1-31,visual-territory-58,visual-territory-58-E1,基础教育区域服务群,PROJECT-31,"[748.0, 518.0]",30742629.0,student-seat,OP-58,GOV-58,OPENING_PORTFOLIO,False,True,UNAPPROVED_SCENARIO_ASSET,NEW_DATA_POINT_NEEDS_MAP_MARKER,,,1126104,0,0,56306,90,121548.0,,,OPENING_EXISTING_ASSET,,,True,"{""low"": 641880, ""medium"": 394136, ""high"": 90088}",184455774000.0,10247543.0,1,,AUTHORED_REFERENCE_COST_PER_CAPACITY_UNIT,,,,,
SERVICE-visual-territory-58-E1-35,visual-territory-58,visual-territory-58-E1,医院区域服务群,PROJECT-35,"[748.0, 518.0]",462296.0,bed,OP-58,GOV-58,OPENING_PORTFOLIO,False,True,UNAPPROVED_SCENARIO_ASSET,NEW_DATA_POINT_NEEDS_MAP_MARKER,,,539345,0,0,26968,90,121548.0,,,OPENING_EXISTING_ASSET,,,True,"{""low"": 307426, ""medium"": 188771, ""high"": 43148}",32360720000.0,1797817.78,1,,AUTHORED_REFERENCE_COST_PER_CAPACITY_UNIT,,,,,
SERVICE-visual-territory-58-E2-36,visual-territory-58,visual-territory-58-E2,住房区域服务群,PROJECT-36,"[809.75, 544.0]",47725029.0,dwelling-unit,OP-58,GOV-58,OPENING_PORTFOLIO,False,True,UNAPPROVED_SCENARIO_ASSET,NEW_DATA_POINT_NEEDS_MAP_MARKER,,,0,0,0,1,90,121548.0,,,OPENING_EXISTING_ASSET,,,True,"{""low"": 0, ""medium"": 0, ""high"": 0}",3102126885000.0,172340382.5,1,,AUTHORED_REFERENCE_COST_PER_CAPACITY_UNIT,,,,,
SERVICE-visual-territory-58-E2-31,visual-territory-58,visual-territory-58-E2,基础教育区域服务群,PROJECT-31,"[809.75, 544.0]",29877527.0,student-seat,OP-58,GOV-58,OPENING_PORTFOLIO,False,True,UNAPPROVED_SCENARIO_ASSET,NEW_DATA_POINT_NEEDS_MAP_MARKER,,,1094415,0,0,54721,90,121548.0,,,OPENING_EXISTING_ASSET,,,True,"{""low"": 623817, ""medium"": 383045, ""high"": 87553}",179265162000.0,9959175.67,1,,AUTHORED_REFERENCE_COST_PER_CAPACITY_UNIT,,,,,
SERVICE-visual-territory-58-E2-35,visual-territory-58,visual-territory-58-E2,医院区域服务群,PROJECT-35,"[809.75, 544.0]",449287.0,bed,OP-58,GOV-58,OPENING_PORTFOLIO,False,True,UNAPPROVED_SCENARIO_ASSET,NEW_DATA_POINT_NEEDS_MAP_MARKER,,,524168,0,0,26209,90,121548.0,,,OPENING_EXISTING_ASSET,,,True,"{""low"": 298776, ""medium"": 183459, ""high"": 41933}",31450090000.0,1747227.22,1,,AUTHORED_REFERENCE_COST_PER_CAPACITY_UNIT,,,,,
POWER-58-10,visual-territory-58,visual-territory-58-E1,太阳能区域设施群,PROJECT-10,"[748.0, 518.0]",569309.98294,MW,OP-58,GOV-58,OPENING_PORTFOLIO,False,True,UNAPPROVED_SCENARIO_ASSET,NEW_DATA_POINT_NEEDS_MAP_MARKER,,,34161,0,0,1709,90,121548.0,,,OPENING_EXISTING_ASSET,,,True,"{""low"": 19472, ""medium"": 11956, ""high"": 2733}",512378984646.0,28465499.15,1,,AUTHORED_REFERENCE_COST_PER_CAPACITY_UNIT,,,,,
POWER-58-11,visual-territory-58,visual-territory-58-E1,风能区域设施群,PROJECT-11,"[748.0, 518.0]",569309.98294,MW,OP-58,GOV-58,OPENING_PORTFOLIO,False,True,UNAPPROVED_SCENARIO_ASSET,NEW_DATA_POINT_NEEDS_MAP_MARKER,,,34158,0,0,1708,90,121548.0,,,OPENING_EXISTING_ASSET,,,True,"{""low"": 19470, ""medium"": 11955, ""high"": 2733}",512378984646.0,28465499.15,1,,AUTHORED_REFERENCE_COST_PER_CAPACITY_UNIT,,,,,
POWER-58-23,visual-territory-58,visual-territory-58-E1,国家电网区域设施群,PROJECT-23,"[748.0, 518.0]",171715.651325,MW,OP-58,GOV-58,OPENING_PORTFOLIO,False,True,UNAPPROVED_SCENARIO_ASSET,NEW_DATA_POINT_NEEDS_MAP_MARKER,,,34158,0,0,1708,90,121548.0,,,OPENING_EXISTING_ASSET,,,True,"{""low"": 19470, ""medium"": 11955, ""high"": 2733}",154544086192.5,8585782.57,1,,AUTHORED_REFERENCE_COST_PER_CAPACITY_UNIT,,,,,
POWER-58-13,visual-territory-58,visual-territory-58-E1,储能区域设施群,PROJECT-13,"[748.0, 518.0]",7326534.456549,MWh,OP-58,GOV-58,OPENING_PORTFOLIO,False,True,UNAPPROVED_SCENARIO_ASSET,NEW_DATA_POINT_NEEDS_MAP_MARKER,,,34158,0,0,1708,90,121548.0,,,OPENING_EXISTING_ASSET,,,True,"{""low"": 19470, ""medium"": 11955, ""high"": 2733}",1172245513047.84,65124750.72,1,,AUTHORED_REFERENCE_COST_PER_CAPACITY_UNIT,,,,,
GATE-58,visual-territory-58,visual-territory-58-E2,国家海港集群,PROJECT-21,"[848.1289308176101, 583.5]",612620.041416,tonne/sim-day,OP-58,GOV-58,OPENING_PORTFOLIO,False,True,UNAPPROVED_SCENARIO_ASSET,NEW_DATA_POINT_NEEDS_MAP_MARKER,,,455791,0,0,22790,90,121548.0,,,OPENING_EXISTING_ASSET,,,True,"{""low"": 259801, ""medium"": 159527, ""high"": 36463}",1102716074.55,61262.0,1,,AUTHORED_REFERENCE_COST_PER_CAPACITY_UNIT,,True,"[847.0, 584.5]",Snapped to original ocean shoreline with ocean-grid access; harbour engineering not surveyed,
WAREHOUSE-58,visual-territory-58,visual-territory-58-E1,国家战略与生产库存库群,PROJECT-26,"[748.0, 518.0]",22121998.37264,tonne,OP-58,GOV-58,OPENING_PORTFOLIO,False,True,UNAPPROVED_SCENARIO_ASSET,NEW_DATA_POINT_NEEDS_MAP_MARKER,,,455791,0,0,22790,90,121548.0,,,OPENING_EXISTING_ASSET,,,True,"{""low"": 259801, ""medium"": 159527, ""high"": 36463}",2654639804.72,147479.99,1,,AUTHORED_REFERENCE_COST_PER_CAPACITY_UNIT,,,,,
OPEN-RES258,visual-territory-59,visual-territory-59-E1,IRON_ORE开采组,PROJECT-04,"[606, 678]",88952.72342,tonne/sim-day,OP-59,GOV-59,OPENING_PORTFOLIO,False,True,UNAPPROVED_SCENARIO_ASSET,NEW_DATA_POINT_NEEDS_MAP_MARKER,,,6470,202.16528,8086.61122,324,180,25880.0,SCENARIO-RECIPE-IRON_ORE,LIC-59-IRON_ORE,OPENING_EXISTING_ASSET,IRON_ORE,80866.1122,,"{""low"": 3688, ""medium"": 2264, ""high"": 518}",160114902.16,8895.27,1,0.909091,AUTHORED_REFERENCE_COST_PER_CAPACITY_UNIT,RES258,,,,
OPEN-59-STEEL,visual-territory-59,visual-territory-59-E1,STEEL区域生产群,PROJECT-14,"[635.5, 648.5]",49143.82611,tonne/sim-day,OP-59,GOV-59,OPENING_PORTFOLIO,False,True,UNAPPROVED_SCENARIO_ASSET,NEW_DATA_POINT_NEEDS_MAP_MARKER,,,5129,1157.372716,85467.52367,257,180,20516.0,SCENARIO-RECIPE-STEEL,LIC-59-STEEL,OPENING_EXISTING_ASSET,STEEL,42733.761835,True,"{""low"": 2924, ""medium"": 1795, ""high"": 410}",88458887.0,4914.38,1,0.869565,AUTHORED_REFERENCE_COST_PER_CAPACITY_UNIT,,,,,
OPEN-59-MACHINERY,visual-territory-59,visual-territory-59-E1,MACHINERY区域生产群,PROJECT-16,"[635.5, 648.5]",101.379985,equipment unit/sim-day,OP-59,GOV-59,OPENING_PORTFOLIO,False,True,UNAPPROVED_SCENARIO_ASSET,NEW_DATA_POINT_NEEDS_MAP_MARKER,,,18,7.346376,88.156509,1,180,72.0,SCENARIO-RECIPE-MACHINERY,LIC-59-MACHINERY,OPENING_EXISTING_ASSET,MACHINERY,88.156509,True,"{""low"": 9, ""medium"": 6, ""high"": 3}",121655982.0,6758.67,1,0.869565,AUTHORED_REFERENCE_COST_PER_CAPACITY_UNIT,,,,,
SERVICE-visual-territory-59-E1-36,visual-territory-59,visual-territory-59-E1,住房区域服务群,PROJECT-36,"[635.5, 648.5]",23253160.0,dwelling-unit,OP-59,GOV-59,OPENING_PORTFOLIO,False,True,UNAPPROVED_SCENARIO_ASSET,NEW_DATA_POINT_NEEDS_MAP_MARKER,,,0,0,0,1,90,29348.0,,,OPENING_EXISTING_ASSET,,,True,"{""low"": 0, ""medium"": 0, ""high"": 0}",1511455400000.0,83969744.44,1,,AUTHORED_REFERENCE_COST_PER_CAPACITY_UNIT,,,,,
SERVICE-visual-territory-59-E1-31,visual-territory-59,visual-territory-59-E1,基础教育区域服务群,PROJECT-31,"[635.5, 648.5]",14635744.0,student-seat,OP-59,GOV-59,OPENING_PORTFOLIO,False,True,UNAPPROVED_SCENARIO_ASSET,NEW_DATA_POINT_NEEDS_MAP_MARKER,,,536108,0,0,26806,90,29348.0,,,OPENING_EXISTING_ASSET,,,True,"{""low"": 305581, ""medium"": 187638, ""high"": 42889}",87814464000.0,4878581.33,1,,AUTHORED_REFERENCE_COST_PER_CAPACITY_UNIT,,,,,
SERVICE-visual-territory-59-E1-35,visual-territory-59,visual-territory-59-E1,医院区域服务群,PROJECT-35,"[635.5, 648.5]",220087.0,bed,OP-59,GOV-59,OPENING_PORTFOLIO,False,True,UNAPPROVED_SCENARIO_ASSET,NEW_DATA_POINT_NEEDS_MAP_MARKER,,,256768,0,0,12839,90,29348.0,,,OPENING_EXISTING_ASSET,,,True,"{""low"": 146358, ""medium"": 89869, ""high"": 20541}",15406090000.0,855893.89,1,,AUTHORED_REFERENCE_COST_PER_CAPACITY_UNIT,,,,,
POWER-59-10,visual-territory-59,visual-territory-59-E1,太阳能区域设施群,PROJECT-10,"[635.5, 648.5]",144868.328316,MW,OP-59,GOV-59,OPENING_PORTFOLIO,False,True,UNAPPROVED_SCENARIO_ASSET,NEW_DATA_POINT_NEEDS_MAP_MARKER,,,8693,0,0,435,90,29348.0,,,OPENING_EXISTING_ASSET,,,True,"{""low"": 4955, ""medium"": 3043, ""high"": 695}",130381495484.4,7243416.42,1,,AUTHORED_REFERENCE_COST_PER_CAPACITY_UNIT,,,,,
POWER-59-11,visual-territory-59,visual-territory-59-E1,风能区域设施群,PROJECT-11,"[635.5, 648.5]",144868.328316,MW,OP-59,GOV-59,OPENING_PORTFOLIO,False,True,UNAPPROVED_SCENARIO_ASSET,NEW_DATA_POINT_NEEDS_MAP_MARKER,,,8692,0,0,435,90,29348.0,,,OPENING_EXISTING_ASSET,,,True,"{""low"": 4955, ""medium"": 3042, ""high"": 695}",130381495484.4,7243416.42,1,,AUTHORED_REFERENCE_COST_PER_CAPACITY_UNIT,,,,,
POWER-59-23,visual-territory-59,visual-territory-59-E1,国家电网区域设施群,PROJECT-23,"[635.5, 648.5]",42974.800216,MW,OP-59,GOV-59,OPENING_PORTFOLIO,False,True,UNAPPROVED_SCENARIO_ASSET,NEW_DATA_POINT_NEEDS_MAP_MARKER,,,8692,0,0,435,90,29348.0,,,OPENING_EXISTING_ASSET,,,True,"{""low"": 4955, ""medium"": 3042, ""high"": 695}",38677320194.4,2148740.01,1,,AUTHORED_REFERENCE_COST_PER_CAPACITY_UNIT,,,,,
POWER-59-13,visual-territory-59,visual-territory-59-E1,储能区域设施群,PROJECT-13,"[635.5, 648.5]",1833591.475872,MWh,OP-59,GOV-59,OPENING_PORTFOLIO,False,True,UNAPPROVED_SCENARIO_ASSET,NEW_DATA_POINT_NEEDS_MAP_MARKER,,,8692,0,0,435,90,29348.0,,,OPENING_EXISTING_ASSET,,,True,"{""low"": 4955, ""medium"": 3042, ""high"": 695}",293374636139.52,16298590.9,1,,AUTHORED_REFERENCE_COST_PER_CAPACITY_UNIT,,,,,
GATE-59,visual-territory-59,visual-territory-59-E1,国家海港集群,PROJECT-21,"[652.0, 667.5]",136307.218476,tonne/sim-day,OP-59,GOV-59,OPENING_PORTFOLIO,False,True,UNAPPROVED_SCENARIO_ASSET,NEW_DATA_POINT_NEEDS_MAP_MARKER,,,110044,0,0,5503,90,29348.0,,,OPENING_EXISTING_ASSET,,,True,"{""low"": 62725, ""medium"": 38515, ""high"": 8804}",245352993.26,13630.72,1,,AUTHORED_REFERENCE_COST_PER_CAPACITY_UNIT,,True,"[652.0, 667.5]",Snapped to original ocean shoreline with ocean-grid access; harbour engineering not surveyed,
WAREHOUSE-59,visual-territory-59,visual-territory-59-E1,国家战略与生产库存库群,PROJECT-26,"[635.5, 648.5]",11038274.617887,tonne,OP-59,GOV-59,OPENING_PORTFOLIO,False,True,UNAPPROVED_SCENARIO_ASSET,NEW_DATA_POINT_NEEDS_MAP_MARKER,,,110043,0,0,5503,90,29348.0,,,OPENING_EXISTING_ASSET,,,True,"{""low"": 62725, ""medium"": 38515, ""high"": 8803}",1324592954.15,73588.5,1,,AUTHORED_REFERENCE_COST_PER_CAPACITY_UNIT,,,,,
OPEN-RES69,visual-territory-60,visual-territory-60-E2,URANIUM开采组,PROJECT-03,"[231, 534]",1.32077,tonne U/sim-day,OP-60,GOV-60,OPENING_PORTFOLIO,False,True,UNAPPROVED_SCENARIO_ASSET,NEW_DATA_POINT_NEEDS_MAP_MARKER,,,25,1.751021,24.014,2,180,100.0,SCENARIO-RECIPE-URANIUM,LIC-60-URANIUM,OPENING_EXISTING_ASSET,URANIUM,1.2007,,"{""low"": 14, ""medium"": 9, ""high"": 2}",7924620.0,440.26,1,0.909091,AUTHORED_REFERENCE_COST_PER_CAPACITY_UNIT,RES69,,,,
OPEN-60-GRAIN,visual-territory-60,visual-territory-60-E2,GRAIN区域生产群,,"[245.25, 568.0]",573628.396587,tonne/sim-day,OP-60,GOV-60,OPENING_PORTFOLIO,False,True,UNAPPROVED_SCENARIO_ASSET,NEW_DATA_POINT_NEEDS_MAP_MARKER,,,249404,415.672751,712581859.114286,12471,180,997616.0,SCENARIO-RECIPE-GRAIN,LIC-60-GRAIN,OPENING_EXISTING_ASSET,GRAIN,498807.30138,True,"{""low"": 142161, ""medium"": 87291, ""high"": 19952}",1032531113.86,57362.84,1,0.869565,AUTHORED_REFERENCE_COST_PER_CAPACITY_UNIT,,,,,
OPEN-60-REFINED_FUEL,visual-territory-60,visual-territory-60-E2,REFINED_FUEL区域生产群,PROJECT-15,"[245.25, 568.0]",102821.266391,barrel equivalent/sim-day,OP-60,GOV-60,OPENING_PORTFOLIO,False,True,UNAPPROVED_SCENARIO_ASSET,NEW_DATA_POINT_NEEDS_MAP_MARKER,,,716,29.803266,8940.979686,36,180,2864.0,SCENARIO-RECIPE-REFINED_FUEL,LIC-60-REFINED_FUEL,OPENING_EXISTING_ASSET,REFINED_FUEL,89409.796862,True,"{""low"": 408, ""medium"": 251, ""high"": 57}",1850782795.04,102821.27,1,0.869565,AUTHORED_REFERENCE_COST_PER_CAPACITY_UNIT,,,,,
SERVICE-visual-territory-60-E1-36,visual-territory-60,visual-territory-60-E1,住房区域服务群,PROJECT-36,"[198.25, 555.5]",41216257.0,dwelling-unit,OP-60,GOV-60,OPENING_PORTFOLIO,False,True,UNAPPROVED_SCENARIO_ASSET,NEW_DATA_POINT_NEEDS_MAP_MARKER,,,0,0,0,1,90,112800.0,,,OPENING_EXISTING_ASSET,,,True,"{""low"": 0, ""medium"": 0, ""high"": 0}",2679056705000.0,148836483.61,1,,AUTHORED_REFERENCE_COST_PER_CAPACITY_UNIT,,,,,
SERVICE-visual-territory-60-E1-31,visual-territory-60,visual-territory-60-E1,基础教育区域服务群,PROJECT-31,"[198.25, 555.5]",26026406.0,student-seat,OP-60,GOV-60,OPENING_PORTFOLIO,False,True,UNAPPROVED_SCENARIO_ASSET,NEW_DATA_POINT_NEEDS_MAP_MARKER,,,953349,0,0,47668,90,112800.0,,,OPENING_EXISTING_ASSET,,,True,"{""low"": 543409, ""medium"": 333672, ""high"": 76268}",156158436000.0,8675468.67,1,,AUTHORED_REFERENCE_COST_PER_CAPACITY_UNIT,,,,,
SERVICE-visual-territory-60-E1-35,visual-territory-60,visual-territory-60-E1,医院区域服务群,PROJECT-35,"[198.25, 555.5]",391375.0,bed,OP-60,GOV-60,OPENING_PORTFOLIO,False,True,UNAPPROVED_SCENARIO_ASSET,NEW_DATA_POINT_NEEDS_MAP_MARKER,,,456604,0,0,22831,90,112800.0,,,OPENING_EXISTING_ASSET,,,True,"{""low"": 260265, ""medium"": 159811, ""high"": 36528}",27396250000.0,1522013.89,1,,AUTHORED_REFERENCE_COST_PER_CAPACITY_UNIT,,,,,
SERVICE-visual-territory-60-E2-36,visual-territory-60,visual-territory-60-E2,住房区域服务群,PROJECT-36,"[245.25, 568.0]",48300637.0,dwelling-unit,OP-60,GOV-60,OPENING_PORTFOLIO,False,True,UNAPPROVED_SCENARIO_ASSET,NEW_DATA_POINT_NEEDS_MAP_MARKER,,,0,0,0,1,90,112800.0,,,OPENING_EXISTING_ASSET,,,True,"{""low"": 0, ""medium"": 0, ""high"": 0}",3139541405000.0,174418966.94,1,,AUTHORED_REFERENCE_COST_PER_CAPACITY_UNIT,,,,,
SERVICE-visual-territory-60-E2-31,visual-territory-60,visual-territory-60-E2,基础教育区域服务群,PROJECT-31,"[245.25, 568.0]",30230786.0,student-seat,OP-60,GOV-60,OPENING_PORTFOLIO,False,True,UNAPPROVED_SCENARIO_ASSET,NEW_DATA_POINT_NEEDS_MAP_MARKER,,,1107355,0,0,55368,90,112800.0,,,OPENING_EXISTING_ASSET,,,True,"{""low"": 631193, ""medium"": 387574, ""high"": 88588}",181384716000.0,10076928.67,1,,AUTHORED_REFERENCE_COST_PER_CAPACITY_UNIT,,,,,
SERVICE-visual-territory-60-E2-35,visual-territory-60,visual-territory-60-E2,医院区域服务群,PROJECT-35,"[245.25, 568.0]",454599.0,bed,OP-60,GOV-60,OPENING_PORTFOLIO,False,True,UNAPPROVED_SCENARIO_ASSET,NEW_DATA_POINT_NEEDS_MAP_MARKER,,,530365,0,0,26519,90,112800.0,,,OPENING_EXISTING_ASSET,,,True,"{""low"": 302308, ""medium"": 185628, ""high"": 42429}",31821930000.0,1767885.0,1,,AUTHORED_REFERENCE_COST_PER_CAPACITY_UNIT,,,,,
POWER-60-10,visual-territory-60,visual-territory-60-E2,太阳能区域设施群,PROJECT-10,"[245.25, 568.0]",532770.26015,MW,OP-60,GOV-60,OPENING_PORTFOLIO,False,True,UNAPPROVED_SCENARIO_ASSET,NEW_DATA_POINT_NEEDS_MAP_MARKER,,,31967,0,0,1599,90,112800.0,,,OPENING_EXISTING_ASSET,,,True,"{""low"": 18222, ""medium"": 11188, ""high"": 2557}",479493234135.0,26638513.01,1,,AUTHORED_REFERENCE_COST_PER_CAPACITY_UNIT,,,,,
POWER-60-11,visual-territory-60,visual-territory-60-E2,风能区域设施群,PROJECT-11,"[245.25, 568.0]",532770.26015,MW,OP-60,GOV-60,OPENING_PORTFOLIO,False,True,UNAPPROVED_SCENARIO_ASSET,NEW_DATA_POINT_NEEDS_MAP_MARKER,,,31966,0,0,1599,90,112800.0,,,OPENING_EXISTING_ASSET,,,True,"{""low"": 18221, ""medium"": 11188, ""high"": 2557}",479493234135.0,26638513.01,1,,AUTHORED_REFERENCE_COST_PER_CAPACITY_UNIT,,,,,
POWER-60-23,visual-territory-60,visual-territory-60-E2,国家电网区域设施群,PROJECT-23,"[245.25, 568.0]",159178.93136,MW,OP-60,GOV-60,OPENING_PORTFOLIO,False,True,UNAPPROVED_SCENARIO_ASSET,NEW_DATA_POINT_NEEDS_MAP_MARKER,,,31966,0,0,1599,90,112800.0,,,OPENING_EXISTING_ASSET,,,True,"{""low"": 18221, ""medium"": 11188, ""high"": 2557}",143261038224.0,7958946.57,1,,AUTHORED_REFERENCE_COST_PER_CAPACITY_UNIT,,,,,
POWER-60-13,visual-territory-60,visual-territory-60-E2,储能区域设施群,PROJECT-13,"[245.25, 568.0]",6791634.404672,MWh,OP-60,GOV-60,OPENING_PORTFOLIO,False,True,UNAPPROVED_SCENARIO_ASSET,NEW_DATA_POINT_NEEDS_MAP_MARKER,,,31966,0,0,1599,90,112800.0,,,OPENING_EXISTING_ASSET,,,True,"{""low"": 18221, ""medium"": 11188, ""high"": 2557}",1086661504747.52,60370083.6,1,,AUTHORED_REFERENCE_COST_PER_CAPACITY_UNIT,,,,,
GATE-60,visual-territory-60,visual-territory-60-E1,国家海港集群,PROJECT-21,"[192.5, 606.5]",509156.158787,tonne/sim-day,OP-60,GOV-60,OPENING_PORTFOLIO,False,True,UNAPPROVED_SCENARIO_ASSET,NEW_DATA_POINT_NEEDS_MAP_MARKER,,,422987,0,0,21150,90,112800.0,,,OPENING_EXISTING_ASSET,,,True,"{""low"": 241103, ""medium"": 148045, ""high"": 33839}",916481085.82,50915.62,1,,AUTHORED_REFERENCE_COST_PER_CAPACITY_UNIT,,True,"[192.5, 606.5]",Snapped to original ocean shoreline with ocean-grid access; harbour engineering not surveyed,
WAREHOUSE-60,visual-territory-60,visual-territory-60-E2,国家战略与生产库存库群,PROJECT-26,"[245.25, 568.0]",21891240.061279,tonne,OP-60,GOV-60,OPENING_PORTFOLIO,False,True,UNAPPROVED_SCENARIO_ASSET,NEW_DATA_POINT_NEEDS_MAP_MARKER,,,422986,0,0,21150,90,112800.0,,,OPENING_EXISTING_ASSET,,,True,"{""low"": 241102, ""medium"": 148045, ""high"": 33839}",2626948807.35,145941.6,1,,AUTHORED_REFERENCE_COST_PER_CAPACITY_UNIT,,,,,
OPEN-RES49,visual-territory-61,visual-territory-61-E1,URANIUM开采组,PROJECT-03,"[281, 574]",0.85734,tonne U/sim-day,OP-61,GOV-61,OPENING_PORTFOLIO,False,True,UNAPPROVED_SCENARIO_ASSET,NEW_DATA_POINT_NEEDS_MAP_MARKER,,,16,1.136625,15.588,1,180,64.0,SCENARIO-RECIPE-URANIUM,LIC-61-URANIUM,OPENING_EXISTING_ASSET,URANIUM,0.7794,,"{""low"": 9, ""medium"": 6, ""high"": 1}",5144040.0,285.78,1,0.909091,AUTHORED_REFERENCE_COST_PER_CAPACITY_UNIT,RES49,,,,
OPEN-61-GRAIN,visual-territory-61,visual-territory-61-E2,GRAIN区域生产群,,"[308.25, 585.0]",501189.606068,tonne/sim-day,OP-61,GOV-61,OPENING_PORTFOLIO,False,True,UNAPPROVED_SCENARIO_ASSET,NEW_DATA_POINT_NEEDS_MAP_MARKER,,,217909,363.180874,622595783.935714,10896,180,871636.0,SCENARIO-RECIPE-GRAIN,LIC-61-GRAIN,OPENING_EXISTING_ASSET,GRAIN,435817.048755,True,"{""low"": 124208, ""medium"": 76268, ""high"": 17433}",902141290.92,50118.96,1,0.869565,AUTHORED_REFERENCE_COST_PER_CAPACITY_UNIT,,,,,
OPEN-61-MACHINERY,visual-territory-61,visual-territory-61-E2,MACHINERY区域生产群,PROJECT-16,"[308.25, 585.0]",500.158128,equipment unit/sim-day,OP-61,GOV-61,OPENING_PORTFOLIO,False,True,UNAPPROVED_SCENARIO_ASSET,NEW_DATA_POINT_NEEDS_MAP_MARKER,,,87,36.243343,434.920111,5,180,348.0,SCENARIO-RECIPE-MACHINERY,LIC-61-MACHINERY,OPENING_EXISTING_ASSET,MACHINERY,434.920111,True,"{""low"": 41, ""medium"": 30, ""high"": 16}",600189753.6,33343.88,1,0.869565,AUTHORED_REFERENCE_COST_PER_CAPACITY_UNIT,,,,,
OPEN-61-SEMICONDUCTORS,visual-territory-61,visual-territory-61-E2,SEMICONDUCTORS区域生产群,PROJECT-17,"[308.25, 585.0]",625197.659668,standardised chip unit/sim-day,OP-61,GOV-61,OPENING_PORTFOLIO,False,True,UNAPPROVED_SCENARIO_ASSET,NEW_DATA_POINT_NEEDS_MAP_MARKER,,,544,2.265209,54.365014,28,180,2176.0,SCENARIO-RECIPE-SEMICONDUCTORS,LIC-61-SEMICONDUCTORS,OPENING_EXISTING_ASSET,SEMICONDUCTORS,543650.138841,True,"{""low"": 191, ""medium"": 190, ""high"": 163}",2188191808.84,121566.21,1,0.869565,AUTHORED_REFERENCE_COST_PER_CAPACITY_UNIT,,,,,
SERVICE-visual-territory-61-E1-36,visual-territory-61,visual-territory-61-E1,住房区域服务群,PROJECT-36,"[267.75, 594.0]",50499932.0,dwelling-unit,OP-61,GOV-61,OPENING_PORTFOLIO,False,True,UNAPPROVED_SCENARIO_ASSET,NEW_DATA_POINT_NEEDS_MAP_MARKER,,,0,0,0,1,90,136180.0,,,OPENING_EXISTING_ASSET,,,True,"{""low"": 0, ""medium"": 0, ""high"": 0}",3282495580000.0,182360865.56,1,,AUTHORED_REFERENCE_COST_PER_CAPACITY_UNIT,,,,,
SERVICE-visual-territory-61-E1-31,visual-territory-61,visual-territory-61-E1,基础教育区域服务群,PROJECT-31,"[267.75, 594.0]",31094296.0,student-seat,OP-61,GOV-61,OPENING_PORTFOLIO,False,True,UNAPPROVED_SCENARIO_ASSET,NEW_DATA_POINT_NEEDS_MAP_MARKER,,,1138986,0,0,56950,90,136180.0,,,OPENING_EXISTING_ASSET,,,True,"{""low"": 649222, ""medium"": 398645, ""high"": 91119}",186565776000.0,10364765.33,1,,AUTHORED_REFERENCE_COST_PER_CAPACITY_UNIT,,,,,
SERVICE-visual-territory-61-E1-35,visual-territory-61,visual-territory-61-E1,医院区域服务群,PROJECT-35,"[267.75, 594.0]",467584.0,bed,OP-61,GOV-61,OPENING_PORTFOLIO,False,True,UNAPPROVED_SCENARIO_ASSET,NEW_DATA_POINT_NEEDS_MAP_MARKER,,,545514,0,0,27276,90,136180.0,,,OPENING_EXISTING_ASSET,,,True,"{""low"": 310943, ""medium"": 190930, ""high"": 43641}",32730880000.0,1818382.22,1,,AUTHORED_REFERENCE_COST_PER_CAPACITY_UNIT,,,,,
SERVICE-visual-territory-61-E2-36,visual-territory-61,visual-territory-61-E2,住房区域服务群,PROJECT-36,"[308.25, 585.0]",61434582.0,dwelling-unit,OP-61,GOV-61,OPENING_PORTFOLIO,False,True,UNAPPROVED_SCENARIO_ASSET,NEW_DATA_POINT_NEEDS_MAP_MARKER,,,0,0,0,1,90,136180.0,,,OPENING_EXISTING_ASSET,,,True,"{""low"": 0, ""medium"": 0, ""high"": 0}",3993247830000.0,221847101.67,1,,AUTHORED_REFERENCE_COST_PER_CAPACITY_UNIT,,,,,
SERVICE-visual-territory-61-E2-31,visual-territory-61,visual-territory-61-E2,基础教育区域服务群,PROJECT-31,"[308.25, 585.0]",36825356.0,student-seat,OP-61,GOV-61,OPENING_PORTFOLIO,False,True,UNAPPROVED_SCENARIO_ASSET,NEW_DATA_POINT_NEEDS_MAP_MARKER,,,1348915,0,0,67446,90,136180.0,,,OPENING_EXISTING_ASSET,,,True,"{""low"": 768882, ""medium"": 472120, ""high"": 107913}",220952136000.0,12275118.67,1,,AUTHORED_REFERENCE_COST_PER_CAPACITY_UNIT,,,,,
SERVICE-visual-territory-61-E2-35,visual-territory-61,visual-territory-61-E2,医院区域服务群,PROJECT-35,"[308.25, 585.0]",553765.0,bed,OP-61,GOV-61,OPENING_PORTFOLIO,False,True,UNAPPROVED_SCENARIO_ASSET,NEW_DATA_POINT_NEEDS_MAP_MARKER,,,646059,0,0,32303,90,136180.0,,,OPENING_EXISTING_ASSET,,,True,"{""low"": 368253, ""medium"": 226121, ""high"": 51685}",38763550000.0,2153530.56,1,,AUTHORED_REFERENCE_COST_PER_CAPACITY_UNIT,,,,,
POWER-61-10,visual-territory-61,visual-territory-61-E2,太阳能区域设施群,PROJECT-10,"[308.25, 585.0]",676036.017393,MW,OP-61,GOV-61,OPENING_PORTFOLIO,False,True,UNAPPROVED_SCENARIO_ASSET,NEW_DATA_POINT_NEEDS_MAP_MARKER,,,40563,0,0,2029,90,136180.0,,,OPENING_EXISTING_ASSET,,,True,"{""low"": 23121, ""medium"": 14197, ""high"": 3245}",608432415653.7,33801800.87,1,,AUTHORED_REFERENCE_COST_PER_CAPACITY_UNIT,,,,,
POWER-61-11,visual-territory-61,visual-territory-61-E2,风能区域设施群,PROJECT-11,"[308.25, 585.0]",676036.017393,MW,OP-61,GOV-61,OPENING_PORTFOLIO,False,True,UNAPPROVED_SCENARIO_ASSET,NEW_DATA_POINT_NEEDS_MAP_MARKER,,,40562,0,0,2029,90,136180.0,,,OPENING_EXISTING_ASSET,,,True,"{""low"": 23120, ""medium"": 14197, ""high"": 3245}",608432415653.7,33801800.87,1,,AUTHORED_REFERENCE_COST_PER_CAPACITY_UNIT,,,,,
POWER-61-23,visual-territory-61,visual-territory-61-E2,国家电网区域设施群,PROJECT-23,"[308.25, 585.0]",192006.308813,MW,OP-61,GOV-61,OPENING_PORTFOLIO,False,True,UNAPPROVED_SCENARIO_ASSET,NEW_DATA_POINT_NEEDS_MAP_MARKER,,,40562,0,0,2029,90,136180.0,,,OPENING_EXISTING_ASSET,,,True,"{""low"": 23120, ""medium"": 14197, ""high"": 3245}",172805677931.7,9600315.44,1,,AUTHORED_REFERENCE_COST_PER_CAPACITY_UNIT,,,,,
POWER-61-13,visual-territory-61,visual-territory-61-E2,储能区域设施群,PROJECT-13,"[308.25, 585.0]",8192269.176025,MWh,OP-61,GOV-61,OPENING_PORTFOLIO,False,True,UNAPPROVED_SCENARIO_ASSET,NEW_DATA_POINT_NEEDS_MAP_MARKER,,,40562,0,0,2029,90,136180.0,,,OPENING_EXISTING_ASSET,,,True,"{""low"": 23120, ""medium"": 14197, ""high"": 3245}",1310763068164.0,72820170.45,1,,AUTHORED_REFERENCE_COST_PER_CAPACITY_UNIT,,,,,
GATE-61,visual-territory-61,visual-territory-61-E2,国家海港集群,PROJECT-21,"[332.0, 540.5]",395794.434067,tonne/sim-day,OP-61,GOV-61,OPENING_PORTFOLIO,False,True,UNAPPROVED_SCENARIO_ASSET,NEW_DATA_POINT_NEEDS_MAP_MARKER,,,510675,0,0,25534,90,136180.0,,,OPENING_EXISTING_ASSET,,,True,"{""low"": 291085, ""medium"": 178736, ""high"": 40854}",712429981.32,39579.44,1,,AUTHORED_REFERENCE_COST_PER_CAPACITY_UNIT,,True,"[332.0, 540.5]",Snapped to original ocean shoreline with ocean-grid access; harbour engineering not surveyed,
WAREHOUSE-61,visual-territory-61,visual-territory-61-E2,国家战略与生产库存库群,PROJECT-26,"[308.25, 585.0]",22127104.613876,tonne,OP-61,GOV-61,OPENING_PORTFOLIO,False,True,UNAPPROVED_SCENARIO_ASSET,NEW_DATA_POINT_NEEDS_MAP_MARKER,,,510674,0,0,25534,90,136180.0,,,OPENING_EXISTING_ASSET,,,True,"{""low"": 291084, ""medium"": 178736, ""high"": 40854}",2655252553.67,147514.03,1,,AUTHORED_REFERENCE_COST_PER_CAPACITY_UNIT,,,,,
OPEN-RES265,visual-territory-62,visual-territory-62-E2,CRUDE_OIL开采组,PROJECT-01,"[404, 678]",743982.81496,barrel/sim-day,OP-62,GOV-62,OPENING_PORTFOLIO,False,True,UNAPPROVED_SCENARIO_ASSET,NEW_DATA_POINT_NEEDS_MAP_MARKER,,,10146,338.174007,135269.60272,508,180,40584.0,SCENARIO-RECIPE-CRUDE_OIL,LIC-62-CRUDE_OIL,OPENING_EXISTING_ASSET,CRUDE_OIL,676348.0136,,"{""low"": 5783, ""medium"": 3551, ""high"": 812}",13391690669.28,743982.81,1,0.909091,AUTHORED_REFERENCE_COST_PER_CAPACITY_UNIT,RES265,,,,
OPEN-RES17,visual-territory-62,visual-territory-62-E1,IRON_ORE开采组,PROJECT-04,"[312, 665]",135617.651904,tonne/sim-day,OP-62,GOV-62,OPENING_PORTFOLIO,False,True,UNAPPROVED_SCENARIO_ASSET,NEW_DATA_POINT_NEEDS_MAP_MARKER,,,9864,308.221936,12328.877446,494,180,39456.0,SCENARIO-RECIPE-IRON_ORE,LIC-62-IRON_ORE,OPENING_EXISTING_ASSET,IRON_ORE,123288.774458,,"{""low"": 5623, ""medium"": 3452, ""high"": 789}",244111773.43,13561.77,1,0.909091,AUTHORED_REFERENCE_COST_PER_CAPACITY_UNIT,RES17,,,,
OPEN-62-REFINED_FUEL,visual-territory-62,visual-territory-62-E1,REFINED_FUEL区域生产群,PROJECT-15,"[317.25, 687.0]",1773525.661511,barrel equivalent/sim-day,OP-62,GOV-62,OPENING_PORTFOLIO,False,True,UNAPPROVED_SCENARIO_ASSET,NEW_DATA_POINT_NEEDS_MAP_MARKER,,,12338,514.065409,154219.62274,617,180,49352.0,SCENARIO-RECIPE-REFINED_FUEL,LIC-62-REFINED_FUEL,OPENING_EXISTING_ASSET,REFINED_FUEL,1542196.227401,True,"{""low"": 7033, ""medium"": 4318, ""high"": 987}",31923461907.2,1773525.66,1,0.869565,AUTHORED_REFERENCE_COST_PER_CAPACITY_UNIT,,,,,
SERVICE-visual-territory-62-E1-36,visual-territory-62,visual-territory-62-E1,住房区域服务群,PROJECT-36,"[317.25, 687.0]",33977741.0,dwelling-unit,OP-62,GOV-62,OPENING_PORTFOLIO,False,True,UNAPPROVED_SCENARIO_ASSET,NEW_DATA_POINT_NEEDS_MAP_MARKER,,,0,0,0,1,90,81856.0,,,OPENING_EXISTING_ASSET,,,True,"{""low"": 0, ""medium"": 0, ""high"": 0}",2208553165000.0,122697398.06,1,,AUTHORED_REFERENCE_COST_PER_CAPACITY_UNIT,,,,,
SERVICE-visual-territory-62-E1-31,visual-territory-62,visual-territory-62-E1,基础教育区域服务群,PROJECT-31,"[317.25, 687.0]",21301173.0,student-seat,OP-62,GOV-62,OPENING_PORTFOLIO,False,True,UNAPPROVED_SCENARIO_ASSET,NEW_DATA_POINT_NEEDS_MAP_MARKER,,,780263,0,0,39014,90,81856.0,,,OPENING_EXISTING_ASSET,,,True,"{""low"": 444750, ""medium"": 273092, ""high"": 62421}",127807038000.0,7100391.0,1,,AUTHORED_REFERENCE_COST_PER_CAPACITY_UNIT,,,,,
SERVICE-visual-territory-62-E1-35,visual-territory-62,visual-territory-62-E1,医院区域服务群,PROJECT-35,"[317.25, 687.0]",320319.0,bed,OP-62,GOV-62,OPENING_PORTFOLIO,False,True,UNAPPROVED_SCENARIO_ASSET,NEW_DATA_POINT_NEEDS_MAP_MARKER,,,373705,0,0,18686,90,81856.0,,,OPENING_EXISTING_ASSET,,,True,"{""low"": 213012, ""medium"": 130797, ""high"": 29896}",22422330000.0,1245685.0,1,,AUTHORED_REFERENCE_COST_PER_CAPACITY_UNIT,,,,,
SERVICE-visual-territory-62-E2-36,visual-territory-62,visual-territory-62-E2,住房区域服务群,PROJECT-36,"[389.5, 746.0]",31091330.0,dwelling-unit,OP-62,GOV-62,OPENING_PORTFOLIO,False,True,UNAPPROVED_SCENARIO_ASSET,NEW_DATA_POINT_NEEDS_MAP_MARKER,,,0,0,0,1,90,81856.0,,,OPENING_EXISTING_ASSET,,,True,"{""low"": 0, ""medium"": 0, ""high"": 0}",2020936450000.0,112274247.22,1,,AUTHORED_REFERENCE_COST_PER_CAPACITY_UNIT,,,,,
SERVICE-visual-territory-62-E2-31,visual-territory-62,visual-territory-62-E2,基础教育区域服务群,PROJECT-31,"[389.5, 746.0]",19523570.0,student-seat,OP-62,GOV-62,OPENING_PORTFOLIO,False,True,UNAPPROVED_SCENARIO_ASSET,NEW_DATA_POINT_NEEDS_MAP_MARKER,,,715150,0,0,35758,90,81856.0,,,OPENING_EXISTING_ASSET,,,True,"{""low"": 407636, ""medium"": 250302, ""high"": 57212}",117141420000.0,6507856.67,1,,AUTHORED_REFERENCE_COST_PER_CAPACITY_UNIT,,,,,
SERVICE-visual-territory-62-E2-35,visual-territory-62,visual-territory-62-E2,医院区域服务群,PROJECT-35,"[389.5, 746.0]",293588.0,bed,OP-62,GOV-62,OPENING_PORTFOLIO,False,True,UNAPPROVED_SCENARIO_ASSET,NEW_DATA_POINT_NEEDS_MAP_MARKER,,,342519,0,0,17126,90,81856.0,,,OPENING_EXISTING_ASSET,,,True,"{""low"": 195235, ""medium"": 119882, ""high"": 27402}",20551160000.0,1141731.11,1,,AUTHORED_REFERENCE_COST_PER_CAPACITY_UNIT,,,,,
POWER-62-10,visual-territory-62,visual-territory-62-E1,太阳能区域设施群,PROJECT-10,"[317.25, 687.0]",350180.832997,MW,OP-62,GOV-62,OPENING_PORTFOLIO,False,True,UNAPPROVED_SCENARIO_ASSET,NEW_DATA_POINT_NEEDS_MAP_MARKER,,,21011,0,0,1051,90,81856.0,,,OPENING_EXISTING_ASSET,,,True,"{""low"": 11976, ""medium"": 7354, ""high"": 1681}",315162749697.3,17509041.65,1,,AUTHORED_REFERENCE_COST_PER_CAPACITY_UNIT,,,,,
POWER-62-11,visual-territory-62,visual-territory-62-E1,风能区域设施群,PROJECT-11,"[317.25, 687.0]",350180.832997,MW,OP-62,GOV-62,OPENING_PORTFOLIO,False,True,UNAPPROVED_SCENARIO_ASSET,NEW_DATA_POINT_NEEDS_MAP_MARKER,,,21011,0,0,1051,90,81856.0,,,OPENING_EXISTING_ASSET,,,True,"{""low"": 11976, ""medium"": 7354, ""high"": 1681}",315162749697.3,17509041.65,1,,AUTHORED_REFERENCE_COST_PER_CAPACITY_UNIT,,,,,
POWER-62-23,visual-territory-62,visual-territory-62-E1,国家电网区域设施群,PROJECT-23,"[317.25, 687.0]",116557.931815,MW,OP-62,GOV-62,OPENING_PORTFOLIO,False,True,UNAPPROVED_SCENARIO_ASSET,NEW_DATA_POINT_NEEDS_MAP_MARKER,,,21011,0,0,1051,90,81856.0,,,OPENING_EXISTING_ASSET,,,True,"{""low"": 11976, ""medium"": 7354, ""high"": 1681}",104902138633.5,5827896.59,1,,AUTHORED_REFERENCE_COST_PER_CAPACITY_UNIT,,,,,
POWER-62-13,visual-territory-62,visual-territory-62-E1,储能区域设施群,PROJECT-13,"[317.25, 687.0]",4973138.424111,MWh,OP-62,GOV-62,OPENING_PORTFOLIO,False,True,UNAPPROVED_SCENARIO_ASSET,NEW_DATA_POINT_NEEDS_MAP_MARKER,,,21011,0,0,1051,90,81856.0,,,OPENING_EXISTING_ASSET,,,True,"{""low"": 11976, ""medium"": 7354, ""high"": 1681}",795702147857.76,44205674.88,1,,AUTHORED_REFERENCE_COST_PER_CAPACITY_UNIT,,,,,
GATE-62,visual-territory-62,visual-territory-62-E1,国家海港集群,PROJECT-21,"[277.5, 653.5]",771070.648201,tonne/sim-day,OP-62,GOV-62,OPENING_PORTFOLIO,False,True,UNAPPROVED_SCENARIO_ASSET,NEW_DATA_POINT_NEEDS_MAP_MARKER,,,306953,0,0,15348,90,81856.0,,,OPENING_EXISTING_ASSET,,,True,"{""low"": 174963, ""medium"": 107434, ""high"": 24556}",1387927166.76,77107.06,1,,AUTHORED_REFERENCE_COST_PER_CAPACITY_UNIT,,True,"[277.5, 653.5]",Snapped to original ocean shoreline with ocean-grid access; harbour engineering not surveyed,
WAREHOUSE-62,visual-territory-62,visual-territory-62-E1,国家战略与生产库存库群,PROJECT-26,"[317.25, 687.0]",41068119.931966,tonne,OP-62,GOV-62,OPENING_PORTFOLIO,False,True,UNAPPROVED_SCENARIO_ASSET,NEW_DATA_POINT_NEEDS_MAP_MARKER,,,306953,0,0,15348,90,81856.0,,,OPENING_EXISTING_ASSET,,,True,"{""low"": 174963, ""medium"": 107434, ""high"": 24556}",4928174391.84,273787.47,1,,AUTHORED_REFERENCE_COST_PER_CAPACITY_UNIT,,,,,
OPEN-RES267,visual-territory-63,visual-territory-63-E2,CRUDE_OIL开采组,PROJECT-01,"[404, 581]",775529.1566,barrel/sim-day,OP-63,GOV-63,OPENING_PORTFOLIO,False,True,UNAPPROVED_SCENARIO_ASSET,NEW_DATA_POINT_NEEDS_MAP_MARKER,,,10576,352.513253,141005.3012,529,180,42304.0,SCENARIO-RECIPE-CRUDE_OIL,LIC-63-CRUDE_OIL,OPENING_EXISTING_ASSET,CRUDE_OIL,705026.506,,"{""low"": 6028, ""medium"": 3702, ""high"": 846}",13959524818.8,775529.16,1,0.909091,AUTHORED_REFERENCE_COST_PER_CAPACITY_UNIT,RES267,,,,
OPEN-RES268,visual-territory-63,visual-territory-63-E2,IRON_ORE开采组,PROJECT-04,"[380, 671]",79009.958124,tonne/sim-day,OP-63,GOV-63,OPENING_PORTFOLIO,False,True,UNAPPROVED_SCENARIO_ASSET,NEW_DATA_POINT_NEEDS_MAP_MARKER,,,5747,179.568087,7182.723466,288,180,22988.0,SCENARIO-RECIPE-IRON_ORE,LIC-63-IRON_ORE,OPENING_EXISTING_ASSET,IRON_ORE,71827.234658,,"{""low"": 3276, ""medium"": 2011, ""high"": 460}",142217924.62,7901.0,1,0.909091,AUTHORED_REFERENCE_COST_PER_CAPACITY_UNIT,RES268,,,,
OPEN-63-STEEL,visual-territory-63,visual-territory-63-E1,STEEL区域生产群,PROJECT-14,"[347.75, 606.5]",81935.718455,tonne/sim-day,OP-63,GOV-63,OPENING_PORTFOLIO,False,True,UNAPPROVED_SCENARIO_ASSET,NEW_DATA_POINT_NEEDS_MAP_MARKER,,,8550,1929.645543,142496.90166,428,180,34200.0,SCENARIO-RECIPE-STEEL,LIC-63-STEEL,OPENING_EXISTING_ASSET,STEEL,71248.45083,True,"{""low"": 4874, ""medium"": 2992, ""high"": 684}",147484293.22,8193.57,1,0.869565,AUTHORED_REFERENCE_COST_PER_CAPACITY_UNIT,,,,,
OPEN-63-REFINED_FUEL,visual-territory-63,visual-territory-63-E1,REFINED_FUEL区域生产群,PROJECT-15,"[347.75, 606.5]",1883779.443707,barrel equivalent/sim-day,OP-63,GOV-63,OPENING_PORTFOLIO,False,True,UNAPPROVED_SCENARIO_ASSET,NEW_DATA_POINT_NEEDS_MAP_MARKER,,,13105,546.023027,163806.908148,656,180,52420.0,SCENARIO-RECIPE-REFINED_FUEL,LIC-63-REFINED_FUEL,OPENING_EXISTING_ASSET,REFINED_FUEL,1638069.081484,True,"{""low"": 7470, ""medium"": 4587, ""high"": 1048}",33908029986.73,1883779.44,1,0.869565,AUTHORED_REFERENCE_COST_PER_CAPACITY_UNIT,,,,,
SERVICE-visual-territory-63-E1-36,visual-territory-63,visual-territory-63-E1,住房区域服务群,PROJECT-36,"[347.75, 606.5]",43228294.0,dwelling-unit,OP-63,GOV-63,OPENING_PORTFOLIO,False,True,UNAPPROVED_SCENARIO_ASSET,NEW_DATA_POINT_NEEDS_MAP_MARKER,,,0,0,0,1,90,107536.0,,,OPENING_EXISTING_ASSET,,,True,"{""low"": 0, ""medium"": 0, ""high"": 0}",2809839110000.0,156102172.78,1,,AUTHORED_REFERENCE_COST_PER_CAPACITY_UNIT,,,,,
SERVICE-visual-territory-63-E1-31,visual-territory-63,visual-territory-63-E1,基础教育区域服务群,PROJECT-31,"[347.75, 606.5]",26909946.0,student-seat,OP-63,GOV-63,OPENING_PORTFOLIO,False,True,UNAPPROVED_SCENARIO_ASSET,NEW_DATA_POINT_NEEDS_MAP_MARKER,,,985713,0,0,49286,90,107536.0,,,OPENING_EXISTING_ASSET,,,True,"{""low"": 561856, ""medium"": 345000, ""high"": 78857}",161459676000.0,8969982.0,1,,AUTHORED_REFERENCE_COST_PER_CAPACITY_UNIT,,,,,
SERVICE-visual-territory-63-E1-35,visual-territory-63,visual-territory-63-E1,医院区域服务群,PROJECT-35,"[347.75, 606.5]",404661.0,bed,OP-63,GOV-63,OPENING_PORTFOLIO,False,True,UNAPPROVED_SCENARIO_ASSET,NEW_DATA_POINT_NEEDS_MAP_MARKER,,,472105,0,0,23606,90,107536.0,,,OPENING_EXISTING_ASSET,,,True,"{""low"": 269100, ""medium"": 165237, ""high"": 37768}",28326270000.0,1573681.67,1,,AUTHORED_REFERENCE_COST_PER_CAPACITY_UNIT,,,,,
SERVICE-visual-territory-63-E2-36,visual-territory-63,visual-territory-63-E2,住房区域服务群,PROJECT-36,"[397.25, 620.0]",43315706.0,dwelling-unit,OP-63,GOV-63,OPENING_PORTFOLIO,False,True,UNAPPROVED_SCENARIO_ASSET,NEW_DATA_POINT_NEEDS_MAP_MARKER,,,0,0,0,1,90,107536.0,,,OPENING_EXISTING_ASSET,,,True,"{""low"": 0, ""medium"": 0, ""high"": 0}",2815520890000.0,156417827.22,1,,AUTHORED_REFERENCE_COST_PER_CAPACITY_UNIT,,,,,
SERVICE-visual-territory-63-E2-31,visual-territory-63,visual-territory-63-E2,基础教育区域服务群,PROJECT-31,"[397.25, 620.0]",26721893.0,student-seat,OP-63,GOV-63,OPENING_PORTFOLIO,False,True,UNAPPROVED_SCENARIO_ASSET,NEW_DATA_POINT_NEEDS_MAP_MARKER,,,978824,0,0,48942,90,107536.0,,,OPENING_EXISTING_ASSET,,,True,"{""low"": 557930, ""medium"": 342588, ""high"": 78306}",160331358000.0,8907297.67,1,,AUTHORED_REFERENCE_COST_PER_CAPACITY_UNIT,,,,,
SERVICE-visual-territory-63-E2-35,visual-territory-63,visual-territory-63-E2,医院区域服务群,PROJECT-35,"[397.25, 620.0]",401833.0,bed,OP-63,GOV-63,OPENING_PORTFOLIO,False,True,UNAPPROVED_SCENARIO_ASSET,NEW_DATA_POINT_NEEDS_MAP_MARKER,,,468806,0,0,23441,90,107536.0,,,OPENING_EXISTING_ASSET,,,True,"{""low"": 267220, ""medium"": 164082, ""high"": 37504}",28128310000.0,1562683.89,1,,AUTHORED_REFERENCE_COST_PER_CAPACITY_UNIT,,,,,
POWER-63-10,visual-territory-63,visual-territory-63-E1,太阳能区域设施群,PROJECT-10,"[347.75, 606.5]",527032.182104,MW,OP-63,GOV-63,OPENING_PORTFOLIO,False,True,UNAPPROVED_SCENARIO_ASSET,NEW_DATA_POINT_NEEDS_MAP_MARKER,,,31622,0,0,1582,90,107536.0,,,OPENING_EXISTING_ASSET,,,True,"{""low"": 18024, ""medium"": 11068, ""high"": 2530}",474328963893.6,26351609.11,1,,AUTHORED_REFERENCE_COST_PER_CAPACITY_UNIT,,,,,
POWER-63-11,visual-territory-63,visual-territory-63-E1,风能区域设施群,PROJECT-11,"[347.75, 606.5]",527032.182104,MW,OP-63,GOV-63,OPENING_PORTFOLIO,False,True,UNAPPROVED_SCENARIO_ASSET,NEW_DATA_POINT_NEEDS_MAP_MARKER,,,31622,0,0,1582,90,107536.0,,,OPENING_EXISTING_ASSET,,,True,"{""low"": 18024, ""medium"": 11068, ""high"": 2530}",474328963893.6,26351609.11,1,,AUTHORED_REFERENCE_COST_PER_CAPACITY_UNIT,,,,,
POWER-63-23,visual-territory-63,visual-territory-63-E1,国家电网区域设施群,PROJECT-23,"[347.75, 606.5]",154977.274513,MW,OP-63,GOV-63,OPENING_PORTFOLIO,False,True,UNAPPROVED_SCENARIO_ASSET,NEW_DATA_POINT_NEEDS_MAP_MARKER,,,31622,0,0,1582,90,107536.0,,,OPENING_EXISTING_ASSET,,,True,"{""low"": 18024, ""medium"": 11068, ""high"": 2530}",139479547061.7,7748863.73,1,,AUTHORED_REFERENCE_COST_PER_CAPACITY_UNIT,,,,,
POWER-63-13,visual-territory-63,visual-territory-63-E1,储能区域设施群,PROJECT-13,"[347.75, 606.5]",6612363.71254,MWh,OP-63,GOV-63,OPENING_PORTFOLIO,False,True,UNAPPROVED_SCENARIO_ASSET,NEW_DATA_POINT_NEEDS_MAP_MARKER,,,31622,0,0,1582,90,107536.0,,,OPENING_EXISTING_ASSET,,,True,"{""low"": 18024, ""medium"": 11068, ""high"": 2530}",1057978194006.4,58776566.33,1,,AUTHORED_REFERENCE_COST_PER_CAPACITY_UNIT,,,,,
GATE-63,visual-territory-63,visual-territory-63-E2,国家海港集群,PROJECT-21,"[384.5, 660.9842767295597]",745642.736785,tonne/sim-day,OP-63,GOV-63,OPENING_PORTFOLIO,False,True,UNAPPROVED_SCENARIO_ASSET,NEW_DATA_POINT_NEEDS_MAP_MARKER,,,403247,0,0,20163,90,107536.0,,,OPENING_EXISTING_ASSET,,,True,"{""low"": 229851, ""medium"": 141136, ""high"": 32260}",1342156926.21,74564.27,1,,AUTHORED_REFERENCE_COST_PER_CAPACITY_UNIT,,True,"[383, 661]",Snapped to original ocean shoreline with ocean-grid access; harbour engineering not surveyed,
WAREHOUSE-63,visual-territory-63,visual-territory-63-E1,国家战略与生产库存库群,PROJECT-26,"[347.75, 606.5]",54991166.031365,tonne,OP-63,GOV-63,OPENING_PORTFOLIO,False,True,UNAPPROVED_SCENARIO_ASSET,NEW_DATA_POINT_NEEDS_MAP_MARKER,,,403247,0,0,20163,90,107536.0,,,OPENING_EXISTING_ASSET,,,True,"{""low"": 229851, ""medium"": 141136, ""high"": 32260}",6598939923.76,366607.77,1,,AUTHORED_REFERENCE_COST_PER_CAPACITY_UNIT,,,,,
OPEN-RES44,visual-territory-64,visual-territory-64-E1,URANIUM开采组,PROJECT-03,"[692, 277]",1.1451,tonne U/sim-day,OP-64,GOV-64,OPENING_PORTFOLIO,False,True,UNAPPROVED_SCENARIO_ASSET,NEW_DATA_POINT_NEEDS_MAP_MARKER,,,21,1.518125,20.82,2,180,84.0,SCENARIO-RECIPE-URANIUM,LIC-64-URANIUM,OPENING_EXISTING_ASSET,URANIUM,1.041,,"{""low"": 12, ""medium"": 7, ""high"": 2}",6870600.0,381.7,1,0.909091,AUTHORED_REFERENCE_COST_PER_CAPACITY_UNIT,RES44,,,,
OPEN-64-GRAIN,visual-territory-64,visual-territory-64-E1,GRAIN区域生产群,,"[675.75, 291.0]",635455.625577,tonne/sim-day,OP-64,GOV-64,OPENING_PORTFOLIO,False,True,UNAPPROVED_SCENARIO_ASSET,NEW_DATA_POINT_NEEDS_MAP_MARKER,,,276286,460.475091,789385870.281429,13815,180,1105144.0,SCENARIO-RECIPE-GRAIN,LIC-64-GRAIN,OPENING_EXISTING_ASSET,GRAIN,552570.109197,True,"{""low"": 157483, ""medium"": 96700, ""high"": 22103}",1143820126.04,63545.56,1,0.869565,AUTHORED_REFERENCE_COST_PER_CAPACITY_UNIT,,,,,
OPEN-64-MACHINERY,visual-territory-64,visual-territory-64-E1,MACHINERY区域生产群,PROJECT-16,"[675.75, 291.0]",467.362933,equipment unit/sim-day,OP-64,GOV-64,OPENING_PORTFOLIO,False,True,UNAPPROVED_SCENARIO_ASSET,NEW_DATA_POINT_NEEDS_MAP_MARKER,,,82,33.866879,406.40255,5,180,328.0,SCENARIO-RECIPE-MACHINERY,LIC-64-MACHINERY,OPENING_EXISTING_ASSET,MACHINERY,406.40255,True,"{""low"": 38, ""medium"": 29, ""high"": 15}",560835519.6,31157.53,1,0.869565,AUTHORED_REFERENCE_COST_PER_CAPACITY_UNIT,,,,,
SERVICE-visual-territory-64-E1-36,visual-territory-64,visual-territory-64-E1,住房区域服务群,PROJECT-36,"[675.75, 291.0]",56237697.0,dwelling-unit,OP-64,GOV-64,OPENING_PORTFOLIO,False,True,UNAPPROVED_SCENARIO_ASSET,NEW_DATA_POINT_NEEDS_MAP_MARKER,,,0,0,0,1,90,132036.0,,,OPENING_EXISTING_ASSET,,,True,"{""low"": 0, ""medium"": 0, ""high"": 0}",3655450305000.0,203080572.5,1,,AUTHORED_REFERENCE_COST_PER_CAPACITY_UNIT,,,,,
SERVICE-visual-territory-64-E1-31,visual-territory-64,visual-territory-64-E1,基础教育区域服务群,PROJECT-31,"[675.75, 291.0]",34975305.0,student-seat,OP-64,GOV-64,OPENING_PORTFOLIO,False,True,UNAPPROVED_SCENARIO_ASSET,NEW_DATA_POINT_NEEDS_MAP_MARKER,,,1281147,0,0,64058,90,132036.0,,,OPENING_EXISTING_ASSET,,,True,"{""low"": 730254, ""medium"": 448401, ""high"": 102492}",209851830000.0,11658435.0,1,,AUTHORED_REFERENCE_COST_PER_CAPACITY_UNIT,,,,,
SERVICE-visual-territory-64-E1-35,visual-territory-64,visual-territory-64-E1,医院区域服务群,PROJECT-35,"[675.75, 291.0]",525945.0,bed,OP-64,GOV-64,OPENING_PORTFOLIO,False,True,UNAPPROVED_SCENARIO_ASSET,NEW_DATA_POINT_NEEDS_MAP_MARKER,,,613602,0,0,30681,90,132036.0,,,OPENING_EXISTING_ASSET,,,True,"{""low"": 349753, ""medium"": 214761, ""high"": 49088}",36816150000.0,2045341.67,1,,AUTHORED_REFERENCE_COST_PER_CAPACITY_UNIT,,,,,
SERVICE-visual-territory-64-E2-36,visual-territory-64,visual-territory-64-E2,住房区域服务群,PROJECT-36,"[724.25, 297.0]",49861222.0,dwelling-unit,OP-64,GOV-64,OPENING_PORTFOLIO,False,True,UNAPPROVED_SCENARIO_ASSET,NEW_DATA_POINT_NEEDS_MAP_MARKER,,,0,0,0,1,90,132036.0,,,OPENING_EXISTING_ASSET,,,True,"{""low"": 0, ""medium"": 0, ""high"": 0}",3240979430000.0,180054412.78,1,,AUTHORED_REFERENCE_COST_PER_CAPACITY_UNIT,,,,,
SERVICE-visual-territory-64-E2-31,visual-territory-64,visual-territory-64-E2,基础教育区域服务群,PROJECT-31,"[724.25, 297.0]",30877504.0,student-seat,OP-64,GOV-64,OPENING_PORTFOLIO,False,True,UNAPPROVED_SCENARIO_ASSET,NEW_DATA_POINT_NEEDS_MAP_MARKER,,,1131045,0,0,56553,90,132036.0,,,OPENING_EXISTING_ASSET,,,True,"{""low"": 644695, ""medium"": 395866, ""high"": 90484}",185265024000.0,10292501.33,1,,AUTHORED_REFERENCE_COST_PER_CAPACITY_UNIT,,,,,
SERVICE-visual-territory-64-E2-35,visual-territory-64,visual-territory-64-E2,医院区域服务群,PROJECT-35,"[724.25, 297.0]",464324.0,bed,OP-64,GOV-64,OPENING_PORTFOLIO,False,True,UNAPPROVED_SCENARIO_ASSET,NEW_DATA_POINT_NEEDS_MAP_MARKER,,,541711,0,0,27086,90,132036.0,,,OPENING_EXISTING_ASSET,,,True,"{""low"": 308775, ""medium"": 189599, ""high"": 43337}",32502680000.0,1805704.44,1,,AUTHORED_REFERENCE_COST_PER_CAPACITY_UNIT,,,,,
POWER-64-10,visual-territory-64,visual-territory-64-E1,太阳能区域设施群,PROJECT-10,"[675.75, 291.0]",608989.904431,MW,OP-64,GOV-64,OPENING_PORTFOLIO,False,True,UNAPPROVED_SCENARIO_ASSET,NEW_DATA_POINT_NEEDS_MAP_MARKER,,,36541,0,0,1828,90,132036.0,,,OPENING_EXISTING_ASSET,,,True,"{""low"": 20829, ""medium"": 12789, ""high"": 2923}",548090913987.9,30449495.22,1,,AUTHORED_REFERENCE_COST_PER_CAPACITY_UNIT,,,,,
POWER-64-11,visual-territory-64,visual-territory-64-E1,风能区域设施群,PROJECT-11,"[675.75, 291.0]",608989.904431,MW,OP-64,GOV-64,OPENING_PORTFOLIO,False,True,UNAPPROVED_SCENARIO_ASSET,NEW_DATA_POINT_NEEDS_MAP_MARKER,,,36539,0,0,1827,90,132036.0,,,OPENING_EXISTING_ASSET,,,True,"{""low"": 20827, ""medium"": 12789, ""high"": 2923}",548090913987.9,30449495.22,1,,AUTHORED_REFERENCE_COST_PER_CAPACITY_UNIT,,,,,
POWER-64-23,visual-territory-64,visual-territory-64-E1,国家电网区域设施群,PROJECT-23,"[675.75, 291.0]",186295.037806,MW,OP-64,GOV-64,OPENING_PORTFOLIO,False,True,UNAPPROVED_SCENARIO_ASSET,NEW_DATA_POINT_NEEDS_MAP_MARKER,,,36539,0,0,1827,90,132036.0,,,OPENING_EXISTING_ASSET,,,True,"{""low"": 20827, ""medium"": 12789, ""high"": 2923}",167665534025.4,9314751.89,1,,AUTHORED_REFERENCE_COST_PER_CAPACITY_UNIT,,,,,
POWER-64-13,visual-territory-64,visual-territory-64-E1,储能区域设施群,PROJECT-13,"[675.75, 291.0]",7948588.279742,MWh,OP-64,GOV-64,OPENING_PORTFOLIO,False,True,UNAPPROVED_SCENARIO_ASSET,NEW_DATA_POINT_NEEDS_MAP_MARKER,,,36539,0,0,1827,90,132036.0,,,OPENING_EXISTING_ASSET,,,True,"{""low"": 20827, ""medium"": 12789, ""high"": 2923}",1271774124758.72,70654118.04,1,,AUTHORED_REFERENCE_COST_PER_CAPACITY_UNIT,,,,,
GATE-64,visual-territory-64,visual-territory-64-E1,国家海港集群,PROJECT-21,"[691.0, 334.5]",552602.08406,tonne/sim-day,OP-64,GOV-64,OPENING_PORTFOLIO,False,True,UNAPPROVED_SCENARIO_ASSET,NEW_DATA_POINT_NEEDS_MAP_MARKER,,,495134,0,0,24757,90,132036.0,,,OPENING_EXISTING_ASSET,,,True,"{""low"": 282226, ""medium"": 173297, ""high"": 39611}",994683751.31,55260.21,1,,AUTHORED_REFERENCE_COST_PER_CAPACITY_UNIT,,True,"[691, 334]",Snapped to original ocean shoreline with ocean-grid access; harbour engineering not surveyed,
WAREHOUSE-64,visual-territory-64,visual-territory-64-E1,国家战略与生产库存库群,PROJECT-26,"[675.75, 291.0]",23358304.504646,tonne,OP-64,GOV-64,OPENING_PORTFOLIO,False,True,UNAPPROVED_SCENARIO_ASSET,NEW_DATA_POINT_NEEDS_MAP_MARKER,,,495134,0,0,24757,90,132036.0,,,OPENING_EXISTING_ASSET,,,True,"{""low"": 282226, ""medium"": 173297, ""high"": 39611}",2802996540.56,155722.03,1,,AUTHORED_REFERENCE_COST_PER_CAPACITY_UNIT,,,,,
OPEN-65-GRAIN,visual-territory-65,visual-territory-65-E2,GRAIN区域生产群,,"[641.75, 315.5]",533442.754457,tonne/sim-day,OP-65,GOV-65,OPENING_PORTFOLIO,False,True,UNAPPROVED_SCENARIO_ASSET,NEW_DATA_POINT_NEEDS_MAP_MARKER,,,231932,386.552721,662661806.778571,11597,180,927728.0,SCENARIO-RECIPE-GRAIN,LIC-65-GRAIN,OPENING_EXISTING_ASSET,GRAIN,463863.264745,True,"{""low"": 132201, ""medium"": 81176, ""high"": 18555}",960196958.02,53344.28,1,0.869565,AUTHORED_REFERENCE_COST_PER_CAPACITY_UNIT,,,,,
OPEN-65-BATTERIES,visual-territory-65,visual-territory-65-E2,BATTERIES区域生产群,PROJECT-18,"[641.75, 315.5]",113.996881,MWh-equivalent/sim-day,OP-65,GOV-65,OPENING_PORTFOLIO,False,True,UNAPPROVED_SCENARIO_ASSET,NEW_DATA_POINT_NEEDS_MAP_MARKER,,,30,2.478193,198.255444,2,180,120.0,SCENARIO-RECIPE-BATTERIES,LIC-65-BATTERIES,OPENING_EXISTING_ASSET,BATTERIES,99.127722,True,"{""low"": 15, ""medium"": 10, ""high"": 5}",205194385.8,11399.69,1,0.869565,AUTHORED_REFERENCE_COST_PER_CAPACITY_UNIT,,,,,
SERVICE-visual-territory-65-E1-36,visual-territory-65,visual-territory-65-E1,住房区域服务群,PROJECT-36,"[577.25, 330.5]",43132790.0,dwelling-unit,OP-65,GOV-65,OPENING_PORTFOLIO,False,True,UNAPPROVED_SCENARIO_ASSET,NEW_DATA_POINT_NEEDS_MAP_MARKER,,,0,0,0,1,90,117340.0,,,OPENING_EXISTING_ASSET,,,True,"{""low"": 0, ""medium"": 0, ""high"": 0}",2803631350000.0,155757297.22,1,,AUTHORED_REFERENCE_COST_PER_CAPACITY_UNIT,,,,,
SERVICE-visual-territory-65-E1-31,visual-territory-65,visual-territory-65-E1,基础教育区域服务群,PROJECT-31,"[577.25, 330.5]",26996293.0,student-seat,OP-65,GOV-65,OPENING_PORTFOLIO,False,True,UNAPPROVED_SCENARIO_ASSET,NEW_DATA_POINT_NEEDS_MAP_MARKER,,,988876,0,0,49444,90,117340.0,,,OPENING_EXISTING_ASSET,,,True,"{""low"": 563659, ""medium"": 346107, ""high"": 79110}",161977758000.0,8998764.33,1,,AUTHORED_REFERENCE_COST_PER_CAPACITY_UNIT,,,,,
SERVICE-visual-territory-65-E1-35,visual-territory-65,visual-territory-65-E1,医院区域服务群,PROJECT-35,"[577.25, 330.5]",405960.0,bed,OP-65,GOV-65,OPENING_PORTFOLIO,False,True,UNAPPROVED_SCENARIO_ASSET,NEW_DATA_POINT_NEEDS_MAP_MARKER,,,473620,0,0,23681,90,117340.0,,,OPENING_EXISTING_ASSET,,,True,"{""low"": 269963, ""medium"": 165767, ""high"": 37890}",28417200000.0,1578733.33,1,,AUTHORED_REFERENCE_COST_PER_CAPACITY_UNIT,,,,,
SERVICE-visual-territory-65-E2-36,visual-territory-65,visual-territory-65-E2,住房区域服务群,PROJECT-36,"[641.75, 315.5]",50499769.0,dwelling-unit,OP-65,GOV-65,OPENING_PORTFOLIO,False,True,UNAPPROVED_SCENARIO_ASSET,NEW_DATA_POINT_NEEDS_MAP_MARKER,,,0,0,0,1,90,117340.0,,,OPENING_EXISTING_ASSET,,,True,"{""low"": 0, ""medium"": 0, ""high"": 0}",3282484985000.0,182360276.94,1,,AUTHORED_REFERENCE_COST_PER_CAPACITY_UNIT,,,,,
SERVICE-visual-territory-65-E2-31,visual-territory-65,visual-territory-65-E2,基础教育区域服务群,PROJECT-31,"[641.75, 315.5]",31525593.0,student-seat,OP-65,GOV-65,OPENING_PORTFOLIO,False,True,UNAPPROVED_SCENARIO_ASSET,NEW_DATA_POINT_NEEDS_MAP_MARKER,,,1154784,0,0,57740,90,117340.0,,,OPENING_EXISTING_ASSET,,,True,"{""low"": 658227, ""medium"": 404174, ""high"": 92383}",189153558000.0,10508531.0,1,,AUTHORED_REFERENCE_COST_PER_CAPACITY_UNIT,,,,,
SERVICE-visual-territory-65-E2-35,visual-territory-65,visual-territory-65-E2,医院区域服务群,PROJECT-35,"[641.75, 315.5]",474070.0,bed,OP-65,GOV-65,OPENING_PORTFOLIO,False,True,UNAPPROVED_SCENARIO_ASSET,NEW_DATA_POINT_NEEDS_MAP_MARKER,,,553081,0,0,27655,90,117340.0,,,OPENING_EXISTING_ASSET,,,True,"{""low"": 315257, ""medium"": 193578, ""high"": 44246}",33184900000.0,1843605.56,1,,AUTHORED_REFERENCE_COST_PER_CAPACITY_UNIT,,,,,
POWER-65-10,visual-territory-65,visual-territory-65-E2,太阳能区域设施群,PROJECT-10,"[641.75, 315.5]",561608.497708,MW,OP-65,GOV-65,OPENING_PORTFOLIO,False,True,UNAPPROVED_SCENARIO_ASSET,NEW_DATA_POINT_NEEDS_MAP_MARKER,,,33699,0,0,1685,90,117340.0,,,OPENING_EXISTING_ASSET,,,True,"{""low"": 19208, ""medium"": 11795, ""high"": 2696}",505447647937.2,28080424.89,1,,AUTHORED_REFERENCE_COST_PER_CAPACITY_UNIT,,,,,
POWER-65-11,visual-territory-65,visual-territory-65-E2,风能区域设施群,PROJECT-11,"[641.75, 315.5]",561608.497708,MW,OP-65,GOV-65,OPENING_PORTFOLIO,False,True,UNAPPROVED_SCENARIO_ASSET,NEW_DATA_POINT_NEEDS_MAP_MARKER,,,33696,0,0,1685,90,117340.0,,,OPENING_EXISTING_ASSET,,,True,"{""low"": 19206, ""medium"": 11794, ""high"": 2696}",505447647937.2,28080424.89,1,,AUTHORED_REFERENCE_COST_PER_CAPACITY_UNIT,,,,,
POWER-65-23,visual-territory-65,visual-territory-65-E2,国家电网区域设施群,PROJECT-23,"[641.75, 315.5]",165491.603517,MW,OP-65,GOV-65,OPENING_PORTFOLIO,False,True,UNAPPROVED_SCENARIO_ASSET,NEW_DATA_POINT_NEEDS_MAP_MARKER,,,33696,0,0,1685,90,117340.0,,,OPENING_EXISTING_ASSET,,,True,"{""low"": 19206, ""medium"": 11794, ""high"": 2696}",148942443165.3,8274580.18,1,,AUTHORED_REFERENCE_COST_PER_CAPACITY_UNIT,,,,,
POWER-65-13,visual-territory-65,visual-territory-65-E2,储能区域设施群,PROJECT-13,"[641.75, 315.5]",7060975.083396,MWh,OP-65,GOV-65,OPENING_PORTFOLIO,False,True,UNAPPROVED_SCENARIO_ASSET,NEW_DATA_POINT_NEEDS_MAP_MARKER,,,33696,0,0,1685,90,117340.0,,,OPENING_EXISTING_ASSET,,,True,"{""low"": 19206, ""medium"": 11794, ""high"": 2696}",1129756013343.36,62764222.96,1,,AUTHORED_REFERENCE_COST_PER_CAPACITY_UNIT,,,,,
GATE-65,visual-territory-65,visual-territory-65-E2,国家海港集群,PROJECT-21,"[624.5, 378.0]",456059.229949,tonne/sim-day,OP-65,GOV-65,OPENING_PORTFOLIO,False,True,UNAPPROVED_SCENARIO_ASSET,NEW_DATA_POINT_NEEDS_MAP_MARKER,,,440015,0,0,22001,90,117340.0,,,OPENING_EXISTING_ASSET,,,True,"{""low"": 250809, ""medium"": 154005, ""high"": 35201}",820906613.91,45605.92,1,,AUTHORED_REFERENCE_COST_PER_CAPACITY_UNIT,,True,"[624.5, 378.0]",Snapped to original ocean shoreline with ocean-grid access; harbour engineering not surveyed,
WAREHOUSE-65,visual-territory-65,visual-territory-65-E2,国家战略与生产库存库群,PROJECT-26,"[641.75, 315.5]",21216912.068818,tonne,OP-65,GOV-65,OPENING_PORTFOLIO,False,True,UNAPPROVED_SCENARIO_ASSET,NEW_DATA_POINT_NEEDS_MAP_MARKER,,,440014,0,0,22001,90,117340.0,,,OPENING_EXISTING_ASSET,,,True,"{""low"": 250808, ""medium"": 154005, ""high"": 35201}",2546029448.26,141446.08,1,,AUTHORED_REFERENCE_COST_PER_CAPACITY_UNIT,,,,,
OPEN-RES41,visual-territory-66,visual-territory-66-E2,CRUDE_OIL开采组,PROJECT-01,"[988, 343]",280501.01662,barrel/sim-day,OP-66,GOV-66,OPENING_PORTFOLIO,False,True,UNAPPROVED_SCENARIO_ASSET,NEW_DATA_POINT_NEEDS_MAP_MARKER,,,3825,127.500462,51000.18484,192,180,15304.0,SCENARIO-RECIPE-CRUDE_OIL,LIC-66-CRUDE_OIL,OPENING_EXISTING_ASSET,CRUDE_OIL,255000.9242,,"{""low"": 2180, ""medium"": 1339, ""high"": 306}",5049018299.16,280501.02,1,0.909091,AUTHORED_REFERENCE_COST_PER_CAPACITY_UNIT,RES41,,,,
OPEN-RES79,visual-territory-66,visual-territory-66-E2,CRUDE_OIL开采组,PROJECT-01,"[977, 320]",522281.71908,barrel/sim-day,OP-66,GOV-66,OPENING_PORTFOLIO,False,True,UNAPPROVED_SCENARIO_ASSET,NEW_DATA_POINT_NEEDS_MAP_MARKER,,,7123,237.400781,94960.31256,357,180,28492.0,SCENARIO-RECIPE-CRUDE_OIL,LIC-66-CRUDE_OIL,OPENING_EXISTING_ASSET,CRUDE_OIL,474801.5628,,"{""low"": 4060, ""medium"": 2493, ""high"": 570}",9401070943.44,522281.72,1,0.909091,AUTHORED_REFERENCE_COST_PER_CAPACITY_UNIT,RES79,,,,
OPEN-66-GRAIN,visual-territory-66,visual-territory-66-E2,GRAIN区域生产群,,"[972.75, 341.5]",128249.817452,tonne/sim-day,OP-66,GOV-66,OPENING_PORTFOLIO,False,True,UNAPPROVED_SCENARIO_ASSET,NEW_DATA_POINT_NEEDS_MAP_MARKER,,,55761,92.93465,159316543.418571,2789,180,223044.0,SCENARIO-RECIPE-GRAIN,LIC-66-GRAIN,OPENING_EXISTING_ASSET,GRAIN,111521.580393,True,"{""low"": 31784, ""medium"": 19516, ""high"": 4461}",230849671.41,12824.98,1,0.869565,AUTHORED_REFERENCE_COST_PER_CAPACITY_UNIT,,,,,
OPEN-66-REFINED_FUEL,visual-territory-66,visual-territory-66-E2,REFINED_FUEL区域生产群,PROJECT-15,"[972.75, 341.5]",2505819.108485,barrel equivalent/sim-day,OP-66,GOV-66,OPENING_PORTFOLIO,False,True,UNAPPROVED_SCENARIO_ASSET,NEW_DATA_POINT_NEEDS_MAP_MARKER,,,17432,726.324379,217897.313781,872,180,69728.0,SCENARIO-RECIPE-REFINED_FUEL,LIC-66-REFINED_FUEL,OPENING_EXISTING_ASSET,REFINED_FUEL,2178973.137813,True,"{""low"": 9936, ""medium"": 6101, ""high"": 1395}",45104743952.73,2505819.11,1,0.869565,AUTHORED_REFERENCE_COST_PER_CAPACITY_UNIT,,,,,
OPEN-66-MACHINERY,visual-territory-66,visual-territory-66-E2,MACHINERY区域生产群,PROJECT-16,"[972.75, 341.5]",411.561507,equipment unit/sim-day,OP-66,GOV-66,OPENING_PORTFOLIO,False,True,UNAPPROVED_SCENARIO_ASSET,NEW_DATA_POINT_NEEDS_MAP_MARKER,,,72,29.823298,357.879572,4,180,288.0,SCENARIO-RECIPE-MACHINERY,LIC-66-MACHINERY,OPENING_EXISTING_ASSET,MACHINERY,357.879572,True,"{""low"": 34, ""medium"": 25, ""high"": 13}",493873808.4,27437.43,1,0.869565,AUTHORED_REFERENCE_COST_PER_CAPACITY_UNIT,,,,,
SERVICE-visual-territory-66-E1-36,visual-territory-66,visual-territory-66-E1,住房区域服务群,PROJECT-36,"[929.75, 180.0]",37717835.0,dwelling-unit,OP-66,GOV-66,OPENING_PORTFOLIO,False,True,UNAPPROVED_SCENARIO_ASSET,NEW_DATA_POINT_NEEDS_MAP_MARKER,,,0,0,0,1,90,115652.0,,,OPENING_EXISTING_ASSET,,,True,"{""low"": 0, ""medium"": 0, ""high"": 0}",2451659275000.0,136203293.06,1,,AUTHORED_REFERENCE_COST_PER_CAPACITY_UNIT,,,,,
SERVICE-visual-territory-66-E1-31,visual-territory-66,visual-territory-66-E1,基础教育区域服务群,PROJECT-31,"[929.75, 180.0]",24065379.0,student-seat,OP-66,GOV-66,OPENING_PORTFOLIO,False,True,UNAPPROVED_SCENARIO_ASSET,NEW_DATA_POINT_NEEDS_MAP_MARKER,,,881516,0,0,44076,90,115652.0,,,OPENING_EXISTING_ASSET,,,True,"{""low"": 502464, ""medium"": 308531, ""high"": 70521}",144392274000.0,8021793.0,1,,AUTHORED_REFERENCE_COST_PER_CAPACITY_UNIT,,,,,
SERVICE-visual-territory-66-E1-35,visual-territory-66,visual-territory-66-E1,医院区域服务群,PROJECT-35,"[929.75, 180.0]",361886.0,bed,OP-66,GOV-66,OPENING_PORTFOLIO,False,True,UNAPPROVED_SCENARIO_ASSET,NEW_DATA_POINT_NEEDS_MAP_MARKER,,,422200,0,0,21110,90,115652.0,,,OPENING_EXISTING_ASSET,,,True,"{""low"": 240654, ""medium"": 147770, ""high"": 33776}",25332020000.0,1407334.44,1,,AUTHORED_REFERENCE_COST_PER_CAPACITY_UNIT,,,,,
SERVICE-visual-territory-66-E2-36,visual-territory-66,visual-territory-66-E2,住房区域服务群,PROJECT-36,"[972.75, 341.5]",55584288.0,dwelling-unit,OP-66,GOV-66,OPENING_PORTFOLIO,False,True,UNAPPROVED_SCENARIO_ASSET,NEW_DATA_POINT_NEEDS_MAP_MARKER,,,0,0,0,1,90,115652.0,,,OPENING_EXISTING_ASSET,,,True,"{""low"": 0, ""medium"": 0, ""high"": 0}",3612978720000.0,200721040.0,1,,AUTHORED_REFERENCE_COST_PER_CAPACITY_UNIT,,,,,
SERVICE-visual-territory-66-E2-31,visual-territory-66,visual-territory-66-E2,基础教育区域服务群,PROJECT-31,"[972.75, 341.5]",33616008.0,student-seat,OP-66,GOV-66,OPENING_PORTFOLIO,False,True,UNAPPROVED_SCENARIO_ASSET,NEW_DATA_POINT_NEEDS_MAP_MARKER,,,1231356,0,0,61568,90,115652.0,,,OPENING_EXISTING_ASSET,,,True,"{""low"": 701873, ""medium"": 430975, ""high"": 98508}",201696048000.0,11205336.0,1,,AUTHORED_REFERENCE_COST_PER_CAPACITY_UNIT,,,,,
SERVICE-visual-territory-66-E2-35,visual-territory-66,visual-territory-66-E2,医院区域服务群,PROJECT-35,"[972.75, 341.5]",505504.0,bed,OP-66,GOV-66,OPENING_PORTFOLIO,False,True,UNAPPROVED_SCENARIO_ASSET,NEW_DATA_POINT_NEEDS_MAP_MARKER,,,589755,0,0,29488,90,115652.0,,,OPENING_EXISTING_ASSET,,,True,"{""low"": 336161, ""medium"": 206414, ""high"": 47180}",35385280000.0,1965848.89,1,,AUTHORED_REFERENCE_COST_PER_CAPACITY_UNIT,,,,,
POWER-66-10,visual-territory-66,visual-territory-66-E2,太阳能区域设施群,PROJECT-10,"[972.75, 341.5]",606734.207659,MW,OP-66,GOV-66,OPENING_PORTFOLIO,False,True,UNAPPROVED_SCENARIO_ASSET,NEW_DATA_POINT_NEEDS_MAP_MARKER,,,36405,0,0,1821,90,115652.0,,,OPENING_EXISTING_ASSET,,,True,"{""low"": 20751, ""medium"": 12742, ""high"": 2912}",546060786893.1,30336710.38,1,,AUTHORED_REFERENCE_COST_PER_CAPACITY_UNIT,,,,,
POWER-66-11,visual-territory-66,visual-territory-66-E2,风能区域设施群,PROJECT-11,"[972.75, 341.5]",606734.207659,MW,OP-66,GOV-66,OPENING_PORTFOLIO,False,True,UNAPPROVED_SCENARIO_ASSET,NEW_DATA_POINT_NEEDS_MAP_MARKER,,,36404,0,0,1821,90,115652.0,,,OPENING_EXISTING_ASSET,,,True,"{""low"": 20751, ""medium"": 12741, ""high"": 2912}",546060786893.1,30336710.38,1,,AUTHORED_REFERENCE_COST_PER_CAPACITY_UNIT,,,,,
POWER-66-23,visual-territory-66,visual-territory-66-E2,国家电网区域设施群,PROJECT-23,"[972.75, 341.5]",164152.966651,MW,OP-66,GOV-66,OPENING_PORTFOLIO,False,True,UNAPPROVED_SCENARIO_ASSET,NEW_DATA_POINT_NEEDS_MAP_MARKER,,,36404,0,0,1821,90,115652.0,,,OPENING_EXISTING_ASSET,,,True,"{""low"": 20751, ""medium"": 12741, ""high"": 2912}",147737669985.9,8207648.33,1,,AUTHORED_REFERENCE_COST_PER_CAPACITY_UNIT,,,,,
POWER-66-13,visual-territory-66,visual-territory-66-E2,储能区域设施群,PROJECT-13,"[972.75, 341.5]",7003859.910439,MWh,OP-66,GOV-66,OPENING_PORTFOLIO,False,True,UNAPPROVED_SCENARIO_ASSET,NEW_DATA_POINT_NEEDS_MAP_MARKER,,,36404,0,0,1821,90,115652.0,,,OPENING_EXISTING_ASSET,,,True,"{""low"": 20751, ""medium"": 12741, ""high"": 2912}",1120617585670.24,62256532.54,1,,AUTHORED_REFERENCE_COST_PER_CAPACITY_UNIT,,,,,
GATE-66,visual-territory-66,visual-territory-66-E2,国家海港集群,PROJECT-21,"[964.0, 362.5]",758185.3031,tonne/sim-day,OP-66,GOV-66,OPENING_PORTFOLIO,False,True,UNAPPROVED_SCENARIO_ASSET,NEW_DATA_POINT_NEEDS_MAP_MARKER,,,433695,0,0,21685,90,115652.0,,,OPENING_EXISTING_ASSET,,,True,"{""low"": 247206, ""medium"": 151793, ""high"": 34696}",1364733545.58,75818.53,1,,AUTHORED_REFERENCE_COST_PER_CAPACITY_UNIT,,True,"[964, 362]",Snapped to original ocean shoreline with ocean-grid access; harbour engineering not surveyed,
WAREHOUSE-66,visual-territory-66,visual-territory-66-E2,国家战略与生产库存库群,PROJECT-26,"[972.75, 341.5]",53313447.146962,tonne,OP-66,GOV-66,OPENING_PORTFOLIO,False,True,UNAPPROVED_SCENARIO_ASSET,NEW_DATA_POINT_NEEDS_MAP_MARKER,,,433695,0,0,21685,90,115652.0,,,OPENING_EXISTING_ASSET,,,True,"{""low"": 247206, ""medium"": 151793, ""high"": 34696}",6397613657.64,355422.98,1,,AUTHORED_REFERENCE_COST_PER_CAPACITY_UNIT,,,,,
OPEN-RES48,visual-territory-67,visual-territory-67-E2,CRUDE_OIL开采组,PROJECT-01,"[511, 718]",617168.57158,barrel/sim-day,OP-67,GOV-67,OPENING_PORTFOLIO,False,True,UNAPPROVED_SCENARIO_ASSET,NEW_DATA_POINT_NEEDS_MAP_MARKER,,,8416,280.531169,112212.46756,421,180,33664.0,SCENARIO-RECIPE-CRUDE_OIL,LIC-67-CRUDE_OIL,OPENING_EXISTING_ASSET,CRUDE_OIL,561062.3378,,"{""low"": 4797, ""medium"": 2946, ""high"": 673}",11109034288.44,617168.57,1,0.909091,AUTHORED_REFERENCE_COST_PER_CAPACITY_UNIT,RES48,,,,
OPEN-67-REFINED_FUEL,visual-territory-67,visual-territory-67-E2,REFINED_FUEL区域生产群,PROJECT-15,"[526.25, 696.0]",1995836.716607,barrel equivalent/sim-day,OP-67,GOV-67,OPENING_PORTFOLIO,False,True,UNAPPROVED_SCENARIO_ASSET,NEW_DATA_POINT_NEEDS_MAP_MARKER,,,13885,578.503396,173551.018835,695,180,55540.0,SCENARIO-RECIPE-REFINED_FUEL,LIC-67-REFINED_FUEL,OPENING_EXISTING_ASSET,REFINED_FUEL,1735510.188354,True,"{""low"": 7914, ""medium"": 4860, ""high"": 1111}",35925060898.93,1995836.72,1,0.869565,AUTHORED_REFERENCE_COST_PER_CAPACITY_UNIT,,,,,
OPEN-67-MACHINERY,visual-territory-67,visual-territory-67-E2,MACHINERY区域生产群,PROJECT-16,"[526.25, 696.0]",1158.553687,equipment unit/sim-day,OP-67,GOV-67,OPENING_PORTFOLIO,False,True,UNAPPROVED_SCENARIO_ASSET,NEW_DATA_POINT_NEEDS_MAP_MARKER,,,202,83.953166,1007.437989,11,180,808.0,SCENARIO-RECIPE-MACHINERY,LIC-67-MACHINERY,OPENING_EXISTING_ASSET,MACHINERY,1007.437989,True,"{""low"": 95, ""medium"": 71, ""high"": 36}",1390264424.4,77236.91,1,0.869565,AUTHORED_REFERENCE_COST_PER_CAPACITY_UNIT,,,,,
OPEN-67-SEMICONDUCTORS,visual-territory-67,visual-territory-67-E2,SEMICONDUCTORS区域生产群,PROJECT-17,"[526.25, 696.0]",419221.832233,standardised chip unit/sim-day,OP-67,GOV-67,OPENING_PORTFOLIO,False,True,UNAPPROVED_SCENARIO_ASSET,NEW_DATA_POINT_NEEDS_MAP_MARKER,,,365,1.51892,36.454072,19,180,1460.0,SCENARIO-RECIPE-SEMICONDUCTORS,LIC-67-SEMICONDUCTORS,OPENING_EXISTING_ASSET,SEMICONDUCTORS,364540.723681,True,"{""low"": 127, ""medium"": 128, ""high"": 110}",1467276412.82,81515.36,1,0.869565,AUTHORED_REFERENCE_COST_PER_CAPACITY_UNIT,,,,,
SERVICE-visual-territory-67-E1-36,visual-territory-67,visual-territory-67-E1,住房区域服务群,PROJECT-36,"[461.75, 703.0]",31803026.0,dwelling-unit,OP-67,GOV-67,OPENING_PORTFOLIO,False,True,UNAPPROVED_SCENARIO_ASSET,NEW_DATA_POINT_NEEDS_MAP_MARKER,,,0,0,0,1,90,92116.0,,,OPENING_EXISTING_ASSET,,,True,"{""low"": 0, ""medium"": 0, ""high"": 0}",2067196690000.0,114844260.56,1,,AUTHORED_REFERENCE_COST_PER_CAPACITY_UNIT,,,,,
SERVICE-visual-territory-67-E1-31,visual-territory-67,visual-territory-67-E1,基础教育区域服务群,PROJECT-31,"[461.75, 703.0]",19965808.0,student-seat,OP-67,GOV-67,OPENING_PORTFOLIO,False,True,UNAPPROVED_SCENARIO_ASSET,NEW_DATA_POINT_NEEDS_MAP_MARKER,,,731349,0,0,36568,90,92116.0,,,OPENING_EXISTING_ASSET,,,True,"{""low"": 416869, ""medium"": 255972, ""high"": 58508}",119794848000.0,6655269.33,1,,AUTHORED_REFERENCE_COST_PER_CAPACITY_UNIT,,,,,
SERVICE-visual-territory-67-E1-35,visual-territory-67,visual-territory-67-E1,医院区域服务群,PROJECT-35,"[461.75, 703.0]",300238.0,bed,OP-67,GOV-67,OPENING_PORTFOLIO,False,True,UNAPPROVED_SCENARIO_ASSET,NEW_DATA_POINT_NEEDS_MAP_MARKER,,,350278,0,0,17514,90,92116.0,,,OPENING_EXISTING_ASSET,,,True,"{""low"": 199659, ""medium"": 122597, ""high"": 28022}",21016660000.0,1167592.22,1,,AUTHORED_REFERENCE_COST_PER_CAPACITY_UNIT,,,,,
SERVICE-visual-territory-67-E2-36,visual-territory-67,visual-territory-67-E2,住房区域服务群,PROJECT-36,"[526.25, 696.0]",43541045.0,dwelling-unit,OP-67,GOV-67,OPENING_PORTFOLIO,False,True,UNAPPROVED_SCENARIO_ASSET,NEW_DATA_POINT_NEEDS_MAP_MARKER,,,0,0,0,1,90,92116.0,,,OPENING_EXISTING_ASSET,,,True,"{""low"": 0, ""medium"": 0, ""high"": 0}",2830167925000.0,157231551.39,1,,AUTHORED_REFERENCE_COST_PER_CAPACITY_UNIT,,,,,
SERVICE-visual-territory-67-E2-31,visual-territory-67,visual-territory-67-E2,基础教育区域服务群,PROJECT-31,"[526.25, 696.0]",25976307.0,student-seat,OP-67,GOV-67,OPENING_PORTFOLIO,False,True,UNAPPROVED_SCENARIO_ASSET,NEW_DATA_POINT_NEEDS_MAP_MARKER,,,951514,0,0,47576,90,92116.0,,,OPENING_EXISTING_ASSET,,,True,"{""low"": 542363, ""medium"": 333030, ""high"": 76121}",155857842000.0,8658769.0,1,,AUTHORED_REFERENCE_COST_PER_CAPACITY_UNIT,,,,,
SERVICE-visual-territory-67-E2-35,visual-territory-67,visual-territory-67-E2,医院区域服务群,PROJECT-35,"[526.25, 696.0]",390622.0,bed,OP-67,GOV-67,OPENING_PORTFOLIO,False,True,UNAPPROVED_SCENARIO_ASSET,NEW_DATA_POINT_NEEDS_MAP_MARKER,,,455725,0,0,22787,90,92116.0,,,OPENING_EXISTING_ASSET,,,True,"{""low"": 259763, ""medium"": 159504, ""high"": 36458}",27343540000.0,1519085.56,1,,AUTHORED_REFERENCE_COST_PER_CAPACITY_UNIT,,,,,
POWER-67-10,visual-territory-67,visual-territory-67-E2,太阳能区域设施群,PROJECT-10,"[526.25, 696.0]",454572.257419,MW,OP-67,GOV-67,OPENING_PORTFOLIO,False,True,UNAPPROVED_SCENARIO_ASSET,NEW_DATA_POINT_NEEDS_MAP_MARKER,,,27276,0,0,1364,90,92116.0,,,OPENING_EXISTING_ASSET,,,True,"{""low"": 15547, ""medium"": 9547, ""high"": 2182}",409115031677.1,22728612.87,1,,AUTHORED_REFERENCE_COST_PER_CAPACITY_UNIT,,,,,
POWER-67-11,visual-territory-67,visual-territory-67-E2,风能区域设施群,PROJECT-11,"[526.25, 696.0]",454572.257419,MW,OP-67,GOV-67,OPENING_PORTFOLIO,False,True,UNAPPROVED_SCENARIO_ASSET,NEW_DATA_POINT_NEEDS_MAP_MARKER,,,27274,0,0,1364,90,92116.0,,,OPENING_EXISTING_ASSET,,,True,"{""low"": 15546, ""medium"": 9546, ""high"": 2182}",409115031677.1,22728612.87,1,,AUTHORED_REFERENCE_COST_PER_CAPACITY_UNIT,,,,,
POWER-67-23,visual-territory-67,visual-territory-67-E2,国家电网区域设施群,PROJECT-23,"[526.25, 696.0]",130716.670313,MW,OP-67,GOV-67,OPENING_PORTFOLIO,False,True,UNAPPROVED_SCENARIO_ASSET,NEW_DATA_POINT_NEEDS_MAP_MARKER,,,27274,0,0,1364,90,92116.0,,,OPENING_EXISTING_ASSET,,,True,"{""low"": 15546, ""medium"": 9546, ""high"": 2182}",117645003281.7,6535833.52,1,,AUTHORED_REFERENCE_COST_PER_CAPACITY_UNIT,,,,,
POWER-67-13,visual-territory-67,visual-territory-67-E2,储能区域设施群,PROJECT-13,"[526.25, 696.0]",5577244.600024,MWh,OP-67,GOV-67,OPENING_PORTFOLIO,False,True,UNAPPROVED_SCENARIO_ASSET,NEW_DATA_POINT_NEEDS_MAP_MARKER,,,27274,0,0,1364,90,92116.0,,,OPENING_EXISTING_ASSET,,,True,"{""low"": 15546, ""medium"": 9546, ""high"": 2182}",892359136003.84,49575507.56,1,,AUTHORED_REFERENCE_COST_PER_CAPACITY_UNIT,,,,,
GATE-67,visual-territory-67,visual-territory-67-E2,国家海港集群,PROJECT-21,"[539.5, 692.5]",729616.064381,tonne/sim-day,OP-67,GOV-67,OPENING_PORTFOLIO,False,True,UNAPPROVED_SCENARIO_ASSET,NEW_DATA_POINT_NEEDS_MAP_MARKER,,,345430,0,0,17272,90,92116.0,,,OPENING_EXISTING_ASSET,,,True,"{""low"": 196896, ""medium"": 120900, ""high"": 27634}",1313308915.89,72961.61,1,,AUTHORED_REFERENCE_COST_PER_CAPACITY_UNIT,,True,"[539, 693]",Snapped to original ocean shoreline with ocean-grid access; harbour engineering not surveyed,
WAREHOUSE-67,visual-territory-67,visual-territory-67-E2,国家战略与生产库存库群,PROJECT-26,"[526.25, 696.0]",39322840.225473,tonne,OP-67,GOV-67,OPENING_PORTFOLIO,False,True,UNAPPROVED_SCENARIO_ASSET,NEW_DATA_POINT_NEEDS_MAP_MARKER,,,345429,0,0,17272,90,92116.0,,,OPENING_EXISTING_ASSET,,,True,"{""low"": 196895, ""medium"": 120900, ""high"": 27634}",4718740827.06,262152.27,1,,AUTHORED_REFERENCE_COST_PER_CAPACITY_UNIT,,,,,
OPEN-RES277,visual-territory-68,visual-territory-68-E1,IRON_ORE开采组,PROJECT-04,"[432, 572]",59030.215267,tonne/sim-day,OP-68,GOV-68,OPENING_PORTFOLIO,False,True,UNAPPROVED_SCENARIO_ASSET,NEW_DATA_POINT_NEEDS_MAP_MARKER,,,4294,134.15958,5366.383206,215,180,17176.0,SCENARIO-RECIPE-IRON_ORE,LIC-68-IRON_ORE,OPENING_EXISTING_ASSET,IRON_ORE,53663.832061,,"{""low"": 2447, ""medium"": 1503, ""high"": 344}",106254387.48,5903.02,1,0.909091,AUTHORED_REFERENCE_COST_PER_CAPACITY_UNIT,RES277,,,,
OPEN-68-STEEL,visual-territory-68,visual-territory-68-E1,STEEL区域生产群,PROJECT-14,"[476.75, 587.5]",185510.602918,tonne/sim-day,OP-68,GOV-68,OPENING_PORTFOLIO,False,True,UNAPPROVED_SCENARIO_ASSET,NEW_DATA_POINT_NEEDS_MAP_MARKER,,,19358,4368.909127,322627.13551,968,180,77432.0,SCENARIO-RECIPE-STEEL,LIC-68-STEEL,OPENING_EXISTING_ASSET,STEEL,161313.567755,True,"{""low"": 11034, ""medium"": 6775, ""high"": 1549}",333919085.25,18551.06,1,0.869565,AUTHORED_REFERENCE_COST_PER_CAPACITY_UNIT,,,,,
SERVICE-visual-territory-68-E1-36,visual-territory-68,visual-territory-68-E1,住房区域服务群,PROJECT-36,"[476.75, 587.5]",31814939.0,dwelling-unit,OP-68,GOV-68,OPENING_PORTFOLIO,False,True,UNAPPROVED_SCENARIO_ASSET,NEW_DATA_POINT_NEEDS_MAP_MARKER,,,0,0,0,1,90,79176.0,,,OPENING_EXISTING_ASSET,,,True,"{""low"": 0, ""medium"": 0, ""high"": 0}",2067971035000.0,114887279.72,1,,AUTHORED_REFERENCE_COST_PER_CAPACITY_UNIT,,,,,
SERVICE-visual-territory-68-E1-31,visual-territory-68,visual-territory-68-E1,基础教育区域服务群,PROJECT-31,"[476.75, 587.5]",20141070.0,student-seat,OP-68,GOV-68,OPENING_PORTFOLIO,False,True,UNAPPROVED_SCENARIO_ASSET,NEW_DATA_POINT_NEEDS_MAP_MARKER,,,737769,0,0,36889,90,79176.0,,,OPENING_EXISTING_ASSET,,,True,"{""low"": 420528, ""medium"": 258219, ""high"": 59022}",120846420000.0,6713690.0,1,,AUTHORED_REFERENCE_COST_PER_CAPACITY_UNIT,,,,,
SERVICE-visual-territory-68-E1-35,visual-territory-68,visual-territory-68-E1,医院区域服务群,PROJECT-35,"[476.75, 587.5]",302874.0,bed,OP-68,GOV-68,OPENING_PORTFOLIO,False,True,UNAPPROVED_SCENARIO_ASSET,NEW_DATA_POINT_NEEDS_MAP_MARKER,,,353353,0,0,17668,90,79176.0,,,OPENING_EXISTING_ASSET,,,True,"{""low"": 201411, ""medium"": 123674, ""high"": 28268}",21201180000.0,1177843.33,1,,AUTHORED_REFERENCE_COST_PER_CAPACITY_UNIT,,,,,
SERVICE-visual-territory-68-E2-36,visual-territory-68,visual-territory-68-E2,住房区域服务群,PROJECT-36,"[523.25, 596.0]",30668335.0,dwelling-unit,OP-68,GOV-68,OPENING_PORTFOLIO,False,True,UNAPPROVED_SCENARIO_ASSET,NEW_DATA_POINT_NEEDS_MAP_MARKER,,,0,0,0,1,90,79176.0,,,OPENING_EXISTING_ASSET,,,True,"{""low"": 0, ""medium"": 0, ""high"": 0}",1993441775000.0,110746765.28,1,,AUTHORED_REFERENCE_COST_PER_CAPACITY_UNIT,,,,,
SERVICE-visual-territory-68-E2-31,visual-territory-68,visual-territory-68-E2,基础教育区域服务群,PROJECT-31,"[523.25, 596.0]",19347854.0,student-seat,OP-68,GOV-68,OPENING_PORTFOLIO,False,True,UNAPPROVED_SCENARIO_ASSET,NEW_DATA_POINT_NEEDS_MAP_MARKER,,,708713,0,0,35436,90,79176.0,,,OPENING_EXISTING_ASSET,,,True,"{""low"": 403966, ""medium"": 248050, ""high"": 56697}",116087124000.0,6449284.67,1,,AUTHORED_REFERENCE_COST_PER_CAPACITY_UNIT,,,,,
SERVICE-visual-territory-68-E2-35,visual-territory-68,visual-territory-68-E2,医院区域服务群,PROJECT-35,"[523.25, 596.0]",290946.0,bed,OP-68,GOV-68,OPENING_PORTFOLIO,False,True,UNAPPROVED_SCENARIO_ASSET,NEW_DATA_POINT_NEEDS_MAP_MARKER,,,339437,0,0,16972,90,79176.0,,,OPENING_EXISTING_ASSET,,,True,"{""low"": 193479, ""medium"": 118803, ""high"": 27155}",20366220000.0,1131456.67,1,,AUTHORED_REFERENCE_COST_PER_CAPACITY_UNIT,,,,,
POWER-68-10,visual-territory-68,visual-territory-68-E1,太阳能区域设施群,PROJECT-10,"[476.75, 587.5]",426234.462283,MW,OP-68,GOV-68,OPENING_PORTFOLIO,False,True,UNAPPROVED_SCENARIO_ASSET,NEW_DATA_POINT_NEEDS_MAP_MARKER,,,25575,0,0,1279,90,79176.0,,,OPENING_EXISTING_ASSET,,,True,"{""low"": 14578, ""medium"": 8951, ""high"": 2046}",383611016054.7,21311723.11,1,,AUTHORED_REFERENCE_COST_PER_CAPACITY_UNIT,,,,,
POWER-68-11,visual-territory-68,visual-territory-68-E1,风能区域设施群,PROJECT-11,"[476.75, 587.5]",426234.462283,MW,OP-68,GOV-68,OPENING_PORTFOLIO,False,True,UNAPPROVED_SCENARIO_ASSET,NEW_DATA_POINT_NEEDS_MAP_MARKER,,,25574,0,0,1279,90,79176.0,,,OPENING_EXISTING_ASSET,,,True,"{""low"": 14577, ""medium"": 8951, ""high"": 2046}",383611016054.7,21311723.11,1,,AUTHORED_REFERENCE_COST_PER_CAPACITY_UNIT,,,,,
POWER-68-23,visual-territory-68,visual-territory-68-E1,国家电网区域设施群,PROJECT-23,"[476.75, 587.5]",116969.785509,MW,OP-68,GOV-68,OPENING_PORTFOLIO,False,True,UNAPPROVED_SCENARIO_ASSET,NEW_DATA_POINT_NEEDS_MAP_MARKER,,,25574,0,0,1279,90,79176.0,,,OPENING_EXISTING_ASSET,,,True,"{""low"": 14577, ""medium"": 8951, ""high"": 2046}",105272806958.1,5848489.28,1,,AUTHORED_REFERENCE_COST_PER_CAPACITY_UNIT,,,,,
POWER-68-13,visual-territory-68,visual-territory-68-E1,储能区域设施群,PROJECT-13,"[476.75, 587.5]",4990710.848365,MWh,OP-68,GOV-68,OPENING_PORTFOLIO,False,True,UNAPPROVED_SCENARIO_ASSET,NEW_DATA_POINT_NEEDS_MAP_MARKER,,,25574,0,0,1279,90,79176.0,,,OPENING_EXISTING_ASSET,,,True,"{""low"": 14577, ""medium"": 8951, ""high"": 2046}",798513735738.4,44361874.21,1,,AUTHORED_REFERENCE_COST_PER_CAPACITY_UNIT,,,,,
GATE-68,visual-territory-68,visual-territory-68-E2,国家海港集群,PROJECT-21,"[531.5, 631.5]",653923.855933,tonne/sim-day,OP-68,GOV-68,OPENING_PORTFOLIO,False,True,UNAPPROVED_SCENARIO_ASSET,NEW_DATA_POINT_NEEDS_MAP_MARKER,,,296910,0,0,14846,90,79176.0,,,OPENING_EXISTING_ASSET,,,True,"{""low"": 169239, ""medium"": 103918, ""high"": 23753}",1177062940.68,65392.39,1,,AUTHORED_REFERENCE_COST_PER_CAPACITY_UNIT,,True,"[531.5, 631.5]",Snapped to original ocean shoreline with ocean-grid access; harbour engineering not surveyed,
WAREHOUSE-68,visual-territory-68,visual-territory-68-E1,国家战略与生产库存库群,PROJECT-26,"[476.75, 587.5]",38169942.990088,tonne,OP-68,GOV-68,OPENING_PORTFOLIO,False,True,UNAPPROVED_SCENARIO_ASSET,NEW_DATA_POINT_NEEDS_MAP_MARKER,,,296909,0,0,14846,90,79176.0,,,OPENING_EXISTING_ASSET,,,True,"{""low"": 169238, ""medium"": 103918, ""high"": 23753}",4580393158.81,254466.29,1,,AUTHORED_REFERENCE_COST_PER_CAPACITY_UNIT,,,,,
OPEN-RES83,visual-territory-69,visual-territory-69-E1,IRON_ORE开采组,PROJECT-04,"[200, 692]",39428.911789,tonne/sim-day,OP-69,GOV-69,OPENING_PORTFOLIO,False,True,UNAPPROVED_SCENARIO_ASSET,NEW_DATA_POINT_NEEDS_MAP_MARKER,,,2868,89.611163,3584.446526,144,180,11472.0,SCENARIO-RECIPE-IRON_ORE,LIC-69-IRON_ORE,OPENING_EXISTING_ASSET,IRON_ORE,35844.465263,,"{""low"": 1635, ""medium"": 1004, ""high"": 229}",70972041.22,3942.89,1,0.909091,AUTHORED_REFERENCE_COST_PER_CAPACITY_UNIT,RES83,,,,
OPEN-69-STEEL,visual-territory-69,visual-territory-69-E1,STEEL区域生产群,PROJECT-14,"[211.0, 702.0]",125214.425117,tonne/sim-day,OP-69,GOV-69,OPENING_PORTFOLIO,False,True,UNAPPROVED_SCENARIO_ASSET,NEW_DATA_POINT_NEEDS_MAP_MARKER,,,13066,2948.890447,217764.217594,654,180,52264.0,SCENARIO-RECIPE-STEEL,LIC-69-STEEL,OPENING_EXISTING_ASSET,STEEL,108882.108797,True,"{""low"": 7448, ""medium"": 4573, ""high"": 1045}",225385965.21,12521.44,1,0.869565,AUTHORED_REFERENCE_COST_PER_CAPACITY_UNIT,,,,,
SERVICE-visual-territory-69-E1-36,visual-territory-69,visual-territory-69-E1,住房区域服务群,PROJECT-36,"[211.0, 702.0]",41918521.0,dwelling-unit,OP-69,GOV-69,OPENING_PORTFOLIO,False,True,UNAPPROVED_SCENARIO_ASSET,NEW_DATA_POINT_NEEDS_MAP_MARKER,,,0,0,0,1,90,53408.0,,,OPENING_EXISTING_ASSET,,,True,"{""low"": 0, ""medium"": 0, ""high"": 0}",2724703865000.0,151372436.94,1,,AUTHORED_REFERENCE_COST_PER_CAPACITY_UNIT,,,,,
SERVICE-visual-territory-69-E1-31,visual-territory-69,visual-territory-69-E1,基础教育区域服务群,PROJECT-31,"[211.0, 702.0]",26635400.0,student-seat,OP-69,GOV-69,OPENING_PORTFOLIO,False,True,UNAPPROVED_SCENARIO_ASSET,NEW_DATA_POINT_NEEDS_MAP_MARKER,,,975656,0,0,48783,90,53408.0,,,OPENING_EXISTING_ASSET,,,True,"{""low"": 556124, ""medium"": 341480, ""high"": 78052}",159812400000.0,8878466.67,1,,AUTHORED_REFERENCE_COST_PER_CAPACITY_UNIT,,,,,
SERVICE-visual-territory-69-E1-35,visual-territory-69,visual-territory-69-E1,医院区域服务群,PROJECT-35,"[211.0, 702.0]",400533.0,bed,OP-69,GOV-69,OPENING_PORTFOLIO,False,True,UNAPPROVED_SCENARIO_ASSET,NEW_DATA_POINT_NEEDS_MAP_MARKER,,,467288,0,0,23365,90,53408.0,,,OPENING_EXISTING_ASSET,,,True,"{""low"": 266354, ""medium"": 163551, ""high"": 37383}",28037310000.0,1557628.33,1,,AUTHORED_REFERENCE_COST_PER_CAPACITY_UNIT,,,,,
POWER-69-10,visual-territory-69,visual-territory-69-E1,太阳能区域设施群,PROJECT-10,"[211.0, 702.0]",274467.859374,MW,OP-69,GOV-69,OPENING_PORTFOLIO,False,True,UNAPPROVED_SCENARIO_ASSET,NEW_DATA_POINT_NEEDS_MAP_MARKER,,,16469,0,0,824,90,53408.0,,,OPENING_EXISTING_ASSET,,,True,"{""low"": 9387, ""medium"": 5764, ""high"": 1318}",247021073436.6,13723392.97,1,,AUTHORED_REFERENCE_COST_PER_CAPACITY_UNIT,,,,,
POWER-69-11,visual-territory-69,visual-territory-69-E1,风能区域设施群,PROJECT-11,"[211.0, 702.0]",274467.859374,MW,OP-69,GOV-69,OPENING_PORTFOLIO,False,True,UNAPPROVED_SCENARIO_ASSET,NEW_DATA_POINT_NEEDS_MAP_MARKER,,,16468,0,0,824,90,53408.0,,,OPENING_EXISTING_ASSET,,,True,"{""low"": 9387, ""medium"": 5764, ""high"": 1317}",247021073436.6,13723392.97,1,,AUTHORED_REFERENCE_COST_PER_CAPACITY_UNIT,,,,,
POWER-69-23,visual-territory-69,visual-territory-69-E1,国家电网区域设施群,PROJECT-23,"[211.0, 702.0]",78897.937387,MW,OP-69,GOV-69,OPENING_PORTFOLIO,False,True,UNAPPROVED_SCENARIO_ASSET,NEW_DATA_POINT_NEEDS_MAP_MARKER,,,16468,0,0,824,90,53408.0,,,OPENING_EXISTING_ASSET,,,True,"{""low"": 9387, ""medium"": 5764, ""high"": 1317}",71008143648.3,3944896.87,1,,AUTHORED_REFERENCE_COST_PER_CAPACITY_UNIT,,,,,
POWER-69-13,visual-territory-69,visual-territory-69-E1,储能区域设施群,PROJECT-13,"[211.0, 702.0]",3366311.995186,MWh,OP-69,GOV-69,OPENING_PORTFOLIO,False,True,UNAPPROVED_SCENARIO_ASSET,NEW_DATA_POINT_NEEDS_MAP_MARKER,,,16468,0,0,824,90,53408.0,,,OPENING_EXISTING_ASSET,,,True,"{""low"": 9387, ""medium"": 5764, ""high"": 1317}",538609919229.76,29922773.29,1,,AUTHORED_REFERENCE_COST_PER_CAPACITY_UNIT,,,,,
GATE-69,visual-territory-69,visual-territory-69-E1,国家海港集群,PROJECT-21,"[191.5, 722.5]",441824.966387,tonne/sim-day,OP-69,GOV-69,OPENING_PORTFOLIO,False,True,UNAPPROVED_SCENARIO_ASSET,NEW_DATA_POINT_NEEDS_MAP_MARKER,,,200267,0,0,10014,90,53408.0,,,OPENING_EXISTING_ASSET,,,True,"{""low"": 114153, ""medium"": 70093, ""high"": 16021}",795284939.5,44182.5,1,,AUTHORED_REFERENCE_COST_PER_CAPACITY_UNIT,,True,"[191.5, 722.5]",Snapped to original ocean shoreline with ocean-grid access; harbour engineering not surveyed,
WAREHOUSE-69,visual-territory-69,visual-territory-69-E1,国家战略与生产库存库群,PROJECT-26,"[211.0, 702.0]",30343018.007966,tonne,OP-69,GOV-69,OPENING_PORTFOLIO,False,True,UNAPPROVED_SCENARIO_ASSET,NEW_DATA_POINT_NEEDS_MAP_MARKER,,,200266,0,0,10014,90,53408.0,,,OPENING_EXISTING_ASSET,,,True,"{""low"": 114152, ""medium"": 70093, ""high"": 16021}",3641162160.96,202286.79,1,,AUTHORED_REFERENCE_COST_PER_CAPACITY_UNIT,,,,,
OPEN-70-GRAIN,visual-territory-70,visual-territory-70-E1,GRAIN区域生产群,,"[1211.0, 255.0]",154770.311005,tonne/sim-day,OP-70,GOV-70,OPENING_PORTFOLIO,False,True,UNAPPROVED_SCENARIO_ASSET,NEW_DATA_POINT_NEEDS_MAP_MARKER,,,67292,112.152399,192261255.907143,3365,180,269168.0,SCENARIO-RECIPE-GRAIN,LIC-70-GRAIN,OPENING_EXISTING_ASSET,GRAIN,134582.879135,True,"{""low"": 38357, ""medium"": 23552, ""high"": 5383}",278586559.81,15477.03,1,0.869565,AUTHORED_REFERENCE_COST_PER_CAPACITY_UNIT,,,,,
OPEN-70-REFINED_FUEL,visual-territory-70,visual-territory-70-E1,REFINED_FUEL区域生产群,PROJECT-15,"[1211.0, 255.0]",31512.974672,barrel equivalent/sim-day,OP-70,GOV-70,OPENING_PORTFOLIO,False,True,UNAPPROVED_SCENARIO_ASSET,NEW_DATA_POINT_NEEDS_MAP_MARKER,,,220,9.134196,2740.258667,11,180,880.0,SCENARIO-RECIPE-REFINED_FUEL,LIC-70-REFINED_FUEL,OPENING_EXISTING_ASSET,REFINED_FUEL,27402.586671,True,"{""low"": 125, ""medium"": 77, ""high"": 18}",567233544.1,31512.97,1,0.869565,AUTHORED_REFERENCE_COST_PER_CAPACITY_UNIT,,,,,
SERVICE-visual-territory-70-E1-36,visual-territory-70,visual-territory-70-E1,住房区域服务群,PROJECT-36,"[1211.0, 255.0]",27849023.0,dwelling-unit,OP-70,GOV-70,OPENING_PORTFOLIO,False,True,UNAPPROVED_SCENARIO_ASSET,NEW_DATA_POINT_NEEDS_MAP_MARKER,,,0,0,0,1,90,35744.0,,,OPENING_EXISTING_ASSET,,,True,"{""low"": 0, ""medium"": 0, ""high"": 0}",1810186495000.0,100565916.39,1,,AUTHORED_REFERENCE_COST_PER_CAPACITY_UNIT,,,,,
SERVICE-visual-territory-70-E1-31,visual-territory-70,visual-territory-70-E1,基础教育区域服务群,PROJECT-31,"[1211.0, 255.0]",17825571.0,student-seat,OP-70,GOV-70,OPENING_PORTFOLIO,False,True,UNAPPROVED_SCENARIO_ASSET,NEW_DATA_POINT_NEEDS_MAP_MARKER,,,652952,0,0,32648,90,35744.0,,,OPENING_EXISTING_ASSET,,,True,"{""low"": 372183, ""medium"": 228533, ""high"": 52236}",106953426000.0,5941857.0,1,,AUTHORED_REFERENCE_COST_PER_CAPACITY_UNIT,,,,,
SERVICE-visual-territory-70-E1-35,visual-territory-70,visual-territory-70-E1,医院区域服务群,PROJECT-35,"[1211.0, 255.0]",268054.0,bed,OP-70,GOV-70,OPENING_PORTFOLIO,False,True,UNAPPROVED_SCENARIO_ASSET,NEW_DATA_POINT_NEEDS_MAP_MARKER,,,312730,0,0,15637,90,35744.0,,,OPENING_EXISTING_ASSET,,,True,"{""low"": 178256, ""medium"": 109456, ""high"": 25018}",18763780000.0,1042432.22,1,,AUTHORED_REFERENCE_COST_PER_CAPACITY_UNIT,,,,,
POWER-70-10,visual-territory-70,visual-territory-70-E1,太阳能区域设施群,PROJECT-10,"[1211.0, 255.0]",171853.112333,MW,OP-70,GOV-70,OPENING_PORTFOLIO,False,True,UNAPPROVED_SCENARIO_ASSET,NEW_DATA_POINT_NEEDS_MAP_MARKER,,,10312,0,0,516,90,35744.0,,,OPENING_EXISTING_ASSET,,,True,"{""low"": 5878, ""medium"": 3609, ""high"": 825}",154667801099.7,8592655.62,1,,AUTHORED_REFERENCE_COST_PER_CAPACITY_UNIT,,,,,
POWER-70-11,visual-territory-70,visual-territory-70-E1,风能区域设施群,PROJECT-11,"[1211.0, 255.0]",171853.112333,MW,OP-70,GOV-70,OPENING_PORTFOLIO,False,True,UNAPPROVED_SCENARIO_ASSET,NEW_DATA_POINT_NEEDS_MAP_MARKER,,,10311,0,0,516,90,35744.0,,,OPENING_EXISTING_ASSET,,,True,"{""low"": 5877, ""medium"": 3609, ""high"": 825}",154667801099.7,8592655.62,1,,AUTHORED_REFERENCE_COST_PER_CAPACITY_UNIT,,,,,
POWER-70-23,visual-territory-70,visual-territory-70-E1,国家电网区域设施群,PROJECT-23,"[1211.0, 255.0]",50411.674556,MW,OP-70,GOV-70,OPENING_PORTFOLIO,False,True,UNAPPROVED_SCENARIO_ASSET,NEW_DATA_POINT_NEEDS_MAP_MARKER,,,10311,0,0,516,90,35744.0,,,OPENING_EXISTING_ASSET,,,True,"{""low"": 5877, ""medium"": 3609, ""high"": 825}",45370507100.4,2520583.73,1,,AUTHORED_REFERENCE_COST_PER_CAPACITY_UNIT,,,,,
POWER-70-13,visual-territory-70,visual-territory-70-E1,储能区域设施群,PROJECT-13,"[1211.0, 255.0]",2150898.114391,MWh,OP-70,GOV-70,OPENING_PORTFOLIO,False,True,UNAPPROVED_SCENARIO_ASSET,NEW_DATA_POINT_NEEDS_MAP_MARKER,,,10311,0,0,516,90,35744.0,,,OPENING_EXISTING_ASSET,,,True,"{""low"": 5877, ""medium"": 3609, ""high"": 825}",344143698302.56,19119094.35,1,,AUTHORED_REFERENCE_COST_PER_CAPACITY_UNIT,,,,,
GATE-70,visual-territory-70,visual-territory-70-E1,国家海港集群,PROJECT-21,"[1227.5, 234.5]",130863.128489,tonne/sim-day,OP-70,GOV-70,OPENING_PORTFOLIO,False,True,UNAPPROVED_SCENARIO_ASSET,NEW_DATA_POINT_NEEDS_MAP_MARKER,,,134027,0,0,6702,90,35744.0,,,OPENING_EXISTING_ASSET,,,True,"{""low"": 76396, ""medium"": 46909, ""high"": 10722}",235553631.28,13086.31,1,,AUTHORED_REFERENCE_COST_PER_CAPACITY_UNIT,,True,"[1227.5, 234.5]",Snapped to original ocean shoreline with ocean-grid access; harbour engineering not surveyed,
WAREHOUSE-70,visual-territory-70,visual-territory-70-E1,国家战略与生产库存库群,PROJECT-26,"[1211.0, 255.0]",7234441.844835,tonne,OP-70,GOV-70,OPENING_PORTFOLIO,False,True,UNAPPROVED_SCENARIO_ASSET,NEW_DATA_POINT_NEEDS_MAP_MARKER,,,134027,0,0,6702,90,35744.0,,,OPENING_EXISTING_ASSET,,,True,"{""low"": 76396, ""medium"": 46909, ""high"": 10722}",868133021.38,48229.61,1,,AUTHORED_REFERENCE_COST_PER_CAPACITY_UNIT,,,,,
