facilityId,legacyFacilityId,countryId,geographicPoint,sceneAnchor,markerAction,scenePointAuthority
P01,,visual-territory-44,"[135, 328]","[0.396, 0.343]",REUSE_ANCHOR,DISPLAY_ONLY
P02,,visual-territory-52,"[539, 388]","[0.6399116347569953, 0.3932253313696611]",REUSE_ANCHOR,DISPLAY_ONLY
P03,,visual-territory-64,"[691, 334]","[0.34, 0.71]",REUSE_ANCHOR,DISPLAY_ONLY
P04,,visual-territory-56,"[637, 548]",,NEW_MARKER_REQUIRED,DISPLAY_ONLY
P05,,visual-territory-55,"[977, 453]","[0.4138804457953396, 0.6342451874366767]",REUSE_ANCHOR,DISPLAY_ONLY
P06,,visual-territory-63,"[383, 661]","[0.56, 0.64]",REUSE_ANCHOR,DISPLAY_ONLY
P07,,visual-territory-67,"[539, 693]","[0.79, 0.346]",REUSE_ANCHOR,DISPLAY_ONLY
P08,,visual-territory-66,"[964, 362]","[0.475, 0.632]",REUSE_ANCHOR,DISPLAY_ONLY
P09,,visual-territory-07,"[1479, 467]","[0.535, 0.63]",REUSE_ANCHOR,DISPLAY_ONLY
P10,,visual-territory-24,"[1545, 692]","[0.61, 0.558]",REUSE_ANCHOR,DISPLAY_ONLY
P11,,visual-territory-29,"[1313, 812]","[0.595, 0.63]",REUSE_ANCHOR,DISPLAY_ONLY
P12,,visual-territory-17,"[1010, 645]","[0.77, 0.699]",REUSE_ANCHOR,DISPLAY_ONLY
H01,,visual-territory-40,"[365, 295]","[0.75, 0.394]",REUSE_ANCHOR,DISPLAY_ONLY
H02,,visual-territory-51,"[303, 425]","[0.28523166023166024, 0.393822393822394]",REUSE_ANCHOR,DISPLAY_ONLY
H03,,visual-territory-58,"[791, 478]",,NEW_MARKER_REQUIRED,DISPLAY_ONLY
H04,,visual-territory-61,"[298, 590]",,NEW_MARKER_REQUIRED,DISPLAY_ONLY
H05,,visual-territory-04,"[1507, 369]","[0.427, 0.773]",REUSE_ANCHOR,DISPLAY_ONLY
H06,,visual-territory-12,"[1265, 554]","[0.49, 0.605]",REUSE_ANCHOR,DISPLAY_ONLY
H07,,visual-territory-23,"[1450, 676]","[0.87, 0.419]",REUSE_ANCHOR,DISPLAY_ONLY
H08,,visual-territory-28,"[1195, 750]","[0.45, 0.33]",REUSE_ANCHOR,DISPLAY_ONLY
SF001,,visual-territory-01,"[1599, 307]","[0.665, 0.6]",REUSE_ANCHOR,DISPLAY_ONLY
SF002,,visual-territory-01,"[1565, 261]","[0.356, 0.325]",REUSE_ANCHOR,DISPLAY_ONLY
SF003,,visual-territory-01,"[1616, 245]","[0.74, 0.224]",REUSE_ANCHOR,DISPLAY_ONLY
SF004,,visual-territory-01,"[1553, 305]","[0.332, 0.619]",REUSE_ANCHOR,DISPLAY_ONLY
SF005,,visual-territory-01,"[1597, 273]","[0.638, 0.392]",REUSE_ANCHOR,DISPLAY_ONLY
SF006,,visual-territory-02,"[1602, 301]","[0.216, 0.453]",REUSE_ANCHOR,DISPLAY_ONLY
SF007,,visual-territory-02,"[1683, 282]","[0.841, 0.372]",REUSE_ANCHOR,DISPLAY_ONLY
SF008,,visual-territory-02,"[1650, 337]","[0.588, 0.737]",REUSE_ANCHOR,DISPLAY_ONLY
SF009,,visual-territory-02,"[1626, 245]","[0.41, 0.12]",REUSE_ANCHOR,DISPLAY_ONLY
SF010,,visual-territory-02,"[1641, 285]","[0.533, 0.379]",REUSE_ANCHOR,DISPLAY_ONLY
SF011,,visual-territory-02,"[1618, 329]","[0.31, 0.612]",REUSE_ANCHOR,DISPLAY_ONLY
SF012,,visual-territory-03,"[1478, 398]","[0.748, 0.505]",REUSE_ANCHOR,DISPLAY_ONLY
SF013,,visual-territory-03,"[1411, 313]","[0.265, 0.12]",REUSE_ANCHOR,DISPLAY_ONLY
SF014,,visual-territory-03,"[1404, 388]","[0.236, 0.515]",REUSE_ANCHOR,DISPLAY_ONLY
SF015,,visual-territory-03,"[1469, 336]","[0.632, 0.215]",REUSE_ANCHOR,DISPLAY_ONLY
SF016,,visual-territory-03,"[1436, 433]","[0.378, 0.747]",REUSE_ANCHOR,DISPLAY_ONLY
SF017,,visual-territory-03,"[1444, 371]","[0.468, 0.444]",REUSE_ANCHOR,DISPLAY_ONLY
SF018,,visual-territory-03,"[1497, 364]","[0.752, 0.336]",REUSE_ANCHOR,DISPLAY_ONLY
SF019,,visual-territory-03,"[1435, 338]","[0.447, 0.267]",REUSE_ANCHOR,DISPLAY_ONLY
SF020,,visual-territory-03,"[1433, 401]","[0.405, 0.615]",REUSE_ANCHOR,DISPLAY_ONLY
SF021,,visual-territory-04,"[1510, 368]","[0.483, 0.812]",REUSE_ANCHOR,DISPLAY_ONLY
SF022,,visual-territory-04,"[1515, 307]","[0.552, 0.366]",REUSE_ANCHOR,DISPLAY_ONLY
SF023,,visual-territory-04,"[1529, 264]","[0.61, 0.225]",REUSE_ANCHOR,DISPLAY_ONLY
SF024,,visual-territory-04,"[1462, 278]","[0.192, 0.283]",REUSE_ANCHOR,DISPLAY_ONLY
SF025,,visual-territory-04,"[1561, 342]","[0.815, 0.576]",REUSE_ANCHOR,DISPLAY_ONLY
SF026,,visual-territory-04,"[1559, 224]","[0.782, 0.04]",REUSE_ANCHOR,DISPLAY_ONLY
SF027,,visual-territory-04,"[1481, 334]","[0.363, 0.594]",REUSE_ANCHOR,DISPLAY_ONLY
SF028,,visual-territory-05,"[1556, 356]","[0.242, 0.292]",REUSE_ANCHOR,DISPLAY_ONLY
SF029,,visual-territory-05,"[1645, 382]","[0.783, 0.477]",REUSE_ANCHOR,DISPLAY_ONLY
SF030,,visual-territory-05,"[1593, 418]","[0.45, 0.725]",REUSE_ANCHOR,DISPLAY_ONLY
SF031,,visual-territory-05,"[1612, 327]","[0.618, 0.13]",REUSE_ANCHOR,DISPLAY_ONLY
SF032,,visual-territory-05,"[1600, 372]","[0.5, 0.43]",REUSE_ANCHOR,DISPLAY_ONLY
SF033,,visual-territory-05,"[1574, 323]","[0.301, 0.081]",REUSE_ANCHOR,DISPLAY_ONLY
SF034,,visual-territory-05,"[1628, 413]","[0.658, 0.594]",REUSE_ANCHOR,DISPLAY_ONLY
SF035,,visual-territory-06,"[1378, 444]","[0.594, 0.431]",REUSE_ANCHOR,DISPLAY_ONLY
SF036,,visual-territory-06,"[1288, 457]","[0.14, 0.513]",REUSE_ANCHOR,DISPLAY_ONLY
SF037,,visual-territory-06,"[1325, 385]","[0.326, 0.15]",REUSE_ANCHOR,DISPLAY_ONLY
SF038,,visual-territory-06,"[1349, 501]","[0.465, 0.661]",REUSE_ANCHOR,DISPLAY_ONLY
SF039,,visual-territory-06,"[1429, 473]","[0.863, 0.554]",REUSE_ANCHOR,DISPLAY_ONLY
SF040,,visual-territory-06,"[1404, 396]","[0.747, 0.18]",REUSE_ANCHOR,DISPLAY_ONLY
SF041,,visual-territory-06,"[1331, 433]","[0.387, 0.484]",REUSE_ANCHOR,DISPLAY_ONLY
SF042,,visual-territory-07,"[1446, 427]","[0.324, 0.313]",REUSE_ANCHOR,DISPLAY_ONLY
SF043,,visual-territory-07,"[1525, 467]","[0.85, 0.58]",REUSE_ANCHOR,DISPLAY_ONLY
SF044,,visual-territory-07,"[1437, 486]","[0.22, 0.708]",REUSE_ANCHOR,DISPLAY_ONLY
SF045,,visual-territory-07,"[1494, 389]","[0.646, 0.115]",REUSE_ANCHOR,DISPLAY_ONLY
SF046,,visual-territory-07,"[1502, 431]","[0.746, 0.347]",REUSE_ANCHOR,DISPLAY_ONLY
SF047,,visual-territory-07,"[1428, 454]","[0.198, 0.496]",REUSE_ANCHOR,DISPLAY_ONLY
SF048,,visual-territory-08,"[1554, 399]","[0.57, 0.263]",REUSE_ANCHOR,DISPLAY_ONLY
SF049,,visual-territory-08,"[1546, 482]","[0.551, 0.751]",REUSE_ANCHOR,DISPLAY_ONLY
SF050,,visual-territory-08,"[1495, 388]","[0.27, 0.237]",REUSE_ANCHOR,DISPLAY_ONLY
SF051,,visual-territory-08,"[1515, 438]","[0.324, 0.55]",REUSE_ANCHOR,DISPLAY_ONLY
SF052,,visual-territory-08,"[1555, 356]","[0.58, 0.105]",REUSE_ANCHOR,DISPLAY_ONLY
SF053,,visual-territory-08,"[1562, 441]","[0.651, 0.51]",REUSE_ANCHOR,DISPLAY_ONLY
SF054,,visual-territory-08,"[1591, 414]","[0.743, 0.38]",REUSE_ANCHOR,DISPLAY_ONLY
SF055,,visual-territory-09,"[1111, 527]","[0.54, 0.28]",REUSE_ANCHOR,DISPLAY_ONLY
SF056,,visual-territory-09,"[1131, 577]","[0.76, 0.634]",REUSE_ANCHOR,DISPLAY_ONLY
SF057,,visual-territory-09,"[1049, 579]","[0.273, 0.633]",REUSE_ANCHOR,DISPLAY_ONLY
SF058,,visual-territory-09,"[1091, 600]","[0.45, 0.728]",REUSE_ANCHOR,DISPLAY_ONLY
SF059,,visual-territory-10,"[1135, 546]","[0.359, 0.616]",REUSE_ANCHOR,DISPLAY_ONLY
SF060,,visual-territory-10,"[1226, 420]","[0.809, 0.09]",REUSE_ANCHOR,DISPLAY_ONLY
SF061,,visual-territory-10,"[1152, 462]","[0.489, 0.226]",REUSE_ANCHOR,DISPLAY_ONLY
SF062,,visual-territory-11,"[1205, 570]","[0.327, 0.392]",REUSE_ANCHOR,DISPLAY_ONLY
SF063,,visual-territory-11,"[1214, 594]","[0.495, 0.539]",REUSE_ANCHOR,DISPLAY_ONLY
SF064,,visual-territory-11,"[1267, 565]","[0.839, 0.292]",REUSE_ANCHOR,DISPLAY_ONLY
SF065,,visual-territory-12,"[1310, 547]","[0.84, 0.557]",REUSE_ANCHOR,DISPLAY_ONLY
SF066,,visual-territory-12,"[1215, 528]","[0.15, 0.44]",REUSE_ANCHOR,DISPLAY_ONLY
SF067,,visual-territory-12,"[1288, 458]","[0.611, 0.154]",REUSE_ANCHOR,DISPLAY_ONLY
SF068,,visual-territory-13,"[1284, 605]","[0.329, 0.51]",REUSE_ANCHOR,DISPLAY_ONLY
SF069,,visual-territory-13,"[1337, 563]","[0.68, 0.198]",REUSE_ANCHOR,DISPLAY_ONLY
SF070,,visual-territory-14,"[1360, 505]","[0.304, 0.35]",REUSE_ANCHOR,DISPLAY_ONLY
SF071,,visual-territory-14,"[1383, 561]","[0.453, 0.72]",REUSE_ANCHOR,DISPLAY_ONLY
SF072,,visual-territory-14,"[1448, 513]","[0.896, 0.438]",REUSE_ANCHOR,DISPLAY_ONLY
SF073,,visual-territory-14,"[1407, 472]","[0.612, 0.125]",REUSE_ANCHOR,DISPLAY_ONLY
SF074,,visual-territory-14,"[1337, 546]","[0.173, 0.607]",REUSE_ANCHOR,DISPLAY_ONLY
SF075,,visual-territory-15,"[1424, 583]","[0.554, 0.468]",REUSE_ANCHOR,DISPLAY_ONLY
SF076,,visual-territory-15,"[1478, 521]","[0.857, 0.086]",REUSE_ANCHOR,DISPLAY_ONLY
SF077,,visual-territory-15,"[1481, 620]","[0.837, 0.71]",REUSE_ANCHOR,DISPLAY_ONLY
SF078,,visual-territory-15,"[1369, 619]","[0.227, 0.66]",REUSE_ANCHOR,DISPLAY_ONLY
SF079,,visual-territory-15,"[1365, 560]","[0.165, 0.36]",REUSE_ANCHOR,DISPLAY_ONLY
SF080,,visual-territory-15,"[1427, 531]","[0.552, 0.126]",REUSE_ANCHOR,DISPLAY_ONLY
SF081,,visual-territory-15,"[1434, 629]","[0.52, 0.755]",REUSE_ANCHOR,DISPLAY_ONLY
SF082,,visual-territory-16,"[1522, 613]","[0.439, 0.54]",REUSE_ANCHOR,DISPLAY_ONLY
SF083,,visual-territory-16,"[1620, 533]","[0.87, 0.268]",REUSE_ANCHOR,DISPLAY_ONLY
SF084,,visual-territory-16,"[1520, 510]","[0.433, 0.133]",REUSE_ANCHOR,DISPLAY_ONLY
SF085,,visual-territory-16,"[1611, 670]","[0.884, 0.867]",REUSE_ANCHOR,DISPLAY_ONLY
SF086,,visual-territory-16,"[1466, 568]","[0.166, 0.34]",REUSE_ANCHOR,DISPLAY_ONLY
SF087,,visual-territory-16,"[1560, 551]","[0.559, 0.272]",REUSE_ANCHOR,DISPLAY_ONLY
SF088,,visual-territory-16,"[1572, 500]","[0.6, 0.098]",REUSE_ANCHOR,DISPLAY_ONLY
SF089,,visual-territory-16,"[1514, 565]","[0.379, 0.37]",REUSE_ANCHOR,DISPLAY_ONLY
SF090,,visual-territory-17,"[1006, 635]","[0.729, 0.535]",REUSE_ANCHOR,DISPLAY_ONLY
SF091,,visual-territory-17,"[992, 565]","[0.646, 0.148]",REUSE_ANCHOR,DISPLAY_ONLY
SF092,,visual-territory-17,"[972, 605]","[0.437, 0.412]",REUSE_ANCHOR,DISPLAY_ONLY
SF093,,visual-territory-18,"[1044, 717]","[0.55, 0.62]",REUSE_ANCHOR,DISPLAY_ONLY
SF094,,visual-territory-18,"[1004, 664]","[0.275, 0.235]",REUSE_ANCHOR,DISPLAY_ONLY
SF095,,visual-territory-19,"[1093, 602]","[0.79, 0.35]",REUSE_ANCHOR,DISPLAY_ONLY
SF096,,visual-territory-19,"[1015, 651]","[0.176, 0.667]",REUSE_ANCHOR,DISPLAY_ONLY
SF097,,visual-territory-19,"[1072, 655]","[0.69, 0.716]",REUSE_ANCHOR,DISPLAY_ONLY
SF098,,visual-territory-19,"[1031, 574]","[0.267, 0.128]",REUSE_ANCHOR,DISPLAY_ONLY
SF099,,visual-territory-20,"[1122, 648]","[0.48, 0.4]",REUSE_ANCHOR,DISPLAY_ONLY
SF100,,visual-territory-20,"[1160, 592]","[0.708, 0.124]",REUSE_ANCHOR,DISPLAY_ONLY
SF101,,visual-territory-21,"[1256, 698]","[0.79, 0.618]",REUSE_ANCHOR,DISPLAY_ONLY
SF102,,visual-territory-21,"[1264, 623]","[0.839, 0.19]",REUSE_ANCHOR,DISPLAY_ONLY
SF103,,visual-territory-21,"[1187, 704]","[0.29, 0.664]",REUSE_ANCHOR,DISPLAY_ONLY
SF104,,visual-territory-21,"[1184, 616]","[0.255, 0.224]",REUSE_ANCHOR,DISPLAY_ONLY
SF105,,visual-territory-21,"[1220, 657]","[0.485, 0.4]",REUSE_ANCHOR,DISPLAY_ONLY
SF106,,visual-territory-22,"[1277, 681]","[0.238, 0.45]",REUSE_ANCHOR,DISPLAY_ONLY
SF107,,visual-territory-22,"[1274, 613]","[0.218, 0.145]",REUSE_ANCHOR,DISPLAY_ONLY
SF108,,visual-territory-22,"[1320, 720]","[0.456, 0.71]",REUSE_ANCHOR,DISPLAY_ONLY
SF109,,visual-territory-22,"[1377, 707]","[0.765, 0.672]",REUSE_ANCHOR,DISPLAY_ONLY
SF110,,visual-territory-23,"[1430, 660]","[0.71, 0.291]",REUSE_ANCHOR,DISPLAY_ONLY
SF111,,visual-territory-23,"[1292, 654]","[0.148, 0.301]",REUSE_ANCHOR,DISPLAY_ONLY
SF112,,visual-territory-23,"[1441, 728]","[0.761, 0.616]",REUSE_ANCHOR,DISPLAY_ONLY
SF113,,visual-territory-23,"[1349, 685]","[0.371, 0.407]",REUSE_ANCHOR,DISPLAY_ONLY
SF114,,visual-territory-23,"[1372, 620]","[0.412, 0.156]",REUSE_ANCHOR,DISPLAY_ONLY
SF115,,visual-territory-23,"[1398, 700]","[0.601, 0.49]",REUSE_ANCHOR,DISPLAY_ONLY
SF116,,visual-territory-24,"[1542, 695]","[0.54, 0.51]",REUSE_ANCHOR,DISPLAY_ONLY
SF117,,visual-territory-24,"[1479, 682]","[0.16, 0.52]",REUSE_ANCHOR,DISPLAY_ONLY
SF118,,visual-territory-24,"[1489, 604]","[0.28, 0.14]",REUSE_ANCHOR,DISPLAY_ONLY
SF119,,visual-territory-24,"[1606, 679]","[0.87, 0.646]",REUSE_ANCHOR,DISPLAY_ONLY
SF120,,visual-territory-24,"[1543, 631]","[0.73, 0.19]",REUSE_ANCHOR,DISPLAY_ONLY
SF121,,visual-territory-25,"[998, 752]","[0.84, 0.56]",REUSE_ANCHOR,DISPLAY_ONLY
SF122,,visual-territory-25,"[952, 667]","[0.58, 0.18]",REUSE_ANCHOR,DISPLAY_ONLY
SF123,,visual-territory-25,"[923, 749]","[0.44, 0.57]",REUSE_ANCHOR,DISPLAY_ONLY
SF124,,visual-territory-26,"[1084, 719]","[0.8, 0.2]",REUSE_ANCHOR,DISPLAY_ONLY
SF125,,visual-territory-26,"[1088, 793]","[0.85, 0.555]",REUSE_ANCHOR,DISPLAY_ONLY
SF126,,visual-territory-27,"[1167, 683]","[0.71, 0.12]",REUSE_ANCHOR,DISPLAY_ONLY
SF127,,visual-territory-27,"[1158, 779]","[0.7, 0.485]",REUSE_ANCHOR,DISPLAY_ONLY
SF128,,visual-territory-27,"[1106, 808]","[0.31, 0.615]",REUSE_ANCHOR,DISPLAY_ONLY
SF129,,visual-territory-27,"[1084, 718]","[0.235, 0.227]",REUSE_ANCHOR,DISPLAY_ONLY
SF130,,visual-territory-28,"[1230, 729]","[0.77, 0.165]",REUSE_ANCHOR,DISPLAY_ONLY
SF131,,visual-territory-28,"[1146, 820]","[0.223, 0.747]",REUSE_ANCHOR,DISPLAY_ONLY
SF132,,visual-territory-29,"[1292, 721]","[0.5, 0.105]",REUSE_ANCHOR,DISPLAY_ONLY
SF133,,visual-territory-29,"[1262, 826]","[0.234, 0.83]",REUSE_ANCHOR,DISPLAY_ONLY
SF134,,visual-territory-29,"[1334, 818]","[0.804, 0.756]",REUSE_ANCHOR,DISPLAY_ONLY
SF135,,visual-territory-30,"[1409, 747]","[0.6, 0.401]",REUSE_ANCHOR,DISPLAY_ONLY
SF136,,visual-territory-30,"[1424, 811]","[0.703, 0.748]",REUSE_ANCHOR,DISPLAY_ONLY
SF137,,visual-territory-30,"[1365, 782]","[0.237, 0.558]",REUSE_ANCHOR,DISPLAY_ONLY
SF138,,visual-territory-30,"[1385, 706]","[0.415, 0.115]",REUSE_ANCHOR,DISPLAY_ONLY
SF139,,visual-territory-31,"[1510, 714]","[0.53, 0.225]",REUSE_ANCHOR,DISPLAY_ONLY
SF140,,visual-territory-31,"[1520, 773]","[0.61, 0.56]",REUSE_ANCHOR,DISPLAY_ONLY
SF141,,visual-territory-31,"[1568, 720]","[0.86, 0.324]",REUSE_ANCHOR,DISPLAY_ONLY
SF142,,visual-territory-31,"[1449, 761]","[0.21, 0.525]",REUSE_ANCHOR,DISPLAY_ONLY
SF143,,visual-territory-32,"[1533, 783]","[0.23, 0.47]",REUSE_ANCHOR,DISPLAY_ONLY
SF144,,visual-territory-32,"[1773, 806]","[0.87, 0.47]",REUSE_ANCHOR,DISPLAY_ONLY
SF145,,visual-territory-33,"[188, 178]","[0.596, 0.467]",REUSE_ANCHOR,DISPLAY_ONLY
SF146,,visual-territory-33,"[114, 176]","[0.178, 0.412]",REUSE_ANCHOR,DISPLAY_ONLY
SF147,,visual-territory-33,"[155, 130]","[0.413, 0.224]",REUSE_ANCHOR,DISPLAY_ONLY
SF148,,visual-territory-33,"[220, 216]","[0.776, 0.682]",REUSE_ANCHOR,DISPLAY_ONLY
SF149,,visual-territory-34,"[409, 181]","[0.81, 0.28]",REUSE_ANCHOR,DISPLAY_ONLY
SF150,,visual-territory-34,"[322, 247]","[0.245, 0.66]",REUSE_ANCHOR,DISPLAY_ONLY
SF151,,visual-territory-34,"[384, 239]","[0.755, 0.666]",REUSE_ANCHOR,DISPLAY_ONLY
SF152,,visual-territory-34,"[362, 195]","[0.493, 0.443]",REUSE_ANCHOR,DISPLAY_ONLY
SF153,,visual-territory-34,"[314, 170]","[0.179, 0.242]",REUSE_ANCHOR,DISPLAY_ONLY
SF154,,visual-territory-35,"[467, 184]","[0.66, 0.486]",REUSE_ANCHOR,DISPLAY_ONLY
SF155,,visual-territory-35,"[501, 115]","[0.82, 0.13]",REUSE_ANCHOR,DISPLAY_ONLY
SF156,,visual-territory-35,"[419, 211]","[0.281, 0.634]",REUSE_ANCHOR,DISPLAY_ONLY
SF157,,visual-territory-35,"[503, 217]","[0.772, 0.717]",REUSE_ANCHOR,DISPLAY_ONLY
SF158,,visual-territory-35,"[421, 136]","[0.364, 0.253]",REUSE_ANCHOR,DISPLAY_ONLY
SF159,,visual-territory-36,"[566, 184]","[0.778, 0.479]",REUSE_ANCHOR,DISPLAY_ONLY
SF160,,visual-territory-36,"[585, 113]","[0.853, 0.096]",REUSE_ANCHOR,DISPLAY_ONLY
SF161,,visual-territory-36,"[505, 213]","[0.232, 0.747]",REUSE_ANCHOR,DISPLAY_ONLY
SF162,,visual-territory-36,"[513, 139]","[0.329, 0.28]",REUSE_ANCHOR,DISPLAY_ONLY
SF163,,visual-territory-37,"[592, 183]","[0.284, 0.447]",REUSE_ANCHOR,DISPLAY_ONLY
SF164,,visual-territory-37,"[665, 186]","[0.842, 0.499]",REUSE_ANCHOR,DISPLAY_ONLY
SF165,,visual-territory-37,"[627, 212]","[0.553, 0.684]",REUSE_ANCHOR,DISPLAY_ONLY
SF166,,visual-territory-37,"[630, 155]","[0.619, 0.221]",REUSE_ANCHOR,DISPLAY_ONLY
SF167,,visual-territory-38,"[216, 241]","[0.844, 0.302]",REUSE_ANCHOR,DISPLAY_ONLY
SF168,,visual-territory-38,"[40, 300]","[0.15, 0.515]",REUSE_ANCHOR,DISPLAY_ONLY
SF169,,visual-territory-38,"[143, 299]","[0.544, 0.527]",REUSE_ANCHOR,DISPLAY_ONLY
SF170,,visual-territory-38,"[113, 218]","[0.487, 0.251]",REUSE_ANCHOR,DISPLAY_ONLY
SF171,,visual-territory-38,"[218, 320]","[0.82, 0.611]",REUSE_ANCHOR,DISPLAY_ONLY
SF172,,visual-territory-38,"[57, 242]","[0.253, 0.446]",REUSE_ANCHOR,DISPLAY_ONLY
SF173,,visual-territory-38,"[161, 246]","[0.615, 0.385]",REUSE_ANCHOR,DISPLAY_ONLY
SF174,,visual-territory-39,"[285, 225]","[0.672, 0.576]",REUSE_ANCHOR,DISPLAY_ONLY
SF175,,visual-territory-39,"[222, 214]","[0.23, 0.445]",REUSE_ANCHOR,DISPLAY_ONLY
SF176,,visual-territory-39,"[290, 169]","[0.645, 0.286]",REUSE_ANCHOR,DISPLAY_ONLY
SF177,,visual-territory-39,"[233, 156]","[0.303, 0.208]",REUSE_ANCHOR,DISPLAY_ONLY
SF178,,visual-territory-39,"[247, 260]","[0.347, 0.653]",REUSE_ANCHOR,DISPLAY_ONLY
SF179,,visual-territory-40,"[314, 341]","[0.375, 0.686]",REUSE_ANCHOR,DISPLAY_ONLY
SF180,,visual-territory-40,"[295, 273]","[0.24, 0.239]",REUSE_ANCHOR,DISPLAY_ONLY
SF181,,visual-territory-41,"[407, 239]","[0.42, 0.254]",REUSE_ANCHOR,DISPLAY_ONLY
SF182,,visual-territory-41,"[477, 230]","[0.832, 0.226]",REUSE_ANCHOR,DISPLAY_ONLY
SF183,,visual-territory-41,"[447, 270]","[0.697, 0.495]",REUSE_ANCHOR,DISPLAY_ONLY
SF184,,visual-territory-41,"[372, 307]","[0.192, 0.714]",REUSE_ANCHOR,DISPLAY_ONLY
SF185,,visual-territory-41,"[363, 260]","[0.162, 0.423]",REUSE_ANCHOR,DISPLAY_ONLY
SF186,,visual-territory-42,"[528, 247]","[0.716, 0.28]",REUSE_ANCHOR,DISPLAY_ONLY
SF187,,visual-territory-42,"[512, 307]","[0.6, 0.698]",REUSE_ANCHOR,DISPLAY_ONLY
SF188,,visual-territory-42,"[491, 270]","[0.438, 0.51]",REUSE_ANCHOR,DISPLAY_ONLY
SF189,,visual-territory-42,"[482, 227]","[0.392, 0.169]",REUSE_ANCHOR,DISPLAY_ONLY
SF190,,visual-territory-42,"[540, 281]","[0.813, 0.52]",REUSE_ANCHOR,DISPLAY_ONLY
SF191,,visual-territory-43,"[514, 216]","[0.18, 0.223]",REUSE_ANCHOR,DISPLAY_ONLY
SF192,,visual-territory-43,"[584, 208]","[0.667, 0.157]",REUSE_ANCHOR,DISPLAY_ONLY
SF193,,visual-territory-43,"[539, 267]","[0.331, 0.608]",REUSE_ANCHOR,DISPLAY_ONLY
SF194,,visual-territory-43,"[594, 279]","[0.797, 0.694]",REUSE_ANCHOR,DISPLAY_ONLY
SF195,,visual-territory-43,"[551, 229]","[0.469, 0.322]",REUSE_ANCHOR,DISPLAY_ONLY
SF196,,visual-territory-44,"[206, 318]","[0.811, 0.267]",REUSE_ANCHOR,DISPLAY_ONLY
SF197,,visual-territory-44,"[79, 358]","[0.229, 0.508]",REUSE_ANCHOR,DISPLAY_ONLY
SF198,,visual-territory-44,"[192, 397]","[0.734, 0.635]",REUSE_ANCHOR,DISPLAY_ONLY
SF199,,visual-territory-45,"[228, 327]","[0.277, 0.432]",REUSE_ANCHOR,DISPLAY_ONLY
SF200,,visual-territory-45,"[313, 322]","[0.793, 0.388]",REUSE_ANCHOR,DISPLAY_ONLY
SF201,,visual-territory-45,"[266, 271]","[0.461, 0.131]",REUSE_ANCHOR,DISPLAY_ONLY
SF202,,visual-territory-45,"[274, 377]","[0.523, 0.768]",REUSE_ANCHOR,DISPLAY_ONLY
SF203,,visual-territory-46,"[329, 355]","[0.234, 0.244]",REUSE_ANCHOR,DISPLAY_ONLY
SF204,,visual-territory-46,"[380, 335]","[0.449, 0.23]",REUSE_ANCHOR,DISPLAY_ONLY
SF205,,visual-territory-46,"[402, 323]","[0.632, 0.125]",REUSE_ANCHOR,DISPLAY_ONLY
SF206,,visual-territory-46,"[355, 338]","[0.333, 0.184]",REUSE_ANCHOR,DISPLAY_ONLY
SF207,,visual-territory-46,"[380, 309]","[0.453, 0.137]",REUSE_ANCHOR,DISPLAY_ONLY
SF208,,visual-territory-47,"[497, 343]","[0.735, 0.452]",REUSE_ANCHOR,DISPLAY_ONLY
SF209,,visual-territory-47,"[473, 372]","[0.612, 0.601]",REUSE_ANCHOR,DISPLAY_ONLY
SF210,,visual-territory-47,"[406, 291]","[0.164, 0.179]",REUSE_ANCHOR,DISPLAY_ONLY
SF211,,visual-territory-47,"[476, 275]","[0.582, 0.085]",REUSE_ANCHOR,DISPLAY_ONLY
SF212,,visual-territory-47,"[426, 343]","[0.274, 0.448]",REUSE_ANCHOR,DISPLAY_ONLY
SF213,,visual-territory-47,"[461, 316]","[0.519, 0.281]",REUSE_ANCHOR,DISPLAY_ONLY
SF214,,visual-territory-47,"[508, 303]","[0.772, 0.256]",REUSE_ANCHOR,DISPLAY_ONLY
SF215,,visual-territory-48,"[150, 377]","[0.593167701863354, 0.2919254658385093]",REUSE_ANCHOR,DISPLAY_ONLY
SF216,,visual-territory-48,"[143, 451]","[0.5496894409937888, 0.7515527950310559]",REUSE_ANCHOR,DISPLAY_ONLY
SF217,,visual-territory-49,"[258, 400]","[0.6085434173669467, 0.5175070028011203]",REUSE_ANCHOR,DISPLAY_ONLY
SF218,,visual-territory-49,"[195, 431]","[0.1673669467787115, 0.7345938375350138]",REUSE_ANCHOR,DISPLAY_ONLY
SF219,,visual-territory-49,"[208, 375]","[0.25840336134453784, 0.3424369747899158]",REUSE_ANCHOR,DISPLAY_ONLY
SF220,,visual-territory-49,"[292, 377]","[0.8466386554621849, 0.3564425770308121]",REUSE_ANCHOR,DISPLAY_ONLY
SF221,,visual-territory-50,"[270, 455]","[0.4257142857142857, 0.38285714285714284]",REUSE_ANCHOR,DISPLAY_ONLY
SF222,,visual-territory-50,"[332, 525]","[0.78, 0.7828571428571428]",REUSE_ANCHOR,DISPLAY_ONLY
SF223,,visual-territory-51,"[308, 456]","[0.3093629343629343, 0.5434362934362936]",REUSE_ANCHOR,DISPLAY_ONLY
SF224,,visual-territory-52,"[519, 387]","[0.4926362297496316, 0.3858615611192929]",REUSE_ANCHOR,DISPLAY_ONLY
SF225,,visual-territory-53,"[767, 429]","[0.5202634245187439, 0.5202634245187436]",REUSE_ANCHOR,DISPLAY_ONLY
SF226,,visual-territory-53,"[741, 455]","[0.38855116514691007, 0.6519756838905775]",REUSE_ANCHOR,DISPLAY_ONLY
SF227,,visual-territory-53,"[816, 376]","[0.7684903748733538, 0.25177304964539]",REUSE_ANCHOR,DISPLAY_ONLY
SF228,,visual-territory-53,"[831, 438]","[0.8444782168186425, 0.5658561296859168]",REUSE_ANCHOR,DISPLAY_ONLY
SF229,,visual-territory-53,"[693, 430]","[0.14539007092198605, 0.5253292806484295]",REUSE_ANCHOR,DISPLAY_ONLY
SF230,,visual-territory-53,"[762, 375]","[0.4949341438703143, 0.24670719351570408]",REUSE_ANCHOR,DISPLAY_ONLY
SF231,,visual-territory-53,"[793, 475]","[0.6519756838905777, 0.7532928064842958]",REUSE_ANCHOR,DISPLAY_ONLY
SF232,,visual-territory-53,"[802, 412]","[0.697568389057751, 0.434143870314083]",REUSE_ANCHOR,DISPLAY_ONLY
SF233,,visual-territory-54,"[884, 471]","[0.6045918367346939, 0.5229591836734694]",REUSE_ANCHOR,DISPLAY_ONLY
SF234,,visual-territory-54,"[821, 497]","[0.28316326530612246, 0.6556122448979592]",REUSE_ANCHOR,DISPLAY_ONLY
SF235,,visual-territory-54,"[862, 457]","[0.4923469387755102, 0.45153061224489793]",REUSE_ANCHOR,DISPLAY_ONLY
SF236,,visual-territory-54,"[914, 536]","[0.7576530612244898, 0.8545918367346939]",REUSE_ANCHOR,DISPLAY_ONLY
SF237,,visual-territory-54,"[893, 400]","[0.6505102040816326, 0.16071428571428573]",REUSE_ANCHOR,DISPLAY_ONLY
SF238,,visual-territory-54,"[924, 440]","[0.8086734693877551, 0.3647959183673469]",REUSE_ANCHOR,DISPLAY_ONLY
SF239,,visual-territory-54,"[843, 413]","[0.39540816326530615, 0.22704081632653061]",REUSE_ANCHOR,DISPLAY_ONLY
SF240,,visual-territory-54,"[817, 453]","[0.2627551020408163, 0.43112244897959184]",REUSE_ANCHOR,DISPLAY_ONLY
SF241,,visual-territory-54,"[923, 495]","[0.8035714285714286, 0.6454081632653061]",REUSE_ANCHOR,DISPLAY_ONLY
SF242,,visual-territory-55,"[925, 463]","[0.15045592705167196, 0.6849037487335359]",REUSE_ANCHOR,DISPLAY_ONLY
SF243,,visual-territory-55,"[1064, 371]","[0.8546099290780144, 0.21884498480243156]",REUSE_ANCHOR,DISPLAY_ONLY
SF244,,visual-territory-55,"[1005, 433]","[0.5557244174265453, 0.5329280648429584]",REUSE_ANCHOR,DISPLAY_ONLY
SF245,,visual-territory-55,"[956, 417]","[0.30749746707193537, 0.4518743667679837]",REUSE_ANCHOR,DISPLAY_ONLY
SF246,,visual-territory-55,"[1022, 380]","[0.6418439716312059, 0.2644376899696048]",REUSE_ANCHOR,DISPLAY_ONLY
SF247,,visual-territory-56,"[710, 529]",,NEW_MARKER_REQUIRED,DISPLAY_ONLY
SF248,,visual-territory-56,"[572, 557]",,NEW_MARKER_REQUIRED,DISPLAY_ONLY
SF249,,visual-territory-56,"[693, 434]",,NEW_MARKER_REQUIRED,DISPLAY_ONLY
SF250,,visual-territory-57,"[673, 564]",,NEW_MARKER_REQUIRED,DISPLAY_ONLY
SF251,,visual-territory-57,"[740, 560]",,NEW_MARKER_REQUIRED,DISPLAY_ONLY
SF252,,visual-territory-57,"[666, 622]",,NEW_MARKER_REQUIRED,DISPLAY_ONLY
SF253,,visual-territory-57,"[733, 627]",,NEW_MARKER_REQUIRED,DISPLAY_ONLY
SF254,,visual-territory-57,"[622, 583]",,NEW_MARKER_REQUIRED,DISPLAY_ONLY
SF255,,visual-territory-58,"[745, 480]",,NEW_MARKER_REQUIRED,DISPLAY_ONLY
SF256,,visual-territory-58,"[821, 553]",,NEW_MARKER_REQUIRED,DISPLAY_ONLY
SF257,,visual-territory-58,"[765, 495]",,NEW_MARKER_REQUIRED,DISPLAY_ONLY
SF258,,visual-territory-58,"[739, 559]",,NEW_MARKER_REQUIRED,DISPLAY_ONLY
SF259,,visual-territory-58,"[779, 538]",,NEW_MARKER_REQUIRED,DISPLAY_ONLY
SF260,,visual-territory-58,"[722, 518]",,NEW_MARKER_REQUIRED,DISPLAY_ONLY
SF261,,visual-territory-58,"[838, 594]",,NEW_MARKER_REQUIRED,DISPLAY_ONLY
SF262,,visual-territory-58,"[863, 559]",,NEW_MARKER_REQUIRED,DISPLAY_ONLY
SF263,,visual-territory-59,"[624, 653]",,NEW_MARKER_REQUIRED,DISPLAY_ONLY
SF264,,visual-territory-59,"[653, 682]",,NEW_MARKER_REQUIRED,DISPLAY_ONLY
SF265,,visual-territory-59,"[606, 678]",,NEW_MARKER_REQUIRED,DISPLAY_ONLY
SF266,,visual-territory-60,"[250, 554]",,NEW_MARKER_REQUIRED,DISPLAY_ONLY
SF267,,visual-territory-60,"[231, 534]",,NEW_MARKER_REQUIRED,DISPLAY_ONLY
SF268,,visual-territory-60,"[181, 477]",,NEW_MARKER_REQUIRED,DISPLAY_ONLY
SF269,,visual-territory-60,"[171, 553]",,NEW_MARKER_REQUIRED,DISPLAY_ONLY
SF270,,visual-territory-60,"[214, 634]",,NEW_MARKER_REQUIRED,DISPLAY_ONLY
SF271,,visual-territory-60,"[285, 520]",,NEW_MARKER_REQUIRED,DISPLAY_ONLY
SF272,,visual-territory-60,"[215, 586]",,NEW_MARKER_REQUIRED,DISPLAY_ONLY
SF273,,visual-territory-60,"[179, 610]",,NEW_MARKER_REQUIRED,DISPLAY_ONLY
SF274,,visual-territory-61,"[281, 574]",,NEW_MARKER_REQUIRED,DISPLAY_ONLY
SF275,,visual-territory-61,"[285, 600]",,NEW_MARKER_REQUIRED,DISPLAY_ONLY
SF276,,visual-territory-61,"[341, 539]",,NEW_MARKER_REQUIRED,DISPLAY_ONLY
SF277,,visual-territory-61,"[227, 649]",,NEW_MARKER_REQUIRED,DISPLAY_ONLY
SF278,,visual-territory-61,"[287, 520]",,NEW_MARKER_REQUIRED,DISPLAY_ONLY
SF279,,visual-territory-61,"[277, 649]",,NEW_MARKER_REQUIRED,DISPLAY_ONLY
SF280,,visual-territory-61,"[240, 605]",,NEW_MARKER_REQUIRED,DISPLAY_ONLY
SF281,,visual-territory-62,"[312, 665]",,NEW_MARKER_REQUIRED,DISPLAY_ONLY
SF282,,visual-territory-62,"[417, 760]",,NEW_MARKER_REQUIRED,DISPLAY_ONLY
SF283,,visual-territory-62,"[404, 678]",,NEW_MARKER_REQUIRED,DISPLAY_ONLY
SF284,,visual-territory-62,"[302, 751]",,NEW_MARKER_REQUIRED,DISPLAY_ONLY
SF285,,visual-territory-62,"[365, 728]",,NEW_MARKER_REQUIRED,DISPLAY_ONLY
SF286,,visual-territory-62,"[359, 659]",,NEW_MARKER_REQUIRED,DISPLAY_ONLY
SF287,,visual-territory-63,"[458, 647]","[0.83, 0.51]",REUSE_ANCHOR,DISPLAY_ONLY
SF288,,visual-territory-63,"[404, 581]","[0.59, 0.27]",REUSE_ANCHOR,DISPLAY_ONLY
SF289,,visual-territory-63,"[380, 671]","[0.44, 0.75]",REUSE_ANCHOR,DISPLAY_ONLY
SF290,,visual-territory-63,"[326, 604]","[0.2, 0.39]",REUSE_ANCHOR,DISPLAY_ONLY
SF291,,visual-territory-63,"[352, 545]","[0.43, 0.075]",REUSE_ANCHOR,DISPLAY_ONLY
SF292,,visual-territory-63,"[372, 615]","[0.4, 0.46]",REUSE_ANCHOR,DISPLAY_ONLY
SF293,,visual-territory-64,"[657, 295]","[0.18, 0.5]",REUSE_ANCHOR,DISPLAY_ONLY
SF294,,visual-territory-64,"[692, 277]","[0.35, 0.545]",REUSE_ANCHOR,DISPLAY_ONLY
SF295,,visual-territory-64,"[686, 320]","[0.32, 0.62]",REUSE_ANCHOR,DISPLAY_ONLY
SF296,,visual-territory-64,"[830, 217]","[0.89, 0.34]",REUSE_ANCHOR,DISPLAY_ONLY
SF297,,visual-territory-64,"[710, 179]","[0.4, 0.2]",REUSE_ANCHOR,DISPLAY_ONLY
SF298,,visual-territory-64,"[772, 283]","[0.73, 0.52]",REUSE_ANCHOR,DISPLAY_ONLY
SF299,,visual-territory-64,"[774, 185]","[0.6, 0.285]",REUSE_ANCHOR,DISPLAY_ONLY
SF300,,visual-territory-64,"[654, 247]","[0.23, 0.395]",REUSE_ANCHOR,DISPLAY_ONLY
SF301,,visual-territory-65,"[536, 328]","[0.145, 0.414]",REUSE_ANCHOR,DISPLAY_ONLY
SF302,,visual-territory-65,"[673, 342]","[0.87, 0.54]",REUSE_ANCHOR,DISPLAY_ONLY
SF303,,visual-territory-65,"[625, 258]","[0.655, 0.06]",REUSE_ANCHOR,DISPLAY_ONLY
SF304,,visual-territory-65,"[602, 380]","[0.515, 0.69]",REUSE_ANCHOR,DISPLAY_ONLY
SF305,,visual-territory-65,"[599, 316]","[0.49, 0.435]",REUSE_ANCHOR,DISPLAY_ONLY
SF306,,visual-territory-65,"[654, 297]","[0.77, 0.317]",REUSE_ANCHOR,DISPLAY_ONLY
SF307,,visual-territory-66,"[934, 345]","[0.31, 0.449]",REUSE_ANCHOR,DISPLAY_ONLY
SF308,,visual-territory-66,"[988, 343]","[0.51, 0.446]",REUSE_ANCHOR,DISPLAY_ONLY
SF309,,visual-territory-66,"[943, 177]","[0.37, 0.112]",REUSE_ANCHOR,DISPLAY_ONLY
SF310,,visual-territory-66,"[954, 330]","[0.474, 0.428]",REUSE_ANCHOR,DISPLAY_ONLY
SF311,,visual-territory-66,"[977, 320]","[0.51, 0.412]",REUSE_ANCHOR,DISPLAY_ONLY
SF312,,visual-territory-66,"[1092, 327]","[0.859, 0.43]",REUSE_ANCHOR,DISPLAY_ONLY
SF313,,visual-territory-66,"[910, 403]","[0.18, 0.7]",REUSE_ANCHOR,DISPLAY_ONLY
SF314,,visual-territory-67,"[496, 698]","[0.56, 0.265]",REUSE_ANCHOR,DISPLAY_ONLY
SF315,,visual-territory-67,"[511, 718]","[0.635, 0.472]",REUSE_ANCHOR,DISPLAY_ONLY
SF316,,visual-territory-67,"[398, 708]","[0.135, 0.415]",REUSE_ANCHOR,DISPLAY_ONLY
SF317,,visual-territory-67,"[448, 791]","[0.343, 0.806]",REUSE_ANCHOR,DISPLAY_ONLY
SF318,,visual-territory-67,"[562, 755]","[0.878, 0.624]",REUSE_ANCHOR,DISPLAY_ONLY
SF319,,visual-territory-68,"[432, 572]","[0.182, 0.455]",REUSE_ANCHOR,DISPLAY_ONLY
SF320,,visual-territory-68,"[576, 622]","[0.814, 0.637]",REUSE_ANCHOR,DISPLAY_ONLY
SF321,,visual-territory-68,"[496, 620]","[0.466, 0.6]",REUSE_ANCHOR,DISPLAY_ONLY
SF322,,visual-territory-68,"[494, 558]","[0.476, 0.425]",REUSE_ANCHOR,DISPLAY_ONLY
SF323,,visual-territory-68,"[444, 512]","[0.277, 0.28]",REUSE_ANCHOR,DISPLAY_ONLY
SF324,,visual-territory-69,"[200, 692]","[0.62, 0.325]",REUSE_ANCHOR,DISPLAY_ONLY
SF325,,visual-territory-69,"[109, 745]","[0.146, 0.651]",REUSE_ANCHOR,DISPLAY_ONLY
SF326,,visual-territory-69,"[253, 756]","[0.84, 0.632]",REUSE_ANCHOR,DISPLAY_ONLY
SF327,,visual-territory-69,"[152, 638]","[0.368, 0.216]",REUSE_ANCHOR,DISPLAY_ONLY
SF328,,visual-territory-70,"[1209, 250]","[0.6, 0.5]",REUSE_ANCHOR,DISPLAY_ONLY
SF329,,visual-territory-70,"[1101, 309]","[0.15, 0.738]",REUSE_ANCHOR,DISPLAY_ONLY
SF330,,visual-territory-70,"[1288, 164]","[0.85, 0.219]",REUSE_ANCHOR,DISPLAY_ONLY
OPEN-01-GRAIN,,visual-territory-01,"[1583.0, 275.5]",,NEW_MARKER_REQUIRED,DISPLAY_ONLY
OPEN-RES098,SF004,visual-territory-01,"[1553, 305]","[0.332, 0.619]",REUSE_ANCHOR,DISPLAY_ONLY
SERVICE-visual-territory-01-E1-36,,visual-territory-01,"[1583.0, 275.5]",,NEW_MARKER_REQUIRED,DISPLAY_ONLY
SERVICE-visual-territory-01-E1-31,,visual-territory-01,"[1583.0, 275.5]",,NEW_MARKER_REQUIRED,DISPLAY_ONLY
SERVICE-visual-territory-01-E1-35,,visual-territory-01,"[1583.0, 275.5]",,NEW_MARKER_REQUIRED,DISPLAY_ONLY
POWER-01-10,,visual-territory-01,"[1583.0, 275.5]",,NEW_MARKER_REQUIRED,DISPLAY_ONLY
POWER-01-11,,visual-territory-01,"[1583.0, 275.5]",,NEW_MARKER_REQUIRED,DISPLAY_ONLY
POWER-01-23,,visual-territory-01,"[1583.0, 275.5]",,NEW_MARKER_REQUIRED,DISPLAY_ONLY
POWER-01-13,,visual-territory-01,"[1583.0, 275.5]",,NEW_MARKER_REQUIRED,DISPLAY_ONLY
GATE-01,,visual-territory-01,"[1592.5, 231.5]",,NEW_MARKER_REQUIRED,DISPLAY_ONLY
WAREHOUSE-01,,visual-territory-01,"[1583.0, 275.5]",,NEW_MARKER_REQUIRED,DISPLAY_ONLY
OPEN-02-GRAIN,,visual-territory-02,"[1639.0, 292.5]",,NEW_MARKER_REQUIRED,DISPLAY_ONLY
OPEN-02-REFINED_FUEL,,visual-territory-02,"[1639.0, 292.5]",,NEW_MARKER_REQUIRED,DISPLAY_ONLY
SERVICE-visual-territory-02-E1-36,,visual-territory-02,"[1639.0, 292.5]",,NEW_MARKER_REQUIRED,DISPLAY_ONLY
SERVICE-visual-territory-02-E1-31,,visual-territory-02,"[1639.0, 292.5]",,NEW_MARKER_REQUIRED,DISPLAY_ONLY
SERVICE-visual-territory-02-E1-35,,visual-territory-02,"[1639.0, 292.5]",,NEW_MARKER_REQUIRED,DISPLAY_ONLY
POWER-02-10,,visual-territory-02,"[1639.0, 292.5]",,NEW_MARKER_REQUIRED,DISPLAY_ONLY
POWER-02-11,,visual-territory-02,"[1639.0, 292.5]",,NEW_MARKER_REQUIRED,DISPLAY_ONLY
POWER-02-23,,visual-territory-02,"[1639.0, 292.5]",,NEW_MARKER_REQUIRED,DISPLAY_ONLY
POWER-02-13,,visual-territory-02,"[1639.0, 292.5]",,NEW_MARKER_REQUIRED,DISPLAY_ONLY
GATE-02,,visual-territory-02,"[1683.5, 282.0]",,NEW_MARKER_REQUIRED,DISPLAY_ONLY
WAREHOUSE-02,,visual-territory-02,"[1639.0, 292.5]",,NEW_MARKER_REQUIRED,DISPLAY_ONLY
OPEN-RES102,SF012,visual-territory-03,"[1478, 398]","[0.748, 0.505]",REUSE_ANCHOR,DISPLAY_ONLY
OPEN-03-GRAIN,,visual-territory-03,"[1473.25, 375.5]",,NEW_MARKER_REQUIRED,DISPLAY_ONLY
OPEN-03-MACHINERY,,visual-territory-03,"[1473.25, 375.5]",,NEW_MARKER_REQUIRED,DISPLAY_ONLY
SERVICE-visual-territory-03-E1-36,,visual-territory-03,"[1436.75, 370.0]",,NEW_MARKER_REQUIRED,DISPLAY_ONLY
SERVICE-visual-territory-03-E1-31,,visual-territory-03,"[1436.75, 370.0]",,NEW_MARKER_REQUIRED,DISPLAY_ONLY
SERVICE-visual-territory-03-E1-35,,visual-territory-03,"[1436.75, 370.0]",,NEW_MARKER_REQUIRED,DISPLAY_ONLY
SERVICE-visual-territory-03-E2-36,,visual-territory-03,"[1473.25, 375.5]",,NEW_MARKER_REQUIRED,DISPLAY_ONLY
SERVICE-visual-territory-03-E2-31,,visual-territory-03,"[1473.25, 375.5]",,NEW_MARKER_REQUIRED,DISPLAY_ONLY
SERVICE-visual-territory-03-E2-35,,visual-territory-03,"[1473.25, 375.5]",,NEW_MARKER_REQUIRED,DISPLAY_ONLY
POWER-03-10,,visual-territory-03,"[1473.25, 375.5]",,NEW_MARKER_REQUIRED,DISPLAY_ONLY
POWER-03-11,,visual-territory-03,"[1473.25, 375.5]",,NEW_MARKER_REQUIRED,DISPLAY_ONLY
POWER-03-23,,visual-territory-03,"[1473.25, 375.5]",,NEW_MARKER_REQUIRED,DISPLAY_ONLY
POWER-03-13,,visual-territory-03,"[1473.25, 375.5]",,NEW_MARKER_REQUIRED,DISPLAY_ONLY
GATE-03,,visual-territory-03,"[1402.5, 384.5]",,NEW_MARKER_REQUIRED,DISPLAY_ONLY
WAREHOUSE-03,,visual-territory-03,"[1473.25, 375.5]",,NEW_MARKER_REQUIRED,DISPLAY_ONLY
OPEN-04-GRAIN,,visual-territory-04,"[1509.75, 319.0]",,NEW_MARKER_REQUIRED,DISPLAY_ONLY
OPEN-04-STEEL,,visual-territory-04,"[1509.75, 319.0]",,NEW_MARKER_REQUIRED,DISPLAY_ONLY
SERVICE-visual-territory-04-E1-36,,visual-territory-04,"[1509.75, 319.0]",,NEW_MARKER_REQUIRED,DISPLAY_ONLY
SERVICE-visual-territory-04-E1-31,,visual-territory-04,"[1509.75, 319.0]",,NEW_MARKER_REQUIRED,DISPLAY_ONLY
SERVICE-visual-territory-04-E1-35,,visual-territory-04,"[1509.75, 319.0]",,NEW_MARKER_REQUIRED,DISPLAY_ONLY
SERVICE-visual-territory-04-E2-36,,visual-territory-04,"[1535.75, 295.0]",,NEW_MARKER_REQUIRED,DISPLAY_ONLY
SERVICE-visual-territory-04-E2-31,,visual-territory-04,"[1535.75, 295.0]",,NEW_MARKER_REQUIRED,DISPLAY_ONLY
SERVICE-visual-territory-04-E2-35,,visual-territory-04,"[1535.75, 295.0]",,NEW_MARKER_REQUIRED,DISPLAY_ONLY
POWER-04-10,,visual-territory-04,"[1509.75, 319.0]",,NEW_MARKER_REQUIRED,DISPLAY_ONLY
POWER-04-11,,visual-territory-04,"[1509.75, 319.0]",,NEW_MARKER_REQUIRED,DISPLAY_ONLY
POWER-04-23,,visual-territory-04,"[1509.75, 319.0]",,NEW_MARKER_REQUIRED,DISPLAY_ONLY
POWER-04-13,,visual-territory-04,"[1509.75, 319.0]",,NEW_MARKER_REQUIRED,DISPLAY_ONLY
GATE-04,,visual-territory-04,"[1563.5, 230.5]",,NEW_MARKER_REQUIRED,DISPLAY_ONLY
WAREHOUSE-04,,visual-territory-04,"[1509.75, 319.0]",,NEW_MARKER_REQUIRED,DISPLAY_ONLY
OPEN-RES109,SF030,visual-territory-05,"[1593, 418]","[0.45, 0.725]",REUSE_ANCHOR,DISPLAY_ONLY
OPEN-05-GRAIN,,visual-territory-05,"[1579.25, 366.5]",,NEW_MARKER_REQUIRED,DISPLAY_ONLY
SERVICE-visual-territory-05-E1-36,,visual-territory-05,"[1579.25, 366.5]",,NEW_MARKER_REQUIRED,DISPLAY_ONLY
SERVICE-visual-territory-05-E1-31,,visual-territory-05,"[1579.25, 366.5]",,NEW_MARKER_REQUIRED,DISPLAY_ONLY
SERVICE-visual-territory-05-E1-35,,visual-territory-05,"[1579.25, 366.5]",,NEW_MARKER_REQUIRED,DISPLAY_ONLY
SERVICE-visual-territory-05-E2-36,,visual-territory-05,"[1607.75, 367.5]",,NEW_MARKER_REQUIRED,DISPLAY_ONLY
SERVICE-visual-territory-05-E2-31,,visual-territory-05,"[1607.75, 367.5]",,NEW_MARKER_REQUIRED,DISPLAY_ONLY
SERVICE-visual-territory-05-E2-35,,visual-territory-05,"[1607.75, 367.5]",,NEW_MARKER_REQUIRED,DISPLAY_ONLY
POWER-05-10,,visual-territory-05,"[1579.25, 366.5]",,NEW_MARKER_REQUIRED,DISPLAY_ONLY
POWER-05-11,,visual-territory-05,"[1579.25, 366.5]",,NEW_MARKER_REQUIRED,DISPLAY_ONLY
POWER-05-23,,visual-territory-05,"[1579.25, 366.5]",,NEW_MARKER_REQUIRED,DISPLAY_ONLY
POWER-05-13,,visual-territory-05,"[1579.25, 366.5]",,NEW_MARKER_REQUIRED,DISPLAY_ONLY
GATE-05,,visual-territory-05,"[1639.5, 386.0]",,NEW_MARKER_REQUIRED,DISPLAY_ONLY
WAREHOUSE-05,,visual-territory-05,"[1579.25, 366.5]",,NEW_MARKER_REQUIRED,DISPLAY_ONLY
OPEN-RES112,SF037,visual-territory-06,"[1325, 385]","[0.326, 0.15]",REUSE_ANCHOR,DISPLAY_ONLY
OPEN-06-GRAIN,,visual-territory-06,"[1399.25, 435.5]",,NEW_MARKER_REQUIRED,DISPLAY_ONLY
SERVICE-visual-territory-06-E1-36,,visual-territory-06,"[1347.75, 441.0]",,NEW_MARKER_REQUIRED,DISPLAY_ONLY
SERVICE-visual-territory-06-E1-31,,visual-territory-06,"[1347.75, 441.0]",,NEW_MARKER_REQUIRED,DISPLAY_ONLY
SERVICE-visual-territory-06-E1-35,,visual-territory-06,"[1347.75, 441.0]",,NEW_MARKER_REQUIRED,DISPLAY_ONLY
SERVICE-visual-territory-06-E2-36,,visual-territory-06,"[1399.25, 435.5]",,NEW_MARKER_REQUIRED,DISPLAY_ONLY
SERVICE-visual-territory-06-E2-31,,visual-territory-06,"[1399.25, 435.5]",,NEW_MARKER_REQUIRED,DISPLAY_ONLY
SERVICE-visual-territory-06-E2-35,,visual-territory-06,"[1399.25, 435.5]",,NEW_MARKER_REQUIRED,DISPLAY_ONLY
POWER-06-10,,visual-territory-06,"[1399.25, 435.5]",,NEW_MARKER_REQUIRED,DISPLAY_ONLY
POWER-06-11,,visual-territory-06,"[1399.25, 435.5]",,NEW_MARKER_REQUIRED,DISPLAY_ONLY
POWER-06-23,,visual-territory-06,"[1399.25, 435.5]",,NEW_MARKER_REQUIRED,DISPLAY_ONLY
POWER-06-13,,visual-territory-06,"[1399.25, 435.5]",,NEW_MARKER_REQUIRED,DISPLAY_ONLY
GATE-06,,visual-territory-06,"[1385.5, 398.5]",,NEW_MARKER_REQUIRED,DISPLAY_ONLY
WAREHOUSE-06,,visual-territory-06,"[1399.25, 435.5]",,NEW_MARKER_REQUIRED,DISPLAY_ONLY
OPEN-RES115,SF044,visual-territory-07,"[1437, 486]","[0.22, 0.708]",REUSE_ANCHOR,DISPLAY_ONLY
OPEN-07-GRAIN,,visual-territory-07,"[1491.25, 427.5]",,NEW_MARKER_REQUIRED,DISPLAY_ONLY
OPEN-07-SEMICONDUCTORS,,visual-territory-07,"[1491.25, 427.5]",,NEW_MARKER_REQUIRED,DISPLAY_ONLY
SERVICE-visual-territory-07-E1-36,,visual-territory-07,"[1450.25, 444.5]",,NEW_MARKER_REQUIRED,DISPLAY_ONLY
SERVICE-visual-territory-07-E1-31,,visual-territory-07,"[1450.25, 444.5]",,NEW_MARKER_REQUIRED,DISPLAY_ONLY
SERVICE-visual-territory-07-E1-35,,visual-territory-07,"[1450.25, 444.5]",,NEW_MARKER_REQUIRED,DISPLAY_ONLY
SERVICE-visual-territory-07-E2-36,,visual-territory-07,"[1491.25, 427.5]",,NEW_MARKER_REQUIRED,DISPLAY_ONLY
SERVICE-visual-territory-07-E2-31,,visual-territory-07,"[1491.25, 427.5]",,NEW_MARKER_REQUIRED,DISPLAY_ONLY
SERVICE-visual-territory-07-E2-35,,visual-territory-07,"[1491.25, 427.5]",,NEW_MARKER_REQUIRED,DISPLAY_ONLY
POWER-07-10,,visual-territory-07,"[1491.25, 427.5]",,NEW_MARKER_REQUIRED,DISPLAY_ONLY
POWER-07-11,,visual-territory-07,"[1491.25, 427.5]",,NEW_MARKER_REQUIRED,DISPLAY_ONLY
POWER-07-23,,visual-territory-07,"[1491.25, 427.5]",,NEW_MARKER_REQUIRED,DISPLAY_ONLY
POWER-07-13,,visual-territory-07,"[1491.25, 427.5]",,NEW_MARKER_REQUIRED,DISPLAY_ONLY
GATE-07,,visual-territory-07,"[1479.0, 467.5]",,NEW_MARKER_REQUIRED,DISPLAY_ONLY
WAREHOUSE-07,,visual-territory-07,"[1491.25, 427.5]",,NEW_MARKER_REQUIRED,DISPLAY_ONLY
OPEN-08-GRAIN,,visual-territory-08,"[1523.25, 419.5]",,NEW_MARKER_REQUIRED,DISPLAY_ONLY
OPEN-08-SEMICONDUCTORS,,visual-territory-08,"[1523.25, 419.5]",,NEW_MARKER_REQUIRED,DISPLAY_ONLY
SERVICE-visual-territory-08-E1-36,,visual-territory-08,"[1523.25, 419.5]",,NEW_MARKER_REQUIRED,DISPLAY_ONLY
SERVICE-visual-territory-08-E1-31,,visual-territory-08,"[1523.25, 419.5]",,NEW_MARKER_REQUIRED,DISPLAY_ONLY
SERVICE-visual-territory-08-E1-35,,visual-territory-08,"[1523.25, 419.5]",,NEW_MARKER_REQUIRED,DISPLAY_ONLY
SERVICE-visual-territory-08-E2-36,,visual-territory-08,"[1566.25, 419.0]",,NEW_MARKER_REQUIRED,DISPLAY_ONLY
SERVICE-visual-territory-08-E2-31,,visual-territory-08,"[1566.25, 419.0]",,NEW_MARKER_REQUIRED,DISPLAY_ONLY
SERVICE-visual-territory-08-E2-35,,visual-territory-08,"[1566.25, 419.0]",,NEW_MARKER_REQUIRED,DISPLAY_ONLY
POWER-08-10,,visual-territory-08,"[1523.25, 419.5]",,NEW_MARKER_REQUIRED,DISPLAY_ONLY
POWER-08-11,,visual-territory-08,"[1523.25, 419.5]",,NEW_MARKER_REQUIRED,DISPLAY_ONLY
POWER-08-23,,visual-territory-08,"[1523.25, 419.5]",,NEW_MARKER_REQUIRED,DISPLAY_ONLY
POWER-08-13,,visual-territory-08,"[1523.25, 419.5]",,NEW_MARKER_REQUIRED,DISPLAY_ONLY
GATE-08,,visual-territory-08,"[1557.5, 456.5]",,NEW_MARKER_REQUIRED,DISPLAY_ONLY
WAREHOUSE-08,,visual-territory-08,"[1523.25, 419.5]",,NEW_MARKER_REQUIRED,DISPLAY_ONLY
OPEN-RES42,SF055,visual-territory-09,"[1111, 527]","[0.54, 0.28]",REUSE_ANCHOR,DISPLAY_ONLY
OPEN-09-GRAIN,,visual-territory-09,"[1079.75, 550.5]",,NEW_MARKER_REQUIRED,DISPLAY_ONLY
OPEN-RES120,SF058,visual-territory-09,"[1091, 600]","[0.45, 0.728]",REUSE_ANCHOR,DISPLAY_ONLY
OPEN-09-STEEL,,visual-territory-09,"[1079.75, 550.5]",,NEW_MARKER_REQUIRED,DISPLAY_ONLY
SERVICE-visual-territory-09-E1-36,,visual-territory-09,"[1079.75, 550.5]",,NEW_MARKER_REQUIRED,DISPLAY_ONLY
SERVICE-visual-territory-09-E1-31,,visual-territory-09,"[1079.75, 550.5]",,NEW_MARKER_REQUIRED,DISPLAY_ONLY
SERVICE-visual-territory-09-E1-35,,visual-territory-09,"[1079.75, 550.5]",,NEW_MARKER_REQUIRED,DISPLAY_ONLY
SERVICE-visual-territory-09-E2-36,,visual-territory-09,"[1121.75, 557.0]",,NEW_MARKER_REQUIRED,DISPLAY_ONLY
SERVICE-visual-territory-09-E2-31,,visual-territory-09,"[1121.75, 557.0]",,NEW_MARKER_REQUIRED,DISPLAY_ONLY
SERVICE-visual-territory-09-E2-35,,visual-territory-09,"[1121.75, 557.0]",,NEW_MARKER_REQUIRED,DISPLAY_ONLY
POWER-09-10,,visual-territory-09,"[1079.75, 550.5]",,NEW_MARKER_REQUIRED,DISPLAY_ONLY
POWER-09-11,,visual-territory-09,"[1079.75, 550.5]",,NEW_MARKER_REQUIRED,DISPLAY_ONLY
POWER-09-23,,visual-territory-09,"[1079.75, 550.5]",,NEW_MARKER_REQUIRED,DISPLAY_ONLY
POWER-09-13,,visual-territory-09,"[1079.75, 550.5]",,NEW_MARKER_REQUIRED,DISPLAY_ONLY
GATE-09,,visual-territory-09,"[1066.5, 546.5]",,NEW_MARKER_REQUIRED,DISPLAY_ONLY
WAREHOUSE-09,,visual-territory-09,"[1079.75, 550.5]",,NEW_MARKER_REQUIRED,DISPLAY_ONLY
OPEN-RES123,SF061,visual-territory-10,"[1152, 462]","[0.489, 0.226]",REUSE_ANCHOR,DISPLAY_ONLY
OPEN-RES122,SF060,visual-territory-10,"[1226, 420]","[0.809, 0.09]",REUSE_ANCHOR,DISPLAY_ONLY
OPEN-10-GRAIN,,visual-territory-10,"[1132.75, 517.0]",,NEW_MARKER_REQUIRED,DISPLAY_ONLY
OPEN-RES124,,visual-territory-10,"[1208, 550]",,NEW_MARKER_REQUIRED,DISPLAY_ONLY
OPEN-10-REFINED_FUEL,,visual-territory-10,"[1132.75, 517.0]",,NEW_MARKER_REQUIRED,DISPLAY_ONLY
OPEN-10-BATTERIES,,visual-territory-10,"[1132.75, 517.0]",,NEW_MARKER_REQUIRED,DISPLAY_ONLY
SERVICE-visual-territory-10-E1-36,,visual-territory-10,"[1132.75, 517.0]",,NEW_MARKER_REQUIRED,DISPLAY_ONLY
SERVICE-visual-territory-10-E1-31,,visual-territory-10,"[1132.75, 517.0]",,NEW_MARKER_REQUIRED,DISPLAY_ONLY
SERVICE-visual-territory-10-E1-35,,visual-territory-10,"[1132.75, 517.0]",,NEW_MARKER_REQUIRED,DISPLAY_ONLY
SERVICE-visual-territory-10-E2-36,,visual-territory-10,"[1202.5, 445.0]",,NEW_MARKER_REQUIRED,DISPLAY_ONLY
SERVICE-visual-territory-10-E2-31,,visual-territory-10,"[1202.5, 445.0]",,NEW_MARKER_REQUIRED,DISPLAY_ONLY
SERVICE-visual-territory-10-E2-35,,visual-territory-10,"[1202.5, 445.0]",,NEW_MARKER_REQUIRED,DISPLAY_ONLY
POWER-10-10,,visual-territory-10,"[1132.75, 517.0]",,NEW_MARKER_REQUIRED,DISPLAY_ONLY
POWER-10-11,,visual-territory-10,"[1132.75, 517.0]",,NEW_MARKER_REQUIRED,DISPLAY_ONLY
POWER-10-23,,visual-territory-10,"[1132.75, 517.0]",,NEW_MARKER_REQUIRED,DISPLAY_ONLY
POWER-10-13,,visual-territory-10,"[1132.75, 517.0]",,NEW_MARKER_REQUIRED,DISPLAY_ONLY
GATE-10,,visual-territory-10,"[1149.5, 485.5]",,NEW_MARKER_REQUIRED,DISPLAY_ONLY
WAREHOUSE-10,,visual-territory-10,"[1132.75, 517.0]",,NEW_MARKER_REQUIRED,DISPLAY_ONLY
OPEN-RES24,SF062,visual-territory-11,"[1205, 570]","[0.327, 0.392]",REUSE_ANCHOR,DISPLAY_ONLY
OPEN-11-GRAIN,,visual-territory-11,"[1198.0, 581.0]",,NEW_MARKER_REQUIRED,DISPLAY_ONLY
OPEN-RES125,SF064,visual-territory-11,"[1267, 565]","[0.839, 0.292]",REUSE_ANCHOR,DISPLAY_ONLY
OPEN-RES60,SF063,visual-territory-11,"[1214, 594]","[0.495, 0.539]",REUSE_ANCHOR,DISPLAY_ONLY
OPEN-11-BATTERIES,,visual-territory-11,"[1198.0, 581.0]",,NEW_MARKER_REQUIRED,DISPLAY_ONLY
SERVICE-visual-territory-11-E1-36,,visual-territory-11,"[1198.0, 581.0]",,NEW_MARKER_REQUIRED,DISPLAY_ONLY
SERVICE-visual-territory-11-E1-31,,visual-territory-11,"[1198.0, 581.0]",,NEW_MARKER_REQUIRED,DISPLAY_ONLY
SERVICE-visual-territory-11-E1-35,,visual-territory-11,"[1198.0, 581.0]",,NEW_MARKER_REQUIRED,DISPLAY_ONLY
POWER-11-10,,visual-territory-11,"[1198.0, 581.0]",,NEW_MARKER_REQUIRED,DISPLAY_ONLY
POWER-11-11,,visual-territory-11,"[1198.0, 581.0]",,NEW_MARKER_REQUIRED,DISPLAY_ONLY
POWER-11-23,,visual-territory-11,"[1198.0, 581.0]",,NEW_MARKER_REQUIRED,DISPLAY_ONLY
POWER-11-13,,visual-territory-11,"[1198.0, 581.0]",,NEW_MARKER_REQUIRED,DISPLAY_ONLY
GATE-11,,visual-territory-11,"[1222.5, 547.5]",,NEW_MARKER_REQUIRED,DISPLAY_ONLY
WAREHOUSE-11,,visual-territory-11,"[1198.0, 581.0]",,NEW_MARKER_REQUIRED,DISPLAY_ONLY
OPEN-RES127,SF066,visual-territory-12,"[1215, 528]","[0.15, 0.44]",REUSE_ANCHOR,DISPLAY_ONLY
OPEN-12-SEMICONDUCTORS,,visual-territory-12,"[1269.25, 522.0]",,NEW_MARKER_REQUIRED,DISPLAY_ONLY
OPEN-12-BATTERIES,,visual-territory-12,"[1269.25, 522.0]",,NEW_MARKER_REQUIRED,DISPLAY_ONLY
SERVICE-visual-territory-12-E1-36,,visual-territory-12,"[1269.25, 522.0]",,NEW_MARKER_REQUIRED,DISPLAY_ONLY
SERVICE-visual-territory-12-E1-31,,visual-territory-12,"[1269.25, 522.0]",,NEW_MARKER_REQUIRED,DISPLAY_ONLY
SERVICE-visual-territory-12-E1-35,,visual-territory-12,"[1269.25, 522.0]",,NEW_MARKER_REQUIRED,DISPLAY_ONLY
SERVICE-visual-territory-12-E2-36,,visual-territory-12,"[1321.75, 511.0]",,NEW_MARKER_REQUIRED,DISPLAY_ONLY
SERVICE-visual-territory-12-E2-31,,visual-territory-12,"[1321.75, 511.0]",,NEW_MARKER_REQUIRED,DISPLAY_ONLY
SERVICE-visual-territory-12-E2-35,,visual-territory-12,"[1321.75, 511.0]",,NEW_MARKER_REQUIRED,DISPLAY_ONLY
POWER-12-10,,visual-territory-12,"[1269.25, 522.0]",,NEW_MARKER_REQUIRED,DISPLAY_ONLY
POWER-12-11,,visual-territory-12,"[1269.25, 522.0]",,NEW_MARKER_REQUIRED,DISPLAY_ONLY
POWER-12-23,,visual-territory-12,"[1269.25, 522.0]",,NEW_MARKER_REQUIRED,DISPLAY_ONLY
POWER-12-13,,visual-territory-12,"[1269.25, 522.0]",,NEW_MARKER_REQUIRED,DISPLAY_ONLY
GATE-12,,visual-territory-12,"[1239.5, 524.0]",,NEW_MARKER_REQUIRED,DISPLAY_ONLY
WAREHOUSE-12,,visual-territory-12,"[1269.25, 522.0]",,NEW_MARKER_REQUIRED,DISPLAY_ONLY
OPEN-RES93,,visual-territory-13,"[1327, 615]",,NEW_MARKER_REQUIRED,DISPLAY_ONLY
OPEN-13-GRAIN,,visual-territory-13,"[1294.25, 598.0]",,NEW_MARKER_REQUIRED,DISPLAY_ONLY
OPEN-RES52,,visual-territory-13,"[1303, 622]",,NEW_MARKER_REQUIRED,DISPLAY_ONLY
OPEN-RES25,SF068,visual-territory-13,"[1284, 605]","[0.329, 0.51]",REUSE_ANCHOR,DISPLAY_ONLY
OPEN-RES51,SF069,visual-territory-13,"[1337, 563]","[0.68, 0.198]",REUSE_ANCHOR,DISPLAY_ONLY
OPEN-13-STEEL,,visual-territory-13,"[1294.25, 598.0]",,NEW_MARKER_REQUIRED,DISPLAY_ONLY
OPEN-13-SEMICONDUCTORS,,visual-territory-13,"[1294.25, 598.0]",,NEW_MARKER_REQUIRED,DISPLAY_ONLY
OPEN-13-BATTERIES,,visual-territory-13,"[1294.25, 598.0]",,NEW_MARKER_REQUIRED,DISPLAY_ONLY
SERVICE-visual-territory-13-E1-36,,visual-territory-13,"[1294.25, 598.0]",,NEW_MARKER_REQUIRED,DISPLAY_ONLY
SERVICE-visual-territory-13-E1-31,,visual-territory-13,"[1294.25, 598.0]",,NEW_MARKER_REQUIRED,DISPLAY_ONLY
SERVICE-visual-territory-13-E1-35,,visual-territory-13,"[1294.25, 598.0]",,NEW_MARKER_REQUIRED,DISPLAY_ONLY
SERVICE-visual-territory-13-E2-36,,visual-territory-13,"[1350.25, 592.5]",,NEW_MARKER_REQUIRED,DISPLAY_ONLY
SERVICE-visual-territory-13-E2-31,,visual-territory-13,"[1350.25, 592.5]",,NEW_MARKER_REQUIRED,DISPLAY_ONLY
SERVICE-visual-territory-13-E2-35,,visual-territory-13,"[1350.25, 592.5]",,NEW_MARKER_REQUIRED,DISPLAY_ONLY
POWER-13-10,,visual-territory-13,"[1294.25, 598.0]",,NEW_MARKER_REQUIRED,DISPLAY_ONLY
POWER-13-11,,visual-territory-13,"[1294.25, 598.0]",,NEW_MARKER_REQUIRED,DISPLAY_ONLY
POWER-13-23,,visual-territory-13,"[1294.25, 598.0]",,NEW_MARKER_REQUIRED,DISPLAY_ONLY
POWER-13-13,,visual-territory-13,"[1294.25, 598.0]",,NEW_MARKER_REQUIRED,DISPLAY_ONLY
GATE-13,,visual-territory-13,"[1294.25, 598.0]",,NEW_MARKER_REQUIRED,DISPLAY_ONLY
WAREHOUSE-13,,visual-territory-13,"[1294.25, 598.0]",,NEW_MARKER_REQUIRED,DISPLAY_ONLY
OPEN-RES131,SF073,visual-territory-14,"[1407, 472]","[0.612, 0.125]",REUSE_ANCHOR,DISPLAY_ONLY
OPEN-14-GRAIN,,visual-territory-14,"[1419.75, 515.0]",,NEW_MARKER_REQUIRED,DISPLAY_ONLY
OPEN-14-STEEL,,visual-territory-14,"[1419.75, 515.0]",,NEW_MARKER_REQUIRED,DISPLAY_ONLY
SERVICE-visual-territory-14-E1-36,,visual-territory-14,"[1369.75, 521.0]",,NEW_MARKER_REQUIRED,DISPLAY_ONLY
SERVICE-visual-territory-14-E1-31,,visual-territory-14,"[1369.75, 521.0]",,NEW_MARKER_REQUIRED,DISPLAY_ONLY
SERVICE-visual-territory-14-E1-35,,visual-territory-14,"[1369.75, 521.0]",,NEW_MARKER_REQUIRED,DISPLAY_ONLY
SERVICE-visual-territory-14-E2-36,,visual-territory-14,"[1419.75, 515.0]",,NEW_MARKER_REQUIRED,DISPLAY_ONLY
SERVICE-visual-territory-14-E2-31,,visual-territory-14,"[1419.75, 515.0]",,NEW_MARKER_REQUIRED,DISPLAY_ONLY
SERVICE-visual-territory-14-E2-35,,visual-territory-14,"[1419.75, 515.0]",,NEW_MARKER_REQUIRED,DISPLAY_ONLY
POWER-14-10,,visual-territory-14,"[1419.75, 515.0]",,NEW_MARKER_REQUIRED,DISPLAY_ONLY
POWER-14-11,,visual-territory-14,"[1419.75, 515.0]",,NEW_MARKER_REQUIRED,DISPLAY_ONLY
POWER-14-23,,visual-territory-14,"[1419.75, 515.0]",,NEW_MARKER_REQUIRED,DISPLAY_ONLY
POWER-14-13,,visual-territory-14,"[1419.75, 515.0]",,NEW_MARKER_REQUIRED,DISPLAY_ONLY
GATE-14,,visual-territory-14,"[1438.5, 503.5]",,NEW_MARKER_REQUIRED,DISPLAY_ONLY
WAREHOUSE-14,,visual-territory-14,"[1419.75, 515.0]",,NEW_MARKER_REQUIRED,DISPLAY_ONLY
OPEN-RES132,SF076,visual-territory-15,"[1478, 521]","[0.857, 0.086]",REUSE_ANCHOR,DISPLAY_ONLY
OPEN-15-GRAIN,,visual-territory-15,"[1445.75, 573.0]",,NEW_MARKER_REQUIRED,DISPLAY_ONLY
OPEN-15-BATTERIES,,visual-territory-15,"[1445.75, 573.0]",,NEW_MARKER_REQUIRED,DISPLAY_ONLY
SERVICE-visual-territory-15-E1-36,,visual-territory-15,"[1401.75, 578.5]",,NEW_MARKER_REQUIRED,DISPLAY_ONLY
SERVICE-visual-territory-15-E1-31,,visual-territory-15,"[1401.75, 578.5]",,NEW_MARKER_REQUIRED,DISPLAY_ONLY
SERVICE-visual-territory-15-E1-35,,visual-territory-15,"[1401.75, 578.5]",,NEW_MARKER_REQUIRED,DISPLAY_ONLY
SERVICE-visual-territory-15-E2-36,,visual-territory-15,"[1445.75, 573.0]",,NEW_MARKER_REQUIRED,DISPLAY_ONLY
SERVICE-visual-territory-15-E2-31,,visual-territory-15,"[1445.75, 573.0]",,NEW_MARKER_REQUIRED,DISPLAY_ONLY
SERVICE-visual-territory-15-E2-35,,visual-territory-15,"[1445.75, 573.0]",,NEW_MARKER_REQUIRED,DISPLAY_ONLY
POWER-15-10,,visual-territory-15,"[1445.75, 573.0]",,NEW_MARKER_REQUIRED,DISPLAY_ONLY
POWER-15-11,,visual-territory-15,"[1445.75, 573.0]",,NEW_MARKER_REQUIRED,DISPLAY_ONLY
POWER-15-23,,visual-territory-15,"[1445.75, 573.0]",,NEW_MARKER_REQUIRED,DISPLAY_ONLY
POWER-15-13,,visual-territory-15,"[1445.75, 573.0]",,NEW_MARKER_REQUIRED,DISPLAY_ONLY
GATE-15,,visual-territory-15,"[1480.5, 540.5377358490566]",,NEW_MARKER_REQUIRED,DISPLAY_ONLY
WAREHOUSE-15,,visual-territory-15,"[1445.75, 573.0]",,NEW_MARKER_REQUIRED,DISPLAY_ONLY
OPEN-16-GRAIN,,visual-territory-16,"[1495.25, 571.5]",,NEW_MARKER_REQUIRED,DISPLAY_ONLY
OPEN-16-BATTERIES,,visual-territory-16,"[1495.25, 571.5]",,NEW_MARKER_REQUIRED,DISPLAY_ONLY
SERVICE-visual-territory-16-E1-36,,visual-territory-16,"[1495.25, 571.5]",,NEW_MARKER_REQUIRED,DISPLAY_ONLY
SERVICE-visual-territory-16-E1-31,,visual-territory-16,"[1495.25, 571.5]",,NEW_MARKER_REQUIRED,DISPLAY_ONLY
SERVICE-visual-territory-16-E1-35,,visual-territory-16,"[1495.25, 571.5]",,NEW_MARKER_REQUIRED,DISPLAY_ONLY
SERVICE-visual-territory-16-E2-36,,visual-territory-16,"[1547.25, 533.0]",,NEW_MARKER_REQUIRED,DISPLAY_ONLY
SERVICE-visual-territory-16-E2-31,,visual-territory-16,"[1547.25, 533.0]",,NEW_MARKER_REQUIRED,DISPLAY_ONLY
SERVICE-visual-territory-16-E2-35,,visual-territory-16,"[1547.25, 533.0]",,NEW_MARKER_REQUIRED,DISPLAY_ONLY
POWER-16-10,,visual-territory-16,"[1495.25, 571.5]",,NEW_MARKER_REQUIRED,DISPLAY_ONLY
POWER-16-11,,visual-territory-16,"[1495.25, 571.5]",,NEW_MARKER_REQUIRED,DISPLAY_ONLY
POWER-16-23,,visual-territory-16,"[1495.25, 571.5]",,NEW_MARKER_REQUIRED,DISPLAY_ONLY
POWER-16-13,,visual-territory-16,"[1495.25, 571.5]",,NEW_MARKER_REQUIRED,DISPLAY_ONLY
GATE-16,,visual-territory-16,"[1575.5, 506.0]",,NEW_MARKER_REQUIRED,DISPLAY_ONLY
WAREHOUSE-16,,visual-territory-16,"[1495.25, 571.5]",,NEW_MARKER_REQUIRED,DISPLAY_ONLY
OPEN-RES141,SF092,visual-territory-17,"[972, 605]","[0.437, 0.412]",REUSE_ANCHOR,DISPLAY_ONLY
OPEN-17-STEEL,,visual-territory-17,"[984.0, 608.5]",,NEW_MARKER_REQUIRED,DISPLAY_ONLY
OPEN-17-MACHINERY,,visual-territory-17,"[984.0, 608.5]",,NEW_MARKER_REQUIRED,DISPLAY_ONLY
SERVICE-visual-territory-17-E1-36,,visual-territory-17,"[984.0, 608.5]",,NEW_MARKER_REQUIRED,DISPLAY_ONLY
SERVICE-visual-territory-17-E1-31,,visual-territory-17,"[984.0, 608.5]",,NEW_MARKER_REQUIRED,DISPLAY_ONLY
SERVICE-visual-territory-17-E1-35,,visual-territory-17,"[984.0, 608.5]",,NEW_MARKER_REQUIRED,DISPLAY_ONLY
POWER-17-10,,visual-territory-17,"[984.0, 608.5]",,NEW_MARKER_REQUIRED,DISPLAY_ONLY
POWER-17-11,,visual-territory-17,"[984.0, 608.5]",,NEW_MARKER_REQUIRED,DISPLAY_ONLY
POWER-17-23,,visual-territory-17,"[984.0, 608.5]",,NEW_MARKER_REQUIRED,DISPLAY_ONLY
POWER-17-13,,visual-territory-17,"[984.0, 608.5]",,NEW_MARKER_REQUIRED,DISPLAY_ONLY
GATE-17,,visual-territory-17,"[1009.5, 645.5]",,NEW_MARKER_REQUIRED,DISPLAY_ONLY
WAREHOUSE-17,,visual-territory-17,"[984.0, 608.5]",,NEW_MARKER_REQUIRED,DISPLAY_ONLY
OPEN-RES144,SF094,visual-territory-18,"[1004, 664]","[0.275, 0.235]",REUSE_ANCHOR,DISPLAY_ONLY
OPEN-RES145,,visual-territory-18,"[1089, 702]",,NEW_MARKER_REQUIRED,DISPLAY_ONLY
OPEN-RES142,SF093,visual-territory-18,"[1044, 717]","[0.55, 0.62]",REUSE_ANCHOR,DISPLAY_ONLY
OPEN-18-STEEL,,visual-territory-18,"[1053.0, 685.0]",,NEW_MARKER_REQUIRED,DISPLAY_ONLY
OPEN-18-REFINED_FUEL,,visual-territory-18,"[1053.0, 685.0]",,NEW_MARKER_REQUIRED,DISPLAY_ONLY
SERVICE-visual-territory-18-E1-36,,visual-territory-18,"[1053.0, 685.0]",,NEW_MARKER_REQUIRED,DISPLAY_ONLY
SERVICE-visual-territory-18-E1-31,,visual-territory-18,"[1053.0, 685.0]",,NEW_MARKER_REQUIRED,DISPLAY_ONLY
SERVICE-visual-territory-18-E1-35,,visual-territory-18,"[1053.0, 685.0]",,NEW_MARKER_REQUIRED,DISPLAY_ONLY
POWER-18-10,,visual-territory-18,"[1053.0, 685.0]",,NEW_MARKER_REQUIRED,DISPLAY_ONLY
POWER-18-11,,visual-territory-18,"[1053.0, 685.0]",,NEW_MARKER_REQUIRED,DISPLAY_ONLY
POWER-18-23,,visual-territory-18,"[1053.0, 685.0]",,NEW_MARKER_REQUIRED,DISPLAY_ONLY
POWER-18-13,,visual-territory-18,"[1053.0, 685.0]",,NEW_MARKER_REQUIRED,DISPLAY_ONLY
GATE-18,,visual-territory-18,"[1016.5, 685.0]",,NEW_MARKER_REQUIRED,DISPLAY_ONLY
WAREHOUSE-18,,visual-territory-18,"[1053.0, 685.0]",,NEW_MARKER_REQUIRED,DISPLAY_ONLY
OPEN-RES146,SF096,visual-territory-19,"[1015, 651]","[0.176, 0.667]",REUSE_ANCHOR,DISPLAY_ONLY
OPEN-RES26,SF095,visual-territory-19,"[1093, 602]","[0.79, 0.35]",REUSE_ANCHOR,DISPLAY_ONLY
OPEN-19-GRAIN,,visual-territory-19,"[1062.5, 616.0]",,NEW_MARKER_REQUIRED,DISPLAY_ONLY
OPEN-19-SEMICONDUCTORS,,visual-territory-19,"[1062.5, 616.0]",,NEW_MARKER_REQUIRED,DISPLAY_ONLY
SERVICE-visual-territory-19-E1-36,,visual-territory-19,"[1062.5, 616.0]",,NEW_MARKER_REQUIRED,DISPLAY_ONLY
SERVICE-visual-territory-19-E1-31,,visual-territory-19,"[1062.5, 616.0]",,NEW_MARKER_REQUIRED,DISPLAY_ONLY
SERVICE-visual-territory-19-E1-35,,visual-territory-19,"[1062.5, 616.0]",,NEW_MARKER_REQUIRED,DISPLAY_ONLY
POWER-19-10,,visual-territory-19,"[1062.5, 616.0]",,NEW_MARKER_REQUIRED,DISPLAY_ONLY
POWER-19-11,,visual-territory-19,"[1062.5, 616.0]",,NEW_MARKER_REQUIRED,DISPLAY_ONLY
POWER-19-23,,visual-territory-19,"[1062.5, 616.0]",,NEW_MARKER_REQUIRED,DISPLAY_ONLY
POWER-19-13,,visual-territory-19,"[1062.5, 616.0]",,NEW_MARKER_REQUIRED,DISPLAY_ONLY
GATE-19,,visual-territory-19,"[1024.5, 589.5]",,NEW_MARKER_REQUIRED,DISPLAY_ONLY
WAREHOUSE-19,,visual-territory-19,"[1062.5, 616.0]",,NEW_MARKER_REQUIRED,DISPLAY_ONLY
OPEN-RES27,SF099,visual-territory-20,"[1122, 648]","[0.48, 0.4]",REUSE_ANCHOR,DISPLAY_ONLY
OPEN-RES36,SF100,visual-territory-20,"[1160, 592]","[0.708, 0.124]",REUSE_ANCHOR,DISPLAY_ONLY
OPEN-RES58,,visual-territory-20,"[1102, 688]",,NEW_MARKER_REQUIRED,DISPLAY_ONLY
OPEN-20-STEEL,,visual-territory-20,"[1105.25, 650.5]",,NEW_MARKER_REQUIRED,DISPLAY_ONLY
OPEN-20-REFINED_FUEL,,visual-territory-20,"[1105.25, 650.5]",,NEW_MARKER_REQUIRED,DISPLAY_ONLY
SERVICE-visual-territory-20-E1-36,,visual-territory-20,"[1105.25, 650.5]",,NEW_MARKER_REQUIRED,DISPLAY_ONLY
SERVICE-visual-territory-20-E1-31,,visual-territory-20,"[1105.25, 650.5]",,NEW_MARKER_REQUIRED,DISPLAY_ONLY
SERVICE-visual-territory-20-E1-35,,visual-territory-20,"[1105.25, 650.5]",,NEW_MARKER_REQUIRED,DISPLAY_ONLY
SERVICE-visual-territory-20-E2-36,,visual-territory-20,"[1151.75, 642.0]",,NEW_MARKER_REQUIRED,DISPLAY_ONLY
SERVICE-visual-territory-20-E2-31,,visual-territory-20,"[1151.75, 642.0]",,NEW_MARKER_REQUIRED,DISPLAY_ONLY
SERVICE-visual-territory-20-E2-35,,visual-territory-20,"[1151.75, 642.0]",,NEW_MARKER_REQUIRED,DISPLAY_ONLY
POWER-20-10,,visual-territory-20,"[1105.25, 650.5]",,NEW_MARKER_REQUIRED,DISPLAY_ONLY
POWER-20-11,,visual-territory-20,"[1105.25, 650.5]",,NEW_MARKER_REQUIRED,DISPLAY_ONLY
POWER-20-23,,visual-territory-20,"[1105.25, 650.5]",,NEW_MARKER_REQUIRED,DISPLAY_ONLY
POWER-20-13,,visual-territory-20,"[1105.25, 650.5]",,NEW_MARKER_REQUIRED,DISPLAY_ONLY
GATE-20,,visual-territory-20,"[1105.25, 650.5]",,NEW_MARKER_REQUIRED,DISPLAY_ONLY
WAREHOUSE-20,,visual-territory-20,"[1105.25, 650.5]",,NEW_MARKER_REQUIRED,DISPLAY_ONLY
OPEN-RES94,SF103,visual-territory-21,"[1187, 704]","[0.29, 0.664]",REUSE_ANCHOR,DISPLAY_ONLY
OPEN-21-GRAIN,,visual-territory-21,"[1251.25, 667.0]",,NEW_MARKER_REQUIRED,DISPLAY_ONLY
OPEN-RES150,SF104,visual-territory-21,"[1184, 616]","[0.255, 0.224]",REUSE_ANCHOR,DISPLAY_ONLY
OPEN-21-STEEL,,visual-territory-21,"[1251.25, 667.0]",,NEW_MARKER_REQUIRED,DISPLAY_ONLY
SERVICE-visual-territory-21-E1-36,,visual-territory-21,"[1195.25, 671.0]",,NEW_MARKER_REQUIRED,DISPLAY_ONLY
SERVICE-visual-territory-21-E1-31,,visual-territory-21,"[1195.25, 671.0]",,NEW_MARKER_REQUIRED,DISPLAY_ONLY
SERVICE-visual-territory-21-E1-35,,visual-territory-21,"[1195.25, 671.0]",,NEW_MARKER_REQUIRED,DISPLAY_ONLY
SERVICE-visual-territory-21-E2-36,,visual-territory-21,"[1251.25, 667.0]",,NEW_MARKER_REQUIRED,DISPLAY_ONLY
SERVICE-visual-territory-21-E2-31,,visual-territory-21,"[1251.25, 667.0]",,NEW_MARKER_REQUIRED,DISPLAY_ONLY
SERVICE-visual-territory-21-E2-35,,visual-territory-21,"[1251.25, 667.0]",,NEW_MARKER_REQUIRED,DISPLAY_ONLY
POWER-21-10,,visual-territory-21,"[1251.25, 667.0]",,NEW_MARKER_REQUIRED,DISPLAY_ONLY
POWER-21-11,,visual-territory-21,"[1251.25, 667.0]",,NEW_MARKER_REQUIRED,DISPLAY_ONLY
POWER-21-23,,visual-territory-21,"[1251.25, 667.0]",,NEW_MARKER_REQUIRED,DISPLAY_ONLY
POWER-21-13,,visual-territory-21,"[1251.25, 667.0]",,NEW_MARKER_REQUIRED,DISPLAY_ONLY
GATE-21,,visual-territory-21,"[1251.25, 667.0]",,NEW_MARKER_REQUIRED,DISPLAY_ONLY
WAREHOUSE-21,,visual-territory-21,"[1251.25, 667.0]",,NEW_MARKER_REQUIRED,DISPLAY_ONLY
OPEN-RES151,SF106,visual-territory-22,"[1277, 681]","[0.238, 0.45]",REUSE_ANCHOR,DISPLAY_ONLY
OPEN-22-GRAIN,,visual-territory-22,"[1298.0, 673.0]",,NEW_MARKER_REQUIRED,DISPLAY_ONLY
OPEN-22-STEEL,,visual-territory-22,"[1298.0, 673.0]",,NEW_MARKER_REQUIRED,DISPLAY_ONLY
SERVICE-visual-territory-22-E1-36,,visual-territory-22,"[1298.0, 673.0]",,NEW_MARKER_REQUIRED,DISPLAY_ONLY
SERVICE-visual-territory-22-E1-31,,visual-territory-22,"[1298.0, 673.0]",,NEW_MARKER_REQUIRED,DISPLAY_ONLY
SERVICE-visual-territory-22-E1-35,,visual-territory-22,"[1298.0, 673.0]",,NEW_MARKER_REQUIRED,DISPLAY_ONLY
POWER-22-10,,visual-territory-22,"[1298.0, 673.0]",,NEW_MARKER_REQUIRED,DISPLAY_ONLY
POWER-22-11,,visual-territory-22,"[1298.0, 673.0]",,NEW_MARKER_REQUIRED,DISPLAY_ONLY
POWER-22-23,,visual-territory-22,"[1298.0, 673.0]",,NEW_MARKER_REQUIRED,DISPLAY_ONLY
POWER-22-13,,visual-territory-22,"[1298.0, 673.0]",,NEW_MARKER_REQUIRED,DISPLAY_ONLY
GATE-22,,visual-territory-22,"[1318.5, 670.5]",,NEW_MARKER_REQUIRED,DISPLAY_ONLY
WAREHOUSE-22,,visual-territory-22,"[1298.0, 673.0]",,NEW_MARKER_REQUIRED,DISPLAY_ONLY
OPEN-RES156,SF112,visual-territory-23,"[1441, 728]","[0.761, 0.616]",REUSE_ANCHOR,DISPLAY_ONLY
OPEN-23-STEEL,,visual-territory-23,"[1434.25, 679.0]",,NEW_MARKER_REQUIRED,DISPLAY_ONLY
OPEN-23-BATTERIES,,visual-territory-23,"[1434.25, 679.0]",,NEW_MARKER_REQUIRED,DISPLAY_ONLY
SERVICE-visual-territory-23-E1-36,,visual-territory-23,"[1355.75, 664.0]",,NEW_MARKER_REQUIRED,DISPLAY_ONLY
SERVICE-visual-territory-23-E1-31,,visual-territory-23,"[1355.75, 664.0]",,NEW_MARKER_REQUIRED,DISPLAY_ONLY
SERVICE-visual-territory-23-E1-35,,visual-territory-23,"[1355.75, 664.0]",,NEW_MARKER_REQUIRED,DISPLAY_ONLY
SERVICE-visual-territory-23-E2-36,,visual-territory-23,"[1434.25, 679.0]",,NEW_MARKER_REQUIRED,DISPLAY_ONLY
SERVICE-visual-territory-23-E2-31,,visual-territory-23,"[1434.25, 679.0]",,NEW_MARKER_REQUIRED,DISPLAY_ONLY
SERVICE-visual-territory-23-E2-35,,visual-territory-23,"[1434.25, 679.0]",,NEW_MARKER_REQUIRED,DISPLAY_ONLY
POWER-23-10,,visual-territory-23,"[1434.25, 679.0]",,NEW_MARKER_REQUIRED,DISPLAY_ONLY
POWER-23-11,,visual-territory-23,"[1434.25, 679.0]",,NEW_MARKER_REQUIRED,DISPLAY_ONLY
POWER-23-23,,visual-territory-23,"[1434.25, 679.0]",,NEW_MARKER_REQUIRED,DISPLAY_ONLY
POWER-23-13,,visual-territory-23,"[1434.25, 679.0]",,NEW_MARKER_REQUIRED,DISPLAY_ONLY
GATE-23,,visual-territory-23,"[1359.5, 701.5]",,NEW_MARKER_REQUIRED,DISPLAY_ONLY
WAREHOUSE-23,,visual-territory-23,"[1434.25, 679.0]",,NEW_MARKER_REQUIRED,DISPLAY_ONLY
OPEN-RES157,SF118,visual-territory-24,"[1489, 604]","[0.28, 0.14]",REUSE_ANCHOR,DISPLAY_ONLY
OPEN-RES53,SF116,visual-territory-24,"[1542, 695]","[0.54, 0.51]",REUSE_ANCHOR,DISPLAY_ONLY
OPEN-24-MACHINERY,,visual-territory-24,"[1473.5, 651.5]",,NEW_MARKER_REQUIRED,DISPLAY_ONLY
OPEN-24-SEMICONDUCTORS,,visual-territory-24,"[1473.5, 651.5]",,NEW_MARKER_REQUIRED,DISPLAY_ONLY
SERVICE-visual-territory-24-E1-36,,visual-territory-24,"[1473.5, 651.5]",,NEW_MARKER_REQUIRED,DISPLAY_ONLY
SERVICE-visual-territory-24-E1-31,,visual-territory-24,"[1473.5, 651.5]",,NEW_MARKER_REQUIRED,DISPLAY_ONLY
SERVICE-visual-territory-24-E1-35,,visual-territory-24,"[1473.5, 651.5]",,NEW_MARKER_REQUIRED,DISPLAY_ONLY
SERVICE-visual-territory-24-E2-36,,visual-territory-24,"[1516.75, 625.0]",,NEW_MARKER_REQUIRED,DISPLAY_ONLY
SERVICE-visual-territory-24-E2-31,,visual-territory-24,"[1516.75, 625.0]",,NEW_MARKER_REQUIRED,DISPLAY_ONLY
SERVICE-visual-territory-24-E2-35,,visual-territory-24,"[1516.75, 625.0]",,NEW_MARKER_REQUIRED,DISPLAY_ONLY
POWER-24-10,,visual-territory-24,"[1473.5, 651.5]",,NEW_MARKER_REQUIRED,DISPLAY_ONLY
POWER-24-11,,visual-territory-24,"[1473.5, 651.5]",,NEW_MARKER_REQUIRED,DISPLAY_ONLY
POWER-24-23,,visual-territory-24,"[1473.5, 651.5]",,NEW_MARKER_REQUIRED,DISPLAY_ONLY
POWER-24-13,,visual-territory-24,"[1473.5, 651.5]",,NEW_MARKER_REQUIRED,DISPLAY_ONLY
GATE-24,,visual-territory-24,"[1545.0, 692.5]",,NEW_MARKER_REQUIRED,DISPLAY_ONLY
WAREHOUSE-24,,visual-territory-24,"[1473.5, 651.5]",,NEW_MARKER_REQUIRED,DISPLAY_ONLY
OPEN-RES161,SF122,visual-territory-25,"[952, 667]","[0.58, 0.18]",REUSE_ANCHOR,DISPLAY_ONLY
OPEN-25-STEEL,,visual-territory-25,"[927.0, 677.0]",,NEW_MARKER_REQUIRED,DISPLAY_ONLY
OPEN-25-REFINED_FUEL,,visual-territory-25,"[927.0, 677.0]",,NEW_MARKER_REQUIRED,DISPLAY_ONLY
SERVICE-visual-territory-25-E1-36,,visual-territory-25,"[927.0, 677.0]",,NEW_MARKER_REQUIRED,DISPLAY_ONLY
SERVICE-visual-territory-25-E1-31,,visual-territory-25,"[927.0, 677.0]",,NEW_MARKER_REQUIRED,DISPLAY_ONLY
SERVICE-visual-territory-25-E1-35,,visual-territory-25,"[927.0, 677.0]",,NEW_MARKER_REQUIRED,DISPLAY_ONLY
POWER-25-10,,visual-territory-25,"[927.0, 677.0]",,NEW_MARKER_REQUIRED,DISPLAY_ONLY
POWER-25-11,,visual-territory-25,"[927.0, 677.0]",,NEW_MARKER_REQUIRED,DISPLAY_ONLY
POWER-25-23,,visual-territory-25,"[927.0, 677.0]",,NEW_MARKER_REQUIRED,DISPLAY_ONLY
POWER-25-13,,visual-territory-25,"[927.0, 677.0]",,NEW_MARKER_REQUIRED,DISPLAY_ONLY
GATE-25,,visual-territory-25,"[935.5, 764.0]",,NEW_MARKER_REQUIRED,DISPLAY_ONLY
WAREHOUSE-25,,visual-territory-25,"[927.0, 677.0]",,NEW_MARKER_REQUIRED,DISPLAY_ONLY
OPEN-RES165,SF125,visual-territory-26,"[1088, 793]","[0.85, 0.555]",REUSE_ANCHOR,DISPLAY_ONLY
OPEN-26-STEEL,,visual-territory-26,"[1066.25, 751.5]",,NEW_MARKER_REQUIRED,DISPLAY_ONLY
OPEN-26-REFINED_FUEL,,visual-territory-26,"[1066.25, 751.5]",,NEW_MARKER_REQUIRED,DISPLAY_ONLY
SERVICE-visual-territory-26-E1-36,,visual-territory-26,"[1020.25, 756.5]",,NEW_MARKER_REQUIRED,DISPLAY_ONLY
SERVICE-visual-territory-26-E1-31,,visual-territory-26,"[1020.25, 756.5]",,NEW_MARKER_REQUIRED,DISPLAY_ONLY
SERVICE-visual-territory-26-E1-35,,visual-territory-26,"[1020.25, 756.5]",,NEW_MARKER_REQUIRED,DISPLAY_ONLY
SERVICE-visual-territory-26-E2-36,,visual-territory-26,"[1066.25, 751.5]",,NEW_MARKER_REQUIRED,DISPLAY_ONLY
SERVICE-visual-territory-26-E2-31,,visual-territory-26,"[1066.25, 751.5]",,NEW_MARKER_REQUIRED,DISPLAY_ONLY
SERVICE-visual-territory-26-E2-35,,visual-territory-26,"[1066.25, 751.5]",,NEW_MARKER_REQUIRED,DISPLAY_ONLY
POWER-26-10,,visual-territory-26,"[1066.25, 751.5]",,NEW_MARKER_REQUIRED,DISPLAY_ONLY
POWER-26-11,,visual-territory-26,"[1066.25, 751.5]",,NEW_MARKER_REQUIRED,DISPLAY_ONLY
POWER-26-23,,visual-territory-26,"[1066.25, 751.5]",,NEW_MARKER_REQUIRED,DISPLAY_ONLY
POWER-26-13,,visual-territory-26,"[1066.25, 751.5]",,NEW_MARKER_REQUIRED,DISPLAY_ONLY
GATE-26,,visual-territory-26,"[1043.5, 773.5]",,NEW_MARKER_REQUIRED,DISPLAY_ONLY
WAREHOUSE-26,,visual-territory-26,"[1066.25, 751.5]",,NEW_MARKER_REQUIRED,DISPLAY_ONLY
OPEN-RES170,SF128,visual-territory-27,"[1106, 808]","[0.31, 0.615]",REUSE_ANCHOR,DISPLAY_ONLY
OPEN-27-STEEL,,visual-territory-27,"[1153.25, 733.0]",,NEW_MARKER_REQUIRED,DISPLAY_ONLY
SERVICE-visual-territory-27-E1-36,,visual-territory-27,"[1108.75, 743.0]",,NEW_MARKER_REQUIRED,DISPLAY_ONLY
SERVICE-visual-territory-27-E1-31,,visual-territory-27,"[1108.75, 743.0]",,NEW_MARKER_REQUIRED,DISPLAY_ONLY
SERVICE-visual-territory-27-E1-35,,visual-territory-27,"[1108.75, 743.0]",,NEW_MARKER_REQUIRED,DISPLAY_ONLY
SERVICE-visual-territory-27-E2-36,,visual-territory-27,"[1153.25, 733.0]",,NEW_MARKER_REQUIRED,DISPLAY_ONLY
SERVICE-visual-territory-27-E2-31,,visual-territory-27,"[1153.25, 733.0]",,NEW_MARKER_REQUIRED,DISPLAY_ONLY
SERVICE-visual-territory-27-E2-35,,visual-territory-27,"[1153.25, 733.0]",,NEW_MARKER_REQUIRED,DISPLAY_ONLY
POWER-27-10,,visual-territory-27,"[1153.25, 733.0]",,NEW_MARKER_REQUIRED,DISPLAY_ONLY
POWER-27-11,,visual-territory-27,"[1153.25, 733.0]",,NEW_MARKER_REQUIRED,DISPLAY_ONLY
POWER-27-23,,visual-territory-27,"[1153.25, 733.0]",,NEW_MARKER_REQUIRED,DISPLAY_ONLY
POWER-27-13,,visual-territory-27,"[1153.25, 733.0]",,NEW_MARKER_REQUIRED,DISPLAY_ONLY
GATE-27,,visual-territory-27,"[1113.5, 801.5]",,NEW_MARKER_REQUIRED,DISPLAY_ONLY
WAREHOUSE-27,,visual-territory-27,"[1153.25, 733.0]",,NEW_MARKER_REQUIRED,DISPLAY_ONLY
OPEN-RES171,SF131,visual-territory-28,"[1146, 820]","[0.223, 0.747]",REUSE_ANCHOR,DISPLAY_ONLY
OPEN-RES172,,visual-territory-28,"[1240, 806]",,NEW_MARKER_REQUIRED,DISPLAY_ONLY
OPEN-28-REFINED_FUEL,,visual-territory-28,"[1223.75, 765.5]",,NEW_MARKER_REQUIRED,DISPLAY_ONLY
OPEN-28-MACHINERY,,visual-territory-28,"[1223.75, 765.5]",,NEW_MARKER_REQUIRED,DISPLAY_ONLY
SERVICE-visual-territory-28-E1-36,,visual-territory-28,"[1184.25, 773.5]",,NEW_MARKER_REQUIRED,DISPLAY_ONLY
SERVICE-visual-territory-28-E1-31,,visual-territory-28,"[1184.25, 773.5]",,NEW_MARKER_REQUIRED,DISPLAY_ONLY
SERVICE-visual-territory-28-E1-35,,visual-territory-28,"[1184.25, 773.5]",,NEW_MARKER_REQUIRED,DISPLAY_ONLY
SERVICE-visual-territory-28-E2-36,,visual-territory-28,"[1223.75, 765.5]",,NEW_MARKER_REQUIRED,DISPLAY_ONLY
SERVICE-visual-territory-28-E2-31,,visual-territory-28,"[1223.75, 765.5]",,NEW_MARKER_REQUIRED,DISPLAY_ONLY
SERVICE-visual-territory-28-E2-35,,visual-territory-28,"[1223.75, 765.5]",,NEW_MARKER_REQUIRED,DISPLAY_ONLY
POWER-28-10,,visual-territory-28,"[1223.75, 765.5]",,NEW_MARKER_REQUIRED,DISPLAY_ONLY
POWER-28-11,,visual-territory-28,"[1223.75, 765.5]",,NEW_MARKER_REQUIRED,DISPLAY_ONLY
POWER-28-23,,visual-territory-28,"[1223.75, 765.5]",,NEW_MARKER_REQUIRED,DISPLAY_ONLY
POWER-28-13,,visual-territory-28,"[1223.75, 765.5]",,NEW_MARKER_REQUIRED,DISPLAY_ONLY
GATE-28,,visual-territory-28,"[1196.0, 817.5]",,NEW_MARKER_REQUIRED,DISPLAY_ONLY
WAREHOUSE-28,,visual-territory-28,"[1223.75, 765.5]",,NEW_MARKER_REQUIRED,DISPLAY_ONLY
OPEN-RES173,SF133,visual-territory-29,"[1262, 826]","[0.234, 0.83]",REUSE_ANCHOR,DISPLAY_ONLY
OPEN-RES174,SF134,visual-territory-29,"[1334, 818]","[0.804, 0.756]",REUSE_ANCHOR,DISPLAY_ONLY
OPEN-RES302,,visual-territory-29,"[1249, 765]",,NEW_MARKER_REQUIRED,DISPLAY_ONLY
OPEN-29-STEEL,,visual-territory-29,"[1325.75, 768.0]",,NEW_MARKER_REQUIRED,DISPLAY_ONLY
SERVICE-visual-territory-29-E1-36,,visual-territory-29,"[1274.25, 749.0]",,NEW_MARKER_REQUIRED,DISPLAY_ONLY
SERVICE-visual-territory-29-E1-31,,visual-territory-29,"[1274.25, 749.0]",,NEW_MARKER_REQUIRED,DISPLAY_ONLY
SERVICE-visual-territory-29-E1-35,,visual-territory-29,"[1274.25, 749.0]",,NEW_MARKER_REQUIRED,DISPLAY_ONLY
SERVICE-visual-territory-29-E2-36,,visual-territory-29,"[1325.75, 768.0]",,NEW_MARKER_REQUIRED,DISPLAY_ONLY
SERVICE-visual-territory-29-E2-31,,visual-territory-29,"[1325.75, 768.0]",,NEW_MARKER_REQUIRED,DISPLAY_ONLY
SERVICE-visual-territory-29-E2-35,,visual-territory-29,"[1325.75, 768.0]",,NEW_MARKER_REQUIRED,DISPLAY_ONLY
POWER-29-10,,visual-territory-29,"[1325.75, 768.0]",,NEW_MARKER_REQUIRED,DISPLAY_ONLY
POWER-29-11,,visual-territory-29,"[1325.75, 768.0]",,NEW_MARKER_REQUIRED,DISPLAY_ONLY
POWER-29-23,,visual-territory-29,"[1325.75, 768.0]",,NEW_MARKER_REQUIRED,DISPLAY_ONLY
POWER-29-13,,visual-territory-29,"[1325.75, 768.0]",,NEW_MARKER_REQUIRED,DISPLAY_ONLY
GATE-29,,visual-territory-29,"[1312.5, 812.5]",,NEW_MARKER_REQUIRED,DISPLAY_ONLY
WAREHOUSE-29,,visual-territory-29,"[1325.75, 768.0]",,NEW_MARKER_REQUIRED,DISPLAY_ONLY
OPEN-RES177,SF137,visual-territory-30,"[1365, 782]","[0.237, 0.558]",REUSE_ANCHOR,DISPLAY_ONLY
OPEN-RES314,SF138,visual-territory-30,"[1385, 706]","[0.415, 0.115]",REUSE_ANCHOR,DISPLAY_ONLY
OPEN-30-STEEL,,visual-territory-30,"[1373.75, 743.0]",,NEW_MARKER_REQUIRED,DISPLAY_ONLY
SERVICE-visual-territory-30-E1-36,,visual-territory-30,"[1373.75, 743.0]",,NEW_MARKER_REQUIRED,DISPLAY_ONLY
SERVICE-visual-territory-30-E1-31,,visual-territory-30,"[1373.75, 743.0]",,NEW_MARKER_REQUIRED,DISPLAY_ONLY
SERVICE-visual-territory-30-E1-35,,visual-territory-30,"[1373.75, 743.0]",,NEW_MARKER_REQUIRED,DISPLAY_ONLY
SERVICE-visual-territory-30-E2-36,,visual-territory-30,"[1422.75, 759.5]",,NEW_MARKER_REQUIRED,DISPLAY_ONLY
SERVICE-visual-territory-30-E2-31,,visual-territory-30,"[1422.75, 759.5]",,NEW_MARKER_REQUIRED,DISPLAY_ONLY
SERVICE-visual-territory-30-E2-35,,visual-territory-30,"[1422.75, 759.5]",,NEW_MARKER_REQUIRED,DISPLAY_ONLY
POWER-30-10,,visual-territory-30,"[1373.75, 743.0]",,NEW_MARKER_REQUIRED,DISPLAY_ONLY
POWER-30-11,,visual-territory-30,"[1373.75, 743.0]",,NEW_MARKER_REQUIRED,DISPLAY_ONLY
POWER-30-23,,visual-territory-30,"[1373.75, 743.0]",,NEW_MARKER_REQUIRED,DISPLAY_ONLY
POWER-30-13,,visual-territory-30,"[1373.75, 743.0]",,NEW_MARKER_REQUIRED,DISPLAY_ONLY
GATE-30,,visual-territory-30,"[1427.5, 806.5]",,NEW_MARKER_REQUIRED,DISPLAY_ONLY
WAREHOUSE-30,,visual-territory-30,"[1373.75, 743.0]",,NEW_MARKER_REQUIRED,DISPLAY_ONLY
OPEN-RES179,SF141,visual-territory-31,"[1568, 720]","[0.86, 0.324]",REUSE_ANCHOR,DISPLAY_ONLY
OPEN-RES178,SF140,visual-territory-31,"[1520, 773]","[0.61, 0.56]",REUSE_ANCHOR,DISPLAY_ONLY
OPEN-31-REFINED_FUEL,,visual-territory-31,"[1523.25, 740.0]",,NEW_MARKER_REQUIRED,DISPLAY_ONLY
OPEN-31-MACHINERY,,visual-territory-31,"[1523.25, 740.0]",,NEW_MARKER_REQUIRED,DISPLAY_ONLY
OPEN-31-SEMICONDUCTORS,,visual-territory-31,"[1523.25, 740.0]",,NEW_MARKER_REQUIRED,DISPLAY_ONLY
SERVICE-visual-territory-31-E1-36,,visual-territory-31,"[1469.75, 720.0]",,NEW_MARKER_REQUIRED,DISPLAY_ONLY
SERVICE-visual-territory-31-E1-31,,visual-territory-31,"[1469.75, 720.0]",,NEW_MARKER_REQUIRED,DISPLAY_ONLY
SERVICE-visual-territory-31-E1-35,,visual-territory-31,"[1469.75, 720.0]",,NEW_MARKER_REQUIRED,DISPLAY_ONLY
SERVICE-visual-territory-31-E2-36,,visual-territory-31,"[1523.25, 740.0]",,NEW_MARKER_REQUIRED,DISPLAY_ONLY
SERVICE-visual-territory-31-E2-31,,visual-territory-31,"[1523.25, 740.0]",,NEW_MARKER_REQUIRED,DISPLAY_ONLY
SERVICE-visual-territory-31-E2-35,,visual-territory-31,"[1523.25, 740.0]",,NEW_MARKER_REQUIRED,DISPLAY_ONLY
POWER-31-10,,visual-territory-31,"[1523.25, 740.0]",,NEW_MARKER_REQUIRED,DISPLAY_ONLY
POWER-31-11,,visual-territory-31,"[1523.25, 740.0]",,NEW_MARKER_REQUIRED,DISPLAY_ONLY
POWER-31-23,,visual-territory-31,"[1523.25, 740.0]",,NEW_MARKER_REQUIRED,DISPLAY_ONLY
POWER-31-13,,visual-territory-31,"[1523.25, 740.0]",,NEW_MARKER_REQUIRED,DISPLAY_ONLY
GATE-31,,visual-territory-31,"[1451.2421383647797, 774.5]",,NEW_MARKER_REQUIRED,DISPLAY_ONLY
WAREHOUSE-31,,visual-territory-31,"[1523.25, 740.0]",,NEW_MARKER_REQUIRED,DISPLAY_ONLY
OPEN-RES182,SF144,visual-territory-32,"[1773, 806]","[0.87, 0.47]",REUSE_ANCHOR,DISPLAY_ONLY
OPEN-RES183,,visual-territory-32,"[1655, 794]",,NEW_MARKER_REQUIRED,DISPLAY_ONLY
OPEN-32-STEEL,,visual-territory-32,"[1643.0, 778.0]",,NEW_MARKER_REQUIRED,DISPLAY_ONLY
SERVICE-visual-territory-32-E1-36,,visual-territory-32,"[1515.75, 784.0]",,NEW_MARKER_REQUIRED,DISPLAY_ONLY
SERVICE-visual-territory-32-E1-31,,visual-territory-32,"[1515.75, 784.0]",,NEW_MARKER_REQUIRED,DISPLAY_ONLY
SERVICE-visual-territory-32-E1-35,,visual-territory-32,"[1515.75, 784.0]",,NEW_MARKER_REQUIRED,DISPLAY_ONLY
SERVICE-visual-territory-32-E2-36,,visual-territory-32,"[1643.0, 778.0]",,NEW_MARKER_REQUIRED,DISPLAY_ONLY
SERVICE-visual-territory-32-E2-31,,visual-territory-32,"[1643.0, 778.0]",,NEW_MARKER_REQUIRED,DISPLAY_ONLY
SERVICE-visual-territory-32-E2-35,,visual-territory-32,"[1643.0, 778.0]",,NEW_MARKER_REQUIRED,DISPLAY_ONLY
POWER-32-10,,visual-territory-32,"[1643.0, 778.0]",,NEW_MARKER_REQUIRED,DISPLAY_ONLY
POWER-32-11,,visual-territory-32,"[1643.0, 778.0]",,NEW_MARKER_REQUIRED,DISPLAY_ONLY
POWER-32-23,,visual-territory-32,"[1643.0, 778.0]",,NEW_MARKER_REQUIRED,DISPLAY_ONLY
POWER-32-13,,visual-territory-32,"[1643.0, 778.0]",,NEW_MARKER_REQUIRED,DISPLAY_ONLY
GATE-32,,visual-territory-32,"[1561.5, 747.2484276729559]",,NEW_MARKER_REQUIRED,DISPLAY_ONLY
WAREHOUSE-32,,visual-territory-32,"[1643.0, 778.0]",,NEW_MARKER_REQUIRED,DISPLAY_ONLY
OPEN-RES55,SF145,visual-territory-33,"[188, 178]","[0.596, 0.467]",REUSE_ANCHOR,DISPLAY_ONLY
OPEN-33-GRAIN,,visual-territory-33,"[154.25, 175.0]",,NEW_MARKER_REQUIRED,DISPLAY_ONLY
OPEN-RES310,SF148,visual-territory-33,"[220, 216]","[0.776, 0.682]",REUSE_ANCHOR,DISPLAY_ONLY
SERVICE-visual-territory-33-E1-36,,visual-territory-33,"[154.25, 175.0]",,NEW_MARKER_REQUIRED,DISPLAY_ONLY
SERVICE-visual-territory-33-E1-31,,visual-territory-33,"[154.25, 175.0]",,NEW_MARKER_REQUIRED,DISPLAY_ONLY
SERVICE-visual-territory-33-E1-35,,visual-territory-33,"[154.25, 175.0]",,NEW_MARKER_REQUIRED,DISPLAY_ONLY
SERVICE-visual-territory-33-E2-36,,visual-territory-33,"[205.25, 174.0]",,NEW_MARKER_REQUIRED,DISPLAY_ONLY
SERVICE-visual-territory-33-E2-31,,visual-territory-33,"[205.25, 174.0]",,NEW_MARKER_REQUIRED,DISPLAY_ONLY
SERVICE-visual-territory-33-E2-35,,visual-territory-33,"[205.25, 174.0]",,NEW_MARKER_REQUIRED,DISPLAY_ONLY
POWER-33-10,,visual-territory-33,"[154.25, 175.0]",,NEW_MARKER_REQUIRED,DISPLAY_ONLY
POWER-33-11,,visual-territory-33,"[154.25, 175.0]",,NEW_MARKER_REQUIRED,DISPLAY_ONLY
POWER-33-23,,visual-territory-33,"[154.25, 175.0]",,NEW_MARKER_REQUIRED,DISPLAY_ONLY
POWER-33-13,,visual-territory-33,"[154.25, 175.0]",,NEW_MARKER_REQUIRED,DISPLAY_ONLY
GATE-33,,visual-territory-33,"[149.0, 208.5]",,NEW_MARKER_REQUIRED,DISPLAY_ONLY
WAREHOUSE-33,,visual-territory-33,"[154.25, 175.0]",,NEW_MARKER_REQUIRED,DISPLAY_ONLY
OPEN-RES56,SF149,visual-territory-34,"[409, 181]","[0.81, 0.28]",REUSE_ANCHOR,DISPLAY_ONLY
OPEN-34-GRAIN,,visual-territory-34,"[339.75, 205.0]",,NEW_MARKER_REQUIRED,DISPLAY_ONLY
OPEN-RES299,SF152,visual-territory-34,"[362, 195]","[0.493, 0.443]",REUSE_ANCHOR,DISPLAY_ONLY
SERVICE-visual-territory-34-E1-36,,visual-territory-34,"[339.75, 205.0]",,NEW_MARKER_REQUIRED,DISPLAY_ONLY
SERVICE-visual-territory-34-E1-31,,visual-territory-34,"[339.75, 205.0]",,NEW_MARKER_REQUIRED,DISPLAY_ONLY
SERVICE-visual-territory-34-E1-35,,visual-territory-34,"[339.75, 205.0]",,NEW_MARKER_REQUIRED,DISPLAY_ONLY
SERVICE-visual-territory-34-E2-36,,visual-territory-34,"[390.25, 207.5]",,NEW_MARKER_REQUIRED,DISPLAY_ONLY
SERVICE-visual-territory-34-E2-31,,visual-territory-34,"[390.25, 207.5]",,NEW_MARKER_REQUIRED,DISPLAY_ONLY
SERVICE-visual-territory-34-E2-35,,visual-territory-34,"[390.25, 207.5]",,NEW_MARKER_REQUIRED,DISPLAY_ONLY
POWER-34-10,,visual-territory-34,"[339.75, 205.0]",,NEW_MARKER_REQUIRED,DISPLAY_ONLY
POWER-34-11,,visual-territory-34,"[339.75, 205.0]",,NEW_MARKER_REQUIRED,DISPLAY_ONLY
POWER-34-23,,visual-territory-34,"[339.75, 205.0]",,NEW_MARKER_REQUIRED,DISPLAY_ONLY
POWER-34-13,,visual-territory-34,"[339.75, 205.0]",,NEW_MARKER_REQUIRED,DISPLAY_ONLY
GATE-34,,visual-territory-34,"[389.0, 153.5]",,NEW_MARKER_REQUIRED,DISPLAY_ONLY
WAREHOUSE-34,,visual-territory-34,"[339.75, 205.0]",,NEW_MARKER_REQUIRED,DISPLAY_ONLY
OPEN-RES192,SF156,visual-territory-35,"[419, 211]","[0.281, 0.634]",REUSE_ANCHOR,DISPLAY_ONLY
OPEN-RES308,SF157,visual-territory-35,"[503, 217]","[0.772, 0.717]",REUSE_ANCHOR,DISPLAY_ONLY
OPEN-35-STEEL,,visual-territory-35,"[435.75, 179.5]",,NEW_MARKER_REQUIRED,DISPLAY_ONLY
SERVICE-visual-territory-35-E1-36,,visual-territory-35,"[435.75, 179.5]",,NEW_MARKER_REQUIRED,DISPLAY_ONLY
SERVICE-visual-territory-35-E1-31,,visual-territory-35,"[435.75, 179.5]",,NEW_MARKER_REQUIRED,DISPLAY_ONLY
SERVICE-visual-territory-35-E1-35,,visual-territory-35,"[435.75, 179.5]",,NEW_MARKER_REQUIRED,DISPLAY_ONLY
SERVICE-visual-territory-35-E2-36,,visual-territory-35,"[478.75, 171.0]",,NEW_MARKER_REQUIRED,DISPLAY_ONLY
SERVICE-visual-territory-35-E2-31,,visual-territory-35,"[478.75, 171.0]",,NEW_MARKER_REQUIRED,DISPLAY_ONLY
SERVICE-visual-territory-35-E2-35,,visual-territory-35,"[478.75, 171.0]",,NEW_MARKER_REQUIRED,DISPLAY_ONLY
POWER-35-10,,visual-territory-35,"[435.75, 179.5]",,NEW_MARKER_REQUIRED,DISPLAY_ONLY
POWER-35-11,,visual-territory-35,"[435.75, 179.5]",,NEW_MARKER_REQUIRED,DISPLAY_ONLY
POWER-35-23,,visual-territory-35,"[435.75, 179.5]",,NEW_MARKER_REQUIRED,DISPLAY_ONLY
POWER-35-13,,visual-territory-35,"[435.75, 179.5]",,NEW_MARKER_REQUIRED,DISPLAY_ONLY
GATE-35,,visual-territory-35,"[504.5, 123.0]",,NEW_MARKER_REQUIRED,DISPLAY_ONLY
WAREHOUSE-35,,visual-territory-35,"[435.75, 179.5]",,NEW_MARKER_REQUIRED,DISPLAY_ONLY
OPEN-RES195,SF161,visual-territory-36,"[505, 213]","[0.232, 0.747]",REUSE_ANCHOR,DISPLAY_ONLY
OPEN-36-GRAIN,,visual-territory-36,"[549.0, 163.5]",,NEW_MARKER_REQUIRED,DISPLAY_ONLY
OPEN-36-BATTERIES,,visual-territory-36,"[549.0, 163.5]",,NEW_MARKER_REQUIRED,DISPLAY_ONLY
SERVICE-visual-territory-36-E1-36,,visual-territory-36,"[549.0, 163.5]",,NEW_MARKER_REQUIRED,DISPLAY_ONLY
SERVICE-visual-territory-36-E1-31,,visual-territory-36,"[549.0, 163.5]",,NEW_MARKER_REQUIRED,DISPLAY_ONLY
SERVICE-visual-territory-36-E1-35,,visual-territory-36,"[549.0, 163.5]",,NEW_MARKER_REQUIRED,DISPLAY_ONLY
POWER-36-10,,visual-territory-36,"[549.0, 163.5]",,NEW_MARKER_REQUIRED,DISPLAY_ONLY
POWER-36-11,,visual-territory-36,"[549.0, 163.5]",,NEW_MARKER_REQUIRED,DISPLAY_ONLY
POWER-36-23,,visual-territory-36,"[549.0, 163.5]",,NEW_MARKER_REQUIRED,DISPLAY_ONLY
POWER-36-13,,visual-territory-36,"[549.0, 163.5]",,NEW_MARKER_REQUIRED,DISPLAY_ONLY
GATE-36,,visual-territory-36,"[575.5, 114.5]",,NEW_MARKER_REQUIRED,DISPLAY_ONLY
WAREHOUSE-36,,visual-territory-36,"[549.0, 163.5]",,NEW_MARKER_REQUIRED,DISPLAY_ONLY
OPEN-RES196,SF164,visual-territory-37,"[665, 186]","[0.842, 0.499]",REUSE_ANCHOR,DISPLAY_ONLY
OPEN-RES08,SF163,visual-territory-37,"[592, 183]","[0.284, 0.447]",REUSE_ANCHOR,DISPLAY_ONLY
OPEN-37-STEEL,,visual-territory-37,"[608.5, 178.0]",,NEW_MARKER_REQUIRED,DISPLAY_ONLY
OPEN-37-REFINED_FUEL,,visual-territory-37,"[608.5, 178.0]",,NEW_MARKER_REQUIRED,DISPLAY_ONLY
SERVICE-visual-territory-37-E1-36,,visual-territory-37,"[608.5, 178.0]",,NEW_MARKER_REQUIRED,DISPLAY_ONLY
SERVICE-visual-territory-37-E1-31,,visual-territory-37,"[608.5, 178.0]",,NEW_MARKER_REQUIRED,DISPLAY_ONLY
SERVICE-visual-territory-37-E1-35,,visual-territory-37,"[608.5, 178.0]",,NEW_MARKER_REQUIRED,DISPLAY_ONLY
POWER-37-10,,visual-territory-37,"[608.5, 178.0]",,NEW_MARKER_REQUIRED,DISPLAY_ONLY
POWER-37-11,,visual-territory-37,"[608.5, 178.0]",,NEW_MARKER_REQUIRED,DISPLAY_ONLY
POWER-37-23,,visual-territory-37,"[608.5, 178.0]",,NEW_MARKER_REQUIRED,DISPLAY_ONLY
POWER-37-13,,visual-territory-37,"[608.5, 178.0]",,NEW_MARKER_REQUIRED,DISPLAY_ONLY
GATE-37,,visual-territory-37,"[644.5, 179.5]",,NEW_MARKER_REQUIRED,DISPLAY_ONLY
WAREHOUSE-37,,visual-territory-37,"[608.5, 178.0]",,NEW_MARKER_REQUIRED,DISPLAY_ONLY
OPEN-RES199,SF168,visual-territory-38,"[40, 300]","[0.15, 0.515]",REUSE_ANCHOR,DISPLAY_ONLY
OPEN-38-GRAIN,,visual-territory-38,"[157.75, 266.5]",,NEW_MARKER_REQUIRED,DISPLAY_ONLY
OPEN-RES01,SF167,visual-territory-38,"[216, 241]","[0.844, 0.302]",REUSE_ANCHOR,DISPLAY_ONLY
OPEN-38-REFINED_FUEL,,visual-territory-38,"[157.75, 266.5]",,NEW_MARKER_REQUIRED,DISPLAY_ONLY
SERVICE-visual-territory-38-E1-36,,visual-territory-38,"[157.75, 266.5]",,NEW_MARKER_REQUIRED,DISPLAY_ONLY
SERVICE-visual-territory-38-E1-31,,visual-territory-38,"[157.75, 266.5]",,NEW_MARKER_REQUIRED,DISPLAY_ONLY
SERVICE-visual-territory-38-E1-35,,visual-territory-38,"[157.75, 266.5]",,NEW_MARKER_REQUIRED,DISPLAY_ONLY
SERVICE-visual-territory-38-E2-36,,visual-territory-38,"[216.75, 269.0]",,NEW_MARKER_REQUIRED,DISPLAY_ONLY
SERVICE-visual-territory-38-E2-31,,visual-territory-38,"[216.75, 269.0]",,NEW_MARKER_REQUIRED,DISPLAY_ONLY
SERVICE-visual-territory-38-E2-35,,visual-territory-38,"[216.75, 269.0]",,NEW_MARKER_REQUIRED,DISPLAY_ONLY
POWER-38-10,,visual-territory-38,"[157.75, 266.5]",,NEW_MARKER_REQUIRED,DISPLAY_ONLY
POWER-38-11,,visual-territory-38,"[157.75, 266.5]",,NEW_MARKER_REQUIRED,DISPLAY_ONLY
POWER-38-23,,visual-territory-38,"[157.75, 266.5]",,NEW_MARKER_REQUIRED,DISPLAY_ONLY
POWER-38-13,,visual-territory-38,"[157.75, 266.5]",,NEW_MARKER_REQUIRED,DISPLAY_ONLY
GATE-38,,visual-territory-38,"[105.0, 223.5]",,NEW_MARKER_REQUIRED,DISPLAY_ONLY
WAREHOUSE-38,,visual-territory-38,"[157.75, 266.5]",,NEW_MARKER_REQUIRED,DISPLAY_ONLY
OPEN-RES203,SF175,visual-territory-39,"[222, 214]","[0.23, 0.445]",REUSE_ANCHOR,DISPLAY_ONLY
OPEN-RES204,SF176,visual-territory-39,"[290, 169]","[0.645, 0.286]",REUSE_ANCHOR,DISPLAY_ONLY
OPEN-39-STEEL,,visual-territory-39,"[248.75, 204.0]",,NEW_MARKER_REQUIRED,DISPLAY_ONLY
SERVICE-visual-territory-39-E1-36,,visual-territory-39,"[248.75, 204.0]",,NEW_MARKER_REQUIRED,DISPLAY_ONLY
SERVICE-visual-territory-39-E1-31,,visual-territory-39,"[248.75, 204.0]",,NEW_MARKER_REQUIRED,DISPLAY_ONLY
SERVICE-visual-territory-39-E1-35,,visual-territory-39,"[248.75, 204.0]",,NEW_MARKER_REQUIRED,DISPLAY_ONLY
SERVICE-visual-territory-39-E2-36,,visual-territory-39,"[296.25, 220.0]",,NEW_MARKER_REQUIRED,DISPLAY_ONLY
SERVICE-visual-territory-39-E2-31,,visual-territory-39,"[296.25, 220.0]",,NEW_MARKER_REQUIRED,DISPLAY_ONLY
SERVICE-visual-territory-39-E2-35,,visual-territory-39,"[296.25, 220.0]",,NEW_MARKER_REQUIRED,DISPLAY_ONLY
POWER-39-10,,visual-territory-39,"[248.75, 204.0]",,NEW_MARKER_REQUIRED,DISPLAY_ONLY
POWER-39-11,,visual-territory-39,"[248.75, 204.0]",,NEW_MARKER_REQUIRED,DISPLAY_ONLY
POWER-39-23,,visual-territory-39,"[248.75, 204.0]",,NEW_MARKER_REQUIRED,DISPLAY_ONLY
POWER-39-13,,visual-territory-39,"[248.75, 204.0]",,NEW_MARKER_REQUIRED,DISPLAY_ONLY
GATE-39,,visual-territory-39,"[263.5, 174.5]",,NEW_MARKER_REQUIRED,DISPLAY_ONLY
WAREHOUSE-39,,visual-territory-39,"[248.75, 204.0]",,NEW_MARKER_REQUIRED,DISPLAY_ONLY
OPEN-RES205,SF179,visual-territory-40,"[314, 341]","[0.375, 0.686]",REUSE_ANCHOR,DISPLAY_ONLY
OPEN-40-MACHINERY,,visual-territory-40,"[350.75, 296.5]",,NEW_MARKER_REQUIRED,DISPLAY_ONLY
OPEN-40-SEMICONDUCTORS,,visual-territory-40,"[350.75, 296.5]",,NEW_MARKER_REQUIRED,DISPLAY_ONLY
SERVICE-visual-territory-40-E1-36,,visual-territory-40,"[316.75, 297.5]",,NEW_MARKER_REQUIRED,DISPLAY_ONLY
SERVICE-visual-territory-40-E1-31,,visual-territory-40,"[316.75, 297.5]",,NEW_MARKER_REQUIRED,DISPLAY_ONLY
SERVICE-visual-territory-40-E1-35,,visual-territory-40,"[316.75, 297.5]",,NEW_MARKER_REQUIRED,DISPLAY_ONLY
SERVICE-visual-territory-40-E2-36,,visual-territory-40,"[350.75, 296.5]",,NEW_MARKER_REQUIRED,DISPLAY_ONLY
SERVICE-visual-territory-40-E2-31,,visual-territory-40,"[350.75, 296.5]",,NEW_MARKER_REQUIRED,DISPLAY_ONLY
SERVICE-visual-territory-40-E2-35,,visual-territory-40,"[350.75, 296.5]",,NEW_MARKER_REQUIRED,DISPLAY_ONLY
POWER-40-10,,visual-territory-40,"[350.75, 296.5]",,NEW_MARKER_REQUIRED,DISPLAY_ONLY
POWER-40-11,,visual-territory-40,"[350.75, 296.5]",,NEW_MARKER_REQUIRED,DISPLAY_ONLY
POWER-40-23,,visual-territory-40,"[350.75, 296.5]",,NEW_MARKER_REQUIRED,DISPLAY_ONLY
POWER-40-13,,visual-territory-40,"[350.75, 296.5]",,NEW_MARKER_REQUIRED,DISPLAY_ONLY
GATE-40,,visual-territory-40,"[323.5, 344.0]",,NEW_MARKER_REQUIRED,DISPLAY_ONLY
WAREHOUSE-40,,visual-territory-40,"[350.75, 296.5]",,NEW_MARKER_REQUIRED,DISPLAY_ONLY
OPEN-RES209,SF182,visual-territory-41,"[477, 230]","[0.832, 0.226]",REUSE_ANCHOR,DISPLAY_ONLY
OPEN-RES210,SF183,visual-territory-41,"[447, 270]","[0.697, 0.495]",REUSE_ANCHOR,DISPLAY_ONLY
OPEN-41-STEEL,,visual-territory-41,"[385.75, 263.5]",,NEW_MARKER_REQUIRED,DISPLAY_ONLY
SERVICE-visual-territory-41-E1-36,,visual-territory-41,"[385.75, 263.5]",,NEW_MARKER_REQUIRED,DISPLAY_ONLY
SERVICE-visual-territory-41-E1-31,,visual-territory-41,"[385.75, 263.5]",,NEW_MARKER_REQUIRED,DISPLAY_ONLY
SERVICE-visual-territory-41-E1-35,,visual-territory-41,"[385.75, 263.5]",,NEW_MARKER_REQUIRED,DISPLAY_ONLY
SERVICE-visual-territory-41-E2-36,,visual-territory-41,"[432.75, 249.0]",,NEW_MARKER_REQUIRED,DISPLAY_ONLY
SERVICE-visual-territory-41-E2-31,,visual-territory-41,"[432.75, 249.0]",,NEW_MARKER_REQUIRED,DISPLAY_ONLY
SERVICE-visual-territory-41-E2-35,,visual-territory-41,"[432.75, 249.0]",,NEW_MARKER_REQUIRED,DISPLAY_ONLY
POWER-41-10,,visual-territory-41,"[385.75, 263.5]",,NEW_MARKER_REQUIRED,DISPLAY_ONLY
POWER-41-11,,visual-territory-41,"[385.75, 263.5]",,NEW_MARKER_REQUIRED,DISPLAY_ONLY
POWER-41-23,,visual-territory-41,"[385.75, 263.5]",,NEW_MARKER_REQUIRED,DISPLAY_ONLY
POWER-41-13,,visual-territory-41,"[385.75, 263.5]",,NEW_MARKER_REQUIRED,DISPLAY_ONLY
GATE-41,,visual-territory-41,"[385.75, 263.5]",,NEW_MARKER_REQUIRED,DISPLAY_ONLY
WAREHOUSE-41,,visual-territory-41,"[385.75, 263.5]",,NEW_MARKER_REQUIRED,DISPLAY_ONLY
OPEN-RES214,SF188,visual-territory-42,"[491, 270]","[0.438, 0.51]",REUSE_ANCHOR,DISPLAY_ONLY
OPEN-42-STEEL,,visual-territory-42,"[499.5, 260.5]",,NEW_MARKER_REQUIRED,DISPLAY_ONLY
OPEN-42-MACHINERY,,visual-territory-42,"[499.5, 260.5]",,NEW_MARKER_REQUIRED,DISPLAY_ONLY
SERVICE-visual-territory-42-E1-36,,visual-territory-42,"[499.5, 260.5]",,NEW_MARKER_REQUIRED,DISPLAY_ONLY
SERVICE-visual-territory-42-E1-31,,visual-territory-42,"[499.5, 260.5]",,NEW_MARKER_REQUIRED,DISPLAY_ONLY
SERVICE-visual-territory-42-E1-35,,visual-territory-42,"[499.5, 260.5]",,NEW_MARKER_REQUIRED,DISPLAY_ONLY
POWER-42-10,,visual-territory-42,"[499.5, 260.5]",,NEW_MARKER_REQUIRED,DISPLAY_ONLY
POWER-42-11,,visual-territory-42,"[499.5, 260.5]",,NEW_MARKER_REQUIRED,DISPLAY_ONLY
POWER-42-23,,visual-territory-42,"[499.5, 260.5]",,NEW_MARKER_REQUIRED,DISPLAY_ONLY
POWER-42-13,,visual-territory-42,"[499.5, 260.5]",,NEW_MARKER_REQUIRED,DISPLAY_ONLY
GATE-42,,visual-territory-42,"[529.5, 290.5]",,NEW_MARKER_REQUIRED,DISPLAY_ONLY
WAREHOUSE-42,,visual-territory-42,"[499.5, 260.5]",,NEW_MARKER_REQUIRED,DISPLAY_ONLY
OPEN-RES217,SF193,visual-territory-43,"[539, 267]","[0.331, 0.608]",REUSE_ANCHOR,DISPLAY_ONLY
OPEN-RES216,SF192,visual-territory-43,"[584, 208]","[0.667, 0.157]",REUSE_ANCHOR,DISPLAY_ONLY
OPEN-43-STEEL,,visual-territory-43,"[558.0, 242.0]",,NEW_MARKER_REQUIRED,DISPLAY_ONLY
SERVICE-visual-territory-43-E1-36,,visual-territory-43,"[558.0, 242.0]",,NEW_MARKER_REQUIRED,DISPLAY_ONLY
SERVICE-visual-territory-43-E1-31,,visual-territory-43,"[558.0, 242.0]",,NEW_MARKER_REQUIRED,DISPLAY_ONLY
SERVICE-visual-territory-43-E1-35,,visual-territory-43,"[558.0, 242.0]",,NEW_MARKER_REQUIRED,DISPLAY_ONLY
POWER-43-10,,visual-territory-43,"[558.0, 242.0]",,NEW_MARKER_REQUIRED,DISPLAY_ONLY
POWER-43-11,,visual-territory-43,"[558.0, 242.0]",,NEW_MARKER_REQUIRED,DISPLAY_ONLY
POWER-43-23,,visual-territory-43,"[558.0, 242.0]",,NEW_MARKER_REQUIRED,DISPLAY_ONLY
POWER-43-13,,visual-territory-43,"[558.0, 242.0]",,NEW_MARKER_REQUIRED,DISPLAY_ONLY
GATE-43,,visual-territory-43,"[587.5, 268.0]",,NEW_MARKER_REQUIRED,DISPLAY_ONLY
WAREHOUSE-43,,visual-territory-43,"[558.0, 242.0]",,NEW_MARKER_REQUIRED,DISPLAY_ONLY
OPEN-RES219,SF197,visual-territory-44,"[79, 358]","[0.229, 0.508]",REUSE_ANCHOR,DISPLAY_ONLY
OPEN-RES220,SF198,visual-territory-44,"[192, 397]","[0.734, 0.635]",REUSE_ANCHOR,DISPLAY_ONLY
OPEN-44-STEEL,,visual-territory-44,"[149.75, 340.0]",,NEW_MARKER_REQUIRED,DISPLAY_ONLY
OPEN-44-MACHINERY,,visual-territory-44,"[149.75, 340.0]",,NEW_MARKER_REQUIRED,DISPLAY_ONLY
OPEN-44-SEMICONDUCTORS,,visual-territory-44,"[149.75, 340.0]",,NEW_MARKER_REQUIRED,DISPLAY_ONLY
SERVICE-visual-territory-44-E1-36,,visual-territory-44,"[149.75, 340.0]",,NEW_MARKER_REQUIRED,DISPLAY_ONLY
SERVICE-visual-territory-44-E1-31,,visual-territory-44,"[149.75, 340.0]",,NEW_MARKER_REQUIRED,DISPLAY_ONLY
SERVICE-visual-territory-44-E1-35,,visual-territory-44,"[149.75, 340.0]",,NEW_MARKER_REQUIRED,DISPLAY_ONLY
SERVICE-visual-territory-44-E2-36,,visual-territory-44,"[197.25, 354.5]",,NEW_MARKER_REQUIRED,DISPLAY_ONLY
SERVICE-visual-territory-44-E2-31,,visual-territory-44,"[197.25, 354.5]",,NEW_MARKER_REQUIRED,DISPLAY_ONLY
SERVICE-visual-territory-44-E2-35,,visual-territory-44,"[197.25, 354.5]",,NEW_MARKER_REQUIRED,DISPLAY_ONLY
POWER-44-10,,visual-territory-44,"[149.75, 340.0]",,NEW_MARKER_REQUIRED,DISPLAY_ONLY
POWER-44-11,,visual-territory-44,"[149.75, 340.0]",,NEW_MARKER_REQUIRED,DISPLAY_ONLY
POWER-44-23,,visual-territory-44,"[149.75, 340.0]",,NEW_MARKER_REQUIRED,DISPLAY_ONLY
POWER-44-13,,visual-territory-44,"[149.75, 340.0]",,NEW_MARKER_REQUIRED,DISPLAY_ONLY
GATE-44,,visual-territory-44,"[134.5, 327.5]",,NEW_MARKER_REQUIRED,DISPLAY_ONLY
WAREHOUSE-44,,visual-territory-44,"[149.75, 340.0]",,NEW_MARKER_REQUIRED,DISPLAY_ONLY
OPEN-RES223,SF201,visual-territory-45,"[266, 271]","[0.461, 0.131]",REUSE_ANCHOR,DISPLAY_ONLY
OPEN-45-STEEL,,visual-territory-45,"[290.75, 331.5]",,NEW_MARKER_REQUIRED,DISPLAY_ONLY
SERVICE-visual-territory-45-E1-36,,visual-territory-45,"[242.75, 322.5]",,NEW_MARKER_REQUIRED,DISPLAY_ONLY
SERVICE-visual-territory-45-E1-31,,visual-territory-45,"[242.75, 322.5]",,NEW_MARKER_REQUIRED,DISPLAY_ONLY
SERVICE-visual-territory-45-E1-35,,visual-territory-45,"[242.75, 322.5]",,NEW_MARKER_REQUIRED,DISPLAY_ONLY
SERVICE-visual-territory-45-E2-36,,visual-territory-45,"[290.75, 331.5]",,NEW_MARKER_REQUIRED,DISPLAY_ONLY
SERVICE-visual-territory-45-E2-31,,visual-territory-45,"[290.75, 331.5]",,NEW_MARKER_REQUIRED,DISPLAY_ONLY
SERVICE-visual-territory-45-E2-35,,visual-territory-45,"[290.75, 331.5]",,NEW_MARKER_REQUIRED,DISPLAY_ONLY
POWER-45-10,,visual-territory-45,"[290.75, 331.5]",,NEW_MARKER_REQUIRED,DISPLAY_ONLY
POWER-45-11,,visual-territory-45,"[290.75, 331.5]",,NEW_MARKER_REQUIRED,DISPLAY_ONLY
POWER-45-23,,visual-territory-45,"[290.75, 331.5]",,NEW_MARKER_REQUIRED,DISPLAY_ONLY
POWER-45-13,,visual-territory-45,"[290.75, 331.5]",,NEW_MARKER_REQUIRED,DISPLAY_ONLY
GATE-45,,visual-territory-45,"[299.5, 363.5]",,NEW_MARKER_REQUIRED,DISPLAY_ONLY
WAREHOUSE-45,,visual-territory-45,"[290.75, 331.5]",,NEW_MARKER_REQUIRED,DISPLAY_ONLY
OPEN-RES62,SF206,visual-territory-46,"[355, 338]","[0.333, 0.184]",REUSE_ANCHOR,DISPLAY_ONLY
OPEN-46-GRAIN,,visual-territory-46,"[411.5, 364.5]",,NEW_MARKER_REQUIRED,DISPLAY_ONLY
OPEN-46-SEMICONDUCTORS,,visual-territory-46,"[411.5, 364.5]",,NEW_MARKER_REQUIRED,DISPLAY_ONLY
SERVICE-visual-territory-46-E1-36,,visual-territory-46,"[377.5, 366.5]",,NEW_MARKER_REQUIRED,DISPLAY_ONLY
SERVICE-visual-territory-46-E1-31,,visual-territory-46,"[377.5, 366.5]",,NEW_MARKER_REQUIRED,DISPLAY_ONLY
SERVICE-visual-territory-46-E1-35,,visual-territory-46,"[377.5, 366.5]",,NEW_MARKER_REQUIRED,DISPLAY_ONLY
SERVICE-visual-territory-46-E2-36,,visual-territory-46,"[411.5, 364.5]",,NEW_MARKER_REQUIRED,DISPLAY_ONLY
SERVICE-visual-territory-46-E2-31,,visual-territory-46,"[411.5, 364.5]",,NEW_MARKER_REQUIRED,DISPLAY_ONLY
SERVICE-visual-territory-46-E2-35,,visual-territory-46,"[411.5, 364.5]",,NEW_MARKER_REQUIRED,DISPLAY_ONLY
POWER-46-10,,visual-territory-46,"[411.5, 364.5]",,NEW_MARKER_REQUIRED,DISPLAY_ONLY
POWER-46-11,,visual-territory-46,"[411.5, 364.5]",,NEW_MARKER_REQUIRED,DISPLAY_ONLY
POWER-46-23,,visual-territory-46,"[411.5, 364.5]",,NEW_MARKER_REQUIRED,DISPLAY_ONLY
POWER-46-13,,visual-territory-46,"[411.5, 364.5]",,NEW_MARKER_REQUIRED,DISPLAY_ONLY
GATE-46,,visual-territory-46,"[397.5, 404.0]",,NEW_MARKER_REQUIRED,DISPLAY_ONLY
WAREHOUSE-46,,visual-territory-46,"[411.5, 364.5]",,NEW_MARKER_REQUIRED,DISPLAY_ONLY
OPEN-RES34,SF208,visual-territory-47,"[497, 343]","[0.735, 0.452]",REUSE_ANCHOR,DISPLAY_ONLY
OPEN-47-GRAIN,,visual-territory-47,"[445.75, 326.0]",,NEW_MARKER_REQUIRED,DISPLAY_ONLY
SERVICE-visual-territory-47-E1-36,,visual-territory-47,"[445.75, 326.0]",,NEW_MARKER_REQUIRED,DISPLAY_ONLY
SERVICE-visual-territory-47-E1-31,,visual-territory-47,"[445.75, 326.0]",,NEW_MARKER_REQUIRED,DISPLAY_ONLY
SERVICE-visual-territory-47-E1-35,,visual-territory-47,"[445.75, 326.0]",,NEW_MARKER_REQUIRED,DISPLAY_ONLY
SERVICE-visual-territory-47-E2-36,,visual-territory-47,"[492.75, 331.0]",,NEW_MARKER_REQUIRED,DISPLAY_ONLY
SERVICE-visual-territory-47-E2-31,,visual-territory-47,"[492.75, 331.0]",,NEW_MARKER_REQUIRED,DISPLAY_ONLY
SERVICE-visual-territory-47-E2-35,,visual-territory-47,"[492.75, 331.0]",,NEW_MARKER_REQUIRED,DISPLAY_ONLY
POWER-47-10,,visual-territory-47,"[445.75, 326.0]",,NEW_MARKER_REQUIRED,DISPLAY_ONLY
POWER-47-11,,visual-territory-47,"[445.75, 326.0]",,NEW_MARKER_REQUIRED,DISPLAY_ONLY
POWER-47-23,,visual-territory-47,"[445.75, 326.0]",,NEW_MARKER_REQUIRED,DISPLAY_ONLY
POWER-47-13,,visual-territory-47,"[445.75, 326.0]",,NEW_MARKER_REQUIRED,DISPLAY_ONLY
GATE-47,,visual-territory-47,"[474.0, 393.5]",,NEW_MARKER_REQUIRED,DISPLAY_ONLY
WAREHOUSE-47,,visual-territory-47,"[445.75, 326.0]",,NEW_MARKER_REQUIRED,DISPLAY_ONLY
OPEN-RES227,,visual-territory-48,"[78, 393]",,NEW_MARKER_REQUIRED,DISPLAY_ONLY
OPEN-RES228,,visual-territory-48,"[192, 415]",,NEW_MARKER_REQUIRED,DISPLAY_ONLY
OPEN-48-STEEL,,visual-territory-48,"[125.0, 411.0]",,NEW_MARKER_REQUIRED,DISPLAY_ONLY
OPEN-48-REFINED_FUEL,,visual-territory-48,"[125.0, 411.0]",,NEW_MARKER_REQUIRED,DISPLAY_ONLY
SERVICE-visual-territory-48-E1-36,,visual-territory-48,"[125.0, 411.0]",,NEW_MARKER_REQUIRED,DISPLAY_ONLY
SERVICE-visual-territory-48-E1-31,,visual-territory-48,"[125.0, 411.0]",,NEW_MARKER_REQUIRED,DISPLAY_ONLY
SERVICE-visual-territory-48-E1-35,,visual-territory-48,"[125.0, 411.0]",,NEW_MARKER_REQUIRED,DISPLAY_ONLY
POWER-48-10,,visual-territory-48,"[125.0, 411.0]",,NEW_MARKER_REQUIRED,DISPLAY_ONLY
POWER-48-11,,visual-territory-48,"[125.0, 411.0]",,NEW_MARKER_REQUIRED,DISPLAY_ONLY
POWER-48-23,,visual-territory-48,"[125.0, 411.0]",,NEW_MARKER_REQUIRED,DISPLAY_ONLY
POWER-48-13,,visual-territory-48,"[125.0, 411.0]",,NEW_MARKER_REQUIRED,DISPLAY_ONLY
GATE-48,,visual-territory-48,"[153.5, 445.5]",,NEW_MARKER_REQUIRED,DISPLAY_ONLY
WAREHOUSE-48,,visual-territory-48,"[125.0, 411.0]",,NEW_MARKER_REQUIRED,DISPLAY_ONLY
OPEN-RES232,SF220,visual-territory-49,"[292, 377]","[0.8466386554621849, 0.3564425770308121]",REUSE_ANCHOR,DISPLAY_ONLY
OPEN-RES231,SF219,visual-territory-49,"[208, 375]","[0.25840336134453784, 0.3424369747899158]",REUSE_ANCHOR,DISPLAY_ONLY
OPEN-RES230,SF218,visual-territory-49,"[195, 431]","[0.1673669467787115, 0.7345938375350138]",REUSE_ANCHOR,DISPLAY_ONLY
OPEN-49-STEEL,,visual-territory-49,"[267.0, 400.0]",,NEW_MARKER_REQUIRED,DISPLAY_ONLY
OPEN-49-SEMICONDUCTORS,,visual-territory-49,"[267.0, 400.0]",,NEW_MARKER_REQUIRED,DISPLAY_ONLY
SERVICE-visual-territory-49-E1-36,,visual-territory-49,"[218.5, 398.0]",,NEW_MARKER_REQUIRED,DISPLAY_ONLY
SERVICE-visual-territory-49-E1-31,,visual-territory-49,"[218.5, 398.0]",,NEW_MARKER_REQUIRED,DISPLAY_ONLY
SERVICE-visual-territory-49-E1-35,,visual-territory-49,"[218.5, 398.0]",,NEW_MARKER_REQUIRED,DISPLAY_ONLY
SERVICE-visual-territory-49-E2-36,,visual-territory-49,"[267.0, 400.0]",,NEW_MARKER_REQUIRED,DISPLAY_ONLY
SERVICE-visual-territory-49-E2-31,,visual-territory-49,"[267.0, 400.0]",,NEW_MARKER_REQUIRED,DISPLAY_ONLY
SERVICE-visual-territory-49-E2-35,,visual-territory-49,"[267.0, 400.0]",,NEW_MARKER_REQUIRED,DISPLAY_ONLY
POWER-49-10,,visual-territory-49,"[267.0, 400.0]",,NEW_MARKER_REQUIRED,DISPLAY_ONLY
POWER-49-11,,visual-territory-49,"[267.0, 400.0]",,NEW_MARKER_REQUIRED,DISPLAY_ONLY
POWER-49-23,,visual-territory-49,"[267.0, 400.0]",,NEW_MARKER_REQUIRED,DISPLAY_ONLY
POWER-49-13,,visual-territory-49,"[267.0, 400.0]",,NEW_MARKER_REQUIRED,DISPLAY_ONLY
GATE-49,,visual-territory-49,"[224.0, 417.5]",,NEW_MARKER_REQUIRED,DISPLAY_ONLY
WAREHOUSE-49,,visual-territory-49,"[267.0, 400.0]",,NEW_MARKER_REQUIRED,DISPLAY_ONLY
OPEN-RES38,SF221,visual-territory-50,"[270, 455]","[0.4257142857142857, 0.38285714285714284]",REUSE_ANCHOR,DISPLAY_ONLY
OPEN-RES233,SF222,visual-territory-50,"[332, 525]","[0.78, 0.7828571428571428]",REUSE_ANCHOR,DISPLAY_ONLY
OPEN-RES234,,visual-territory-50,"[284, 505]",,NEW_MARKER_REQUIRED,DISPLAY_ONLY
OPEN-50-REFINED_FUEL,,visual-territory-50,"[279.75, 466.0]",,NEW_MARKER_REQUIRED,DISPLAY_ONLY
OPEN-50-MACHINERY,,visual-territory-50,"[279.75, 466.0]",,NEW_MARKER_REQUIRED,DISPLAY_ONLY
SERVICE-visual-territory-50-E1-36,,visual-territory-50,"[279.75, 466.0]",,NEW_MARKER_REQUIRED,DISPLAY_ONLY
SERVICE-visual-territory-50-E1-31,,visual-territory-50,"[279.75, 466.0]",,NEW_MARKER_REQUIRED,DISPLAY_ONLY
SERVICE-visual-territory-50-E1-35,,visual-territory-50,"[279.75, 466.0]",,NEW_MARKER_REQUIRED,DISPLAY_ONLY
SERVICE-visual-territory-50-E2-36,,visual-territory-50,"[314.25, 482.0]",,NEW_MARKER_REQUIRED,DISPLAY_ONLY
SERVICE-visual-territory-50-E2-31,,visual-territory-50,"[314.25, 482.0]",,NEW_MARKER_REQUIRED,DISPLAY_ONLY
SERVICE-visual-territory-50-E2-35,,visual-territory-50,"[314.25, 482.0]",,NEW_MARKER_REQUIRED,DISPLAY_ONLY
POWER-50-10,,visual-territory-50,"[279.75, 466.0]",,NEW_MARKER_REQUIRED,DISPLAY_ONLY
POWER-50-11,,visual-territory-50,"[279.75, 466.0]",,NEW_MARKER_REQUIRED,DISPLAY_ONLY
POWER-50-23,,visual-territory-50,"[279.75, 466.0]",,NEW_MARKER_REQUIRED,DISPLAY_ONLY
POWER-50-13,,visual-territory-50,"[279.75, 466.0]",,NEW_MARKER_REQUIRED,DISPLAY_ONLY
GATE-50,,visual-territory-50,"[283.5, 498.5]",,NEW_MARKER_REQUIRED,DISPLAY_ONLY
WAREHOUSE-50,,visual-territory-50,"[279.75, 466.0]",,NEW_MARKER_REQUIRED,DISPLAY_ONLY
OPEN-RES236,,visual-territory-51,"[421, 458]",,NEW_MARKER_REQUIRED,DISPLAY_ONLY
OPEN-RES238,,visual-territory-51,"[361, 491]",,NEW_MARKER_REQUIRED,DISPLAY_ONLY
OPEN-51-STEEL,,visual-territory-51,"[308.75, 438.0]",,NEW_MARKER_REQUIRED,DISPLAY_ONLY
OPEN-51-MACHINERY,,visual-territory-51,"[308.75, 438.0]",,NEW_MARKER_REQUIRED,DISPLAY_ONLY
SERVICE-visual-territory-51-E1-36,,visual-territory-51,"[308.75, 438.0]",,NEW_MARKER_REQUIRED,DISPLAY_ONLY
SERVICE-visual-territory-51-E1-31,,visual-territory-51,"[308.75, 438.0]",,NEW_MARKER_REQUIRED,DISPLAY_ONLY
SERVICE-visual-territory-51-E1-35,,visual-territory-51,"[308.75, 438.0]",,NEW_MARKER_REQUIRED,DISPLAY_ONLY
SERVICE-visual-territory-51-E2-36,,visual-territory-51,"[347.25, 448.0]",,NEW_MARKER_REQUIRED,DISPLAY_ONLY
SERVICE-visual-territory-51-E2-31,,visual-territory-51,"[347.25, 448.0]",,NEW_MARKER_REQUIRED,DISPLAY_ONLY
SERVICE-visual-territory-51-E2-35,,visual-territory-51,"[347.25, 448.0]",,NEW_MARKER_REQUIRED,DISPLAY_ONLY
POWER-51-10,,visual-territory-51,"[308.75, 438.0]",,NEW_MARKER_REQUIRED,DISPLAY_ONLY
POWER-51-11,,visual-territory-51,"[308.75, 438.0]",,NEW_MARKER_REQUIRED,DISPLAY_ONLY
POWER-51-23,,visual-territory-51,"[308.75, 438.0]",,NEW_MARKER_REQUIRED,DISPLAY_ONLY
POWER-51-13,,visual-territory-51,"[308.75, 438.0]",,NEW_MARKER_REQUIRED,DISPLAY_ONLY
GATE-51,,visual-territory-51,"[363.5, 435.5]",,NEW_MARKER_REQUIRED,DISPLAY_ONLY
WAREHOUSE-51,,visual-territory-51,"[308.75, 438.0]",,NEW_MARKER_REQUIRED,DISPLAY_ONLY
OPEN-RES240,,visual-territory-52,"[479, 447]",,NEW_MARKER_REQUIRED,DISPLAY_ONLY
OPEN-RES242,,visual-territory-52,"[523, 437]",,NEW_MARKER_REQUIRED,DISPLAY_ONLY
OPEN-52-REFINED_FUEL,,visual-territory-52,"[534.0, 401.0]",,NEW_MARKER_REQUIRED,DISPLAY_ONLY
OPEN-52-MACHINERY,,visual-territory-52,"[534.0, 401.0]",,NEW_MARKER_REQUIRED,DISPLAY_ONLY
OPEN-52-SEMICONDUCTORS,,visual-territory-52,"[534.0, 401.0]",,NEW_MARKER_REQUIRED,DISPLAY_ONLY
SERVICE-visual-territory-52-E1-36,,visual-territory-52,"[534.0, 401.0]",,NEW_MARKER_REQUIRED,DISPLAY_ONLY
SERVICE-visual-territory-52-E1-31,,visual-territory-52,"[534.0, 401.0]",,NEW_MARKER_REQUIRED,DISPLAY_ONLY
SERVICE-visual-territory-52-E1-35,,visual-territory-52,"[534.0, 401.0]",,NEW_MARKER_REQUIRED,DISPLAY_ONLY
POWER-52-10,,visual-territory-52,"[534.0, 401.0]",,NEW_MARKER_REQUIRED,DISPLAY_ONLY
POWER-52-11,,visual-territory-52,"[534.0, 401.0]",,NEW_MARKER_REQUIRED,DISPLAY_ONLY
POWER-52-23,,visual-territory-52,"[534.0, 401.0]",,NEW_MARKER_REQUIRED,DISPLAY_ONLY
POWER-52-13,,visual-territory-52,"[534.0, 401.0]",,NEW_MARKER_REQUIRED,DISPLAY_ONLY
GATE-52,,visual-territory-52,"[539.5, 387.5]",,NEW_MARKER_REQUIRED,DISPLAY_ONLY
WAREHOUSE-52,,visual-territory-52,"[534.0, 401.0]",,NEW_MARKER_REQUIRED,DISPLAY_ONLY
OPEN-RES243,SF227,visual-territory-53,"[816, 376]","[0.7684903748733538, 0.25177304964539]",REUSE_ANCHOR,DISPLAY_ONLY
OPEN-53-GRAIN,,visual-territory-53,"[803.75, 429.0]",,NEW_MARKER_REQUIRED,DISPLAY_ONLY
OPEN-53-REFINED_FUEL,,visual-territory-53,"[803.75, 429.0]",,NEW_MARKER_REQUIRED,DISPLAY_ONLY
SERVICE-visual-territory-53-E1-36,,visual-territory-53,"[762.25, 421.0]",,NEW_MARKER_REQUIRED,DISPLAY_ONLY
SERVICE-visual-territory-53-E1-31,,visual-territory-53,"[762.25, 421.0]",,NEW_MARKER_REQUIRED,DISPLAY_ONLY
SERVICE-visual-territory-53-E1-35,,visual-territory-53,"[762.25, 421.0]",,NEW_MARKER_REQUIRED,DISPLAY_ONLY
SERVICE-visual-territory-53-E2-36,,visual-territory-53,"[803.75, 429.0]",,NEW_MARKER_REQUIRED,DISPLAY_ONLY
SERVICE-visual-territory-53-E2-31,,visual-territory-53,"[803.75, 429.0]",,NEW_MARKER_REQUIRED,DISPLAY_ONLY
SERVICE-visual-territory-53-E2-35,,visual-territory-53,"[803.75, 429.0]",,NEW_MARKER_REQUIRED,DISPLAY_ONLY
POWER-53-10,,visual-territory-53,"[803.75, 429.0]",,NEW_MARKER_REQUIRED,DISPLAY_ONLY
POWER-53-11,,visual-territory-53,"[803.75, 429.0]",,NEW_MARKER_REQUIRED,DISPLAY_ONLY
POWER-53-23,,visual-territory-53,"[803.75, 429.0]",,NEW_MARKER_REQUIRED,DISPLAY_ONLY
POWER-53-13,,visual-territory-53,"[803.75, 429.0]",,NEW_MARKER_REQUIRED,DISPLAY_ONLY
GATE-53,,visual-territory-53,"[832.5, 426.0]",,NEW_MARKER_REQUIRED,DISPLAY_ONLY
WAREHOUSE-53,,visual-territory-53,"[803.75, 429.0]",,NEW_MARKER_REQUIRED,DISPLAY_ONLY
OPEN-RES74,SF234,visual-territory-54,"[821, 497]","[0.28316326530612246, 0.6556122448979592]",REUSE_ANCHOR,DISPLAY_ONLY
OPEN-54-GRAIN,,visual-territory-54,"[836.75, 465.0]",,NEW_MARKER_REQUIRED,DISPLAY_ONLY
OPEN-54-SEMICONDUCTORS,,visual-territory-54,"[836.75, 465.0]",,NEW_MARKER_REQUIRED,DISPLAY_ONLY
SERVICE-visual-territory-54-E1-36,,visual-territory-54,"[836.75, 465.0]",,NEW_MARKER_REQUIRED,DISPLAY_ONLY
SERVICE-visual-territory-54-E1-31,,visual-territory-54,"[836.75, 465.0]",,NEW_MARKER_REQUIRED,DISPLAY_ONLY
SERVICE-visual-territory-54-E1-35,,visual-territory-54,"[836.75, 465.0]",,NEW_MARKER_REQUIRED,DISPLAY_ONLY
SERVICE-visual-territory-54-E2-36,,visual-territory-54,"[896.75, 472.5]",,NEW_MARKER_REQUIRED,DISPLAY_ONLY
SERVICE-visual-territory-54-E2-31,,visual-territory-54,"[896.75, 472.5]",,NEW_MARKER_REQUIRED,DISPLAY_ONLY
SERVICE-visual-territory-54-E2-35,,visual-territory-54,"[896.75, 472.5]",,NEW_MARKER_REQUIRED,DISPLAY_ONLY
POWER-54-10,,visual-territory-54,"[836.75, 465.0]",,NEW_MARKER_REQUIRED,DISPLAY_ONLY
POWER-54-11,,visual-territory-54,"[836.75, 465.0]",,NEW_MARKER_REQUIRED,DISPLAY_ONLY
POWER-54-23,,visual-territory-54,"[836.75, 465.0]",,NEW_MARKER_REQUIRED,DISPLAY_ONLY
POWER-54-13,,visual-territory-54,"[836.75, 465.0]",,NEW_MARKER_REQUIRED,DISPLAY_ONLY
GATE-54,,visual-territory-54,"[907.5, 530.5]",,NEW_MARKER_REQUIRED,DISPLAY_ONLY
WAREHOUSE-54,,visual-territory-54,"[836.75, 465.0]",,NEW_MARKER_REQUIRED,DISPLAY_ONLY
OPEN-RES246,SF244,visual-territory-55,"[1005, 433]","[0.5557244174265453, 0.5329280648429584]",REUSE_ANCHOR,DISPLAY_ONLY
OPEN-55-GRAIN,,visual-territory-55,"[965.5, 442.0]",,NEW_MARKER_REQUIRED,DISPLAY_ONLY
OPEN-55-REFINED_FUEL,,visual-territory-55,"[965.5, 442.0]",,NEW_MARKER_REQUIRED,DISPLAY_ONLY
OPEN-55-SEMICONDUCTORS,,visual-territory-55,"[965.5, 442.0]",,NEW_MARKER_REQUIRED,DISPLAY_ONLY
SERVICE-visual-territory-55-E1-36,,visual-territory-55,"[965.5, 442.0]",,NEW_MARKER_REQUIRED,DISPLAY_ONLY
SERVICE-visual-territory-55-E1-31,,visual-territory-55,"[965.5, 442.0]",,NEW_MARKER_REQUIRED,DISPLAY_ONLY
SERVICE-visual-territory-55-E1-35,,visual-territory-55,"[965.5, 442.0]",,NEW_MARKER_REQUIRED,DISPLAY_ONLY
POWER-55-10,,visual-territory-55,"[965.5, 442.0]",,NEW_MARKER_REQUIRED,DISPLAY_ONLY
POWER-55-11,,visual-territory-55,"[965.5, 442.0]",,NEW_MARKER_REQUIRED,DISPLAY_ONLY
POWER-55-23,,visual-territory-55,"[965.5, 442.0]",,NEW_MARKER_REQUIRED,DISPLAY_ONLY
POWER-55-13,,visual-territory-55,"[965.5, 442.0]",,NEW_MARKER_REQUIRED,DISPLAY_ONLY
GATE-55,,visual-territory-55,"[977.5, 453.5]",,NEW_MARKER_REQUIRED,DISPLAY_ONLY
WAREHOUSE-55,,visual-territory-55,"[965.5, 442.0]",,NEW_MARKER_REQUIRED,DISPLAY_ONLY
OPEN-RES250,,visual-territory-56,"[647, 571]",,NEW_MARKER_REQUIRED,DISPLAY_ONLY
OPEN-56-MACHINERY,,visual-territory-56,"[656.75, 534.0]",,NEW_MARKER_REQUIRED,DISPLAY_ONLY
OPEN-56-SEMICONDUCTORS,,visual-territory-56,"[656.75, 534.0]",,NEW_MARKER_REQUIRED,DISPLAY_ONLY
OPEN-56-BATTERIES,,visual-territory-56,"[656.75, 534.0]",,NEW_MARKER_REQUIRED,DISPLAY_ONLY
SERVICE-visual-territory-56-E1-36,,visual-territory-56,"[656.75, 534.0]",,NEW_MARKER_REQUIRED,DISPLAY_ONLY
SERVICE-visual-territory-56-E1-31,,visual-territory-56,"[656.75, 534.0]",,NEW_MARKER_REQUIRED,DISPLAY_ONLY
SERVICE-visual-territory-56-E1-35,,visual-territory-56,"[656.75, 534.0]",,NEW_MARKER_REQUIRED,DISPLAY_ONLY
SERVICE-visual-territory-56-E2-36,,visual-territory-56,"[699.75, 503.0]",,NEW_MARKER_REQUIRED,DISPLAY_ONLY
SERVICE-visual-territory-56-E2-31,,visual-territory-56,"[699.75, 503.0]",,NEW_MARKER_REQUIRED,DISPLAY_ONLY
SERVICE-visual-territory-56-E2-35,,visual-territory-56,"[699.75, 503.0]",,NEW_MARKER_REQUIRED,DISPLAY_ONLY
POWER-56-10,,visual-territory-56,"[656.75, 534.0]",,NEW_MARKER_REQUIRED,DISPLAY_ONLY
POWER-56-11,,visual-territory-56,"[656.75, 534.0]",,NEW_MARKER_REQUIRED,DISPLAY_ONLY
POWER-56-23,,visual-territory-56,"[656.75, 534.0]",,NEW_MARKER_REQUIRED,DISPLAY_ONLY
POWER-56-13,,visual-territory-56,"[656.75, 534.0]",,NEW_MARKER_REQUIRED,DISPLAY_ONLY
GATE-56,,visual-territory-56,"[636.5, 547.5]",,NEW_MARKER_REQUIRED,DISPLAY_ONLY
WAREHOUSE-56,,visual-territory-56,"[656.75, 534.0]",,NEW_MARKER_REQUIRED,DISPLAY_ONLY
OPEN-RES254,SF252,visual-territory-57,"[666, 622]",,NEW_MARKER_REQUIRED,DISPLAY_ONLY
OPEN-57-STEEL,,visual-territory-57,"[665.75, 594.5]",,NEW_MARKER_REQUIRED,DISPLAY_ONLY
OPEN-57-MACHINERY,,visual-territory-57,"[665.75, 594.5]",,NEW_MARKER_REQUIRED,DISPLAY_ONLY
SERVICE-visual-territory-57-E1-36,,visual-territory-57,"[665.75, 594.5]",,NEW_MARKER_REQUIRED,DISPLAY_ONLY
SERVICE-visual-territory-57-E1-31,,visual-territory-57,"[665.75, 594.5]",,NEW_MARKER_REQUIRED,DISPLAY_ONLY
SERVICE-visual-territory-57-E1-35,,visual-territory-57,"[665.75, 594.5]",,NEW_MARKER_REQUIRED,DISPLAY_ONLY
SERVICE-visual-territory-57-E2-36,,visual-territory-57,"[708.25, 609.0]",,NEW_MARKER_REQUIRED,DISPLAY_ONLY
SERVICE-visual-territory-57-E2-31,,visual-territory-57,"[708.25, 609.0]",,NEW_MARKER_REQUIRED,DISPLAY_ONLY
SERVICE-visual-territory-57-E2-35,,visual-territory-57,"[708.25, 609.0]",,NEW_MARKER_REQUIRED,DISPLAY_ONLY
POWER-57-10,,visual-territory-57,"[665.75, 594.5]",,NEW_MARKER_REQUIRED,DISPLAY_ONLY
POWER-57-11,,visual-territory-57,"[665.75, 594.5]",,NEW_MARKER_REQUIRED,DISPLAY_ONLY
POWER-57-23,,visual-territory-57,"[665.75, 594.5]",,NEW_MARKER_REQUIRED,DISPLAY_ONLY
POWER-57-13,,visual-territory-57,"[665.75, 594.5]",,NEW_MARKER_REQUIRED,DISPLAY_ONLY
GATE-57,,visual-territory-57,"[714.5, 630.5]",,NEW_MARKER_REQUIRED,DISPLAY_ONLY
WAREHOUSE-57,,visual-territory-57,"[665.75, 594.5]",,NEW_MARKER_REQUIRED,DISPLAY_ONLY
OPEN-RES68,SF256,visual-territory-58,"[821, 553]",,NEW_MARKER_REQUIRED,DISPLAY_ONLY
OPEN-RES78,SF257,visual-territory-58,"[765, 495]",,NEW_MARKER_REQUIRED,DISPLAY_ONLY
OPEN-58-GRAIN,,visual-territory-58,"[748.0, 518.0]",,NEW_MARKER_REQUIRED,DISPLAY_ONLY
OPEN-RES11,SF255,visual-territory-58,"[745, 480]",,NEW_MARKER_REQUIRED,DISPLAY_ONLY
SERVICE-visual-territory-58-E1-36,,visual-territory-58,"[748.0, 518.0]",,NEW_MARKER_REQUIRED,DISPLAY_ONLY
SERVICE-visual-territory-58-E1-31,,visual-territory-58,"[748.0, 518.0]",,NEW_MARKER_REQUIRED,DISPLAY_ONLY
SERVICE-visual-territory-58-E1-35,,visual-territory-58,"[748.0, 518.0]",,NEW_MARKER_REQUIRED,DISPLAY_ONLY
SERVICE-visual-territory-58-E2-36,,visual-territory-58,"[809.75, 544.0]",,NEW_MARKER_REQUIRED,DISPLAY_ONLY
SERVICE-visual-territory-58-E2-31,,visual-territory-58,"[809.75, 544.0]",,NEW_MARKER_REQUIRED,DISPLAY_ONLY
SERVICE-visual-territory-58-E2-35,,visual-territory-58,"[809.75, 544.0]",,NEW_MARKER_REQUIRED,DISPLAY_ONLY
POWER-58-10,,visual-territory-58,"[748.0, 518.0]",,NEW_MARKER_REQUIRED,DISPLAY_ONLY
POWER-58-11,,visual-territory-58,"[748.0, 518.0]",,NEW_MARKER_REQUIRED,DISPLAY_ONLY
POWER-58-23,,visual-territory-58,"[748.0, 518.0]",,NEW_MARKER_REQUIRED,DISPLAY_ONLY
POWER-58-13,,visual-territory-58,"[748.0, 518.0]",,NEW_MARKER_REQUIRED,DISPLAY_ONLY
GATE-58,,visual-territory-58,"[848.1289308176101, 583.5]",,NEW_MARKER_REQUIRED,DISPLAY_ONLY
WAREHOUSE-58,,visual-territory-58,"[748.0, 518.0]",,NEW_MARKER_REQUIRED,DISPLAY_ONLY
OPEN-RES258,SF265,visual-territory-59,"[606, 678]",,NEW_MARKER_REQUIRED,DISPLAY_ONLY
OPEN-59-STEEL,,visual-territory-59,"[635.5, 648.5]",,NEW_MARKER_REQUIRED,DISPLAY_ONLY
OPEN-59-MACHINERY,,visual-territory-59,"[635.5, 648.5]",,NEW_MARKER_REQUIRED,DISPLAY_ONLY
SERVICE-visual-territory-59-E1-36,,visual-territory-59,"[635.5, 648.5]",,NEW_MARKER_REQUIRED,DISPLAY_ONLY
SERVICE-visual-territory-59-E1-31,,visual-territory-59,"[635.5, 648.5]",,NEW_MARKER_REQUIRED,DISPLAY_ONLY
SERVICE-visual-territory-59-E1-35,,visual-territory-59,"[635.5, 648.5]",,NEW_MARKER_REQUIRED,DISPLAY_ONLY
POWER-59-10,,visual-territory-59,"[635.5, 648.5]",,NEW_MARKER_REQUIRED,DISPLAY_ONLY
POWER-59-11,,visual-territory-59,"[635.5, 648.5]",,NEW_MARKER_REQUIRED,DISPLAY_ONLY
POWER-59-23,,visual-territory-59,"[635.5, 648.5]",,NEW_MARKER_REQUIRED,DISPLAY_ONLY
POWER-59-13,,visual-territory-59,"[635.5, 648.5]",,NEW_MARKER_REQUIRED,DISPLAY_ONLY
GATE-59,,visual-territory-59,"[652.0, 667.5]",,NEW_MARKER_REQUIRED,DISPLAY_ONLY
WAREHOUSE-59,,visual-territory-59,"[635.5, 648.5]",,NEW_MARKER_REQUIRED,DISPLAY_ONLY
OPEN-RES69,SF267,visual-territory-60,"[231, 534]",,NEW_MARKER_REQUIRED,DISPLAY_ONLY
OPEN-60-GRAIN,,visual-territory-60,"[245.25, 568.0]",,NEW_MARKER_REQUIRED,DISPLAY_ONLY
OPEN-60-REFINED_FUEL,,visual-territory-60,"[245.25, 568.0]",,NEW_MARKER_REQUIRED,DISPLAY_ONLY
SERVICE-visual-territory-60-E1-36,,visual-territory-60,"[198.25, 555.5]",,NEW_MARKER_REQUIRED,DISPLAY_ONLY
SERVICE-visual-territory-60-E1-31,,visual-territory-60,"[198.25, 555.5]",,NEW_MARKER_REQUIRED,DISPLAY_ONLY
SERVICE-visual-territory-60-E1-35,,visual-territory-60,"[198.25, 555.5]",,NEW_MARKER_REQUIRED,DISPLAY_ONLY
SERVICE-visual-territory-60-E2-36,,visual-territory-60,"[245.25, 568.0]",,NEW_MARKER_REQUIRED,DISPLAY_ONLY
SERVICE-visual-territory-60-E2-31,,visual-territory-60,"[245.25, 568.0]",,NEW_MARKER_REQUIRED,DISPLAY_ONLY
SERVICE-visual-territory-60-E2-35,,visual-territory-60,"[245.25, 568.0]",,NEW_MARKER_REQUIRED,DISPLAY_ONLY
POWER-60-10,,visual-territory-60,"[245.25, 568.0]",,NEW_MARKER_REQUIRED,DISPLAY_ONLY
POWER-60-11,,visual-territory-60,"[245.25, 568.0]",,NEW_MARKER_REQUIRED,DISPLAY_ONLY
POWER-60-23,,visual-territory-60,"[245.25, 568.0]",,NEW_MARKER_REQUIRED,DISPLAY_ONLY
POWER-60-13,,visual-territory-60,"[245.25, 568.0]",,NEW_MARKER_REQUIRED,DISPLAY_ONLY
GATE-60,,visual-territory-60,"[192.5, 606.5]",,NEW_MARKER_REQUIRED,DISPLAY_ONLY
WAREHOUSE-60,,visual-territory-60,"[245.25, 568.0]",,NEW_MARKER_REQUIRED,DISPLAY_ONLY
OPEN-RES49,SF274,visual-territory-61,"[281, 574]",,NEW_MARKER_REQUIRED,DISPLAY_ONLY
OPEN-61-GRAIN,,visual-territory-61,"[308.25, 585.0]",,NEW_MARKER_REQUIRED,DISPLAY_ONLY
OPEN-61-MACHINERY,,visual-territory-61,"[308.25, 585.0]",,NEW_MARKER_REQUIRED,DISPLAY_ONLY
OPEN-61-SEMICONDUCTORS,,visual-territory-61,"[308.25, 585.0]",,NEW_MARKER_REQUIRED,DISPLAY_ONLY
SERVICE-visual-territory-61-E1-36,,visual-territory-61,"[267.75, 594.0]",,NEW_MARKER_REQUIRED,DISPLAY_ONLY
SERVICE-visual-territory-61-E1-31,,visual-territory-61,"[267.75, 594.0]",,NEW_MARKER_REQUIRED,DISPLAY_ONLY
SERVICE-visual-territory-61-E1-35,,visual-territory-61,"[267.75, 594.0]",,NEW_MARKER_REQUIRED,DISPLAY_ONLY
SERVICE-visual-territory-61-E2-36,,visual-territory-61,"[308.25, 585.0]",,NEW_MARKER_REQUIRED,DISPLAY_ONLY
SERVICE-visual-territory-61-E2-31,,visual-territory-61,"[308.25, 585.0]",,NEW_MARKER_REQUIRED,DISPLAY_ONLY
SERVICE-visual-territory-61-E2-35,,visual-territory-61,"[308.25, 585.0]",,NEW_MARKER_REQUIRED,DISPLAY_ONLY
POWER-61-10,,visual-territory-61,"[308.25, 585.0]",,NEW_MARKER_REQUIRED,DISPLAY_ONLY
POWER-61-11,,visual-territory-61,"[308.25, 585.0]",,NEW_MARKER_REQUIRED,DISPLAY_ONLY
POWER-61-23,,visual-territory-61,"[308.25, 585.0]",,NEW_MARKER_REQUIRED,DISPLAY_ONLY
POWER-61-13,,visual-territory-61,"[308.25, 585.0]",,NEW_MARKER_REQUIRED,DISPLAY_ONLY
GATE-61,,visual-territory-61,"[332.0, 540.5]",,NEW_MARKER_REQUIRED,DISPLAY_ONLY
WAREHOUSE-61,,visual-territory-61,"[308.25, 585.0]",,NEW_MARKER_REQUIRED,DISPLAY_ONLY
OPEN-RES265,SF283,visual-territory-62,"[404, 678]",,NEW_MARKER_REQUIRED,DISPLAY_ONLY
OPEN-RES17,SF281,visual-territory-62,"[312, 665]",,NEW_MARKER_REQUIRED,DISPLAY_ONLY
OPEN-62-REFINED_FUEL,,visual-territory-62,"[317.25, 687.0]",,NEW_MARKER_REQUIRED,DISPLAY_ONLY
SERVICE-visual-territory-62-E1-36,,visual-territory-62,"[317.25, 687.0]",,NEW_MARKER_REQUIRED,DISPLAY_ONLY
SERVICE-visual-territory-62-E1-31,,visual-territory-62,"[317.25, 687.0]",,NEW_MARKER_REQUIRED,DISPLAY_ONLY
SERVICE-visual-territory-62-E1-35,,visual-territory-62,"[317.25, 687.0]",,NEW_MARKER_REQUIRED,DISPLAY_ONLY
SERVICE-visual-territory-62-E2-36,,visual-territory-62,"[389.5, 746.0]",,NEW_MARKER_REQUIRED,DISPLAY_ONLY
SERVICE-visual-territory-62-E2-31,,visual-territory-62,"[389.5, 746.0]",,NEW_MARKER_REQUIRED,DISPLAY_ONLY
SERVICE-visual-territory-62-E2-35,,visual-territory-62,"[389.5, 746.0]",,NEW_MARKER_REQUIRED,DISPLAY_ONLY
POWER-62-10,,visual-territory-62,"[317.25, 687.0]",,NEW_MARKER_REQUIRED,DISPLAY_ONLY
POWER-62-11,,visual-territory-62,"[317.25, 687.0]",,NEW_MARKER_REQUIRED,DISPLAY_ONLY
POWER-62-23,,visual-territory-62,"[317.25, 687.0]",,NEW_MARKER_REQUIRED,DISPLAY_ONLY
POWER-62-13,,visual-territory-62,"[317.25, 687.0]",,NEW_MARKER_REQUIRED,DISPLAY_ONLY
GATE-62,,visual-territory-62,"[277.5, 653.5]",,NEW_MARKER_REQUIRED,DISPLAY_ONLY
WAREHOUSE-62,,visual-territory-62,"[317.25, 687.0]",,NEW_MARKER_REQUIRED,DISPLAY_ONLY
OPEN-RES267,SF288,visual-territory-63,"[404, 581]","[0.59, 0.27]",REUSE_ANCHOR,DISPLAY_ONLY
OPEN-RES268,SF289,visual-territory-63,"[380, 671]","[0.44, 0.75]",REUSE_ANCHOR,DISPLAY_ONLY
OPEN-63-STEEL,,visual-territory-63,"[347.75, 606.5]",,NEW_MARKER_REQUIRED,DISPLAY_ONLY
OPEN-63-REFINED_FUEL,,visual-territory-63,"[347.75, 606.5]",,NEW_MARKER_REQUIRED,DISPLAY_ONLY
SERVICE-visual-territory-63-E1-36,,visual-territory-63,"[347.75, 606.5]",,NEW_MARKER_REQUIRED,DISPLAY_ONLY
SERVICE-visual-territory-63-E1-31,,visual-territory-63,"[347.75, 606.5]",,NEW_MARKER_REQUIRED,DISPLAY_ONLY
SERVICE-visual-territory-63-E1-35,,visual-territory-63,"[347.75, 606.5]",,NEW_MARKER_REQUIRED,DISPLAY_ONLY
SERVICE-visual-territory-63-E2-36,,visual-territory-63,"[397.25, 620.0]",,NEW_MARKER_REQUIRED,DISPLAY_ONLY
SERVICE-visual-territory-63-E2-31,,visual-territory-63,"[397.25, 620.0]",,NEW_MARKER_REQUIRED,DISPLAY_ONLY
SERVICE-visual-territory-63-E2-35,,visual-territory-63,"[397.25, 620.0]",,NEW_MARKER_REQUIRED,DISPLAY_ONLY
POWER-63-10,,visual-territory-63,"[347.75, 606.5]",,NEW_MARKER_REQUIRED,DISPLAY_ONLY
POWER-63-11,,visual-territory-63,"[347.75, 606.5]",,NEW_MARKER_REQUIRED,DISPLAY_ONLY
POWER-63-23,,visual-territory-63,"[347.75, 606.5]",,NEW_MARKER_REQUIRED,DISPLAY_ONLY
POWER-63-13,,visual-territory-63,"[347.75, 606.5]",,NEW_MARKER_REQUIRED,DISPLAY_ONLY
GATE-63,,visual-territory-63,"[384.5, 660.9842767295597]",,NEW_MARKER_REQUIRED,DISPLAY_ONLY
WAREHOUSE-63,,visual-territory-63,"[347.75, 606.5]",,NEW_MARKER_REQUIRED,DISPLAY_ONLY
OPEN-RES44,SF294,visual-territory-64,"[692, 277]","[0.35, 0.545]",REUSE_ANCHOR,DISPLAY_ONLY
OPEN-64-GRAIN,,visual-territory-64,"[675.75, 291.0]",,NEW_MARKER_REQUIRED,DISPLAY_ONLY
OPEN-64-MACHINERY,,visual-territory-64,"[675.75, 291.0]",,NEW_MARKER_REQUIRED,DISPLAY_ONLY
SERVICE-visual-territory-64-E1-36,,visual-territory-64,"[675.75, 291.0]",,NEW_MARKER_REQUIRED,DISPLAY_ONLY
SERVICE-visual-territory-64-E1-31,,visual-territory-64,"[675.75, 291.0]",,NEW_MARKER_REQUIRED,DISPLAY_ONLY
SERVICE-visual-territory-64-E1-35,,visual-territory-64,"[675.75, 291.0]",,NEW_MARKER_REQUIRED,DISPLAY_ONLY
SERVICE-visual-territory-64-E2-36,,visual-territory-64,"[724.25, 297.0]",,NEW_MARKER_REQUIRED,DISPLAY_ONLY
SERVICE-visual-territory-64-E2-31,,visual-territory-64,"[724.25, 297.0]",,NEW_MARKER_REQUIRED,DISPLAY_ONLY
SERVICE-visual-territory-64-E2-35,,visual-territory-64,"[724.25, 297.0]",,NEW_MARKER_REQUIRED,DISPLAY_ONLY
POWER-64-10,,visual-territory-64,"[675.75, 291.0]",,NEW_MARKER_REQUIRED,DISPLAY_ONLY
POWER-64-11,,visual-territory-64,"[675.75, 291.0]",,NEW_MARKER_REQUIRED,DISPLAY_ONLY
POWER-64-23,,visual-territory-64,"[675.75, 291.0]",,NEW_MARKER_REQUIRED,DISPLAY_ONLY
POWER-64-13,,visual-territory-64,"[675.75, 291.0]",,NEW_MARKER_REQUIRED,DISPLAY_ONLY
GATE-64,,visual-territory-64,"[691.0, 334.5]",,NEW_MARKER_REQUIRED,DISPLAY_ONLY
WAREHOUSE-64,,visual-territory-64,"[675.75, 291.0]",,NEW_MARKER_REQUIRED,DISPLAY_ONLY
OPEN-65-GRAIN,,visual-territory-65,"[641.75, 315.5]",,NEW_MARKER_REQUIRED,DISPLAY_ONLY
OPEN-65-BATTERIES,,visual-territory-65,"[641.75, 315.5]",,NEW_MARKER_REQUIRED,DISPLAY_ONLY
SERVICE-visual-territory-65-E1-36,,visual-territory-65,"[577.25, 330.5]",,NEW_MARKER_REQUIRED,DISPLAY_ONLY
SERVICE-visual-territory-65-E1-31,,visual-territory-65,"[577.25, 330.5]",,NEW_MARKER_REQUIRED,DISPLAY_ONLY
SERVICE-visual-territory-65-E1-35,,visual-territory-65,"[577.25, 330.5]",,NEW_MARKER_REQUIRED,DISPLAY_ONLY
SERVICE-visual-territory-65-E2-36,,visual-territory-65,"[641.75, 315.5]",,NEW_MARKER_REQUIRED,DISPLAY_ONLY
SERVICE-visual-territory-65-E2-31,,visual-territory-65,"[641.75, 315.5]",,NEW_MARKER_REQUIRED,DISPLAY_ONLY
SERVICE-visual-territory-65-E2-35,,visual-territory-65,"[641.75, 315.5]",,NEW_MARKER_REQUIRED,DISPLAY_ONLY
POWER-65-10,,visual-territory-65,"[641.75, 315.5]",,NEW_MARKER_REQUIRED,DISPLAY_ONLY
POWER-65-11,,visual-territory-65,"[641.75, 315.5]",,NEW_MARKER_REQUIRED,DISPLAY_ONLY
POWER-65-23,,visual-territory-65,"[641.75, 315.5]",,NEW_MARKER_REQUIRED,DISPLAY_ONLY
POWER-65-13,,visual-territory-65,"[641.75, 315.5]",,NEW_MARKER_REQUIRED,DISPLAY_ONLY
GATE-65,,visual-territory-65,"[624.5, 378.0]",,NEW_MARKER_REQUIRED,DISPLAY_ONLY
WAREHOUSE-65,,visual-territory-65,"[641.75, 315.5]",,NEW_MARKER_REQUIRED,DISPLAY_ONLY
OPEN-RES41,SF308,visual-territory-66,"[988, 343]","[0.51, 0.446]",REUSE_ANCHOR,DISPLAY_ONLY
OPEN-RES79,SF311,visual-territory-66,"[977, 320]","[0.51, 0.412]",REUSE_ANCHOR,DISPLAY_ONLY
OPEN-66-GRAIN,,visual-territory-66,"[972.75, 341.5]",,NEW_MARKER_REQUIRED,DISPLAY_ONLY
OPEN-66-REFINED_FUEL,,visual-territory-66,"[972.75, 341.5]",,NEW_MARKER_REQUIRED,DISPLAY_ONLY
OPEN-66-MACHINERY,,visual-territory-66,"[972.75, 341.5]",,NEW_MARKER_REQUIRED,DISPLAY_ONLY
SERVICE-visual-territory-66-E1-36,,visual-territory-66,"[929.75, 180.0]",,NEW_MARKER_REQUIRED,DISPLAY_ONLY
SERVICE-visual-territory-66-E1-31,,visual-territory-66,"[929.75, 180.0]",,NEW_MARKER_REQUIRED,DISPLAY_ONLY
SERVICE-visual-territory-66-E1-35,,visual-territory-66,"[929.75, 180.0]",,NEW_MARKER_REQUIRED,DISPLAY_ONLY
SERVICE-visual-territory-66-E2-36,,visual-territory-66,"[972.75, 341.5]",,NEW_MARKER_REQUIRED,DISPLAY_ONLY
SERVICE-visual-territory-66-E2-31,,visual-territory-66,"[972.75, 341.5]",,NEW_MARKER_REQUIRED,DISPLAY_ONLY
SERVICE-visual-territory-66-E2-35,,visual-territory-66,"[972.75, 341.5]",,NEW_MARKER_REQUIRED,DISPLAY_ONLY
POWER-66-10,,visual-territory-66,"[972.75, 341.5]",,NEW_MARKER_REQUIRED,DISPLAY_ONLY
POWER-66-11,,visual-territory-66,"[972.75, 341.5]",,NEW_MARKER_REQUIRED,DISPLAY_ONLY
POWER-66-23,,visual-territory-66,"[972.75, 341.5]",,NEW_MARKER_REQUIRED,DISPLAY_ONLY
POWER-66-13,,visual-territory-66,"[972.75, 341.5]",,NEW_MARKER_REQUIRED,DISPLAY_ONLY
GATE-66,,visual-territory-66,"[964.0, 362.5]",,NEW_MARKER_REQUIRED,DISPLAY_ONLY
WAREHOUSE-66,,visual-territory-66,"[972.75, 341.5]",,NEW_MARKER_REQUIRED,DISPLAY_ONLY
OPEN-RES48,SF315,visual-territory-67,"[511, 718]","[0.635, 0.472]",REUSE_ANCHOR,DISPLAY_ONLY
OPEN-67-REFINED_FUEL,,visual-territory-67,"[526.25, 696.0]",,NEW_MARKER_REQUIRED,DISPLAY_ONLY
OPEN-67-MACHINERY,,visual-territory-67,"[526.25, 696.0]",,NEW_MARKER_REQUIRED,DISPLAY_ONLY
OPEN-67-SEMICONDUCTORS,,visual-territory-67,"[526.25, 696.0]",,NEW_MARKER_REQUIRED,DISPLAY_ONLY
SERVICE-visual-territory-67-E1-36,,visual-territory-67,"[461.75, 703.0]",,NEW_MARKER_REQUIRED,DISPLAY_ONLY
SERVICE-visual-territory-67-E1-31,,visual-territory-67,"[461.75, 703.0]",,NEW_MARKER_REQUIRED,DISPLAY_ONLY
SERVICE-visual-territory-67-E1-35,,visual-territory-67,"[461.75, 703.0]",,NEW_MARKER_REQUIRED,DISPLAY_ONLY
SERVICE-visual-territory-67-E2-36,,visual-territory-67,"[526.25, 696.0]",,NEW_MARKER_REQUIRED,DISPLAY_ONLY
SERVICE-visual-territory-67-E2-31,,visual-territory-67,"[526.25, 696.0]",,NEW_MARKER_REQUIRED,DISPLAY_ONLY
SERVICE-visual-territory-67-E2-35,,visual-territory-67,"[526.25, 696.0]",,NEW_MARKER_REQUIRED,DISPLAY_ONLY
POWER-67-10,,visual-territory-67,"[526.25, 696.0]",,NEW_MARKER_REQUIRED,DISPLAY_ONLY
POWER-67-11,,visual-territory-67,"[526.25, 696.0]",,NEW_MARKER_REQUIRED,DISPLAY_ONLY
POWER-67-23,,visual-territory-67,"[526.25, 696.0]",,NEW_MARKER_REQUIRED,DISPLAY_ONLY
POWER-67-13,,visual-territory-67,"[526.25, 696.0]",,NEW_MARKER_REQUIRED,DISPLAY_ONLY
GATE-67,,visual-territory-67,"[539.5, 692.5]",,NEW_MARKER_REQUIRED,DISPLAY_ONLY
WAREHOUSE-67,,visual-territory-67,"[526.25, 696.0]",,NEW_MARKER_REQUIRED,DISPLAY_ONLY
OPEN-RES277,SF319,visual-territory-68,"[432, 572]","[0.182, 0.455]",REUSE_ANCHOR,DISPLAY_ONLY
OPEN-68-STEEL,,visual-territory-68,"[476.75, 587.5]",,NEW_MARKER_REQUIRED,DISPLAY_ONLY
SERVICE-visual-territory-68-E1-36,,visual-territory-68,"[476.75, 587.5]",,NEW_MARKER_REQUIRED,DISPLAY_ONLY
SERVICE-visual-territory-68-E1-31,,visual-territory-68,"[476.75, 587.5]",,NEW_MARKER_REQUIRED,DISPLAY_ONLY
SERVICE-visual-territory-68-E1-35,,visual-territory-68,"[476.75, 587.5]",,NEW_MARKER_REQUIRED,DISPLAY_ONLY
SERVICE-visual-territory-68-E2-36,,visual-territory-68,"[523.25, 596.0]",,NEW_MARKER_REQUIRED,DISPLAY_ONLY
SERVICE-visual-territory-68-E2-31,,visual-territory-68,"[523.25, 596.0]",,NEW_MARKER_REQUIRED,DISPLAY_ONLY
SERVICE-visual-territory-68-E2-35,,visual-territory-68,"[523.25, 596.0]",,NEW_MARKER_REQUIRED,DISPLAY_ONLY
POWER-68-10,,visual-territory-68,"[476.75, 587.5]",,NEW_MARKER_REQUIRED,DISPLAY_ONLY
POWER-68-11,,visual-territory-68,"[476.75, 587.5]",,NEW_MARKER_REQUIRED,DISPLAY_ONLY
POWER-68-23,,visual-territory-68,"[476.75, 587.5]",,NEW_MARKER_REQUIRED,DISPLAY_ONLY
POWER-68-13,,visual-territory-68,"[476.75, 587.5]",,NEW_MARKER_REQUIRED,DISPLAY_ONLY
GATE-68,,visual-territory-68,"[531.5, 631.5]",,NEW_MARKER_REQUIRED,DISPLAY_ONLY
WAREHOUSE-68,,visual-territory-68,"[476.75, 587.5]",,NEW_MARKER_REQUIRED,DISPLAY_ONLY
OPEN-RES83,SF324,visual-territory-69,"[200, 692]","[0.62, 0.325]",REUSE_ANCHOR,DISPLAY_ONLY
OPEN-69-STEEL,,visual-territory-69,"[211.0, 702.0]",,NEW_MARKER_REQUIRED,DISPLAY_ONLY
SERVICE-visual-territory-69-E1-36,,visual-territory-69,"[211.0, 702.0]",,NEW_MARKER_REQUIRED,DISPLAY_ONLY
SERVICE-visual-territory-69-E1-31,,visual-territory-69,"[211.0, 702.0]",,NEW_MARKER_REQUIRED,DISPLAY_ONLY
SERVICE-visual-territory-69-E1-35,,visual-territory-69,"[211.0, 702.0]",,NEW_MARKER_REQUIRED,DISPLAY_ONLY
POWER-69-10,,visual-territory-69,"[211.0, 702.0]",,NEW_MARKER_REQUIRED,DISPLAY_ONLY
POWER-69-11,,visual-territory-69,"[211.0, 702.0]",,NEW_MARKER_REQUIRED,DISPLAY_ONLY
POWER-69-23,,visual-territory-69,"[211.0, 702.0]",,NEW_MARKER_REQUIRED,DISPLAY_ONLY
POWER-69-13,,visual-territory-69,"[211.0, 702.0]",,NEW_MARKER_REQUIRED,DISPLAY_ONLY
GATE-69,,visual-territory-69,"[191.5, 722.5]",,NEW_MARKER_REQUIRED,DISPLAY_ONLY
WAREHOUSE-69,,visual-territory-69,"[211.0, 702.0]",,NEW_MARKER_REQUIRED,DISPLAY_ONLY
OPEN-70-GRAIN,,visual-territory-70,"[1211.0, 255.0]",,NEW_MARKER_REQUIRED,DISPLAY_ONLY
OPEN-70-REFINED_FUEL,,visual-territory-70,"[1211.0, 255.0]",,NEW_MARKER_REQUIRED,DISPLAY_ONLY
SERVICE-visual-territory-70-E1-36,,visual-territory-70,"[1211.0, 255.0]",,NEW_MARKER_REQUIRED,DISPLAY_ONLY
SERVICE-visual-territory-70-E1-31,,visual-territory-70,"[1211.0, 255.0]",,NEW_MARKER_REQUIRED,DISPLAY_ONLY
SERVICE-visual-territory-70-E1-35,,visual-territory-70,"[1211.0, 255.0]",,NEW_MARKER_REQUIRED,DISPLAY_ONLY
POWER-70-10,,visual-territory-70,"[1211.0, 255.0]",,NEW_MARKER_REQUIRED,DISPLAY_ONLY
POWER-70-11,,visual-territory-70,"[1211.0, 255.0]",,NEW_MARKER_REQUIRED,DISPLAY_ONLY
POWER-70-23,,visual-territory-70,"[1211.0, 255.0]",,NEW_MARKER_REQUIRED,DISPLAY_ONLY
POWER-70-13,,visual-territory-70,"[1211.0, 255.0]",,NEW_MARKER_REQUIRED,DISPLAY_ONLY
GATE-70,,visual-territory-70,"[1227.5, 234.5]",,NEW_MARKER_REQUIRED,DISPLAY_ONLY
WAREHOUSE-70,,visual-territory-70,"[1211.0, 255.0]",,NEW_MARKER_REQUIRED,DISPLAY_ONLY
