id,countryId,regionId,point
P01,visual-territory-44,visual-territory-44-E1,"[135, 328]"
P02,visual-territory-52,visual-territory-52-E1,"[539, 388]"
P03,visual-territory-64,visual-territory-64-E1,"[691, 334]"
P04,visual-territory-56,visual-territory-56-E1,"[637, 548]"
P05,visual-territory-55,visual-territory-55-E1,"[977, 453]"
P06,visual-territory-63,visual-territory-63-E2,"[383, 661]"
P07,visual-territory-67,visual-territory-67-E2,"[539, 693]"
P08,visual-territory-66,visual-territory-66-E2,"[964, 362]"
P09,visual-territory-07,visual-territory-07-E2,"[1479, 467]"
P10,visual-territory-24,visual-territory-24-E2,"[1545, 692]"
P11,visual-territory-29,visual-territory-29-E2,"[1313, 812]"
P12,visual-territory-17,visual-territory-17-E1,"[1010, 645]"
H01,visual-territory-40,visual-territory-40-E2,"[365, 295]"
H02,visual-territory-51,visual-territory-51-E1,"[303, 425]"
H03,visual-territory-58,visual-territory-58-E2,"[791, 478]"
H04,visual-territory-61,visual-territory-61-E2,"[298, 590]"
H05,visual-territory-04,visual-territory-04-E1,"[1507, 369]"
H06,visual-territory-12,visual-territory-12-E1,"[1265, 554]"
H07,visual-territory-23,visual-territory-23-E2,"[1450, 676]"
H08,visual-territory-28,visual-territory-28-E1,"[1195, 750]"
SF001,visual-territory-01,visual-territory-01-E1,"[1599, 307]"
SF002,visual-territory-01,visual-territory-01-E1,"[1565, 261]"
SF003,visual-territory-01,visual-territory-01-E1,"[1616, 245]"
SF004,visual-territory-01,visual-territory-01-E1,"[1553, 305]"
SF005,visual-territory-01,visual-territory-01-E1,"[1597, 273]"
SF006,visual-territory-02,visual-territory-02-E1,"[1602, 301]"
SF007,visual-territory-02,visual-territory-02-E1,"[1683, 282]"
SF008,visual-territory-02,visual-territory-02-E1,"[1650, 337]"
SF009,visual-territory-02,visual-territory-02-E1,"[1626, 245]"
SF010,visual-territory-02,visual-territory-02-E1,"[1641, 285]"
SF011,visual-territory-02,visual-territory-02-E1,"[1618, 329]"
SF012,visual-territory-03,visual-territory-03-E2,"[1478, 398]"
SF013,visual-territory-03,visual-territory-03-E1,"[1411, 313]"
SF014,visual-territory-03,visual-territory-03-E1,"[1404, 388]"
SF015,visual-territory-03,visual-territory-03-E2,"[1469, 336]"
SF016,visual-territory-03,visual-territory-03-E1,"[1436, 433]"
SF017,visual-territory-03,visual-territory-03-E1,"[1444, 371]"
SF018,visual-territory-03,visual-territory-03-E2,"[1497, 364]"
SF019,visual-territory-03,visual-territory-03-E1,"[1435, 338]"
SF020,visual-territory-03,visual-territory-03-E1,"[1433, 401]"
SF021,visual-territory-04,visual-territory-04-E1,"[1510, 368]"
SF022,visual-territory-04,visual-territory-04-E1,"[1515, 307]"
SF023,visual-territory-04,visual-territory-04-E2,"[1529, 264]"
SF024,visual-territory-04,visual-territory-04-E1,"[1462, 278]"
SF025,visual-territory-04,visual-territory-04-E2,"[1561, 342]"
SF026,visual-territory-04,visual-territory-04-E2,"[1559, 224]"
SF027,visual-territory-04,visual-territory-04-E1,"[1481, 334]"
SF028,visual-territory-05,visual-territory-05-E1,"[1556, 356]"
SF029,visual-territory-05,visual-territory-05-E2,"[1645, 382]"
SF030,visual-territory-05,visual-territory-05-E1,"[1593, 418]"
SF031,visual-territory-05,visual-territory-05-E2,"[1612, 327]"
SF032,visual-territory-05,visual-territory-05-E2,"[1600, 372]"
SF033,visual-territory-05,visual-territory-05-E1,"[1574, 323]"
SF034,visual-territory-05,visual-territory-05-E2,"[1628, 413]"
SF035,visual-territory-06,visual-territory-06-E2,"[1378, 444]"
SF036,visual-territory-06,visual-territory-06-E1,"[1288, 457]"
SF037,visual-territory-06,visual-territory-06-E1,"[1325, 385]"
SF038,visual-territory-06,visual-territory-06-E1,"[1349, 501]"
SF039,visual-territory-06,visual-territory-06-E2,"[1429, 473]"
SF040,visual-territory-06,visual-territory-06-E2,"[1404, 396]"
SF041,visual-territory-06,visual-territory-06-E1,"[1331, 433]"
SF042,visual-territory-07,visual-territory-07-E1,"[1446, 427]"
SF043,visual-territory-07,visual-territory-07-E2,"[1525, 467]"
SF044,visual-territory-07,visual-territory-07-E1,"[1437, 486]"
SF045,visual-territory-07,visual-territory-07-E2,"[1494, 389]"
SF046,visual-territory-07,visual-territory-07-E2,"[1502, 431]"
SF047,visual-territory-07,visual-territory-07-E1,"[1428, 454]"
SF048,visual-territory-08,visual-territory-08-E2,"[1554, 399]"
SF049,visual-territory-08,visual-territory-08-E2,"[1546, 482]"
SF050,visual-territory-08,visual-territory-08-E1,"[1495, 388]"
SF051,visual-territory-08,visual-territory-08-E1,"[1515, 438]"
SF052,visual-territory-08,visual-territory-08-E2,"[1555, 356]"
SF053,visual-territory-08,visual-territory-08-E2,"[1562, 441]"
SF054,visual-territory-08,visual-territory-08-E2,"[1591, 414]"
SF055,visual-territory-09,visual-territory-09-E2,"[1111, 527]"
SF056,visual-territory-09,visual-territory-09-E2,"[1131, 577]"
SF057,visual-territory-09,visual-territory-09-E1,"[1049, 579]"
SF058,visual-territory-09,visual-territory-09-E1,"[1091, 600]"
SF059,visual-territory-10,visual-territory-10-E1,"[1135, 546]"
SF060,visual-territory-10,visual-territory-10-E2,"[1226, 420]"
SF061,visual-territory-10,visual-territory-10-E1,"[1152, 462]"
SF062,visual-territory-11,visual-territory-11-E1,"[1205, 570]"
SF063,visual-territory-11,visual-territory-11-E1,"[1214, 594]"
SF064,visual-territory-11,visual-territory-11-E1,"[1267, 565]"
SF065,visual-territory-12,visual-territory-12-E2,"[1310, 547]"
SF066,visual-territory-12,visual-territory-12-E1,"[1215, 528]"
SF067,visual-territory-12,visual-territory-12-E1,"[1288, 458]"
SF068,visual-territory-13,visual-territory-13-E1,"[1284, 605]"
SF069,visual-territory-13,visual-territory-13-E2,"[1337, 563]"
SF070,visual-territory-14,visual-territory-14-E1,"[1360, 505]"
SF071,visual-territory-14,visual-territory-14-E1,"[1383, 561]"
SF072,visual-territory-14,visual-territory-14-E2,"[1448, 513]"
SF073,visual-territory-14,visual-territory-14-E2,"[1407, 472]"
SF074,visual-territory-14,visual-territory-14-E1,"[1337, 546]"
SF075,visual-territory-15,visual-territory-15-E1,"[1424, 583]"
SF076,visual-territory-15,visual-territory-15-E2,"[1478, 521]"
SF077,visual-territory-15,visual-territory-15-E2,"[1481, 620]"
SF078,visual-territory-15,visual-territory-15-E1,"[1369, 619]"
SF079,visual-territory-15,visual-territory-15-E1,"[1365, 560]"
SF080,visual-territory-15,visual-territory-15-E1,"[1427, 531]"
SF081,visual-territory-15,visual-territory-15-E2,"[1434, 629]"
SF082,visual-territory-16,visual-territory-16-E1,"[1522, 613]"
SF083,visual-territory-16,visual-territory-16-E2,"[1620, 533]"
SF084,visual-territory-16,visual-territory-16-E1,"[1520, 510]"
SF085,visual-territory-16,visual-territory-16-E2,"[1611, 670]"
SF086,visual-territory-16,visual-territory-16-E1,"[1466, 568]"
SF087,visual-territory-16,visual-territory-16-E2,"[1560, 551]"
SF088,visual-territory-16,visual-territory-16-E2,"[1572, 500]"
SF089,visual-territory-16,visual-territory-16-E1,"[1514, 565]"
SF090,visual-territory-17,visual-territory-17-E1,"[1006, 635]"
SF091,visual-territory-17,visual-territory-17-E1,"[992, 565]"
SF092,visual-territory-17,visual-territory-17-E1,"[972, 605]"
SF093,visual-territory-18,visual-territory-18-E1,"[1044, 717]"
SF094,visual-territory-18,visual-territory-18-E1,"[1004, 664]"
SF095,visual-territory-19,visual-territory-19-E1,"[1093, 602]"
SF096,visual-territory-19,visual-territory-19-E1,"[1015, 651]"
SF097,visual-territory-19,visual-territory-19-E1,"[1072, 655]"
SF098,visual-territory-19,visual-territory-19-E1,"[1031, 574]"
SF099,visual-territory-20,visual-territory-20-E1,"[1122, 648]"
SF100,visual-territory-20,visual-territory-20-E2,"[1160, 592]"
SF101,visual-territory-21,visual-territory-21-E2,"[1256, 698]"
SF102,visual-territory-21,visual-territory-21-E2,"[1264, 623]"
SF103,visual-territory-21,visual-territory-21-E1,"[1187, 704]"
SF104,visual-territory-21,visual-territory-21-E1,"[1184, 616]"
SF105,visual-territory-21,visual-territory-21-E1,"[1220, 657]"
SF106,visual-territory-22,visual-territory-22-E1,"[1277, 681]"
SF107,visual-territory-22,visual-territory-22-E1,"[1274, 613]"
SF108,visual-territory-22,visual-territory-22-E1,"[1320, 720]"
SF109,visual-territory-22,visual-territory-22-E1,"[1377, 707]"
SF110,visual-territory-23,visual-territory-23-E2,"[1430, 660]"
SF111,visual-territory-23,visual-territory-23-E1,"[1292, 654]"
SF112,visual-territory-23,visual-territory-23-E2,"[1441, 728]"
SF113,visual-territory-23,visual-territory-23-E1,"[1349, 685]"
SF114,visual-territory-23,visual-territory-23-E1,"[1372, 620]"
SF115,visual-territory-23,visual-territory-23-E1,"[1398, 700]"
SF116,visual-territory-24,visual-territory-24-E2,"[1542, 695]"
SF117,visual-territory-24,visual-territory-24-E1,"[1479, 682]"
SF118,visual-territory-24,visual-territory-24-E1,"[1489, 604]"
SF119,visual-territory-24,visual-territory-24-E2,"[1606, 679]"
SF120,visual-territory-24,visual-territory-24-E2,"[1543, 631]"
SF121,visual-territory-25,visual-territory-25-E1,"[998, 752]"
SF122,visual-territory-25,visual-territory-25-E1,"[952, 667]"
SF123,visual-territory-25,visual-territory-25-E1,"[923, 749]"
SF124,visual-territory-26,visual-territory-26-E2,"[1084, 719]"
SF125,visual-territory-26,visual-territory-26-E2,"[1088, 793]"
SF126,visual-territory-27,visual-territory-27-E2,"[1167, 683]"
SF127,visual-territory-27,visual-territory-27-E2,"[1158, 779]"
SF128,visual-territory-27,visual-territory-27-E1,"[1106, 808]"
SF129,visual-territory-27,visual-territory-27-E1,"[1084, 718]"
SF130,visual-territory-28,visual-territory-28-E2,"[1230, 729]"
SF131,visual-territory-28,visual-territory-28-E1,"[1146, 820]"
SF132,visual-territory-29,visual-territory-29-E1,"[1292, 721]"
SF133,visual-territory-29,visual-territory-29-E1,"[1262, 826]"
SF134,visual-territory-29,visual-territory-29-E2,"[1334, 818]"
SF135,visual-territory-30,visual-territory-30-E2,"[1409, 747]"
SF136,visual-territory-30,visual-territory-30-E2,"[1424, 811]"
SF137,visual-territory-30,visual-territory-30-E1,"[1365, 782]"
SF138,visual-territory-30,visual-territory-30-E1,"[1385, 706]"
SF139,visual-territory-31,visual-territory-31-E2,"[1510, 714]"
SF140,visual-territory-31,visual-territory-31-E2,"[1520, 773]"
SF141,visual-territory-31,visual-territory-31-E2,"[1568, 720]"
SF142,visual-territory-31,visual-territory-31-E1,"[1449, 761]"
SF143,visual-territory-32,visual-territory-32-E1,"[1533, 783]"
SF144,visual-territory-32,visual-territory-32-E2,"[1773, 806]"
SF145,visual-territory-33,visual-territory-33-E2,"[188, 178]"
SF146,visual-territory-33,visual-territory-33-E1,"[114, 176]"
SF147,visual-territory-33,visual-territory-33-E1,"[155, 130]"
SF148,visual-territory-33,visual-territory-33-E2,"[220, 216]"
SF149,visual-territory-34,visual-territory-34-E2,"[409, 181]"
SF150,visual-territory-34,visual-territory-34-E1,"[322, 247]"
SF151,visual-territory-34,visual-territory-34-E2,"[384, 239]"
SF152,visual-territory-34,visual-territory-34-E1,"[362, 195]"
SF153,visual-territory-34,visual-territory-34-E1,"[314, 170]"
SF154,visual-territory-35,visual-territory-35-E2,"[467, 184]"
SF155,visual-territory-35,visual-territory-35-E2,"[501, 115]"
SF156,visual-territory-35,visual-territory-35-E1,"[419, 211]"
SF157,visual-territory-35,visual-territory-35-E2,"[503, 217]"
SF158,visual-territory-35,visual-territory-35-E1,"[421, 136]"
SF159,visual-territory-36,visual-territory-36-E1,"[566, 184]"
SF160,visual-territory-36,visual-territory-36-E1,"[585, 113]"
SF161,visual-territory-36,visual-territory-36-E1,"[505, 213]"
SF162,visual-territory-36,visual-territory-36-E1,"[513, 139]"
SF163,visual-territory-37,visual-territory-37-E1,"[592, 183]"
SF164,visual-territory-37,visual-territory-37-E1,"[665, 186]"
SF165,visual-territory-37,visual-territory-37-E1,"[627, 212]"
SF166,visual-territory-37,visual-territory-37-E1,"[630, 155]"
SF167,visual-territory-38,visual-territory-38-E2,"[216, 241]"
SF168,visual-territory-38,visual-territory-38-E1,"[40, 300]"
SF169,visual-territory-38,visual-territory-38-E1,"[143, 299]"
SF170,visual-territory-38,visual-territory-38-E1,"[113, 218]"
SF171,visual-territory-38,visual-territory-38-E2,"[218, 320]"
SF172,visual-territory-38,visual-territory-38-E1,"[57, 242]"
SF173,visual-territory-38,visual-territory-38-E1,"[161, 246]"
SF174,visual-territory-39,visual-territory-39-E2,"[285, 225]"
SF175,visual-territory-39,visual-territory-39-E1,"[222, 214]"
SF176,visual-territory-39,visual-territory-39-E2,"[290, 169]"
SF177,visual-territory-39,visual-territory-39-E1,"[233, 156]"
SF178,visual-territory-39,visual-territory-39-E1,"[247, 260]"
SF179,visual-territory-40,visual-territory-40-E1,"[314, 341]"
SF180,visual-territory-40,visual-territory-40-E1,"[295, 273]"
SF181,visual-territory-41,visual-territory-41-E1,"[407, 239]"
SF182,visual-territory-41,visual-territory-41-E2,"[477, 230]"
SF183,visual-territory-41,visual-territory-41-E2,"[447, 270]"
SF184,visual-territory-41,visual-territory-41-E1,"[372, 307]"
SF185,visual-territory-41,visual-territory-41-E1,"[363, 260]"
SF186,visual-territory-42,visual-territory-42-E1,"[528, 247]"
SF187,visual-territory-42,visual-territory-42-E1,"[512, 307]"
SF188,visual-territory-42,visual-territory-42-E1,"[491, 270]"
SF189,visual-territory-42,visual-territory-42-E1,"[482, 227]"
SF190,visual-territory-42,visual-territory-42-E1,"[540, 281]"
SF191,visual-territory-43,visual-territory-43-E1,"[514, 216]"
SF192,visual-territory-43,visual-territory-43-E1,"[584, 208]"
SF193,visual-territory-43,visual-territory-43-E1,"[539, 267]"
SF194,visual-territory-43,visual-territory-43-E1,"[594, 279]"
SF195,visual-territory-43,visual-territory-43-E1,"[551, 229]"
SF196,visual-territory-44,visual-territory-44-E2,"[206, 318]"
SF197,visual-territory-44,visual-territory-44-E1,"[79, 358]"
SF198,visual-territory-44,visual-territory-44-E2,"[192, 397]"
SF199,visual-territory-45,visual-territory-45-E1,"[228, 327]"
SF200,visual-territory-45,visual-territory-45-E2,"[313, 322]"
SF201,visual-territory-45,visual-territory-45-E1,"[266, 271]"
SF202,visual-territory-45,visual-territory-45-E2,"[274, 377]"
SF203,visual-territory-46,visual-territory-46-E1,"[329, 355]"
SF204,visual-territory-46,visual-territory-46-E1,"[380, 335]"
SF205,visual-territory-46,visual-territory-46-E2,"[402, 323]"
SF206,visual-territory-46,visual-territory-46-E1,"[355, 338]"
SF207,visual-territory-46,visual-territory-46-E1,"[380, 309]"
SF208,visual-territory-47,visual-territory-47-E2,"[497, 343]"
SF209,visual-territory-47,visual-territory-47-E2,"[473, 372]"
SF210,visual-territory-47,visual-territory-47-E1,"[406, 291]"
SF211,visual-territory-47,visual-territory-47-E2,"[476, 275]"
SF212,visual-territory-47,visual-territory-47-E1,"[426, 343]"
SF213,visual-territory-47,visual-territory-47-E1,"[461, 316]"
SF214,visual-territory-47,visual-territory-47-E2,"[508, 303]"
SF215,visual-territory-48,visual-territory-48-E1,"[150, 377]"
SF216,visual-territory-48,visual-territory-48-E1,"[143, 451]"
SF217,visual-territory-49,visual-territory-49-E2,"[258, 400]"
SF218,visual-territory-49,visual-territory-49-E1,"[195, 431]"
SF219,visual-territory-49,visual-territory-49-E1,"[208, 375]"
SF220,visual-territory-49,visual-territory-49-E2,"[292, 377]"
SF221,visual-territory-50,visual-territory-50-E1,"[270, 455]"
SF222,visual-territory-50,visual-territory-50-E2,"[332, 525]"
SF223,visual-territory-51,visual-territory-51-E1,"[308, 456]"
SF224,visual-territory-52,visual-territory-52-E1,"[519, 387]"
SF225,visual-territory-53,visual-territory-53-E1,"[767, 429]"
SF226,visual-territory-53,visual-territory-53-E1,"[741, 455]"
SF227,visual-territory-53,visual-territory-53-E2,"[816, 376]"
SF228,visual-territory-53,visual-territory-53-E2,"[831, 438]"
SF229,visual-territory-53,visual-territory-53-E1,"[693, 430]"
SF230,visual-territory-53,visual-territory-53-E1,"[762, 375]"
SF231,visual-territory-53,visual-territory-53-E2,"[793, 475]"
SF232,visual-territory-53,visual-territory-53-E2,"[802, 412]"
SF233,visual-territory-54,visual-territory-54-E2,"[884, 471]"
SF234,visual-territory-54,visual-territory-54-E1,"[821, 497]"
SF235,visual-territory-54,visual-territory-54-E1,"[862, 457]"
SF236,visual-territory-54,visual-territory-54-E2,"[914, 536]"
SF237,visual-territory-54,visual-territory-54-E2,"[893, 400]"
SF238,visual-territory-54,visual-territory-54-E2,"[924, 440]"
SF239,visual-territory-54,visual-territory-54-E1,"[843, 413]"
SF240,visual-territory-54,visual-territory-54-E1,"[817, 453]"
SF241,visual-territory-54,visual-territory-54-E2,"[923, 495]"
SF242,visual-territory-55,visual-territory-55-E1,"[925, 463]"
SF243,visual-territory-55,visual-territory-55-E1,"[1064, 371]"
SF244,visual-territory-55,visual-territory-55-E1,"[1005, 433]"
SF245,visual-territory-55,visual-territory-55-E1,"[956, 417]"
SF246,visual-territory-55,visual-territory-55-E1,"[1022, 380]"
SF247,visual-territory-56,visual-territory-56-E2,"[710, 529]"
SF248,visual-territory-56,visual-territory-56-E1,"[572, 557]"
SF249,visual-territory-56,visual-territory-56-E2,"[693, 434]"
SF250,visual-territory-57,visual-territory-57-E1,"[673, 564]"
SF251,visual-territory-57,visual-territory-57-E2,"[740, 560]"
SF252,visual-territory-57,visual-territory-57-E1,"[666, 622]"
SF253,visual-territory-57,visual-territory-57-E2,"[733, 627]"
SF254,visual-territory-57,visual-territory-57-E1,"[622, 583]"
SF255,visual-territory-58,visual-territory-58-E1,"[745, 480]"
SF256,visual-territory-58,visual-territory-58-E2,"[821, 553]"
SF257,visual-territory-58,visual-territory-58-E1,"[765, 495]"
SF258,visual-territory-58,visual-territory-58-E1,"[739, 559]"
SF259,visual-territory-58,visual-territory-58-E1,"[779, 538]"
SF260,visual-territory-58,visual-territory-58-E1,"[722, 518]"
SF261,visual-territory-58,visual-territory-58-E2,"[838, 594]"
SF262,visual-territory-58,visual-territory-58-E2,"[863, 559]"
SF263,visual-territory-59,visual-territory-59-E1,"[624, 653]"
SF264,visual-territory-59,visual-territory-59-E1,"[653, 682]"
SF265,visual-territory-59,visual-territory-59-E1,"[606, 678]"
SF266,visual-territory-60,visual-territory-60-E2,"[250, 554]"
SF267,visual-territory-60,visual-territory-60-E2,"[231, 534]"
SF268,visual-territory-60,visual-territory-60-E1,"[181, 477]"
SF269,visual-territory-60,visual-territory-60-E1,"[171, 553]"
SF270,visual-territory-60,visual-territory-60-E1,"[214, 634]"
SF271,visual-territory-60,visual-territory-60-E2,"[285, 520]"
SF272,visual-territory-60,visual-territory-60-E1,"[215, 586]"
SF273,visual-territory-60,visual-territory-60-E1,"[179, 610]"
SF274,visual-territory-61,visual-territory-61-E1,"[281, 574]"
SF275,visual-territory-61,visual-territory-61-E1,"[285, 600]"
SF276,visual-territory-61,visual-territory-61-E2,"[341, 539]"
SF277,visual-territory-61,visual-territory-61-E1,"[227, 649]"
SF278,visual-territory-61,visual-territory-61-E2,"[287, 520]"
SF279,visual-territory-61,visual-territory-61-E1,"[277, 649]"
SF280,visual-territory-61,visual-territory-61-E1,"[240, 605]"
SF281,visual-territory-62,visual-territory-62-E1,"[312, 665]"
SF282,visual-territory-62,visual-territory-62-E2,"[417, 760]"
SF283,visual-territory-62,visual-territory-62-E2,"[404, 678]"
SF284,visual-territory-62,visual-territory-62-E1,"[302, 751]"
SF285,visual-territory-62,visual-territory-62-E2,"[365, 728]"
SF286,visual-territory-62,visual-territory-62-E2,"[359, 659]"
SF287,visual-territory-63,visual-territory-63-E2,"[458, 647]"
SF288,visual-territory-63,visual-territory-63-E2,"[404, 581]"
SF289,visual-territory-63,visual-territory-63-E2,"[380, 671]"
SF290,visual-territory-63,visual-territory-63-E1,"[326, 604]"
SF291,visual-territory-63,visual-territory-63-E1,"[352, 545]"
SF292,visual-territory-63,visual-territory-63-E2,"[372, 615]"
SF293,visual-territory-64,visual-territory-64-E1,"[657, 295]"
SF294,visual-territory-64,visual-territory-64-E1,"[692, 277]"
SF295,visual-territory-64,visual-territory-64-E1,"[686, 320]"
SF296,visual-territory-64,visual-territory-64-E2,"[830, 217]"
SF297,visual-territory-64,visual-territory-64-E2,"[710, 179]"
SF298,visual-territory-64,visual-territory-64-E2,"[772, 283]"
SF299,visual-territory-64,visual-territory-64-E2,"[774, 185]"
SF300,visual-territory-64,visual-territory-64-E1,"[654, 247]"
SF301,visual-territory-65,visual-territory-65-E1,"[536, 328]"
SF302,visual-territory-65,visual-territory-65-E2,"[673, 342]"
SF303,visual-territory-65,visual-territory-65-E2,"[625, 258]"
SF304,visual-territory-65,visual-territory-65-E1,"[602, 380]"
SF305,visual-territory-65,visual-territory-65-E1,"[599, 316]"
SF306,visual-territory-65,visual-territory-65-E2,"[654, 297]"
SF307,visual-territory-66,visual-territory-66-E1,"[934, 345]"
SF308,visual-territory-66,visual-territory-66-E2,"[988, 343]"
SF309,visual-territory-66,visual-territory-66-E1,"[943, 177]"
SF310,visual-territory-66,visual-territory-66-E2,"[954, 330]"
SF311,visual-territory-66,visual-territory-66-E2,"[977, 320]"
SF312,visual-territory-66,visual-territory-66-E2,"[1092, 327]"
SF313,visual-territory-66,visual-territory-66-E1,"[910, 403]"
SF314,visual-territory-67,visual-territory-67-E1,"[496, 698]"
SF315,visual-territory-67,visual-territory-67-E2,"[511, 718]"
SF316,visual-territory-67,visual-territory-67-E1,"[398, 708]"
SF317,visual-territory-67,visual-territory-67-E1,"[448, 791]"
SF318,visual-territory-67,visual-territory-67-E2,"[562, 755]"
SF319,visual-territory-68,visual-territory-68-E1,"[432, 572]"
SF320,visual-territory-68,visual-territory-68-E2,"[576, 622]"
SF321,visual-territory-68,visual-territory-68-E2,"[496, 620]"
SF322,visual-territory-68,visual-territory-68-E1,"[494, 558]"
SF323,visual-territory-68,visual-territory-68-E1,"[444, 512]"
SF324,visual-territory-69,visual-territory-69-E1,"[200, 692]"
SF325,visual-territory-69,visual-territory-69-E1,"[109, 745]"
SF326,visual-territory-69,visual-territory-69-E1,"[253, 756]"
SF327,visual-territory-69,visual-territory-69-E1,"[152, 638]"
SF328,visual-territory-70,visual-territory-70-E1,"[1209, 250]"
SF329,visual-territory-70,visual-territory-70-E1,"[1101, 309]"
SF330,visual-territory-70,visual-territory-70-E1,"[1288, 164]"
OPEN-01-GRAIN,visual-territory-01,visual-territory-01-E1,"[1583.0, 275.5]"
OPEN-RES098,visual-territory-01,visual-territory-01-E1,"[1553, 305]"
SERVICE-visual-territory-01-E1-36,visual-territory-01,visual-territory-01-E1,"[1583.0, 275.5]"
SERVICE-visual-territory-01-E1-31,visual-territory-01,visual-territory-01-E1,"[1583.0, 275.5]"
SERVICE-visual-territory-01-E1-35,visual-territory-01,visual-territory-01-E1,"[1583.0, 275.5]"
POWER-01-10,visual-territory-01,visual-territory-01-E1,"[1583.0, 275.5]"
POWER-01-11,visual-territory-01,visual-territory-01-E1,"[1583.0, 275.5]"
POWER-01-23,visual-territory-01,visual-territory-01-E1,"[1583.0, 275.5]"
POWER-01-13,visual-territory-01,visual-territory-01-E1,"[1583.0, 275.5]"
GATE-01,visual-territory-01,visual-territory-01-E1,"[1592.5, 231.5]"
WAREHOUSE-01,visual-territory-01,visual-territory-01-E1,"[1583.0, 275.5]"
OPEN-02-GRAIN,visual-territory-02,visual-territory-02-E1,"[1639.0, 292.5]"
OPEN-02-REFINED_FUEL,visual-territory-02,visual-territory-02-E1,"[1639.0, 292.5]"
SERVICE-visual-territory-02-E1-36,visual-territory-02,visual-territory-02-E1,"[1639.0, 292.5]"
SERVICE-visual-territory-02-E1-31,visual-territory-02,visual-territory-02-E1,"[1639.0, 292.5]"
SERVICE-visual-territory-02-E1-35,visual-territory-02,visual-territory-02-E1,"[1639.0, 292.5]"
POWER-02-10,visual-territory-02,visual-territory-02-E1,"[1639.0, 292.5]"
POWER-02-11,visual-territory-02,visual-territory-02-E1,"[1639.0, 292.5]"
POWER-02-23,visual-territory-02,visual-territory-02-E1,"[1639.0, 292.5]"
POWER-02-13,visual-territory-02,visual-territory-02-E1,"[1639.0, 292.5]"
GATE-02,visual-territory-02,visual-territory-02-E1,"[1683.5, 282.0]"
WAREHOUSE-02,visual-territory-02,visual-territory-02-E1,"[1639.0, 292.5]"
OPEN-RES102,visual-territory-03,visual-territory-03-E2,"[1478, 398]"
OPEN-03-GRAIN,visual-territory-03,visual-territory-03-E2,"[1473.25, 375.5]"
OPEN-03-MACHINERY,visual-territory-03,visual-territory-03-E2,"[1473.25, 375.5]"
SERVICE-visual-territory-03-E1-36,visual-territory-03,visual-territory-03-E1,"[1436.75, 370.0]"
SERVICE-visual-territory-03-E1-31,visual-territory-03,visual-territory-03-E1,"[1436.75, 370.0]"
SERVICE-visual-territory-03-E1-35,visual-territory-03,visual-territory-03-E1,"[1436.75, 370.0]"
SERVICE-visual-territory-03-E2-36,visual-territory-03,visual-territory-03-E2,"[1473.25, 375.5]"
SERVICE-visual-territory-03-E2-31,visual-territory-03,visual-territory-03-E2,"[1473.25, 375.5]"
SERVICE-visual-territory-03-E2-35,visual-territory-03,visual-territory-03-E2,"[1473.25, 375.5]"
POWER-03-10,visual-territory-03,visual-territory-03-E2,"[1473.25, 375.5]"
POWER-03-11,visual-territory-03,visual-territory-03-E2,"[1473.25, 375.5]"
POWER-03-23,visual-territory-03,visual-territory-03-E2,"[1473.25, 375.5]"
POWER-03-13,visual-territory-03,visual-territory-03-E2,"[1473.25, 375.5]"
GATE-03,visual-territory-03,visual-territory-03-E1,"[1402.5, 384.5]"
WAREHOUSE-03,visual-territory-03,visual-territory-03-E2,"[1473.25, 375.5]"
OPEN-04-GRAIN,visual-territory-04,visual-territory-04-E1,"[1509.75, 319.0]"
OPEN-04-STEEL,visual-territory-04,visual-territory-04-E1,"[1509.75, 319.0]"
SERVICE-visual-territory-04-E1-36,visual-territory-04,visual-territory-04-E1,"[1509.75, 319.0]"
SERVICE-visual-territory-04-E1-31,visual-territory-04,visual-territory-04-E1,"[1509.75, 319.0]"
SERVICE-visual-territory-04-E1-35,visual-territory-04,visual-territory-04-E1,"[1509.75, 319.0]"
SERVICE-visual-territory-04-E2-36,visual-territory-04,visual-territory-04-E2,"[1535.75, 295.0]"
SERVICE-visual-territory-04-E2-31,visual-territory-04,visual-territory-04-E2,"[1535.75, 295.0]"
SERVICE-visual-territory-04-E2-35,visual-territory-04,visual-territory-04-E2,"[1535.75, 295.0]"
POWER-04-10,visual-territory-04,visual-territory-04-E1,"[1509.75, 319.0]"
POWER-04-11,visual-territory-04,visual-territory-04-E1,"[1509.75, 319.0]"
POWER-04-23,visual-territory-04,visual-territory-04-E1,"[1509.75, 319.0]"
POWER-04-13,visual-territory-04,visual-territory-04-E1,"[1509.75, 319.0]"
GATE-04,visual-territory-04,visual-territory-04-E2,"[1563.5, 230.5]"
WAREHOUSE-04,visual-territory-04,visual-territory-04-E1,"[1509.75, 319.0]"
OPEN-RES109,visual-territory-05,visual-territory-05-E1,"[1593, 418]"
OPEN-05-GRAIN,visual-territory-05,visual-territory-05-E1,"[1579.25, 366.5]"
SERVICE-visual-territory-05-E1-36,visual-territory-05,visual-territory-05-E1,"[1579.25, 366.5]"
SERVICE-visual-territory-05-E1-31,visual-territory-05,visual-territory-05-E1,"[1579.25, 366.5]"
SERVICE-visual-territory-05-E1-35,visual-territory-05,visual-territory-05-E1,"[1579.25, 366.5]"
SERVICE-visual-territory-05-E2-36,visual-territory-05,visual-territory-05-E2,"[1607.75, 367.5]"
SERVICE-visual-territory-05-E2-31,visual-territory-05,visual-territory-05-E2,"[1607.75, 367.5]"
SERVICE-visual-territory-05-E2-35,visual-territory-05,visual-territory-05-E2,"[1607.75, 367.5]"
POWER-05-10,visual-territory-05,visual-territory-05-E1,"[1579.25, 366.5]"
POWER-05-11,visual-territory-05,visual-territory-05-E1,"[1579.25, 366.5]"
POWER-05-23,visual-territory-05,visual-territory-05-E1,"[1579.25, 366.5]"
POWER-05-13,visual-territory-05,visual-territory-05-E1,"[1579.25, 366.5]"
GATE-05,visual-territory-05,visual-territory-05-E2,"[1639.5, 386.0]"
WAREHOUSE-05,visual-territory-05,visual-territory-05-E1,"[1579.25, 366.5]"
OPEN-RES112,visual-territory-06,visual-territory-06-E1,"[1325, 385]"
OPEN-06-GRAIN,visual-territory-06,visual-territory-06-E2,"[1399.25, 435.5]"
SERVICE-visual-territory-06-E1-36,visual-territory-06,visual-territory-06-E1,"[1347.75, 441.0]"
SERVICE-visual-territory-06-E1-31,visual-territory-06,visual-territory-06-E1,"[1347.75, 441.0]"
SERVICE-visual-territory-06-E1-35,visual-territory-06,visual-territory-06-E1,"[1347.75, 441.0]"
SERVICE-visual-territory-06-E2-36,visual-territory-06,visual-territory-06-E2,"[1399.25, 435.5]"
SERVICE-visual-territory-06-E2-31,visual-territory-06,visual-territory-06-E2,"[1399.25, 435.5]"
SERVICE-visual-territory-06-E2-35,visual-territory-06,visual-territory-06-E2,"[1399.25, 435.5]"
POWER-06-10,visual-territory-06,visual-territory-06-E2,"[1399.25, 435.5]"
POWER-06-11,visual-territory-06,visual-territory-06-E2,"[1399.25, 435.5]"
POWER-06-23,visual-territory-06,visual-territory-06-E2,"[1399.25, 435.5]"
POWER-06-13,visual-territory-06,visual-territory-06-E2,"[1399.25, 435.5]"
GATE-06,visual-territory-06,visual-territory-06-E2,"[1385.5, 398.5]"
WAREHOUSE-06,visual-territory-06,visual-territory-06-E2,"[1399.25, 435.5]"
OPEN-RES115,visual-territory-07,visual-territory-07-E1,"[1437, 486]"
OPEN-07-GRAIN,visual-territory-07,visual-territory-07-E2,"[1491.25, 427.5]"
OPEN-07-SEMICONDUCTORS,visual-territory-07,visual-territory-07-E2,"[1491.25, 427.5]"
SERVICE-visual-territory-07-E1-36,visual-territory-07,visual-territory-07-E1,"[1450.25, 444.5]"
SERVICE-visual-territory-07-E1-31,visual-territory-07,visual-territory-07-E1,"[1450.25, 444.5]"
SERVICE-visual-territory-07-E1-35,visual-territory-07,visual-territory-07-E1,"[1450.25, 444.5]"
SERVICE-visual-territory-07-E2-36,visual-territory-07,visual-territory-07-E2,"[1491.25, 427.5]"
SERVICE-visual-territory-07-E2-31,visual-territory-07,visual-territory-07-E2,"[1491.25, 427.5]"
SERVICE-visual-territory-07-E2-35,visual-territory-07,visual-territory-07-E2,"[1491.25, 427.5]"
POWER-07-10,visual-territory-07,visual-territory-07-E2,"[1491.25, 427.5]"
POWER-07-11,visual-territory-07,visual-territory-07-E2,"[1491.25, 427.5]"
POWER-07-23,visual-territory-07,visual-territory-07-E2,"[1491.25, 427.5]"
POWER-07-13,visual-territory-07,visual-territory-07-E2,"[1491.25, 427.5]"
GATE-07,visual-territory-07,visual-territory-07-E2,"[1479.0, 467.5]"
WAREHOUSE-07,visual-territory-07,visual-territory-07-E2,"[1491.25, 427.5]"
OPEN-08-GRAIN,visual-territory-08,visual-territory-08-E1,"[1523.25, 419.5]"
OPEN-08-SEMICONDUCTORS,visual-territory-08,visual-territory-08-E1,"[1523.25, 419.5]"
SERVICE-visual-territory-08-E1-36,visual-territory-08,visual-territory-08-E1,"[1523.25, 419.5]"
SERVICE-visual-territory-08-E1-31,visual-territory-08,visual-territory-08-E1,"[1523.25, 419.5]"
SERVICE-visual-territory-08-E1-35,visual-territory-08,visual-territory-08-E1,"[1523.25, 419.5]"
SERVICE-visual-territory-08-E2-36,visual-territory-08,visual-territory-08-E2,"[1566.25, 419.0]"
SERVICE-visual-territory-08-E2-31,visual-territory-08,visual-territory-08-E2,"[1566.25, 419.0]"
SERVICE-visual-territory-08-E2-35,visual-territory-08,visual-territory-08-E2,"[1566.25, 419.0]"
POWER-08-10,visual-territory-08,visual-territory-08-E1,"[1523.25, 419.5]"
POWER-08-11,visual-territory-08,visual-territory-08-E1,"[1523.25, 419.5]"
POWER-08-23,visual-territory-08,visual-territory-08-E1,"[1523.25, 419.5]"
POWER-08-13,visual-territory-08,visual-territory-08-E1,"[1523.25, 419.5]"
GATE-08,visual-territory-08,visual-territory-08-E2,"[1557.5, 456.5]"
WAREHOUSE-08,visual-territory-08,visual-territory-08-E1,"[1523.25, 419.5]"
OPEN-RES42,visual-territory-09,visual-territory-09-E2,"[1111, 527]"
OPEN-09-GRAIN,visual-territory-09,visual-territory-09-E1,"[1079.75, 550.5]"
OPEN-RES120,visual-territory-09,visual-territory-09-E1,"[1091, 600]"
OPEN-09-STEEL,visual-territory-09,visual-territory-09-E1,"[1079.75, 550.5]"
SERVICE-visual-territory-09-E1-36,visual-territory-09,visual-territory-09-E1,"[1079.75, 550.5]"
SERVICE-visual-territory-09-E1-31,visual-territory-09,visual-territory-09-E1,"[1079.75, 550.5]"
SERVICE-visual-territory-09-E1-35,visual-territory-09,visual-territory-09-E1,"[1079.75, 550.5]"
SERVICE-visual-territory-09-E2-36,visual-territory-09,visual-territory-09-E2,"[1121.75, 557.0]"
SERVICE-visual-territory-09-E2-31,visual-territory-09,visual-territory-09-E2,"[1121.75, 557.0]"
SERVICE-visual-territory-09-E2-35,visual-territory-09,visual-territory-09-E2,"[1121.75, 557.0]"
POWER-09-10,visual-territory-09,visual-territory-09-E1,"[1079.75, 550.5]"
POWER-09-11,visual-territory-09,visual-territory-09-E1,"[1079.75, 550.5]"
POWER-09-23,visual-territory-09,visual-territory-09-E1,"[1079.75, 550.5]"
POWER-09-13,visual-territory-09,visual-territory-09-E1,"[1079.75, 550.5]"
GATE-09,visual-territory-09,visual-territory-09-E1,"[1066.5, 546.5]"
WAREHOUSE-09,visual-territory-09,visual-territory-09-E1,"[1079.75, 550.5]"
OPEN-RES123,visual-territory-10,visual-territory-10-E1,"[1152, 462]"
OPEN-RES122,visual-territory-10,visual-territory-10-E2,"[1226, 420]"
OPEN-10-GRAIN,visual-territory-10,visual-territory-10-E1,"[1132.75, 517.0]"
OPEN-RES124,visual-territory-10,visual-territory-10-E2,"[1208, 550]"
OPEN-10-REFINED_FUEL,visual-territory-10,visual-territory-10-E1,"[1132.75, 517.0]"
OPEN-10-BATTERIES,visual-territory-10,visual-territory-10-E1,"[1132.75, 517.0]"
SERVICE-visual-territory-10-E1-36,visual-territory-10,visual-territory-10-E1,"[1132.75, 517.0]"
SERVICE-visual-territory-10-E1-31,visual-territory-10,visual-territory-10-E1,"[1132.75, 517.0]"
SERVICE-visual-territory-10-E1-35,visual-territory-10,visual-territory-10-E1,"[1132.75, 517.0]"
SERVICE-visual-territory-10-E2-36,visual-territory-10,visual-territory-10-E2,"[1202.5, 445.0]"
SERVICE-visual-territory-10-E2-31,visual-territory-10,visual-territory-10-E2,"[1202.5, 445.0]"
SERVICE-visual-territory-10-E2-35,visual-territory-10,visual-territory-10-E2,"[1202.5, 445.0]"
POWER-10-10,visual-territory-10,visual-territory-10-E1,"[1132.75, 517.0]"
POWER-10-11,visual-territory-10,visual-territory-10-E1,"[1132.75, 517.0]"
POWER-10-23,visual-territory-10,visual-territory-10-E1,"[1132.75, 517.0]"
POWER-10-13,visual-territory-10,visual-territory-10-E1,"[1132.75, 517.0]"
GATE-10,visual-territory-10,visual-territory-10-E1,"[1149.5, 485.5]"
WAREHOUSE-10,visual-territory-10,visual-territory-10-E1,"[1132.75, 517.0]"
OPEN-RES24,visual-territory-11,visual-territory-11-E1,"[1205, 570]"
OPEN-11-GRAIN,visual-territory-11,visual-territory-11-E1,"[1198.0, 581.0]"
OPEN-RES125,visual-territory-11,visual-territory-11-E1,"[1267, 565]"
OPEN-RES60,visual-territory-11,visual-territory-11-E1,"[1214, 594]"
OPEN-11-BATTERIES,visual-territory-11,visual-territory-11-E1,"[1198.0, 581.0]"
SERVICE-visual-territory-11-E1-36,visual-territory-11,visual-territory-11-E1,"[1198.0, 581.0]"
SERVICE-visual-territory-11-E1-31,visual-territory-11,visual-territory-11-E1,"[1198.0, 581.0]"
SERVICE-visual-territory-11-E1-35,visual-territory-11,visual-territory-11-E1,"[1198.0, 581.0]"
POWER-11-10,visual-territory-11,visual-territory-11-E1,"[1198.0, 581.0]"
POWER-11-11,visual-territory-11,visual-territory-11-E1,"[1198.0, 581.0]"
POWER-11-23,visual-territory-11,visual-territory-11-E1,"[1198.0, 581.0]"
POWER-11-13,visual-territory-11,visual-territory-11-E1,"[1198.0, 581.0]"
GATE-11,visual-territory-11,visual-territory-11-E1,"[1222.5, 547.5]"
WAREHOUSE-11,visual-territory-11,visual-territory-11-E1,"[1198.0, 581.0]"
OPEN-RES127,visual-territory-12,visual-territory-12-E1,"[1215, 528]"
OPEN-12-SEMICONDUCTORS,visual-territory-12,visual-territory-12-E1,"[1269.25, 522.0]"
OPEN-12-BATTERIES,visual-territory-12,visual-territory-12-E1,"[1269.25, 522.0]"
SERVICE-visual-territory-12-E1-36,visual-territory-12,visual-territory-12-E1,"[1269.25, 522.0]"
SERVICE-visual-territory-12-E1-31,visual-territory-12,visual-territory-12-E1,"[1269.25, 522.0]"
SERVICE-visual-territory-12-E1-35,visual-territory-12,visual-territory-12-E1,"[1269.25, 522.0]"
SERVICE-visual-territory-12-E2-36,visual-territory-12,visual-territory-12-E2,"[1321.75, 511.0]"
SERVICE-visual-territory-12-E2-31,visual-territory-12,visual-territory-12-E2,"[1321.75, 511.0]"
SERVICE-visual-territory-12-E2-35,visual-territory-12,visual-territory-12-E2,"[1321.75, 511.0]"
POWER-12-10,visual-territory-12,visual-territory-12-E1,"[1269.25, 522.0]"
POWER-12-11,visual-territory-12,visual-territory-12-E1,"[1269.25, 522.0]"
POWER-12-23,visual-territory-12,visual-territory-12-E1,"[1269.25, 522.0]"
POWER-12-13,visual-territory-12,visual-territory-12-E1,"[1269.25, 522.0]"
GATE-12,visual-territory-12,visual-territory-12-E1,"[1239.5, 524.0]"
WAREHOUSE-12,visual-territory-12,visual-territory-12-E1,"[1269.25, 522.0]"
OPEN-RES93,visual-territory-13,visual-territory-13-E2,"[1327, 615]"
OPEN-13-GRAIN,visual-territory-13,visual-territory-13-E1,"[1294.25, 598.0]"
OPEN-RES52,visual-territory-13,visual-territory-13-E1,"[1303, 622]"
OPEN-RES25,visual-territory-13,visual-territory-13-E1,"[1284, 605]"
OPEN-RES51,visual-territory-13,visual-territory-13-E2,"[1337, 563]"
OPEN-13-STEEL,visual-territory-13,visual-territory-13-E1,"[1294.25, 598.0]"
OPEN-13-SEMICONDUCTORS,visual-territory-13,visual-territory-13-E1,"[1294.25, 598.0]"
OPEN-13-BATTERIES,visual-territory-13,visual-territory-13-E1,"[1294.25, 598.0]"
SERVICE-visual-territory-13-E1-36,visual-territory-13,visual-territory-13-E1,"[1294.25, 598.0]"
SERVICE-visual-territory-13-E1-31,visual-territory-13,visual-territory-13-E1,"[1294.25, 598.0]"
SERVICE-visual-territory-13-E1-35,visual-territory-13,visual-territory-13-E1,"[1294.25, 598.0]"
SERVICE-visual-territory-13-E2-36,visual-territory-13,visual-territory-13-E2,"[1350.25, 592.5]"
SERVICE-visual-territory-13-E2-31,visual-territory-13,visual-territory-13-E2,"[1350.25, 592.5]"
SERVICE-visual-territory-13-E2-35,visual-territory-13,visual-territory-13-E2,"[1350.25, 592.5]"
POWER-13-10,visual-territory-13,visual-territory-13-E1,"[1294.25, 598.0]"
POWER-13-11,visual-territory-13,visual-territory-13-E1,"[1294.25, 598.0]"
POWER-13-23,visual-territory-13,visual-territory-13-E1,"[1294.25, 598.0]"
POWER-13-13,visual-territory-13,visual-territory-13-E1,"[1294.25, 598.0]"
GATE-13,visual-territory-13,visual-territory-13-E1,"[1294.25, 598.0]"
WAREHOUSE-13,visual-territory-13,visual-territory-13-E1,"[1294.25, 598.0]"
OPEN-RES131,visual-territory-14,visual-territory-14-E2,"[1407, 472]"
OPEN-14-GRAIN,visual-territory-14,visual-territory-14-E2,"[1419.75, 515.0]"
OPEN-14-STEEL,visual-territory-14,visual-territory-14-E2,"[1419.75, 515.0]"
SERVICE-visual-territory-14-E1-36,visual-territory-14,visual-territory-14-E1,"[1369.75, 521.0]"
SERVICE-visual-territory-14-E1-31,visual-territory-14,visual-territory-14-E1,"[1369.75, 521.0]"
SERVICE-visual-territory-14-E1-35,visual-territory-14,visual-territory-14-E1,"[1369.75, 521.0]"
SERVICE-visual-territory-14-E2-36,visual-territory-14,visual-territory-14-E2,"[1419.75, 515.0]"
SERVICE-visual-territory-14-E2-31,visual-territory-14,visual-territory-14-E2,"[1419.75, 515.0]"
SERVICE-visual-territory-14-E2-35,visual-territory-14,visual-territory-14-E2,"[1419.75, 515.0]"
POWER-14-10,visual-territory-14,visual-territory-14-E2,"[1419.75, 515.0]"
POWER-14-11,visual-territory-14,visual-territory-14-E2,"[1419.75, 515.0]"
POWER-14-23,visual-territory-14,visual-territory-14-E2,"[1419.75, 515.0]"
POWER-14-13,visual-territory-14,visual-territory-14-E2,"[1419.75, 515.0]"
GATE-14,visual-territory-14,visual-territory-14-E2,"[1438.5, 503.5]"
WAREHOUSE-14,visual-territory-14,visual-territory-14-E2,"[1419.75, 515.0]"
OPEN-RES132,visual-territory-15,visual-territory-15-E2,"[1478, 521]"
OPEN-15-GRAIN,visual-territory-15,visual-territory-15-E2,"[1445.75, 573.0]"
OPEN-15-BATTERIES,visual-territory-15,visual-territory-15-E2,"[1445.75, 573.0]"
SERVICE-visual-territory-15-E1-36,visual-territory-15,visual-territory-15-E1,"[1401.75, 578.5]"
SERVICE-visual-territory-15-E1-31,visual-territory-15,visual-territory-15-E1,"[1401.75, 578.5]"
SERVICE-visual-territory-15-E1-35,visual-territory-15,visual-territory-15-E1,"[1401.75, 578.5]"
SERVICE-visual-territory-15-E2-36,visual-territory-15,visual-territory-15-E2,"[1445.75, 573.0]"
SERVICE-visual-territory-15-E2-31,visual-territory-15,visual-territory-15-E2,"[1445.75, 573.0]"
SERVICE-visual-territory-15-E2-35,visual-territory-15,visual-territory-15-E2,"[1445.75, 573.0]"
POWER-15-10,visual-territory-15,visual-territory-15-E2,"[1445.75, 573.0]"
POWER-15-11,visual-territory-15,visual-territory-15-E2,"[1445.75, 573.0]"
POWER-15-23,visual-territory-15,visual-territory-15-E2,"[1445.75, 573.0]"
POWER-15-13,visual-territory-15,visual-territory-15-E2,"[1445.75, 573.0]"
GATE-15,visual-territory-15,visual-territory-15-E2,"[1480.5, 540.5377358490566]"
WAREHOUSE-15,visual-territory-15,visual-territory-15-E2,"[1445.75, 573.0]"
OPEN-16-GRAIN,visual-territory-16,visual-territory-16-E1,"[1495.25, 571.5]"
OPEN-16-BATTERIES,visual-territory-16,visual-territory-16-E1,"[1495.25, 571.5]"
SERVICE-visual-territory-16-E1-36,visual-territory-16,visual-territory-16-E1,"[1495.25, 571.5]"
SERVICE-visual-territory-16-E1-31,visual-territory-16,visual-territory-16-E1,"[1495.25, 571.5]"
SERVICE-visual-territory-16-E1-35,visual-territory-16,visual-territory-16-E1,"[1495.25, 571.5]"
SERVICE-visual-territory-16-E2-36,visual-territory-16,visual-territory-16-E2,"[1547.25, 533.0]"
SERVICE-visual-territory-16-E2-31,visual-territory-16,visual-territory-16-E2,"[1547.25, 533.0]"
SERVICE-visual-territory-16-E2-35,visual-territory-16,visual-territory-16-E2,"[1547.25, 533.0]"
POWER-16-10,visual-territory-16,visual-territory-16-E1,"[1495.25, 571.5]"
POWER-16-11,visual-territory-16,visual-territory-16-E1,"[1495.25, 571.5]"
POWER-16-23,visual-territory-16,visual-territory-16-E1,"[1495.25, 571.5]"
POWER-16-13,visual-territory-16,visual-territory-16-E1,"[1495.25, 571.5]"
GATE-16,visual-territory-16,visual-territory-16-E2,"[1575.5, 506.0]"
WAREHOUSE-16,visual-territory-16,visual-territory-16-E1,"[1495.25, 571.5]"
OPEN-RES141,visual-territory-17,visual-territory-17-E1,"[972, 605]"
OPEN-17-STEEL,visual-territory-17,visual-territory-17-E1,"[984.0, 608.5]"
OPEN-17-MACHINERY,visual-territory-17,visual-territory-17-E1,"[984.0, 608.5]"
SERVICE-visual-territory-17-E1-36,visual-territory-17,visual-territory-17-E1,"[984.0, 608.5]"
SERVICE-visual-territory-17-E1-31,visual-territory-17,visual-territory-17-E1,"[984.0, 608.5]"
SERVICE-visual-territory-17-E1-35,visual-territory-17,visual-territory-17-E1,"[984.0, 608.5]"
POWER-17-10,visual-territory-17,visual-territory-17-E1,"[984.0, 608.5]"
POWER-17-11,visual-territory-17,visual-territory-17-E1,"[984.0, 608.5]"
POWER-17-23,visual-territory-17,visual-territory-17-E1,"[984.0, 608.5]"
POWER-17-13,visual-territory-17,visual-territory-17-E1,"[984.0, 608.5]"
GATE-17,visual-territory-17,visual-territory-17-E1,"[1009.5, 645.5]"
WAREHOUSE-17,visual-territory-17,visual-territory-17-E1,"[984.0, 608.5]"
OPEN-RES144,visual-territory-18,visual-territory-18-E1,"[1004, 664]"
OPEN-RES145,visual-territory-18,visual-territory-18-E1,"[1089, 702]"
OPEN-RES142,visual-territory-18,visual-territory-18-E1,"[1044, 717]"
OPEN-18-STEEL,visual-territory-18,visual-territory-18-E1,"[1053.0, 685.0]"
OPEN-18-REFINED_FUEL,visual-territory-18,visual-territory-18-E1,"[1053.0, 685.0]"
SERVICE-visual-territory-18-E1-36,visual-territory-18,visual-territory-18-E1,"[1053.0, 685.0]"
SERVICE-visual-territory-18-E1-31,visual-territory-18,visual-territory-18-E1,"[1053.0, 685.0]"
SERVICE-visual-territory-18-E1-35,visual-territory-18,visual-territory-18-E1,"[1053.0, 685.0]"
POWER-18-10,visual-territory-18,visual-territory-18-E1,"[1053.0, 685.0]"
POWER-18-11,visual-territory-18,visual-territory-18-E1,"[1053.0, 685.0]"
POWER-18-23,visual-territory-18,visual-territory-18-E1,"[1053.0, 685.0]"
POWER-18-13,visual-territory-18,visual-territory-18-E1,"[1053.0, 685.0]"
GATE-18,visual-territory-18,visual-territory-18-E1,"[1016.5, 685.0]"
WAREHOUSE-18,visual-territory-18,visual-territory-18-E1,"[1053.0, 685.0]"
OPEN-RES146,visual-territory-19,visual-territory-19-E1,"[1015, 651]"
OPEN-RES26,visual-territory-19,visual-territory-19-E1,"[1093, 602]"
OPEN-19-GRAIN,visual-territory-19,visual-territory-19-E1,"[1062.5, 616.0]"
OPEN-19-SEMICONDUCTORS,visual-territory-19,visual-territory-19-E1,"[1062.5, 616.0]"
SERVICE-visual-territory-19-E1-36,visual-territory-19,visual-territory-19-E1,"[1062.5, 616.0]"
SERVICE-visual-territory-19-E1-31,visual-territory-19,visual-territory-19-E1,"[1062.5, 616.0]"
SERVICE-visual-territory-19-E1-35,visual-territory-19,visual-territory-19-E1,"[1062.5, 616.0]"
POWER-19-10,visual-territory-19,visual-territory-19-E1,"[1062.5, 616.0]"
POWER-19-11,visual-territory-19,visual-territory-19-E1,"[1062.5, 616.0]"
POWER-19-23,visual-territory-19,visual-territory-19-E1,"[1062.5, 616.0]"
POWER-19-13,visual-territory-19,visual-territory-19-E1,"[1062.5, 616.0]"
GATE-19,visual-territory-19,visual-territory-19-E1,"[1024.5, 589.5]"
WAREHOUSE-19,visual-territory-19,visual-territory-19-E1,"[1062.5, 616.0]"
OPEN-RES27,visual-territory-20,visual-territory-20-E1,"[1122, 648]"
OPEN-RES36,visual-territory-20,visual-territory-20-E2,"[1160, 592]"
OPEN-RES58,visual-territory-20,visual-territory-20-E1,"[1102, 688]"
OPEN-20-STEEL,visual-territory-20,visual-territory-20-E1,"[1105.25, 650.5]"
OPEN-20-REFINED_FUEL,visual-territory-20,visual-territory-20-E1,"[1105.25, 650.5]"
SERVICE-visual-territory-20-E1-36,visual-territory-20,visual-territory-20-E1,"[1105.25, 650.5]"
SERVICE-visual-territory-20-E1-31,visual-territory-20,visual-territory-20-E1,"[1105.25, 650.5]"
SERVICE-visual-territory-20-E1-35,visual-territory-20,visual-territory-20-E1,"[1105.25, 650.5]"
SERVICE-visual-territory-20-E2-36,visual-territory-20,visual-territory-20-E2,"[1151.75, 642.0]"
SERVICE-visual-territory-20-E2-31,visual-territory-20,visual-territory-20-E2,"[1151.75, 642.0]"
SERVICE-visual-territory-20-E2-35,visual-territory-20,visual-territory-20-E2,"[1151.75, 642.0]"
POWER-20-10,visual-territory-20,visual-territory-20-E1,"[1105.25, 650.5]"
POWER-20-11,visual-territory-20,visual-territory-20-E1,"[1105.25, 650.5]"
POWER-20-23,visual-territory-20,visual-territory-20-E1,"[1105.25, 650.5]"
POWER-20-13,visual-territory-20,visual-territory-20-E1,"[1105.25, 650.5]"
GATE-20,visual-territory-20,visual-territory-20-E1,"[1105.25, 650.5]"
WAREHOUSE-20,visual-territory-20,visual-territory-20-E1,"[1105.25, 650.5]"
OPEN-RES94,visual-territory-21,visual-territory-21-E1,"[1187, 704]"
OPEN-21-GRAIN,visual-territory-21,visual-territory-21-E2,"[1251.25, 667.0]"
OPEN-RES150,visual-territory-21,visual-territory-21-E1,"[1184, 616]"
OPEN-21-STEEL,visual-territory-21,visual-territory-21-E2,"[1251.25, 667.0]"
SERVICE-visual-territory-21-E1-36,visual-territory-21,visual-territory-21-E1,"[1195.25, 671.0]"
SERVICE-visual-territory-21-E1-31,visual-territory-21,visual-territory-21-E1,"[1195.25, 671.0]"
SERVICE-visual-territory-21-E1-35,visual-territory-21,visual-territory-21-E1,"[1195.25, 671.0]"
SERVICE-visual-territory-21-E2-36,visual-territory-21,visual-territory-21-E2,"[1251.25, 667.0]"
SERVICE-visual-territory-21-E2-31,visual-territory-21,visual-territory-21-E2,"[1251.25, 667.0]"
SERVICE-visual-territory-21-E2-35,visual-territory-21,visual-territory-21-E2,"[1251.25, 667.0]"
POWER-21-10,visual-territory-21,visual-territory-21-E2,"[1251.25, 667.0]"
POWER-21-11,visual-territory-21,visual-territory-21-E2,"[1251.25, 667.0]"
POWER-21-23,visual-territory-21,visual-territory-21-E2,"[1251.25, 667.0]"
POWER-21-13,visual-territory-21,visual-territory-21-E2,"[1251.25, 667.0]"
GATE-21,visual-territory-21,visual-territory-21-E2,"[1251.25, 667.0]"
WAREHOUSE-21,visual-territory-21,visual-territory-21-E2,"[1251.25, 667.0]"
OPEN-RES151,visual-territory-22,visual-territory-22-E1,"[1277, 681]"
OPEN-22-GRAIN,visual-territory-22,visual-territory-22-E1,"[1298.0, 673.0]"
OPEN-22-STEEL,visual-territory-22,visual-territory-22-E1,"[1298.0, 673.0]"
SERVICE-visual-territory-22-E1-36,visual-territory-22,visual-territory-22-E1,"[1298.0, 673.0]"
SERVICE-visual-territory-22-E1-31,visual-territory-22,visual-territory-22-E1,"[1298.0, 673.0]"
SERVICE-visual-territory-22-E1-35,visual-territory-22,visual-territory-22-E1,"[1298.0, 673.0]"
POWER-22-10,visual-territory-22,visual-territory-22-E1,"[1298.0, 673.0]"
POWER-22-11,visual-territory-22,visual-territory-22-E1,"[1298.0, 673.0]"
POWER-22-23,visual-territory-22,visual-territory-22-E1,"[1298.0, 673.0]"
POWER-22-13,visual-territory-22,visual-territory-22-E1,"[1298.0, 673.0]"
GATE-22,visual-territory-22,visual-territory-22-E1,"[1318.5, 670.5]"
WAREHOUSE-22,visual-territory-22,visual-territory-22-E1,"[1298.0, 673.0]"
OPEN-RES156,visual-territory-23,visual-territory-23-E2,"[1441, 728]"
OPEN-23-STEEL,visual-territory-23,visual-territory-23-E2,"[1434.25, 679.0]"
OPEN-23-BATTERIES,visual-territory-23,visual-territory-23-E2,"[1434.25, 679.0]"
SERVICE-visual-territory-23-E1-36,visual-territory-23,visual-territory-23-E1,"[1355.75, 664.0]"
SERVICE-visual-territory-23-E1-31,visual-territory-23,visual-territory-23-E1,"[1355.75, 664.0]"
SERVICE-visual-territory-23-E1-35,visual-territory-23,visual-territory-23-E1,"[1355.75, 664.0]"
SERVICE-visual-territory-23-E2-36,visual-territory-23,visual-territory-23-E2,"[1434.25, 679.0]"
SERVICE-visual-territory-23-E2-31,visual-territory-23,visual-territory-23-E2,"[1434.25, 679.0]"
SERVICE-visual-territory-23-E2-35,visual-territory-23,visual-territory-23-E2,"[1434.25, 679.0]"
POWER-23-10,visual-territory-23,visual-territory-23-E2,"[1434.25, 679.0]"
POWER-23-11,visual-territory-23,visual-territory-23-E2,"[1434.25, 679.0]"
POWER-23-23,visual-territory-23,visual-territory-23-E2,"[1434.25, 679.0]"
POWER-23-13,visual-territory-23,visual-territory-23-E2,"[1434.25, 679.0]"
GATE-23,visual-territory-23,visual-territory-23-E1,"[1359.5, 701.5]"
WAREHOUSE-23,visual-territory-23,visual-territory-23-E2,"[1434.25, 679.0]"
OPEN-RES157,visual-territory-24,visual-territory-24-E1,"[1489, 604]"
OPEN-RES53,visual-territory-24,visual-territory-24-E2,"[1542, 695]"
OPEN-24-MACHINERY,visual-territory-24,visual-territory-24-E1,"[1473.5, 651.5]"
OPEN-24-SEMICONDUCTORS,visual-territory-24,visual-territory-24-E1,"[1473.5, 651.5]"
SERVICE-visual-territory-24-E1-36,visual-territory-24,visual-territory-24-E1,"[1473.5, 651.5]"
SERVICE-visual-territory-24-E1-31,visual-territory-24,visual-territory-24-E1,"[1473.5, 651.5]"
SERVICE-visual-territory-24-E1-35,visual-territory-24,visual-territory-24-E1,"[1473.5, 651.5]"
SERVICE-visual-territory-24-E2-36,visual-territory-24,visual-territory-24-E2,"[1516.75, 625.0]"
SERVICE-visual-territory-24-E2-31,visual-territory-24,visual-territory-24-E2,"[1516.75, 625.0]"
SERVICE-visual-territory-24-E2-35,visual-territory-24,visual-territory-24-E2,"[1516.75, 625.0]"
POWER-24-10,visual-territory-24,visual-territory-24-E1,"[1473.5, 651.5]"
POWER-24-11,visual-territory-24,visual-territory-24-E1,"[1473.5, 651.5]"
POWER-24-23,visual-territory-24,visual-territory-24-E1,"[1473.5, 651.5]"
POWER-24-13,visual-territory-24,visual-territory-24-E1,"[1473.5, 651.5]"
GATE-24,visual-territory-24,visual-territory-24-E2,"[1545.0, 692.5]"
WAREHOUSE-24,visual-territory-24,visual-territory-24-E1,"[1473.5, 651.5]"
OPEN-RES161,visual-territory-25,visual-territory-25-E1,"[952, 667]"
OPEN-25-STEEL,visual-territory-25,visual-territory-25-E1,"[927.0, 677.0]"
OPEN-25-REFINED_FUEL,visual-territory-25,visual-territory-25-E1,"[927.0, 677.0]"
SERVICE-visual-territory-25-E1-36,visual-territory-25,visual-territory-25-E1,"[927.0, 677.0]"
SERVICE-visual-territory-25-E1-31,visual-territory-25,visual-territory-25-E1,"[927.0, 677.0]"
SERVICE-visual-territory-25-E1-35,visual-territory-25,visual-territory-25-E1,"[927.0, 677.0]"
POWER-25-10,visual-territory-25,visual-territory-25-E1,"[927.0, 677.0]"
POWER-25-11,visual-territory-25,visual-territory-25-E1,"[927.0, 677.0]"
POWER-25-23,visual-territory-25,visual-territory-25-E1,"[927.0, 677.0]"
POWER-25-13,visual-territory-25,visual-territory-25-E1,"[927.0, 677.0]"
GATE-25,visual-territory-25,visual-territory-25-E1,"[935.5, 764.0]"
WAREHOUSE-25,visual-territory-25,visual-territory-25-E1,"[927.0, 677.0]"
OPEN-RES165,visual-territory-26,visual-territory-26-E2,"[1088, 793]"
OPEN-26-STEEL,visual-territory-26,visual-territory-26-E2,"[1066.25, 751.5]"
OPEN-26-REFINED_FUEL,visual-territory-26,visual-territory-26-E2,"[1066.25, 751.5]"
SERVICE-visual-territory-26-E1-36,visual-territory-26,visual-territory-26-E1,"[1020.25, 756.5]"
SERVICE-visual-territory-26-E1-31,visual-territory-26,visual-territory-26-E1,"[1020.25, 756.5]"
SERVICE-visual-territory-26-E1-35,visual-territory-26,visual-territory-26-E1,"[1020.25, 756.5]"
SERVICE-visual-territory-26-E2-36,visual-territory-26,visual-territory-26-E2,"[1066.25, 751.5]"
SERVICE-visual-territory-26-E2-31,visual-territory-26,visual-territory-26-E2,"[1066.25, 751.5]"
SERVICE-visual-territory-26-E2-35,visual-territory-26,visual-territory-26-E2,"[1066.25, 751.5]"
POWER-26-10,visual-territory-26,visual-territory-26-E2,"[1066.25, 751.5]"
POWER-26-11,visual-territory-26,visual-territory-26-E2,"[1066.25, 751.5]"
POWER-26-23,visual-territory-26,visual-territory-26-E2,"[1066.25, 751.5]"
POWER-26-13,visual-territory-26,visual-territory-26-E2,"[1066.25, 751.5]"
GATE-26,visual-territory-26,visual-territory-26-E2,"[1043.5, 773.5]"
WAREHOUSE-26,visual-territory-26,visual-territory-26-E2,"[1066.25, 751.5]"
OPEN-RES170,visual-territory-27,visual-territory-27-E1,"[1106, 808]"
OPEN-27-STEEL,visual-territory-27,visual-territory-27-E2,"[1153.25, 733.0]"
SERVICE-visual-territory-27-E1-36,visual-territory-27,visual-territory-27-E1,"[1108.75, 743.0]"
SERVICE-visual-territory-27-E1-31,visual-territory-27,visual-territory-27-E1,"[1108.75, 743.0]"
SERVICE-visual-territory-27-E1-35,visual-territory-27,visual-territory-27-E1,"[1108.75, 743.0]"
SERVICE-visual-territory-27-E2-36,visual-territory-27,visual-territory-27-E2,"[1153.25, 733.0]"
SERVICE-visual-territory-27-E2-31,visual-territory-27,visual-territory-27-E2,"[1153.25, 733.0]"
SERVICE-visual-territory-27-E2-35,visual-territory-27,visual-territory-27-E2,"[1153.25, 733.0]"
POWER-27-10,visual-territory-27,visual-territory-27-E2,"[1153.25, 733.0]"
POWER-27-11,visual-territory-27,visual-territory-27-E2,"[1153.25, 733.0]"
POWER-27-23,visual-territory-27,visual-territory-27-E2,"[1153.25, 733.0]"
POWER-27-13,visual-territory-27,visual-territory-27-E2,"[1153.25, 733.0]"
GATE-27,visual-territory-27,visual-territory-27-E1,"[1113.5, 801.5]"
WAREHOUSE-27,visual-territory-27,visual-territory-27-E2,"[1153.25, 733.0]"
OPEN-RES171,visual-territory-28,visual-territory-28-E1,"[1146, 820]"
OPEN-RES172,visual-territory-28,visual-territory-28-E2,"[1240, 806]"
OPEN-28-REFINED_FUEL,visual-territory-28,visual-territory-28-E2,"[1223.75, 765.5]"
OPEN-28-MACHINERY,visual-territory-28,visual-territory-28-E2,"[1223.75, 765.5]"
SERVICE-visual-territory-28-E1-36,visual-territory-28,visual-territory-28-E1,"[1184.25, 773.5]"
SERVICE-visual-territory-28-E1-31,visual-territory-28,visual-territory-28-E1,"[1184.25, 773.5]"
SERVICE-visual-territory-28-E1-35,visual-territory-28,visual-territory-28-E1,"[1184.25, 773.5]"
SERVICE-visual-territory-28-E2-36,visual-territory-28,visual-territory-28-E2,"[1223.75, 765.5]"
SERVICE-visual-territory-28-E2-31,visual-territory-28,visual-territory-28-E2,"[1223.75, 765.5]"
SERVICE-visual-territory-28-E2-35,visual-territory-28,visual-territory-28-E2,"[1223.75, 765.5]"
POWER-28-10,visual-territory-28,visual-territory-28-E2,"[1223.75, 765.5]"
POWER-28-11,visual-territory-28,visual-territory-28-E2,"[1223.75, 765.5]"
POWER-28-23,visual-territory-28,visual-territory-28-E2,"[1223.75, 765.5]"
POWER-28-13,visual-territory-28,visual-territory-28-E2,"[1223.75, 765.5]"
GATE-28,visual-territory-28,visual-territory-28-E1,"[1196.0, 817.5]"
WAREHOUSE-28,visual-territory-28,visual-territory-28-E2,"[1223.75, 765.5]"
OPEN-RES173,visual-territory-29,visual-territory-29-E1,"[1262, 826]"
OPEN-RES174,visual-territory-29,visual-territory-29-E2,"[1334, 818]"
OPEN-RES302,visual-territory-29,visual-territory-29-E1,"[1249, 765]"
OPEN-29-STEEL,visual-territory-29,visual-territory-29-E2,"[1325.75, 768.0]"
SERVICE-visual-territory-29-E1-36,visual-territory-29,visual-territory-29-E1,"[1274.25, 749.0]"
SERVICE-visual-territory-29-E1-31,visual-territory-29,visual-territory-29-E1,"[1274.25, 749.0]"
SERVICE-visual-territory-29-E1-35,visual-territory-29,visual-territory-29-E1,"[1274.25, 749.0]"
SERVICE-visual-territory-29-E2-36,visual-territory-29,visual-territory-29-E2,"[1325.75, 768.0]"
SERVICE-visual-territory-29-E2-31,visual-territory-29,visual-territory-29-E2,"[1325.75, 768.0]"
SERVICE-visual-territory-29-E2-35,visual-territory-29,visual-territory-29-E2,"[1325.75, 768.0]"
POWER-29-10,visual-territory-29,visual-territory-29-E2,"[1325.75, 768.0]"
POWER-29-11,visual-territory-29,visual-territory-29-E2,"[1325.75, 768.0]"
POWER-29-23,visual-territory-29,visual-territory-29-E2,"[1325.75, 768.0]"
POWER-29-13,visual-territory-29,visual-territory-29-E2,"[1325.75, 768.0]"
GATE-29,visual-territory-29,visual-territory-29-E2,"[1312.5, 812.5]"
WAREHOUSE-29,visual-territory-29,visual-territory-29-E2,"[1325.75, 768.0]"
OPEN-RES177,visual-territory-30,visual-territory-30-E1,"[1365, 782]"
OPEN-RES314,visual-territory-30,visual-territory-30-E1,"[1385, 706]"
OPEN-30-STEEL,visual-territory-30,visual-territory-30-E1,"[1373.75, 743.0]"
SERVICE-visual-territory-30-E1-36,visual-territory-30,visual-territory-30-E1,"[1373.75, 743.0]"
SERVICE-visual-territory-30-E1-31,visual-territory-30,visual-territory-30-E1,"[1373.75, 743.0]"
SERVICE-visual-territory-30-E1-35,visual-territory-30,visual-territory-30-E1,"[1373.75, 743.0]"
SERVICE-visual-territory-30-E2-36,visual-territory-30,visual-territory-30-E2,"[1422.75, 759.5]"
SERVICE-visual-territory-30-E2-31,visual-territory-30,visual-territory-30-E2,"[1422.75, 759.5]"
SERVICE-visual-territory-30-E2-35,visual-territory-30,visual-territory-30-E2,"[1422.75, 759.5]"
POWER-30-10,visual-territory-30,visual-territory-30-E1,"[1373.75, 743.0]"
POWER-30-11,visual-territory-30,visual-territory-30-E1,"[1373.75, 743.0]"
POWER-30-23,visual-territory-30,visual-territory-30-E1,"[1373.75, 743.0]"
POWER-30-13,visual-territory-30,visual-territory-30-E1,"[1373.75, 743.0]"
GATE-30,visual-territory-30,visual-territory-30-E2,"[1427.5, 806.5]"
WAREHOUSE-30,visual-territory-30,visual-territory-30-E1,"[1373.75, 743.0]"
OPEN-RES179,visual-territory-31,visual-territory-31-E2,"[1568, 720]"
OPEN-RES178,visual-territory-31,visual-territory-31-E2,"[1520, 773]"
OPEN-31-REFINED_FUEL,visual-territory-31,visual-territory-31-E2,"[1523.25, 740.0]"
OPEN-31-MACHINERY,visual-territory-31,visual-territory-31-E2,"[1523.25, 740.0]"
OPEN-31-SEMICONDUCTORS,visual-territory-31,visual-territory-31-E2,"[1523.25, 740.0]"
SERVICE-visual-territory-31-E1-36,visual-territory-31,visual-territory-31-E1,"[1469.75, 720.0]"
SERVICE-visual-territory-31-E1-31,visual-territory-31,visual-territory-31-E1,"[1469.75, 720.0]"
SERVICE-visual-territory-31-E1-35,visual-territory-31,visual-territory-31-E1,"[1469.75, 720.0]"
SERVICE-visual-territory-31-E2-36,visual-territory-31,visual-territory-31-E2,"[1523.25, 740.0]"
SERVICE-visual-territory-31-E2-31,visual-territory-31,visual-territory-31-E2,"[1523.25, 740.0]"
SERVICE-visual-territory-31-E2-35,visual-territory-31,visual-territory-31-E2,"[1523.25, 740.0]"
POWER-31-10,visual-territory-31,visual-territory-31-E2,"[1523.25, 740.0]"
POWER-31-11,visual-territory-31,visual-territory-31-E2,"[1523.25, 740.0]"
POWER-31-23,visual-territory-31,visual-territory-31-E2,"[1523.25, 740.0]"
POWER-31-13,visual-territory-31,visual-territory-31-E2,"[1523.25, 740.0]"
GATE-31,visual-territory-31,visual-territory-31-E1,"[1451.2421383647797, 774.5]"
WAREHOUSE-31,visual-territory-31,visual-territory-31-E2,"[1523.25, 740.0]"
OPEN-RES182,visual-territory-32,visual-territory-32-E2,"[1773, 806]"
OPEN-RES183,visual-territory-32,visual-territory-32-E2,"[1655, 794]"
OPEN-32-STEEL,visual-territory-32,visual-territory-32-E2,"[1643.0, 778.0]"
SERVICE-visual-territory-32-E1-36,visual-territory-32,visual-territory-32-E1,"[1515.75, 784.0]"
SERVICE-visual-territory-32-E1-31,visual-territory-32,visual-territory-32-E1,"[1515.75, 784.0]"
SERVICE-visual-territory-32-E1-35,visual-territory-32,visual-territory-32-E1,"[1515.75, 784.0]"
SERVICE-visual-territory-32-E2-36,visual-territory-32,visual-territory-32-E2,"[1643.0, 778.0]"
SERVICE-visual-territory-32-E2-31,visual-territory-32,visual-territory-32-E2,"[1643.0, 778.0]"
SERVICE-visual-territory-32-E2-35,visual-territory-32,visual-territory-32-E2,"[1643.0, 778.0]"
POWER-32-10,visual-territory-32,visual-territory-32-E2,"[1643.0, 778.0]"
POWER-32-11,visual-territory-32,visual-territory-32-E2,"[1643.0, 778.0]"
POWER-32-23,visual-territory-32,visual-territory-32-E2,"[1643.0, 778.0]"
POWER-32-13,visual-territory-32,visual-territory-32-E2,"[1643.0, 778.0]"
GATE-32,visual-territory-32,visual-territory-32-E2,"[1561.5, 747.2484276729559]"
WAREHOUSE-32,visual-territory-32,visual-territory-32-E2,"[1643.0, 778.0]"
OPEN-RES55,visual-territory-33,visual-territory-33-E2,"[188, 178]"
OPEN-33-GRAIN,visual-territory-33,visual-territory-33-E1,"[154.25, 175.0]"
OPEN-RES310,visual-territory-33,visual-territory-33-E2,"[220, 216]"
SERVICE-visual-territory-33-E1-36,visual-territory-33,visual-territory-33-E1,"[154.25, 175.0]"
SERVICE-visual-territory-33-E1-31,visual-territory-33,visual-territory-33-E1,"[154.25, 175.0]"
SERVICE-visual-territory-33-E1-35,visual-territory-33,visual-territory-33-E1,"[154.25, 175.0]"
SERVICE-visual-territory-33-E2-36,visual-territory-33,visual-territory-33-E2,"[205.25, 174.0]"
SERVICE-visual-territory-33-E2-31,visual-territory-33,visual-territory-33-E2,"[205.25, 174.0]"
SERVICE-visual-territory-33-E2-35,visual-territory-33,visual-territory-33-E2,"[205.25, 174.0]"
POWER-33-10,visual-territory-33,visual-territory-33-E1,"[154.25, 175.0]"
POWER-33-11,visual-territory-33,visual-territory-33-E1,"[154.25, 175.0]"
POWER-33-23,visual-territory-33,visual-territory-33-E1,"[154.25, 175.0]"
POWER-33-13,visual-territory-33,visual-territory-33-E1,"[154.25, 175.0]"
GATE-33,visual-territory-33,visual-territory-33-E1,"[149.0, 208.5]"
WAREHOUSE-33,visual-territory-33,visual-territory-33-E1,"[154.25, 175.0]"
OPEN-RES56,visual-territory-34,visual-territory-34-E2,"[409, 181]"
OPEN-34-GRAIN,visual-territory-34,visual-territory-34-E1,"[339.75, 205.0]"
OPEN-RES299,visual-territory-34,visual-territory-34-E1,"[362, 195]"
SERVICE-visual-territory-34-E1-36,visual-territory-34,visual-territory-34-E1,"[339.75, 205.0]"
SERVICE-visual-territory-34-E1-31,visual-territory-34,visual-territory-34-E1,"[339.75, 205.0]"
SERVICE-visual-territory-34-E1-35,visual-territory-34,visual-territory-34-E1,"[339.75, 205.0]"
SERVICE-visual-territory-34-E2-36,visual-territory-34,visual-territory-34-E2,"[390.25, 207.5]"
SERVICE-visual-territory-34-E2-31,visual-territory-34,visual-territory-34-E2,"[390.25, 207.5]"
SERVICE-visual-territory-34-E2-35,visual-territory-34,visual-territory-34-E2,"[390.25, 207.5]"
POWER-34-10,visual-territory-34,visual-territory-34-E1,"[339.75, 205.0]"
POWER-34-11,visual-territory-34,visual-territory-34-E1,"[339.75, 205.0]"
POWER-34-23,visual-territory-34,visual-territory-34-E1,"[339.75, 205.0]"
POWER-34-13,visual-territory-34,visual-territory-34-E1,"[339.75, 205.0]"
GATE-34,visual-territory-34,visual-territory-34-E2,"[389.0, 153.5]"
WAREHOUSE-34,visual-territory-34,visual-territory-34-E1,"[339.75, 205.0]"
OPEN-RES192,visual-territory-35,visual-territory-35-E1,"[419, 211]"
OPEN-RES308,visual-territory-35,visual-territory-35-E2,"[503, 217]"
OPEN-35-STEEL,visual-territory-35,visual-territory-35-E1,"[435.75, 179.5]"
SERVICE-visual-territory-35-E1-36,visual-territory-35,visual-territory-35-E1,"[435.75, 179.5]"
SERVICE-visual-territory-35-E1-31,visual-territory-35,visual-territory-35-E1,"[435.75, 179.5]"
SERVICE-visual-territory-35-E1-35,visual-territory-35,visual-territory-35-E1,"[435.75, 179.5]"
SERVICE-visual-territory-35-E2-36,visual-territory-35,visual-territory-35-E2,"[478.75, 171.0]"
SERVICE-visual-territory-35-E2-31,visual-territory-35,visual-territory-35-E2,"[478.75, 171.0]"
SERVICE-visual-territory-35-E2-35,visual-territory-35,visual-territory-35-E2,"[478.75, 171.0]"
POWER-35-10,visual-territory-35,visual-territory-35-E1,"[435.75, 179.5]"
POWER-35-11,visual-territory-35,visual-territory-35-E1,"[435.75, 179.5]"
POWER-35-23,visual-territory-35,visual-territory-35-E1,"[435.75, 179.5]"
POWER-35-13,visual-territory-35,visual-territory-35-E1,"[435.75, 179.5]"
GATE-35,visual-territory-35,visual-territory-35-E2,"[504.5, 123.0]"
WAREHOUSE-35,visual-territory-35,visual-territory-35-E1,"[435.75, 179.5]"
OPEN-RES195,visual-territory-36,visual-territory-36-E1,"[505, 213]"
OPEN-36-GRAIN,visual-territory-36,visual-territory-36-E1,"[549.0, 163.5]"
OPEN-36-BATTERIES,visual-territory-36,visual-territory-36-E1,"[549.0, 163.5]"
SERVICE-visual-territory-36-E1-36,visual-territory-36,visual-territory-36-E1,"[549.0, 163.5]"
SERVICE-visual-territory-36-E1-31,visual-territory-36,visual-territory-36-E1,"[549.0, 163.5]"
SERVICE-visual-territory-36-E1-35,visual-territory-36,visual-territory-36-E1,"[549.0, 163.5]"
POWER-36-10,visual-territory-36,visual-territory-36-E1,"[549.0, 163.5]"
POWER-36-11,visual-territory-36,visual-territory-36-E1,"[549.0, 163.5]"
POWER-36-23,visual-territory-36,visual-territory-36-E1,"[549.0, 163.5]"
POWER-36-13,visual-territory-36,visual-territory-36-E1,"[549.0, 163.5]"
GATE-36,visual-territory-36,visual-territory-36-E1,"[575.5, 114.5]"
WAREHOUSE-36,visual-territory-36,visual-territory-36-E1,"[549.0, 163.5]"
OPEN-RES196,visual-territory-37,visual-territory-37-E1,"[665, 186]"
OPEN-RES08,visual-territory-37,visual-territory-37-E1,"[592, 183]"
OPEN-37-STEEL,visual-territory-37,visual-territory-37-E1,"[608.5, 178.0]"
OPEN-37-REFINED_FUEL,visual-territory-37,visual-territory-37-E1,"[608.5, 178.0]"
SERVICE-visual-territory-37-E1-36,visual-territory-37,visual-territory-37-E1,"[608.5, 178.0]"
SERVICE-visual-territory-37-E1-31,visual-territory-37,visual-territory-37-E1,"[608.5, 178.0]"
SERVICE-visual-territory-37-E1-35,visual-territory-37,visual-territory-37-E1,"[608.5, 178.0]"
POWER-37-10,visual-territory-37,visual-territory-37-E1,"[608.5, 178.0]"
POWER-37-11,visual-territory-37,visual-territory-37-E1,"[608.5, 178.0]"
POWER-37-23,visual-territory-37,visual-territory-37-E1,"[608.5, 178.0]"
POWER-37-13,visual-territory-37,visual-territory-37-E1,"[608.5, 178.0]"
GATE-37,visual-territory-37,visual-territory-37-E1,"[644.5, 179.5]"
WAREHOUSE-37,visual-territory-37,visual-territory-37-E1,"[608.5, 178.0]"
OPEN-RES199,visual-territory-38,visual-territory-38-E1,"[40, 300]"
OPEN-38-GRAIN,visual-territory-38,visual-territory-38-E1,"[157.75, 266.5]"
OPEN-RES01,visual-territory-38,visual-territory-38-E2,"[216, 241]"
OPEN-38-REFINED_FUEL,visual-territory-38,visual-territory-38-E1,"[157.75, 266.5]"
SERVICE-visual-territory-38-E1-36,visual-territory-38,visual-territory-38-E1,"[157.75, 266.5]"
SERVICE-visual-territory-38-E1-31,visual-territory-38,visual-territory-38-E1,"[157.75, 266.5]"
SERVICE-visual-territory-38-E1-35,visual-territory-38,visual-territory-38-E1,"[157.75, 266.5]"
SERVICE-visual-territory-38-E2-36,visual-territory-38,visual-territory-38-E2,"[216.75, 269.0]"
SERVICE-visual-territory-38-E2-31,visual-territory-38,visual-territory-38-E2,"[216.75, 269.0]"
SERVICE-visual-territory-38-E2-35,visual-territory-38,visual-territory-38-E2,"[216.75, 269.0]"
POWER-38-10,visual-territory-38,visual-territory-38-E1,"[157.75, 266.5]"
POWER-38-11,visual-territory-38,visual-territory-38-E1,"[157.75, 266.5]"
POWER-38-23,visual-territory-38,visual-territory-38-E1,"[157.75, 266.5]"
POWER-38-13,visual-territory-38,visual-territory-38-E1,"[157.75, 266.5]"
GATE-38,visual-territory-38,visual-territory-38-E1,"[105.0, 223.5]"
WAREHOUSE-38,visual-territory-38,visual-territory-38-E1,"[157.75, 266.5]"
OPEN-RES203,visual-territory-39,visual-territory-39-E1,"[222, 214]"
OPEN-RES204,visual-territory-39,visual-territory-39-E2,"[290, 169]"
OPEN-39-STEEL,visual-territory-39,visual-territory-39-E1,"[248.75, 204.0]"
SERVICE-visual-territory-39-E1-36,visual-territory-39,visual-territory-39-E1,"[248.75, 204.0]"
SERVICE-visual-territory-39-E1-31,visual-territory-39,visual-territory-39-E1,"[248.75, 204.0]"
SERVICE-visual-territory-39-E1-35,visual-territory-39,visual-territory-39-E1,"[248.75, 204.0]"
SERVICE-visual-territory-39-E2-36,visual-territory-39,visual-territory-39-E2,"[296.25, 220.0]"
SERVICE-visual-territory-39-E2-31,visual-territory-39,visual-territory-39-E2,"[296.25, 220.0]"
SERVICE-visual-territory-39-E2-35,visual-territory-39,visual-territory-39-E2,"[296.25, 220.0]"
POWER-39-10,visual-territory-39,visual-territory-39-E1,"[248.75, 204.0]"
POWER-39-11,visual-territory-39,visual-territory-39-E1,"[248.75, 204.0]"
POWER-39-23,visual-territory-39,visual-territory-39-E1,"[248.75, 204.0]"
POWER-39-13,visual-territory-39,visual-territory-39-E1,"[248.75, 204.0]"
GATE-39,visual-territory-39,visual-territory-39-E1,"[263.5, 174.5]"
WAREHOUSE-39,visual-territory-39,visual-territory-39-E1,"[248.75, 204.0]"
OPEN-RES205,visual-territory-40,visual-territory-40-E1,"[314, 341]"
OPEN-40-MACHINERY,visual-territory-40,visual-territory-40-E2,"[350.75, 296.5]"
OPEN-40-SEMICONDUCTORS,visual-territory-40,visual-territory-40-E2,"[350.75, 296.5]"
SERVICE-visual-territory-40-E1-36,visual-territory-40,visual-territory-40-E1,"[316.75, 297.5]"
SERVICE-visual-territory-40-E1-31,visual-territory-40,visual-territory-40-E1,"[316.75, 297.5]"
SERVICE-visual-territory-40-E1-35,visual-territory-40,visual-territory-40-E1,"[316.75, 297.5]"
SERVICE-visual-territory-40-E2-36,visual-territory-40,visual-territory-40-E2,"[350.75, 296.5]"
SERVICE-visual-territory-40-E2-31,visual-territory-40,visual-territory-40-E2,"[350.75, 296.5]"
SERVICE-visual-territory-40-E2-35,visual-territory-40,visual-territory-40-E2,"[350.75, 296.5]"
POWER-40-10,visual-territory-40,visual-territory-40-E2,"[350.75, 296.5]"
POWER-40-11,visual-territory-40,visual-territory-40-E2,"[350.75, 296.5]"
POWER-40-23,visual-territory-40,visual-territory-40-E2,"[350.75, 296.5]"
POWER-40-13,visual-territory-40,visual-territory-40-E2,"[350.75, 296.5]"
GATE-40,visual-territory-40,visual-territory-40-E1,"[323.5, 344.0]"
WAREHOUSE-40,visual-territory-40,visual-territory-40-E2,"[350.75, 296.5]"
OPEN-RES209,visual-territory-41,visual-territory-41-E2,"[477, 230]"
OPEN-RES210,visual-territory-41,visual-territory-41-E2,"[447, 270]"
OPEN-41-STEEL,visual-territory-41,visual-territory-41-E1,"[385.75, 263.5]"
SERVICE-visual-territory-41-E1-36,visual-territory-41,visual-territory-41-E1,"[385.75, 263.5]"
SERVICE-visual-territory-41-E1-31,visual-territory-41,visual-territory-41-E1,"[385.75, 263.5]"
SERVICE-visual-territory-41-E1-35,visual-territory-41,visual-territory-41-E1,"[385.75, 263.5]"
SERVICE-visual-territory-41-E2-36,visual-territory-41,visual-territory-41-E2,"[432.75, 249.0]"
SERVICE-visual-territory-41-E2-31,visual-territory-41,visual-territory-41-E2,"[432.75, 249.0]"
SERVICE-visual-territory-41-E2-35,visual-territory-41,visual-territory-41-E2,"[432.75, 249.0]"
POWER-41-10,visual-territory-41,visual-territory-41-E1,"[385.75, 263.5]"
POWER-41-11,visual-territory-41,visual-territory-41-E1,"[385.75, 263.5]"
POWER-41-23,visual-territory-41,visual-territory-41-E1,"[385.75, 263.5]"
POWER-41-13,visual-territory-41,visual-territory-41-E1,"[385.75, 263.5]"
GATE-41,visual-territory-41,visual-territory-41-E1,"[385.75, 263.5]"
WAREHOUSE-41,visual-territory-41,visual-territory-41-E1,"[385.75, 263.5]"
OPEN-RES214,visual-territory-42,visual-territory-42-E1,"[491, 270]"
OPEN-42-STEEL,visual-territory-42,visual-territory-42-E1,"[499.5, 260.5]"
OPEN-42-MACHINERY,visual-territory-42,visual-territory-42-E1,"[499.5, 260.5]"
SERVICE-visual-territory-42-E1-36,visual-territory-42,visual-territory-42-E1,"[499.5, 260.5]"
SERVICE-visual-territory-42-E1-31,visual-territory-42,visual-territory-42-E1,"[499.5, 260.5]"
SERVICE-visual-territory-42-E1-35,visual-territory-42,visual-territory-42-E1,"[499.5, 260.5]"
POWER-42-10,visual-territory-42,visual-territory-42-E1,"[499.5, 260.5]"
POWER-42-11,visual-territory-42,visual-territory-42-E1,"[499.5, 260.5]"
POWER-42-23,visual-territory-42,visual-territory-42-E1,"[499.5, 260.5]"
POWER-42-13,visual-territory-42,visual-territory-42-E1,"[499.5, 260.5]"
GATE-42,visual-territory-42,visual-territory-42-E1,"[529.5, 290.5]"
WAREHOUSE-42,visual-territory-42,visual-territory-42-E1,"[499.5, 260.5]"
OPEN-RES217,visual-territory-43,visual-territory-43-E1,"[539, 267]"
OPEN-RES216,visual-territory-43,visual-territory-43-E1,"[584, 208]"
OPEN-43-STEEL,visual-territory-43,visual-territory-43-E1,"[558.0, 242.0]"
SERVICE-visual-territory-43-E1-36,visual-territory-43,visual-territory-43-E1,"[558.0, 242.0]"
SERVICE-visual-territory-43-E1-31,visual-territory-43,visual-territory-43-E1,"[558.0, 242.0]"
SERVICE-visual-territory-43-E1-35,visual-territory-43,visual-territory-43-E1,"[558.0, 242.0]"
POWER-43-10,visual-territory-43,visual-territory-43-E1,"[558.0, 242.0]"
POWER-43-11,visual-territory-43,visual-territory-43-E1,"[558.0, 242.0]"
POWER-43-23,visual-territory-43,visual-territory-43-E1,"[558.0, 242.0]"
POWER-43-13,visual-territory-43,visual-territory-43-E1,"[558.0, 242.0]"
GATE-43,visual-territory-43,visual-territory-43-E1,"[587.5, 268.0]"
WAREHOUSE-43,visual-territory-43,visual-territory-43-E1,"[558.0, 242.0]"
OPEN-RES219,visual-territory-44,visual-territory-44-E1,"[79, 358]"
OPEN-RES220,visual-territory-44,visual-territory-44-E2,"[192, 397]"
OPEN-44-STEEL,visual-territory-44,visual-territory-44-E1,"[149.75, 340.0]"
OPEN-44-MACHINERY,visual-territory-44,visual-territory-44-E1,"[149.75, 340.0]"
OPEN-44-SEMICONDUCTORS,visual-territory-44,visual-territory-44-E1,"[149.75, 340.0]"
SERVICE-visual-territory-44-E1-36,visual-territory-44,visual-territory-44-E1,"[149.75, 340.0]"
SERVICE-visual-territory-44-E1-31,visual-territory-44,visual-territory-44-E1,"[149.75, 340.0]"
SERVICE-visual-territory-44-E1-35,visual-territory-44,visual-territory-44-E1,"[149.75, 340.0]"
SERVICE-visual-territory-44-E2-36,visual-territory-44,visual-territory-44-E2,"[197.25, 354.5]"
SERVICE-visual-territory-44-E2-31,visual-territory-44,visual-territory-44-E2,"[197.25, 354.5]"
SERVICE-visual-territory-44-E2-35,visual-territory-44,visual-territory-44-E2,"[197.25, 354.5]"
POWER-44-10,visual-territory-44,visual-territory-44-E1,"[149.75, 340.0]"
POWER-44-11,visual-territory-44,visual-territory-44-E1,"[149.75, 340.0]"
POWER-44-23,visual-territory-44,visual-territory-44-E1,"[149.75, 340.0]"
POWER-44-13,visual-territory-44,visual-territory-44-E1,"[149.75, 340.0]"
GATE-44,visual-territory-44,visual-territory-44-E1,"[134.5, 327.5]"
WAREHOUSE-44,visual-territory-44,visual-territory-44-E1,"[149.75, 340.0]"
OPEN-RES223,visual-territory-45,visual-territory-45-E1,"[266, 271]"
OPEN-45-STEEL,visual-territory-45,visual-territory-45-E2,"[290.75, 331.5]"
SERVICE-visual-territory-45-E1-36,visual-territory-45,visual-territory-45-E1,"[242.75, 322.5]"
SERVICE-visual-territory-45-E1-31,visual-territory-45,visual-territory-45-E1,"[242.75, 322.5]"
SERVICE-visual-territory-45-E1-35,visual-territory-45,visual-territory-45-E1,"[242.75, 322.5]"
SERVICE-visual-territory-45-E2-36,visual-territory-45,visual-territory-45-E2,"[290.75, 331.5]"
SERVICE-visual-territory-45-E2-31,visual-territory-45,visual-territory-45-E2,"[290.75, 331.5]"
SERVICE-visual-territory-45-E2-35,visual-territory-45,visual-territory-45-E2,"[290.75, 331.5]"
POWER-45-10,visual-territory-45,visual-territory-45-E2,"[290.75, 331.5]"
POWER-45-11,visual-territory-45,visual-territory-45-E2,"[290.75, 331.5]"
POWER-45-23,visual-territory-45,visual-territory-45-E2,"[290.75, 331.5]"
POWER-45-13,visual-territory-45,visual-territory-45-E2,"[290.75, 331.5]"
GATE-45,visual-territory-45,visual-territory-45-E2,"[299.5, 363.5]"
WAREHOUSE-45,visual-territory-45,visual-territory-45-E2,"[290.75, 331.5]"
OPEN-RES62,visual-territory-46,visual-territory-46-E1,"[355, 338]"
OPEN-46-GRAIN,visual-territory-46,visual-territory-46-E2,"[411.5, 364.5]"
OPEN-46-SEMICONDUCTORS,visual-territory-46,visual-territory-46-E2,"[411.5, 364.5]"
SERVICE-visual-territory-46-E1-36,visual-territory-46,visual-territory-46-E1,"[377.5, 366.5]"
SERVICE-visual-territory-46-E1-31,visual-territory-46,visual-territory-46-E1,"[377.5, 366.5]"
SERVICE-visual-territory-46-E1-35,visual-territory-46,visual-territory-46-E1,"[377.5, 366.5]"
SERVICE-visual-territory-46-E2-36,visual-territory-46,visual-territory-46-E2,"[411.5, 364.5]"
SERVICE-visual-territory-46-E2-31,visual-territory-46,visual-territory-46-E2,"[411.5, 364.5]"
SERVICE-visual-territory-46-E2-35,visual-territory-46,visual-territory-46-E2,"[411.5, 364.5]"
POWER-46-10,visual-territory-46,visual-territory-46-E2,"[411.5, 364.5]"
POWER-46-11,visual-territory-46,visual-territory-46-E2,"[411.5, 364.5]"
POWER-46-23,visual-territory-46,visual-territory-46-E2,"[411.5, 364.5]"
POWER-46-13,visual-territory-46,visual-territory-46-E2,"[411.5, 364.5]"
GATE-46,visual-territory-46,visual-territory-46-E2,"[397.5, 404.0]"
WAREHOUSE-46,visual-territory-46,visual-territory-46-E2,"[411.5, 364.5]"
OPEN-RES34,visual-territory-47,visual-territory-47-E2,"[497, 343]"
OPEN-47-GRAIN,visual-territory-47,visual-territory-47-E1,"[445.75, 326.0]"
SERVICE-visual-territory-47-E1-36,visual-territory-47,visual-territory-47-E1,"[445.75, 326.0]"
SERVICE-visual-territory-47-E1-31,visual-territory-47,visual-territory-47-E1,"[445.75, 326.0]"
SERVICE-visual-territory-47-E1-35,visual-territory-47,visual-territory-47-E1,"[445.75, 326.0]"
SERVICE-visual-territory-47-E2-36,visual-territory-47,visual-territory-47-E2,"[492.75, 331.0]"
SERVICE-visual-territory-47-E2-31,visual-territory-47,visual-territory-47-E2,"[492.75, 331.0]"
SERVICE-visual-territory-47-E2-35,visual-territory-47,visual-territory-47-E2,"[492.75, 331.0]"
POWER-47-10,visual-territory-47,visual-territory-47-E1,"[445.75, 326.0]"
POWER-47-11,visual-territory-47,visual-territory-47-E1,"[445.75, 326.0]"
POWER-47-23,visual-territory-47,visual-territory-47-E1,"[445.75, 326.0]"
POWER-47-13,visual-territory-47,visual-territory-47-E1,"[445.75, 326.0]"
GATE-47,visual-territory-47,visual-territory-47-E2,"[474.0, 393.5]"
WAREHOUSE-47,visual-territory-47,visual-territory-47-E1,"[445.75, 326.0]"
OPEN-RES227,visual-territory-48,visual-territory-48-E1,"[78, 393]"
OPEN-RES228,visual-territory-48,visual-territory-48-E1,"[192, 415]"
OPEN-48-STEEL,visual-territory-48,visual-territory-48-E1,"[125.0, 411.0]"
OPEN-48-REFINED_FUEL,visual-territory-48,visual-territory-48-E1,"[125.0, 411.0]"
SERVICE-visual-territory-48-E1-36,visual-territory-48,visual-territory-48-E1,"[125.0, 411.0]"
SERVICE-visual-territory-48-E1-31,visual-territory-48,visual-territory-48-E1,"[125.0, 411.0]"
SERVICE-visual-territory-48-E1-35,visual-territory-48,visual-territory-48-E1,"[125.0, 411.0]"
POWER-48-10,visual-territory-48,visual-territory-48-E1,"[125.0, 411.0]"
POWER-48-11,visual-territory-48,visual-territory-48-E1,"[125.0, 411.0]"
POWER-48-23,visual-territory-48,visual-territory-48-E1,"[125.0, 411.0]"
POWER-48-13,visual-territory-48,visual-territory-48-E1,"[125.0, 411.0]"
GATE-48,visual-territory-48,visual-territory-48-E1,"[153.5, 445.5]"
WAREHOUSE-48,visual-territory-48,visual-territory-48-E1,"[125.0, 411.0]"
OPEN-RES232,visual-territory-49,visual-territory-49-E2,"[292, 377]"
OPEN-RES231,visual-territory-49,visual-territory-49-E1,"[208, 375]"
OPEN-RES230,visual-territory-49,visual-territory-49-E1,"[195, 431]"
OPEN-49-STEEL,visual-territory-49,visual-territory-49-E2,"[267.0, 400.0]"
OPEN-49-SEMICONDUCTORS,visual-territory-49,visual-territory-49-E2,"[267.0, 400.0]"
SERVICE-visual-territory-49-E1-36,visual-territory-49,visual-territory-49-E1,"[218.5, 398.0]"
SERVICE-visual-territory-49-E1-31,visual-territory-49,visual-territory-49-E1,"[218.5, 398.0]"
SERVICE-visual-territory-49-E1-35,visual-territory-49,visual-territory-49-E1,"[218.5, 398.0]"
SERVICE-visual-territory-49-E2-36,visual-territory-49,visual-territory-49-E2,"[267.0, 400.0]"
SERVICE-visual-territory-49-E2-31,visual-territory-49,visual-territory-49-E2,"[267.0, 400.0]"
SERVICE-visual-territory-49-E2-35,visual-territory-49,visual-territory-49-E2,"[267.0, 400.0]"
POWER-49-10,visual-territory-49,visual-territory-49-E2,"[267.0, 400.0]"
POWER-49-11,visual-territory-49,visual-territory-49-E2,"[267.0, 400.0]"
POWER-49-23,visual-territory-49,visual-territory-49-E2,"[267.0, 400.0]"
POWER-49-13,visual-territory-49,visual-territory-49-E2,"[267.0, 400.0]"
GATE-49,visual-territory-49,visual-territory-49-E1,"[224.0, 417.5]"
WAREHOUSE-49,visual-territory-49,visual-territory-49-E2,"[267.0, 400.0]"
OPEN-RES38,visual-territory-50,visual-territory-50-E1,"[270, 455]"
OPEN-RES233,visual-territory-50,visual-territory-50-E2,"[332, 525]"
OPEN-RES234,visual-territory-50,visual-territory-50-E1,"[284, 505]"
OPEN-50-REFINED_FUEL,visual-territory-50,visual-territory-50-E1,"[279.75, 466.0]"
OPEN-50-MACHINERY,visual-territory-50,visual-territory-50-E1,"[279.75, 466.0]"
SERVICE-visual-territory-50-E1-36,visual-territory-50,visual-territory-50-E1,"[279.75, 466.0]"
SERVICE-visual-territory-50-E1-31,visual-territory-50,visual-territory-50-E1,"[279.75, 466.0]"
SERVICE-visual-territory-50-E1-35,visual-territory-50,visual-territory-50-E1,"[279.75, 466.0]"
SERVICE-visual-territory-50-E2-36,visual-territory-50,visual-territory-50-E2,"[314.25, 482.0]"
SERVICE-visual-territory-50-E2-31,visual-territory-50,visual-territory-50-E2,"[314.25, 482.0]"
SERVICE-visual-territory-50-E2-35,visual-territory-50,visual-territory-50-E2,"[314.25, 482.0]"
POWER-50-10,visual-territory-50,visual-territory-50-E1,"[279.75, 466.0]"
POWER-50-11,visual-territory-50,visual-territory-50-E1,"[279.75, 466.0]"
POWER-50-23,visual-territory-50,visual-territory-50-E1,"[279.75, 466.0]"
POWER-50-13,visual-territory-50,visual-territory-50-E1,"[279.75, 466.0]"
GATE-50,visual-territory-50,visual-territory-50-E1,"[283.5, 498.5]"
WAREHOUSE-50,visual-territory-50,visual-territory-50-E1,"[279.75, 466.0]"
OPEN-RES236,visual-territory-51,visual-territory-51-E2,"[421, 458]"
OPEN-RES238,visual-territory-51,visual-territory-51-E2,"[361, 491]"
OPEN-51-STEEL,visual-territory-51,visual-territory-51-E1,"[308.75, 438.0]"
OPEN-51-MACHINERY,visual-territory-51,visual-territory-51-E1,"[308.75, 438.0]"
SERVICE-visual-territory-51-E1-36,visual-territory-51,visual-territory-51-E1,"[308.75, 438.0]"
SERVICE-visual-territory-51-E1-31,visual-territory-51,visual-territory-51-E1,"[308.75, 438.0]"
SERVICE-visual-territory-51-E1-35,visual-territory-51,visual-territory-51-E1,"[308.75, 438.0]"
SERVICE-visual-territory-51-E2-36,visual-territory-51,visual-territory-51-E2,"[347.25, 448.0]"
SERVICE-visual-territory-51-E2-31,visual-territory-51,visual-territory-51-E2,"[347.25, 448.0]"
SERVICE-visual-territory-51-E2-35,visual-territory-51,visual-territory-51-E2,"[347.25, 448.0]"
POWER-51-10,visual-territory-51,visual-territory-51-E1,"[308.75, 438.0]"
POWER-51-11,visual-territory-51,visual-territory-51-E1,"[308.75, 438.0]"
POWER-51-23,visual-territory-51,visual-territory-51-E1,"[308.75, 438.0]"
POWER-51-13,visual-territory-51,visual-territory-51-E1,"[308.75, 438.0]"
GATE-51,visual-territory-51,visual-territory-51-E2,"[363.5, 435.5]"
WAREHOUSE-51,visual-territory-51,visual-territory-51-E1,"[308.75, 438.0]"
OPEN-RES240,visual-territory-52,visual-territory-52-E1,"[479, 447]"
OPEN-RES242,visual-territory-52,visual-territory-52-E1,"[523, 437]"
OPEN-52-REFINED_FUEL,visual-territory-52,visual-territory-52-E1,"[534.0, 401.0]"
OPEN-52-MACHINERY,visual-territory-52,visual-territory-52-E1,"[534.0, 401.0]"
OPEN-52-SEMICONDUCTORS,visual-territory-52,visual-territory-52-E1,"[534.0, 401.0]"
SERVICE-visual-territory-52-E1-36,visual-territory-52,visual-territory-52-E1,"[534.0, 401.0]"
SERVICE-visual-territory-52-E1-31,visual-territory-52,visual-territory-52-E1,"[534.0, 401.0]"
SERVICE-visual-territory-52-E1-35,visual-territory-52,visual-territory-52-E1,"[534.0, 401.0]"
POWER-52-10,visual-territory-52,visual-territory-52-E1,"[534.0, 401.0]"
POWER-52-11,visual-territory-52,visual-territory-52-E1,"[534.0, 401.0]"
POWER-52-23,visual-territory-52,visual-territory-52-E1,"[534.0, 401.0]"
POWER-52-13,visual-territory-52,visual-territory-52-E1,"[534.0, 401.0]"
GATE-52,visual-territory-52,visual-territory-52-E1,"[539.5, 387.5]"
WAREHOUSE-52,visual-territory-52,visual-territory-52-E1,"[534.0, 401.0]"
OPEN-RES243,visual-territory-53,visual-territory-53-E2,"[816, 376]"
OPEN-53-GRAIN,visual-territory-53,visual-territory-53-E2,"[803.75, 429.0]"
OPEN-53-REFINED_FUEL,visual-territory-53,visual-territory-53-E2,"[803.75, 429.0]"
SERVICE-visual-territory-53-E1-36,visual-territory-53,visual-territory-53-E1,"[762.25, 421.0]"
SERVICE-visual-territory-53-E1-31,visual-territory-53,visual-territory-53-E1,"[762.25, 421.0]"
SERVICE-visual-territory-53-E1-35,visual-territory-53,visual-territory-53-E1,"[762.25, 421.0]"
SERVICE-visual-territory-53-E2-36,visual-territory-53,visual-territory-53-E2,"[803.75, 429.0]"
SERVICE-visual-territory-53-E2-31,visual-territory-53,visual-territory-53-E2,"[803.75, 429.0]"
SERVICE-visual-territory-53-E2-35,visual-territory-53,visual-territory-53-E2,"[803.75, 429.0]"
POWER-53-10,visual-territory-53,visual-territory-53-E2,"[803.75, 429.0]"
POWER-53-11,visual-territory-53,visual-territory-53-E2,"[803.75, 429.0]"
POWER-53-23,visual-territory-53,visual-territory-53-E2,"[803.75, 429.0]"
POWER-53-13,visual-territory-53,visual-territory-53-E2,"[803.75, 429.0]"
GATE-53,visual-territory-53,visual-territory-53-E2,"[832.5, 426.0]"
WAREHOUSE-53,visual-territory-53,visual-territory-53-E2,"[803.75, 429.0]"
OPEN-RES74,visual-territory-54,visual-territory-54-E1,"[821, 497]"
OPEN-54-GRAIN,visual-territory-54,visual-territory-54-E1,"[836.75, 465.0]"
OPEN-54-SEMICONDUCTORS,visual-territory-54,visual-territory-54-E1,"[836.75, 465.0]"
SERVICE-visual-territory-54-E1-36,visual-territory-54,visual-territory-54-E1,"[836.75, 465.0]"
SERVICE-visual-territory-54-E1-31,visual-territory-54,visual-territory-54-E1,"[836.75, 465.0]"
SERVICE-visual-territory-54-E1-35,visual-territory-54,visual-territory-54-E1,"[836.75, 465.0]"
SERVICE-visual-territory-54-E2-36,visual-territory-54,visual-territory-54-E2,"[896.75, 472.5]"
SERVICE-visual-territory-54-E2-31,visual-territory-54,visual-territory-54-E2,"[896.75, 472.5]"
SERVICE-visual-territory-54-E2-35,visual-territory-54,visual-territory-54-E2,"[896.75, 472.5]"
POWER-54-10,visual-territory-54,visual-territory-54-E1,"[836.75, 465.0]"
POWER-54-11,visual-territory-54,visual-territory-54-E1,"[836.75, 465.0]"
POWER-54-23,visual-territory-54,visual-territory-54-E1,"[836.75, 465.0]"
POWER-54-13,visual-territory-54,visual-territory-54-E1,"[836.75, 465.0]"
GATE-54,visual-territory-54,visual-territory-54-E2,"[907.5, 530.5]"
WAREHOUSE-54,visual-territory-54,visual-territory-54-E1,"[836.75, 465.0]"
OPEN-RES246,visual-territory-55,visual-territory-55-E1,"[1005, 433]"
OPEN-55-GRAIN,visual-territory-55,visual-territory-55-E1,"[965.5, 442.0]"
OPEN-55-REFINED_FUEL,visual-territory-55,visual-territory-55-E1,"[965.5, 442.0]"
OPEN-55-SEMICONDUCTORS,visual-territory-55,visual-territory-55-E1,"[965.5, 442.0]"
SERVICE-visual-territory-55-E1-36,visual-territory-55,visual-territory-55-E1,"[965.5, 442.0]"
SERVICE-visual-territory-55-E1-31,visual-territory-55,visual-territory-55-E1,"[965.5, 442.0]"
SERVICE-visual-territory-55-E1-35,visual-territory-55,visual-territory-55-E1,"[965.5, 442.0]"
POWER-55-10,visual-territory-55,visual-territory-55-E1,"[965.5, 442.0]"
POWER-55-11,visual-territory-55,visual-territory-55-E1,"[965.5, 442.0]"
POWER-55-23,visual-territory-55,visual-territory-55-E1,"[965.5, 442.0]"
POWER-55-13,visual-territory-55,visual-territory-55-E1,"[965.5, 442.0]"
GATE-55,visual-territory-55,visual-territory-55-E1,"[977.5, 453.5]"
WAREHOUSE-55,visual-territory-55,visual-territory-55-E1,"[965.5, 442.0]"
OPEN-RES250,visual-territory-56,visual-territory-56-E1,"[647, 571]"
OPEN-56-MACHINERY,visual-territory-56,visual-territory-56-E1,"[656.75, 534.0]"
OPEN-56-SEMICONDUCTORS,visual-territory-56,visual-territory-56-E1,"[656.75, 534.0]"
OPEN-56-BATTERIES,visual-territory-56,visual-territory-56-E1,"[656.75, 534.0]"
SERVICE-visual-territory-56-E1-36,visual-territory-56,visual-territory-56-E1,"[656.75, 534.0]"
SERVICE-visual-territory-56-E1-31,visual-territory-56,visual-territory-56-E1,"[656.75, 534.0]"
SERVICE-visual-territory-56-E1-35,visual-territory-56,visual-territory-56-E1,"[656.75, 534.0]"
SERVICE-visual-territory-56-E2-36,visual-territory-56,visual-territory-56-E2,"[699.75, 503.0]"
SERVICE-visual-territory-56-E2-31,visual-territory-56,visual-territory-56-E2,"[699.75, 503.0]"
SERVICE-visual-territory-56-E2-35,visual-territory-56,visual-territory-56-E2,"[699.75, 503.0]"
POWER-56-10,visual-territory-56,visual-territory-56-E1,"[656.75, 534.0]"
POWER-56-11,visual-territory-56,visual-territory-56-E1,"[656.75, 534.0]"
POWER-56-23,visual-territory-56,visual-territory-56-E1,"[656.75, 534.0]"
POWER-56-13,visual-territory-56,visual-territory-56-E1,"[656.75, 534.0]"
GATE-56,visual-territory-56,visual-territory-56-E1,"[636.5, 547.5]"
WAREHOUSE-56,visual-territory-56,visual-territory-56-E1,"[656.75, 534.0]"
OPEN-RES254,visual-territory-57,visual-territory-57-E1,"[666, 622]"
OPEN-57-STEEL,visual-territory-57,visual-territory-57-E1,"[665.75, 594.5]"
OPEN-57-MACHINERY,visual-territory-57,visual-territory-57-E1,"[665.75, 594.5]"
SERVICE-visual-territory-57-E1-36,visual-territory-57,visual-territory-57-E1,"[665.75, 594.5]"
SERVICE-visual-territory-57-E1-31,visual-territory-57,visual-territory-57-E1,"[665.75, 594.5]"
SERVICE-visual-territory-57-E1-35,visual-territory-57,visual-territory-57-E1,"[665.75, 594.5]"
SERVICE-visual-territory-57-E2-36,visual-territory-57,visual-territory-57-E2,"[708.25, 609.0]"
SERVICE-visual-territory-57-E2-31,visual-territory-57,visual-territory-57-E2,"[708.25, 609.0]"
SERVICE-visual-territory-57-E2-35,visual-territory-57,visual-territory-57-E2,"[708.25, 609.0]"
POWER-57-10,visual-territory-57,visual-territory-57-E1,"[665.75, 594.5]"
POWER-57-11,visual-territory-57,visual-territory-57-E1,"[665.75, 594.5]"
POWER-57-23,visual-territory-57,visual-territory-57-E1,"[665.75, 594.5]"
POWER-57-13,visual-territory-57,visual-territory-57-E1,"[665.75, 594.5]"
GATE-57,visual-territory-57,visual-territory-57-E2,"[714.5, 630.5]"
WAREHOUSE-57,visual-territory-57,visual-territory-57-E1,"[665.75, 594.5]"
OPEN-RES68,visual-territory-58,visual-territory-58-E2,"[821, 553]"
OPEN-RES78,visual-territory-58,visual-territory-58-E1,"[765, 495]"
OPEN-58-GRAIN,visual-territory-58,visual-territory-58-E1,"[748.0, 518.0]"
OPEN-RES11,visual-territory-58,visual-territory-58-E1,"[745, 480]"
SERVICE-visual-territory-58-E1-36,visual-territory-58,visual-territory-58-E1,"[748.0, 518.0]"
SERVICE-visual-territory-58-E1-31,visual-territory-58,visual-territory-58-E1,"[748.0, 518.0]"
SERVICE-visual-territory-58-E1-35,visual-territory-58,visual-territory-58-E1,"[748.0, 518.0]"
SERVICE-visual-territory-58-E2-36,visual-territory-58,visual-territory-58-E2,"[809.75, 544.0]"
SERVICE-visual-territory-58-E2-31,visual-territory-58,visual-territory-58-E2,"[809.75, 544.0]"
SERVICE-visual-territory-58-E2-35,visual-territory-58,visual-territory-58-E2,"[809.75, 544.0]"
POWER-58-10,visual-territory-58,visual-territory-58-E1,"[748.0, 518.0]"
POWER-58-11,visual-territory-58,visual-territory-58-E1,"[748.0, 518.0]"
POWER-58-23,visual-territory-58,visual-territory-58-E1,"[748.0, 518.0]"
POWER-58-13,visual-territory-58,visual-territory-58-E1,"[748.0, 518.0]"
GATE-58,visual-territory-58,visual-territory-58-E2,"[848.1289308176101, 583.5]"
WAREHOUSE-58,visual-territory-58,visual-territory-58-E1,"[748.0, 518.0]"
OPEN-RES258,visual-territory-59,visual-territory-59-E1,"[606, 678]"
OPEN-59-STEEL,visual-territory-59,visual-territory-59-E1,"[635.5, 648.5]"
OPEN-59-MACHINERY,visual-territory-59,visual-territory-59-E1,"[635.5, 648.5]"
SERVICE-visual-territory-59-E1-36,visual-territory-59,visual-territory-59-E1,"[635.5, 648.5]"
SERVICE-visual-territory-59-E1-31,visual-territory-59,visual-territory-59-E1,"[635.5, 648.5]"
SERVICE-visual-territory-59-E1-35,visual-territory-59,visual-territory-59-E1,"[635.5, 648.5]"
POWER-59-10,visual-territory-59,visual-territory-59-E1,"[635.5, 648.5]"
POWER-59-11,visual-territory-59,visual-territory-59-E1,"[635.5, 648.5]"
POWER-59-23,visual-territory-59,visual-territory-59-E1,"[635.5, 648.5]"
POWER-59-13,visual-territory-59,visual-territory-59-E1,"[635.5, 648.5]"
GATE-59,visual-territory-59,visual-territory-59-E1,"[652.0, 667.5]"
WAREHOUSE-59,visual-territory-59,visual-territory-59-E1,"[635.5, 648.5]"
OPEN-RES69,visual-territory-60,visual-territory-60-E2,"[231, 534]"
OPEN-60-GRAIN,visual-territory-60,visual-territory-60-E2,"[245.25, 568.0]"
OPEN-60-REFINED_FUEL,visual-territory-60,visual-territory-60-E2,"[245.25, 568.0]"
SERVICE-visual-territory-60-E1-36,visual-territory-60,visual-territory-60-E1,"[198.25, 555.5]"
SERVICE-visual-territory-60-E1-31,visual-territory-60,visual-territory-60-E1,"[198.25, 555.5]"
SERVICE-visual-territory-60-E1-35,visual-territory-60,visual-territory-60-E1,"[198.25, 555.5]"
SERVICE-visual-territory-60-E2-36,visual-territory-60,visual-territory-60-E2,"[245.25, 568.0]"
SERVICE-visual-territory-60-E2-31,visual-territory-60,visual-territory-60-E2,"[245.25, 568.0]"
SERVICE-visual-territory-60-E2-35,visual-territory-60,visual-territory-60-E2,"[245.25, 568.0]"
POWER-60-10,visual-territory-60,visual-territory-60-E2,"[245.25, 568.0]"
POWER-60-11,visual-territory-60,visual-territory-60-E2,"[245.25, 568.0]"
POWER-60-23,visual-territory-60,visual-territory-60-E2,"[245.25, 568.0]"
POWER-60-13,visual-territory-60,visual-territory-60-E2,"[245.25, 568.0]"
GATE-60,visual-territory-60,visual-territory-60-E1,"[192.5, 606.5]"
WAREHOUSE-60,visual-territory-60,visual-territory-60-E2,"[245.25, 568.0]"
OPEN-RES49,visual-territory-61,visual-territory-61-E1,"[281, 574]"
OPEN-61-GRAIN,visual-territory-61,visual-territory-61-E2,"[308.25, 585.0]"
OPEN-61-MACHINERY,visual-territory-61,visual-territory-61-E2,"[308.25, 585.0]"
OPEN-61-SEMICONDUCTORS,visual-territory-61,visual-territory-61-E2,"[308.25, 585.0]"
SERVICE-visual-territory-61-E1-36,visual-territory-61,visual-territory-61-E1,"[267.75, 594.0]"
SERVICE-visual-territory-61-E1-31,visual-territory-61,visual-territory-61-E1,"[267.75, 594.0]"
SERVICE-visual-territory-61-E1-35,visual-territory-61,visual-territory-61-E1,"[267.75, 594.0]"
SERVICE-visual-territory-61-E2-36,visual-territory-61,visual-territory-61-E2,"[308.25, 585.0]"
SERVICE-visual-territory-61-E2-31,visual-territory-61,visual-territory-61-E2,"[308.25, 585.0]"
SERVICE-visual-territory-61-E2-35,visual-territory-61,visual-territory-61-E2,"[308.25, 585.0]"
POWER-61-10,visual-territory-61,visual-territory-61-E2,"[308.25, 585.0]"
POWER-61-11,visual-territory-61,visual-territory-61-E2,"[308.25, 585.0]"
POWER-61-23,visual-territory-61,visual-territory-61-E2,"[308.25, 585.0]"
POWER-61-13,visual-territory-61,visual-territory-61-E2,"[308.25, 585.0]"
GATE-61,visual-territory-61,visual-territory-61-E2,"[332.0, 540.5]"
WAREHOUSE-61,visual-territory-61,visual-territory-61-E2,"[308.25, 585.0]"
OPEN-RES265,visual-territory-62,visual-territory-62-E2,"[404, 678]"
OPEN-RES17,visual-territory-62,visual-territory-62-E1,"[312, 665]"
OPEN-62-REFINED_FUEL,visual-territory-62,visual-territory-62-E1,"[317.25, 687.0]"
SERVICE-visual-territory-62-E1-36,visual-territory-62,visual-territory-62-E1,"[317.25, 687.0]"
SERVICE-visual-territory-62-E1-31,visual-territory-62,visual-territory-62-E1,"[317.25, 687.0]"
SERVICE-visual-territory-62-E1-35,visual-territory-62,visual-territory-62-E1,"[317.25, 687.0]"
SERVICE-visual-territory-62-E2-36,visual-territory-62,visual-territory-62-E2,"[389.5, 746.0]"
SERVICE-visual-territory-62-E2-31,visual-territory-62,visual-territory-62-E2,"[389.5, 746.0]"
SERVICE-visual-territory-62-E2-35,visual-territory-62,visual-territory-62-E2,"[389.5, 746.0]"
POWER-62-10,visual-territory-62,visual-territory-62-E1,"[317.25, 687.0]"
POWER-62-11,visual-territory-62,visual-territory-62-E1,"[317.25, 687.0]"
POWER-62-23,visual-territory-62,visual-territory-62-E1,"[317.25, 687.0]"
POWER-62-13,visual-territory-62,visual-territory-62-E1,"[317.25, 687.0]"
GATE-62,visual-territory-62,visual-territory-62-E1,"[277.5, 653.5]"
WAREHOUSE-62,visual-territory-62,visual-territory-62-E1,"[317.25, 687.0]"
OPEN-RES267,visual-territory-63,visual-territory-63-E2,"[404, 581]"
OPEN-RES268,visual-territory-63,visual-territory-63-E2,"[380, 671]"
OPEN-63-STEEL,visual-territory-63,visual-territory-63-E1,"[347.75, 606.5]"
OPEN-63-REFINED_FUEL,visual-territory-63,visual-territory-63-E1,"[347.75, 606.5]"
SERVICE-visual-territory-63-E1-36,visual-territory-63,visual-territory-63-E1,"[347.75, 606.5]"
SERVICE-visual-territory-63-E1-31,visual-territory-63,visual-territory-63-E1,"[347.75, 606.5]"
SERVICE-visual-territory-63-E1-35,visual-territory-63,visual-territory-63-E1,"[347.75, 606.5]"
SERVICE-visual-territory-63-E2-36,visual-territory-63,visual-territory-63-E2,"[397.25, 620.0]"
SERVICE-visual-territory-63-E2-31,visual-territory-63,visual-territory-63-E2,"[397.25, 620.0]"
SERVICE-visual-territory-63-E2-35,visual-territory-63,visual-territory-63-E2,"[397.25, 620.0]"
POWER-63-10,visual-territory-63,visual-territory-63-E1,"[347.75, 606.5]"
POWER-63-11,visual-territory-63,visual-territory-63-E1,"[347.75, 606.5]"
POWER-63-23,visual-territory-63,visual-territory-63-E1,"[347.75, 606.5]"
POWER-63-13,visual-territory-63,visual-territory-63-E1,"[347.75, 606.5]"
GATE-63,visual-territory-63,visual-territory-63-E2,"[384.5, 660.9842767295597]"
WAREHOUSE-63,visual-territory-63,visual-territory-63-E1,"[347.75, 606.5]"
OPEN-RES44,visual-territory-64,visual-territory-64-E1,"[692, 277]"
OPEN-64-GRAIN,visual-territory-64,visual-territory-64-E1,"[675.75, 291.0]"
OPEN-64-MACHINERY,visual-territory-64,visual-territory-64-E1,"[675.75, 291.0]"
SERVICE-visual-territory-64-E1-36,visual-territory-64,visual-territory-64-E1,"[675.75, 291.0]"
SERVICE-visual-territory-64-E1-31,visual-territory-64,visual-territory-64-E1,"[675.75, 291.0]"
SERVICE-visual-territory-64-E1-35,visual-territory-64,visual-territory-64-E1,"[675.75, 291.0]"
SERVICE-visual-territory-64-E2-36,visual-territory-64,visual-territory-64-E2,"[724.25, 297.0]"
SERVICE-visual-territory-64-E2-31,visual-territory-64,visual-territory-64-E2,"[724.25, 297.0]"
SERVICE-visual-territory-64-E2-35,visual-territory-64,visual-territory-64-E2,"[724.25, 297.0]"
POWER-64-10,visual-territory-64,visual-territory-64-E1,"[675.75, 291.0]"
POWER-64-11,visual-territory-64,visual-territory-64-E1,"[675.75, 291.0]"
POWER-64-23,visual-territory-64,visual-territory-64-E1,"[675.75, 291.0]"
POWER-64-13,visual-territory-64,visual-territory-64-E1,"[675.75, 291.0]"
GATE-64,visual-territory-64,visual-territory-64-E1,"[691.0, 334.5]"
WAREHOUSE-64,visual-territory-64,visual-territory-64-E1,"[675.75, 291.0]"
OPEN-65-GRAIN,visual-territory-65,visual-territory-65-E2,"[641.75, 315.5]"
OPEN-65-BATTERIES,visual-territory-65,visual-territory-65-E2,"[641.75, 315.5]"
SERVICE-visual-territory-65-E1-36,visual-territory-65,visual-territory-65-E1,"[577.25, 330.5]"
SERVICE-visual-territory-65-E1-31,visual-territory-65,visual-territory-65-E1,"[577.25, 330.5]"
SERVICE-visual-territory-65-E1-35,visual-territory-65,visual-territory-65-E1,"[577.25, 330.5]"
SERVICE-visual-territory-65-E2-36,visual-territory-65,visual-territory-65-E2,"[641.75, 315.5]"
SERVICE-visual-territory-65-E2-31,visual-territory-65,visual-territory-65-E2,"[641.75, 315.5]"
SERVICE-visual-territory-65-E2-35,visual-territory-65,visual-territory-65-E2,"[641.75, 315.5]"
POWER-65-10,visual-territory-65,visual-territory-65-E2,"[641.75, 315.5]"
POWER-65-11,visual-territory-65,visual-territory-65-E2,"[641.75, 315.5]"
POWER-65-23,visual-territory-65,visual-territory-65-E2,"[641.75, 315.5]"
POWER-65-13,visual-territory-65,visual-territory-65-E2,"[641.75, 315.5]"
GATE-65,visual-territory-65,visual-territory-65-E2,"[624.5, 378.0]"
WAREHOUSE-65,visual-territory-65,visual-territory-65-E2,"[641.75, 315.5]"
OPEN-RES41,visual-territory-66,visual-territory-66-E2,"[988, 343]"
OPEN-RES79,visual-territory-66,visual-territory-66-E2,"[977, 320]"
OPEN-66-GRAIN,visual-territory-66,visual-territory-66-E2,"[972.75, 341.5]"
OPEN-66-REFINED_FUEL,visual-territory-66,visual-territory-66-E2,"[972.75, 341.5]"
OPEN-66-MACHINERY,visual-territory-66,visual-territory-66-E2,"[972.75, 341.5]"
SERVICE-visual-territory-66-E1-36,visual-territory-66,visual-territory-66-E1,"[929.75, 180.0]"
SERVICE-visual-territory-66-E1-31,visual-territory-66,visual-territory-66-E1,"[929.75, 180.0]"
SERVICE-visual-territory-66-E1-35,visual-territory-66,visual-territory-66-E1,"[929.75, 180.0]"
SERVICE-visual-territory-66-E2-36,visual-territory-66,visual-territory-66-E2,"[972.75, 341.5]"
SERVICE-visual-territory-66-E2-31,visual-territory-66,visual-territory-66-E2,"[972.75, 341.5]"
SERVICE-visual-territory-66-E2-35,visual-territory-66,visual-territory-66-E2,"[972.75, 341.5]"
POWER-66-10,visual-territory-66,visual-territory-66-E2,"[972.75, 341.5]"
POWER-66-11,visual-territory-66,visual-territory-66-E2,"[972.75, 341.5]"
POWER-66-23,visual-territory-66,visual-territory-66-E2,"[972.75, 341.5]"
POWER-66-13,visual-territory-66,visual-territory-66-E2,"[972.75, 341.5]"
GATE-66,visual-territory-66,visual-territory-66-E2,"[964.0, 362.5]"
WAREHOUSE-66,visual-territory-66,visual-territory-66-E2,"[972.75, 341.5]"
OPEN-RES48,visual-territory-67,visual-territory-67-E2,"[511, 718]"
OPEN-67-REFINED_FUEL,visual-territory-67,visual-territory-67-E2,"[526.25, 696.0]"
OPEN-67-MACHINERY,visual-territory-67,visual-territory-67-E2,"[526.25, 696.0]"
OPEN-67-SEMICONDUCTORS,visual-territory-67,visual-territory-67-E2,"[526.25, 696.0]"
SERVICE-visual-territory-67-E1-36,visual-territory-67,visual-territory-67-E1,"[461.75, 703.0]"
SERVICE-visual-territory-67-E1-31,visual-territory-67,visual-territory-67-E1,"[461.75, 703.0]"
SERVICE-visual-territory-67-E1-35,visual-territory-67,visual-territory-67-E1,"[461.75, 703.0]"
SERVICE-visual-territory-67-E2-36,visual-territory-67,visual-territory-67-E2,"[526.25, 696.0]"
SERVICE-visual-territory-67-E2-31,visual-territory-67,visual-territory-67-E2,"[526.25, 696.0]"
SERVICE-visual-territory-67-E2-35,visual-territory-67,visual-territory-67-E2,"[526.25, 696.0]"
POWER-67-10,visual-territory-67,visual-territory-67-E2,"[526.25, 696.0]"
POWER-67-11,visual-territory-67,visual-territory-67-E2,"[526.25, 696.0]"
POWER-67-23,visual-territory-67,visual-territory-67-E2,"[526.25, 696.0]"
POWER-67-13,visual-territory-67,visual-territory-67-E2,"[526.25, 696.0]"
GATE-67,visual-territory-67,visual-territory-67-E2,"[539.5, 692.5]"
WAREHOUSE-67,visual-territory-67,visual-territory-67-E2,"[526.25, 696.0]"
OPEN-RES277,visual-territory-68,visual-territory-68-E1,"[432, 572]"
OPEN-68-STEEL,visual-territory-68,visual-territory-68-E1,"[476.75, 587.5]"
SERVICE-visual-territory-68-E1-36,visual-territory-68,visual-territory-68-E1,"[476.75, 587.5]"
SERVICE-visual-territory-68-E1-31,visual-territory-68,visual-territory-68-E1,"[476.75, 587.5]"
SERVICE-visual-territory-68-E1-35,visual-territory-68,visual-territory-68-E1,"[476.75, 587.5]"
SERVICE-visual-territory-68-E2-36,visual-territory-68,visual-territory-68-E2,"[523.25, 596.0]"
SERVICE-visual-territory-68-E2-31,visual-territory-68,visual-territory-68-E2,"[523.25, 596.0]"
SERVICE-visual-territory-68-E2-35,visual-territory-68,visual-territory-68-E2,"[523.25, 596.0]"
POWER-68-10,visual-territory-68,visual-territory-68-E1,"[476.75, 587.5]"
POWER-68-11,visual-territory-68,visual-territory-68-E1,"[476.75, 587.5]"
POWER-68-23,visual-territory-68,visual-territory-68-E1,"[476.75, 587.5]"
POWER-68-13,visual-territory-68,visual-territory-68-E1,"[476.75, 587.5]"
GATE-68,visual-territory-68,visual-territory-68-E2,"[531.5, 631.5]"
WAREHOUSE-68,visual-territory-68,visual-territory-68-E1,"[476.75, 587.5]"
OPEN-RES83,visual-territory-69,visual-territory-69-E1,"[200, 692]"
OPEN-69-STEEL,visual-territory-69,visual-territory-69-E1,"[211.0, 702.0]"
SERVICE-visual-territory-69-E1-36,visual-territory-69,visual-territory-69-E1,"[211.0, 702.0]"
SERVICE-visual-territory-69-E1-31,visual-territory-69,visual-territory-69-E1,"[211.0, 702.0]"
SERVICE-visual-territory-69-E1-35,visual-territory-69,visual-territory-69-E1,"[211.0, 702.0]"
POWER-69-10,visual-territory-69,visual-territory-69-E1,"[211.0, 702.0]"
POWER-69-11,visual-territory-69,visual-territory-69-E1,"[211.0, 702.0]"
POWER-69-23,visual-territory-69,visual-territory-69-E1,"[211.0, 702.0]"
POWER-69-13,visual-territory-69,visual-territory-69-E1,"[211.0, 702.0]"
GATE-69,visual-territory-69,visual-territory-69-E1,"[191.5, 722.5]"
WAREHOUSE-69,visual-territory-69,visual-territory-69-E1,"[211.0, 702.0]"
OPEN-70-GRAIN,visual-territory-70,visual-territory-70-E1,"[1211.0, 255.0]"
OPEN-70-REFINED_FUEL,visual-territory-70,visual-territory-70-E1,"[1211.0, 255.0]"
SERVICE-visual-territory-70-E1-36,visual-territory-70,visual-territory-70-E1,"[1211.0, 255.0]"
SERVICE-visual-territory-70-E1-31,visual-territory-70,visual-territory-70-E1,"[1211.0, 255.0]"
SERVICE-visual-territory-70-E1-35,visual-territory-70,visual-territory-70-E1,"[1211.0, 255.0]"
POWER-70-10,visual-territory-70,visual-territory-70-E1,"[1211.0, 255.0]"
POWER-70-11,visual-territory-70,visual-territory-70-E1,"[1211.0, 255.0]"
POWER-70-23,visual-territory-70,visual-territory-70-E1,"[1211.0, 255.0]"
POWER-70-13,visual-territory-70,visual-territory-70-E1,"[1211.0, 255.0]"
GATE-70,visual-territory-70,visual-territory-70-E1,"[1227.5, 234.5]"
WAREHOUSE-70,visual-territory-70,visual-territory-70-E1,"[1211.0, 255.0]"
