id,countryId,ownerId,warehouseId,commodityId,unit,available,reserved,inTransit,bufferDays,origin
STOCK-01-CRUDE_OIL,visual-territory-01,OP-01,WAREHOUSE-01,CRUDE_OIL,barrel,0.0,0,0,76,AUTHORED_OPENING_STOCK_ENDOWMENT_NOT_HISTORICAL_EXTRACTION
STOCK-01-NATURAL_GAS,visual-territory-01,OP-01,WAREHOUSE-01,NATURAL_GAS,MMBtu,0.0,0,0,76,AUTHORED_OPENING_STOCK_ENDOWMENT_NOT_HISTORICAL_EXTRACTION
STOCK-01-URANIUM,visual-territory-01,OP-01,WAREHOUSE-01,URANIUM,tonne U,8.018532,0,0,76,AUTHORED_OPENING_STOCK_ENDOWMENT_NOT_HISTORICAL_EXTRACTION
STOCK-01-GRAIN,visual-territory-01,OP-01,WAREHOUSE-01,GRAIN,tonne,5345680.349308,0,0,76,AUTHORED_OPENING_STOCK_ENDOWMENT_NOT_HISTORICAL_EXTRACTION
STOCK-01-IRON_ORE,visual-territory-01,OP-01,WAREHOUSE-01,IRON_ORE,tonne,0.0,0,0,76,AUTHORED_OPENING_STOCK_ENDOWMENT_NOT_HISTORICAL_EXTRACTION
STOCK-01-COPPER,visual-territory-01,OP-01,WAREHOUSE-01,COPPER,tonne,0.0,0,0,76,AUTHORED_OPENING_STOCK_ENDOWMENT_NOT_HISTORICAL_EXTRACTION
STOCK-01-LITHIUM,visual-territory-01,OP-01,WAREHOUSE-01,LITHIUM,tonne LCE,0.0,0,0,76,AUTHORED_OPENING_STOCK_ENDOWMENT_NOT_HISTORICAL_EXTRACTION
STOCK-01-STEEL,visual-territory-01,OP-01,WAREHOUSE-01,STEEL,tonne,1202778.0786,0,0,76,AUTHORED_OPENING_STOCK_ENDOWMENT_NOT_HISTORICAL_EXTRACTION
STOCK-01-REFINED_FUEL,visual-territory-01,OP-01,WAREHOUSE-01,REFINED_FUEL,barrel equivalent,8018520.524,0,0,76,AUTHORED_OPENING_STOCK_ENDOWMENT_NOT_HISTORICAL_EXTRACTION
STOCK-01-MACHINERY,visual-territory-01,OP-01,WAREHOUSE-01,MACHINERY,equipment unit,6414.816404,0,0,76,AUTHORED_OPENING_STOCK_ENDOWMENT_NOT_HISTORICAL_EXTRACTION
STOCK-01-SEMICONDUCTORS,visual-territory-01,OP-01,WAREHOUSE-01,SEMICONDUCTORS,standardised chip unit,8018520.524,0,0,76,AUTHORED_OPENING_STOCK_ENDOWMENT_NOT_HISTORICAL_EXTRACTION
STOCK-01-BATTERIES,visual-territory-01,OP-01,WAREHOUSE-01,BATTERIES,MWh-equivalent,641.481648,0,0,76,AUTHORED_OPENING_STOCK_ENDOWMENT_NOT_HISTORICAL_EXTRACTION
STOCK-02-CRUDE_OIL,visual-territory-02,OP-02,WAREHOUSE-02,CRUDE_OIL,barrel,3191522.33351,0,0,70,AUTHORED_OPENING_STOCK_ENDOWMENT_NOT_HISTORICAL_EXTRACTION
STOCK-02-NATURAL_GAS,visual-territory-02,OP-02,WAREHOUSE-02,NATURAL_GAS,MMBtu,0.0,0,0,70,AUTHORED_OPENING_STOCK_ENDOWMENT_NOT_HISTORICAL_EXTRACTION
STOCK-02-URANIUM,visual-territory-02,OP-02,WAREHOUSE-02,URANIUM,tonne U,9.61114,0,0,70,AUTHORED_OPENING_STOCK_ENDOWMENT_NOT_HISTORICAL_EXTRACTION
STOCK-02-GRAIN,visual-territory-02,OP-02,WAREHOUSE-02,GRAIN,tonne,6407410.28669,0,0,70,AUTHORED_OPENING_STOCK_ENDOWMENT_NOT_HISTORICAL_EXTRACTION
STOCK-02-IRON_ORE,visual-territory-02,OP-02,WAREHOUSE-02,IRON_ORE,tonne,0.0,0,0,70,AUTHORED_OPENING_STOCK_ENDOWMENT_NOT_HISTORICAL_EXTRACTION
STOCK-02-COPPER,visual-territory-02,OP-02,WAREHOUSE-02,COPPER,tonne,0.0,0,0,70,AUTHORED_OPENING_STOCK_ENDOWMENT_NOT_HISTORICAL_EXTRACTION
STOCK-02-LITHIUM,visual-territory-02,OP-02,WAREHOUSE-02,LITHIUM,tonne LCE,0.0,0,0,70,AUTHORED_OPENING_STOCK_ENDOWMENT_NOT_HISTORICAL_EXTRACTION
STOCK-02-STEEL,visual-territory-02,OP-02,WAREHOUSE-02,STEEL,tonne,1441667.3145,0,0,70,AUTHORED_OPENING_STOCK_ENDOWMENT_NOT_HISTORICAL_EXTRACTION
STOCK-02-REFINED_FUEL,visual-territory-02,OP-02,WAREHOUSE-02,REFINED_FUEL,barrel equivalent,9611115.43,0,0,70,AUTHORED_OPENING_STOCK_ENDOWMENT_NOT_HISTORICAL_EXTRACTION
STOCK-02-MACHINERY,visual-territory-02,OP-02,WAREHOUSE-02,MACHINERY,equipment unit,7688.89233,0,0,70,AUTHORED_OPENING_STOCK_ENDOWMENT_NOT_HISTORICAL_EXTRACTION
STOCK-02-SEMICONDUCTORS,visual-territory-02,OP-02,WAREHOUSE-02,SEMICONDUCTORS,standardised chip unit,9611115.43,0,0,70,AUTHORED_OPENING_STOCK_ENDOWMENT_NOT_HISTORICAL_EXTRACTION
STOCK-02-BATTERIES,visual-territory-02,OP-02,WAREHOUSE-02,BATTERIES,MWh-equivalent,768.88924,0,0,70,AUTHORED_OPENING_STOCK_ENDOWMENT_NOT_HISTORICAL_EXTRACTION
STOCK-03-CRUDE_OIL,visual-territory-03,OP-03,WAREHOUSE-03,CRUDE_OIL,barrel,0.0,0,0,74,AUTHORED_OPENING_STOCK_ENDOWMENT_NOT_HISTORICAL_EXTRACTION
STOCK-03-NATURAL_GAS,visual-territory-03,OP-03,WAREHOUSE-03,NATURAL_GAS,MMBtu,0.0,0,0,74,AUTHORED_OPENING_STOCK_ENDOWMENT_NOT_HISTORICAL_EXTRACTION
STOCK-03-URANIUM,visual-territory-03,OP-03,WAREHOUSE-03,URANIUM,tonne U,19.242738,0,0,74,AUTHORED_OPENING_STOCK_ENDOWMENT_NOT_HISTORICAL_EXTRACTION
STOCK-03-GRAIN,visual-territory-03,OP-03,WAREHOUSE-03,GRAIN,tonne,12828513.756,0,0,74,AUTHORED_OPENING_STOCK_ENDOWMENT_NOT_HISTORICAL_EXTRACTION
STOCK-03-IRON_ORE,visual-territory-03,OP-03,WAREHOUSE-03,IRON_ORE,tonne,0.0,0,0,74,AUTHORED_OPENING_STOCK_ENDOWMENT_NOT_HISTORICAL_EXTRACTION
STOCK-03-COPPER,visual-territory-03,OP-03,WAREHOUSE-03,COPPER,tonne,1886.18637,0,0,74,AUTHORED_OPENING_STOCK_ENDOWMENT_NOT_HISTORICAL_EXTRACTION
STOCK-03-LITHIUM,visual-territory-03,OP-03,WAREHOUSE-03,LITHIUM,tonne LCE,0.0,0,0,74,AUTHORED_OPENING_STOCK_ENDOWMENT_NOT_HISTORICAL_EXTRACTION
STOCK-03-STEEL,visual-territory-03,OP-03,WAREHOUSE-03,STEEL,tonne,2933570.253758,0,0,74,AUTHORED_OPENING_STOCK_ENDOWMENT_NOT_HISTORICAL_EXTRACTION
STOCK-03-REFINED_FUEL,visual-territory-03,OP-03,WAREHOUSE-03,REFINED_FUEL,barrel equivalent,19242770.634,0,0,74,AUTHORED_OPENING_STOCK_ENDOWMENT_NOT_HISTORICAL_EXTRACTION
STOCK-03-MACHINERY,visual-territory-03,OP-03,WAREHOUSE-03,MACHINERY,equipment unit,15394.216522,0,0,74,AUTHORED_OPENING_STOCK_ENDOWMENT_NOT_HISTORICAL_EXTRACTION
STOCK-03-SEMICONDUCTORS,visual-territory-03,OP-03,WAREHOUSE-03,SEMICONDUCTORS,standardised chip unit,19242770.634,0,0,74,AUTHORED_OPENING_STOCK_ENDOWMENT_NOT_HISTORICAL_EXTRACTION
STOCK-03-BATTERIES,visual-territory-03,OP-03,WAREHOUSE-03,BATTERIES,MWh-equivalent,1539.42163,0,0,74,AUTHORED_OPENING_STOCK_ENDOWMENT_NOT_HISTORICAL_EXTRACTION
STOCK-04-CRUDE_OIL,visual-territory-04,OP-04,WAREHOUSE-04,CRUDE_OIL,barrel,0.0,0,0,76,AUTHORED_OPENING_STOCK_ENDOWMENT_NOT_HISTORICAL_EXTRACTION
STOCK-04-NATURAL_GAS,visual-territory-04,OP-04,WAREHOUSE-04,NATURAL_GAS,MMBtu,2722513.165324,0,0,76,AUTHORED_OPENING_STOCK_ENDOWMENT_NOT_HISTORICAL_EXTRACTION
STOCK-04-URANIUM,visual-territory-04,OP-04,WAREHOUSE-04,URANIUM,tonne U,20.956924,0,0,76,AUTHORED_OPENING_STOCK_ENDOWMENT_NOT_HISTORICAL_EXTRACTION
STOCK-04-GRAIN,visual-territory-04,OP-04,WAREHOUSE-04,GRAIN,tonne,13971284.237308,0,0,76,AUTHORED_OPENING_STOCK_ENDOWMENT_NOT_HISTORICAL_EXTRACTION
STOCK-04-IRON_ORE,visual-territory-04,OP-04,WAREHOUSE-04,IRON_ORE,tonne,1452007.021496,0,0,76,AUTHORED_OPENING_STOCK_ENDOWMENT_NOT_HISTORICAL_EXTRACTION
STOCK-04-COPPER,visual-territory-04,OP-04,WAREHOUSE-04,COPPER,tonne,0.0,0,0,76,AUTHORED_OPENING_STOCK_ENDOWMENT_NOT_HISTORICAL_EXTRACTION
STOCK-04-LITHIUM,visual-territory-04,OP-04,WAREHOUSE-04,LITHIUM,tonne LCE,0.0,0,0,76,AUTHORED_OPENING_STOCK_ENDOWMENT_NOT_HISTORICAL_EXTRACTION
STOCK-04-STEEL,visual-territory-04,OP-04,WAREHOUSE-04,STEEL,tonne,3143538.9534,0,0,76,AUTHORED_OPENING_STOCK_ENDOWMENT_NOT_HISTORICAL_EXTRACTION
STOCK-04-REFINED_FUEL,visual-territory-04,OP-04,WAREHOUSE-04,REFINED_FUEL,barrel equivalent,20956926.356,0,0,76,AUTHORED_OPENING_STOCK_ENDOWMENT_NOT_HISTORICAL_EXTRACTION
STOCK-04-MACHINERY,visual-territory-04,OP-04,WAREHOUSE-04,MACHINERY,equipment unit,16765.5411,0,0,76,AUTHORED_OPENING_STOCK_ENDOWMENT_NOT_HISTORICAL_EXTRACTION
STOCK-04-SEMICONDUCTORS,visual-territory-04,OP-04,WAREHOUSE-04,SEMICONDUCTORS,standardised chip unit,20956926.356,0,0,76,AUTHORED_OPENING_STOCK_ENDOWMENT_NOT_HISTORICAL_EXTRACTION
STOCK-04-BATTERIES,visual-territory-04,OP-04,WAREHOUSE-04,BATTERIES,MWh-equivalent,1676.554072,0,0,76,AUTHORED_OPENING_STOCK_ENDOWMENT_NOT_HISTORICAL_EXTRACTION
STOCK-05-CRUDE_OIL,visual-territory-05,OP-05,WAREHOUSE-05,CRUDE_OIL,barrel,0.0,0,0,77,AUTHORED_OPENING_STOCK_ENDOWMENT_NOT_HISTORICAL_EXTRACTION
STOCK-05-NATURAL_GAS,visual-territory-05,OP-05,WAREHOUSE-05,NATURAL_GAS,MMBtu,0.0,0,0,77,AUTHORED_OPENING_STOCK_ENDOWMENT_NOT_HISTORICAL_EXTRACTION
STOCK-05-URANIUM,visual-territory-05,OP-05,WAREHOUSE-05,URANIUM,tonne U,15.308986,0,0,77,AUTHORED_OPENING_STOCK_ENDOWMENT_NOT_HISTORICAL_EXTRACTION
STOCK-05-GRAIN,visual-territory-05,OP-05,WAREHOUSE-05,GRAIN,tonne,10205986.149359,0,0,77,AUTHORED_OPENING_STOCK_ENDOWMENT_NOT_HISTORICAL_EXTRACTION
STOCK-05-IRON_ORE,visual-territory-05,OP-05,WAREHOUSE-05,IRON_ORE,tonne,0.0,0,0,77,AUTHORED_OPENING_STOCK_ENDOWMENT_NOT_HISTORICAL_EXTRACTION
STOCK-05-COPPER,visual-territory-05,OP-05,WAREHOUSE-05,COPPER,tonne,0.0,0,0,77,AUTHORED_OPENING_STOCK_ENDOWMENT_NOT_HISTORICAL_EXTRACTION
STOCK-05-LITHIUM,visual-territory-05,OP-05,WAREHOUSE-05,LITHIUM,tonne LCE,0.0,0,0,77,AUTHORED_OPENING_STOCK_ENDOWMENT_NOT_HISTORICAL_EXTRACTION
STOCK-05-STEEL,visual-territory-05,OP-05,WAREHOUSE-05,STEEL,tonne,2296346.8836,0,0,77,AUTHORED_OPENING_STOCK_ENDOWMENT_NOT_HISTORICAL_EXTRACTION
STOCK-05-REFINED_FUEL,visual-territory-05,OP-05,WAREHOUSE-05,REFINED_FUEL,barrel equivalent,15308979.224,0,0,77,AUTHORED_OPENING_STOCK_ENDOWMENT_NOT_HISTORICAL_EXTRACTION
STOCK-05-MACHINERY,visual-territory-05,OP-05,WAREHOUSE-05,MACHINERY,equipment unit,12247.18341,0,0,77,AUTHORED_OPENING_STOCK_ENDOWMENT_NOT_HISTORICAL_EXTRACTION
STOCK-05-SEMICONDUCTORS,visual-territory-05,OP-05,WAREHOUSE-05,SEMICONDUCTORS,standardised chip unit,15308979.224,0,0,77,AUTHORED_OPENING_STOCK_ENDOWMENT_NOT_HISTORICAL_EXTRACTION
STOCK-05-BATTERIES,visual-territory-05,OP-05,WAREHOUSE-05,BATTERIES,MWh-equivalent,1224.718341,0,0,77,AUTHORED_OPENING_STOCK_ENDOWMENT_NOT_HISTORICAL_EXTRACTION
STOCK-06-CRUDE_OIL,visual-territory-06,OP-06,WAREHOUSE-06,CRUDE_OIL,barrel,0.0,0,0,74,AUTHORED_OPENING_STOCK_ENDOWMENT_NOT_HISTORICAL_EXTRACTION
STOCK-06-NATURAL_GAS,visual-territory-06,OP-06,WAREHOUSE-06,NATURAL_GAS,MMBtu,0.0,0,0,74,AUTHORED_OPENING_STOCK_ENDOWMENT_NOT_HISTORICAL_EXTRACTION
STOCK-06-URANIUM,visual-territory-06,OP-06,WAREHOUSE-06,URANIUM,tonne U,22.27844,0,0,74,AUTHORED_OPENING_STOCK_ENDOWMENT_NOT_HISTORICAL_EXTRACTION
STOCK-06-GRAIN,visual-territory-06,OP-06,WAREHOUSE-06,GRAIN,tonne,14852313.954642,0,0,74,AUTHORED_OPENING_STOCK_ENDOWMENT_NOT_HISTORICAL_EXTRACTION
STOCK-06-IRON_ORE,visual-territory-06,OP-06,WAREHOUSE-06,IRON_ORE,tonne,0.0,0,0,74,AUTHORED_OPENING_STOCK_ENDOWMENT_NOT_HISTORICAL_EXTRACTION
STOCK-06-COPPER,visual-territory-06,OP-06,WAREHOUSE-06,COPPER,tonne,0.0,0,0,74,AUTHORED_OPENING_STOCK_ENDOWMENT_NOT_HISTORICAL_EXTRACTION
STOCK-06-LITHIUM,visual-territory-06,OP-06,WAREHOUSE-06,LITHIUM,tonne LCE,0.0,0,0,74,AUTHORED_OPENING_STOCK_ENDOWMENT_NOT_HISTORICAL_EXTRACTION
STOCK-06-STEEL,visual-territory-06,OP-06,WAREHOUSE-06,STEEL,tonne,3341770.6398,0,0,74,AUTHORED_OPENING_STOCK_ENDOWMENT_NOT_HISTORICAL_EXTRACTION
STOCK-06-REFINED_FUEL,visual-territory-06,OP-06,WAREHOUSE-06,REFINED_FUEL,barrel equivalent,22278470.932,0,0,74,AUTHORED_OPENING_STOCK_ENDOWMENT_NOT_HISTORICAL_EXTRACTION
STOCK-06-MACHINERY,visual-territory-06,OP-06,WAREHOUSE-06,MACHINERY,equipment unit,17822.776716,0,0,74,AUTHORED_OPENING_STOCK_ENDOWMENT_NOT_HISTORICAL_EXTRACTION
STOCK-06-SEMICONDUCTORS,visual-territory-06,OP-06,WAREHOUSE-06,SEMICONDUCTORS,standardised chip unit,22278470.932,0,0,74,AUTHORED_OPENING_STOCK_ENDOWMENT_NOT_HISTORICAL_EXTRACTION
STOCK-06-BATTERIES,visual-territory-06,OP-06,WAREHOUSE-06,BATTERIES,MWh-equivalent,1782.277642,0,0,74,AUTHORED_OPENING_STOCK_ENDOWMENT_NOT_HISTORICAL_EXTRACTION
STOCK-07-CRUDE_OIL,visual-territory-07,OP-07,WAREHOUSE-07,CRUDE_OIL,barrel,0.0,0,0,78,AUTHORED_OPENING_STOCK_ENDOWMENT_NOT_HISTORICAL_EXTRACTION
STOCK-07-NATURAL_GAS,visual-territory-07,OP-07,WAREHOUSE-07,NATURAL_GAS,MMBtu,0.0,0,0,78,AUTHORED_OPENING_STOCK_ENDOWMENT_NOT_HISTORICAL_EXTRACTION
STOCK-07-URANIUM,visual-territory-07,OP-07,WAREHOUSE-07,URANIUM,tonne U,16.92054,0,0,78,AUTHORED_OPENING_STOCK_ENDOWMENT_NOT_HISTORICAL_EXTRACTION
STOCK-07-GRAIN,visual-territory-07,OP-07,WAREHOUSE-07,GRAIN,tonne,11280369.931974,0,0,78,AUTHORED_OPENING_STOCK_ENDOWMENT_NOT_HISTORICAL_EXTRACTION
STOCK-07-IRON_ORE,visual-territory-07,OP-07,WAREHOUSE-07,IRON_ORE,tonne,0.0,0,0,78,AUTHORED_OPENING_STOCK_ENDOWMENT_NOT_HISTORICAL_EXTRACTION
STOCK-07-COPPER,visual-territory-07,OP-07,WAREHOUSE-07,COPPER,tonne,1301.507766,0,0,78,AUTHORED_OPENING_STOCK_ENDOWMENT_NOT_HISTORICAL_EXTRACTION
STOCK-07-LITHIUM,visual-territory-07,OP-07,WAREHOUSE-07,LITHIUM,tonne LCE,0.0,0,0,78,AUTHORED_OPENING_STOCK_ENDOWMENT_NOT_HISTORICAL_EXTRACTION
STOCK-07-STEEL,visual-territory-07,OP-07,WAREHOUSE-07,STEEL,tonne,2538083.2347,0,0,78,AUTHORED_OPENING_STOCK_ENDOWMENT_NOT_HISTORICAL_EXTRACTION
STOCK-07-REFINED_FUEL,visual-territory-07,OP-07,WAREHOUSE-07,REFINED_FUEL,barrel equivalent,16920554.898,0,0,78,AUTHORED_OPENING_STOCK_ENDOWMENT_NOT_HISTORICAL_EXTRACTION
STOCK-07-MACHINERY,visual-territory-07,OP-07,WAREHOUSE-07,MACHINERY,equipment unit,13562.474094,0,0,78,AUTHORED_OPENING_STOCK_ENDOWMENT_NOT_HISTORICAL_EXTRACTION
STOCK-07-SEMICONDUCTORS,visual-territory-07,OP-07,WAREHOUSE-07,SEMICONDUCTORS,standardised chip unit,16920554.898,0,0,78,AUTHORED_OPENING_STOCK_ENDOWMENT_NOT_HISTORICAL_EXTRACTION
STOCK-07-BATTERIES,visual-territory-07,OP-07,WAREHOUSE-07,BATTERIES,MWh-equivalent,1353.64437,0,0,78,AUTHORED_OPENING_STOCK_ENDOWMENT_NOT_HISTORICAL_EXTRACTION
STOCK-08-CRUDE_OIL,visual-territory-08,OP-08,WAREHOUSE-08,CRUDE_OIL,barrel,0.0,0,0,74,AUTHORED_OPENING_STOCK_ENDOWMENT_NOT_HISTORICAL_EXTRACTION
STOCK-08-NATURAL_GAS,visual-territory-08,OP-08,WAREHOUSE-08,NATURAL_GAS,MMBtu,0.0,0,0,74,AUTHORED_OPENING_STOCK_ENDOWMENT_NOT_HISTORICAL_EXTRACTION
STOCK-08-URANIUM,visual-territory-08,OP-08,WAREHOUSE-08,URANIUM,tonne U,17.35966,0,0,74,AUTHORED_OPENING_STOCK_ENDOWMENT_NOT_HISTORICAL_EXTRACTION
STOCK-08-GRAIN,visual-territory-08,OP-08,WAREHOUSE-08,GRAIN,tonne,11573122.256,0,0,74,AUTHORED_OPENING_STOCK_ENDOWMENT_NOT_HISTORICAL_EXTRACTION
STOCK-08-IRON_ORE,visual-territory-08,OP-08,WAREHOUSE-08,IRON_ORE,tonne,0.0,0,0,74,AUTHORED_OPENING_STOCK_ENDOWMENT_NOT_HISTORICAL_EXTRACTION
STOCK-08-COPPER,visual-territory-08,OP-08,WAREHOUSE-08,COPPER,tonne,1302.792496,0,0,74,AUTHORED_OPENING_STOCK_ENDOWMENT_NOT_HISTORICAL_EXTRACTION
STOCK-08-LITHIUM,visual-territory-08,OP-08,WAREHOUSE-08,LITHIUM,tonne LCE,0.0,0,0,74,AUTHORED_OPENING_STOCK_ENDOWMENT_NOT_HISTORICAL_EXTRACTION
STOCK-08-STEEL,visual-territory-08,OP-08,WAREHOUSE-08,STEEL,tonne,2603952.5076,0,0,74,AUTHORED_OPENING_STOCK_ENDOWMENT_NOT_HISTORICAL_EXTRACTION
STOCK-08-REFINED_FUEL,visual-territory-08,OP-08,WAREHOUSE-08,REFINED_FUEL,barrel equivalent,17359683.384,0,0,74,AUTHORED_OPENING_STOCK_ENDOWMENT_NOT_HISTORICAL_EXTRACTION
STOCK-08-MACHINERY,visual-territory-08,OP-08,WAREHOUSE-08,MACHINERY,equipment unit,13913.802566,0,0,74,AUTHORED_OPENING_STOCK_ENDOWMENT_NOT_HISTORICAL_EXTRACTION
STOCK-08-SEMICONDUCTORS,visual-territory-08,OP-08,WAREHOUSE-08,SEMICONDUCTORS,standardised chip unit,17359683.384,0,0,74,AUTHORED_OPENING_STOCK_ENDOWMENT_NOT_HISTORICAL_EXTRACTION
STOCK-08-BATTERIES,visual-territory-08,OP-08,WAREHOUSE-08,BATTERIES,MWh-equivalent,1388.77465,0,0,74,AUTHORED_OPENING_STOCK_ENDOWMENT_NOT_HISTORICAL_EXTRACTION
STOCK-09-CRUDE_OIL,visual-territory-09,OP-09,WAREHOUSE-09,CRUDE_OIL,barrel,0.0,0,0,67.49,AUTHORED_OPENING_STOCK_ENDOWMENT_NOT_HISTORICAL_EXTRACTION
STOCK-09-NATURAL_GAS,visual-territory-09,OP-09,WAREHOUSE-09,NATURAL_GAS,MMBtu,3279951.354365,0,0,67.49,AUTHORED_OPENING_STOCK_ENDOWMENT_NOT_HISTORICAL_EXTRACTION
STOCK-09-URANIUM,visual-territory-09,OP-09,WAREHOUSE-09,URANIUM,tonne U,13.762156,0,0,67.49,AUTHORED_OPENING_STOCK_ENDOWMENT_NOT_HISTORICAL_EXTRACTION
STOCK-09-GRAIN,visual-territory-09,OP-09,WAREHOUSE-09,GRAIN,tonne,9174771.383236,0,0,67.49,AUTHORED_OPENING_STOCK_ENDOWMENT_NOT_HISTORICAL_EXTRACTION
STOCK-09-IRON_ORE,visual-territory-09,OP-09,WAREHOUSE-09,IRON_ORE,tonne,1749307.389008,0,0,67.49,AUTHORED_OPENING_STOCK_ENDOWMENT_NOT_HISTORICAL_EXTRACTION
STOCK-09-COPPER,visual-territory-09,OP-09,WAREHOUSE-09,COPPER,tonne,0.0,0,0,67.49,AUTHORED_OPENING_STOCK_ENDOWMENT_NOT_HISTORICAL_EXTRACTION
STOCK-09-LITHIUM,visual-territory-09,OP-09,WAREHOUSE-09,LITHIUM,tonne LCE,0.0,0,0,67.49,AUTHORED_OPENING_STOCK_ENDOWMENT_NOT_HISTORICAL_EXTRACTION
STOCK-09-STEEL,visual-territory-09,OP-09,WAREHOUSE-09,STEEL,tonne,2064323.561223,0,0,67.49,AUTHORED_OPENING_STOCK_ENDOWMENT_NOT_HISTORICAL_EXTRACTION
STOCK-09-REFINED_FUEL,visual-territory-09,OP-09,WAREHOUSE-09,REFINED_FUEL,barrel equivalent,13762157.07482,0,0,67.49,AUTHORED_OPENING_STOCK_ENDOWMENT_NOT_HISTORICAL_EXTRACTION
STOCK-09-MACHINERY,visual-territory-09,OP-09,WAREHOUSE-09,MACHINERY,equipment unit,11009.725633,0,0,67.49,AUTHORED_OPENING_STOCK_ENDOWMENT_NOT_HISTORICAL_EXTRACTION
STOCK-09-SEMICONDUCTORS,visual-territory-09,OP-09,WAREHOUSE-09,SEMICONDUCTORS,standardised chip unit,13762157.07482,0,0,67.49,AUTHORED_OPENING_STOCK_ENDOWMENT_NOT_HISTORICAL_EXTRACTION
STOCK-09-BATTERIES,visual-territory-09,OP-09,WAREHOUSE-09,BATTERIES,MWh-equivalent,1100.972536,0,0,67.49,AUTHORED_OPENING_STOCK_ENDOWMENT_NOT_HISTORICAL_EXTRACTION
STOCK-10-CRUDE_OIL,visual-territory-10,OP-10,WAREHOUSE-10,CRUDE_OIL,barrel,4991125.003994,0,0,68.57,AUTHORED_OPENING_STOCK_ENDOWMENT_NOT_HISTORICAL_EXTRACTION
STOCK-10-NATURAL_GAS,visual-territory-10,OP-10,WAREHOUSE-10,NATURAL_GAS,MMBtu,0.0,0,0,68.57,AUTHORED_OPENING_STOCK_ENDOWMENT_NOT_HISTORICAL_EXTRACTION
STOCK-10-URANIUM,visual-territory-10,OP-10,WAREHOUSE-10,URANIUM,tonne U,14.938592,0,0,68.57,AUTHORED_OPENING_STOCK_ENDOWMENT_NOT_HISTORICAL_EXTRACTION
STOCK-10-GRAIN,visual-territory-10,OP-10,WAREHOUSE-10,GRAIN,tonne,9959077.45204,0,0,68.57,AUTHORED_OPENING_STOCK_ENDOWMENT_NOT_HISTORICAL_EXTRACTION
STOCK-10-IRON_ORE,visual-territory-10,OP-10,WAREHOUSE-10,IRON_ORE,tonne,0.0,0,0,68.57,AUTHORED_OPENING_STOCK_ENDOWMENT_NOT_HISTORICAL_EXTRACTION
STOCK-10-COPPER,visual-territory-10,OP-10,WAREHOUSE-10,COPPER,tonne,3857.334723,0,0,68.57,AUTHORED_OPENING_STOCK_ENDOWMENT_NOT_HISTORICAL_EXTRACTION
STOCK-10-LITHIUM,visual-territory-10,OP-10,WAREHOUSE-10,LITHIUM,tonne LCE,2893.001008,0,0,68.57,AUTHORED_OPENING_STOCK_ENDOWMENT_NOT_HISTORICAL_EXTRACTION
STOCK-10-STEEL,visual-territory-10,OP-10,WAREHOUSE-10,STEEL,tonne,2240792.426709,0,0,68.57,AUTHORED_OPENING_STOCK_ENDOWMENT_NOT_HISTORICAL_EXTRACTION
STOCK-10-REFINED_FUEL,visual-territory-10,OP-10,WAREHOUSE-10,REFINED_FUEL,barrel equivalent,14938616.17806,0,0,68.57,AUTHORED_OPENING_STOCK_ENDOWMENT_NOT_HISTORICAL_EXTRACTION
STOCK-10-MACHINERY,visual-territory-10,OP-10,WAREHOUSE-10,MACHINERY,equipment unit,11955.71462,0,0,68.57,AUTHORED_OPENING_STOCK_ENDOWMENT_NOT_HISTORICAL_EXTRACTION
STOCK-10-SEMICONDUCTORS,visual-territory-10,OP-10,WAREHOUSE-10,SEMICONDUCTORS,standardised chip unit,14938616.17806,0,0,68.57,AUTHORED_OPENING_STOCK_ENDOWMENT_NOT_HISTORICAL_EXTRACTION
STOCK-10-BATTERIES,visual-territory-10,OP-10,WAREHOUSE-10,BATTERIES,MWh-equivalent,1195.089319,0,0,68.57,AUTHORED_OPENING_STOCK_ENDOWMENT_NOT_HISTORICAL_EXTRACTION
STOCK-11-CRUDE_OIL,visual-territory-11,OP-11,WAREHOUSE-11,CRUDE_OIL,barrel,0.0,0,0,70,AUTHORED_OPENING_STOCK_ENDOWMENT_NOT_HISTORICAL_EXTRACTION
STOCK-11-NATURAL_GAS,visual-territory-11,OP-11,WAREHOUSE-11,NATURAL_GAS,MMBtu,0.0,0,0,70,AUTHORED_OPENING_STOCK_ENDOWMENT_NOT_HISTORICAL_EXTRACTION
STOCK-11-URANIUM,visual-territory-11,OP-11,WAREHOUSE-11,URANIUM,tonne U,9.73539,0,0,70,AUTHORED_OPENING_STOCK_ENDOWMENT_NOT_HISTORICAL_EXTRACTION
STOCK-11-GRAIN,visual-territory-11,OP-11,WAREHOUSE-11,GRAIN,tonne,6490261.68,0,0,70,AUTHORED_OPENING_STOCK_ENDOWMENT_NOT_HISTORICAL_EXTRACTION
STOCK-11-IRON_ORE,visual-territory-11,OP-11,WAREHOUSE-11,IRON_ORE,tonne,0.0,0,0,70,AUTHORED_OPENING_STOCK_ENDOWMENT_NOT_HISTORICAL_EXTRACTION
STOCK-11-COPPER,visual-territory-11,OP-11,WAREHOUSE-11,COPPER,tonne,13182.08318,0,0,70,AUTHORED_OPENING_STOCK_ENDOWMENT_NOT_HISTORICAL_EXTRACTION
STOCK-11-LITHIUM,visual-territory-11,OP-11,WAREHOUSE-11,LITHIUM,tonne LCE,9886.56242,0,0,70,AUTHORED_OPENING_STOCK_ENDOWMENT_NOT_HISTORICAL_EXTRACTION
STOCK-11-STEEL,visual-territory-11,OP-11,WAREHOUSE-11,STEEL,tonne,1460308.878,0,0,70,AUTHORED_OPENING_STOCK_ENDOWMENT_NOT_HISTORICAL_EXTRACTION
STOCK-11-REFINED_FUEL,visual-territory-11,OP-11,WAREHOUSE-11,REFINED_FUEL,barrel equivalent,9735392.52,0,0,70,AUTHORED_OPENING_STOCK_ENDOWMENT_NOT_HISTORICAL_EXTRACTION
STOCK-11-MACHINERY,visual-territory-11,OP-11,WAREHOUSE-11,MACHINERY,equipment unit,7804.79161,0,0,70,AUTHORED_OPENING_STOCK_ENDOWMENT_NOT_HISTORICAL_EXTRACTION
STOCK-11-SEMICONDUCTORS,visual-territory-11,OP-11,WAREHOUSE-11,SEMICONDUCTORS,standardised chip unit,9735392.52,0,0,70,AUTHORED_OPENING_STOCK_ENDOWMENT_NOT_HISTORICAL_EXTRACTION
STOCK-11-BATTERIES,visual-territory-11,OP-11,WAREHOUSE-11,BATTERIES,MWh-equivalent,778.83141,0,0,70,AUTHORED_OPENING_STOCK_ENDOWMENT_NOT_HISTORICAL_EXTRACTION
STOCK-12-CRUDE_OIL,visual-territory-12,OP-12,WAREHOUSE-12,CRUDE_OIL,barrel,0.0,0,0,70.46,AUTHORED_OPENING_STOCK_ENDOWMENT_NOT_HISTORICAL_EXTRACTION
STOCK-12-NATURAL_GAS,visual-territory-12,OP-12,WAREHOUSE-12,NATURAL_GAS,MMBtu,0.0,0,0,70.46,AUTHORED_OPENING_STOCK_ENDOWMENT_NOT_HISTORICAL_EXTRACTION
STOCK-12-URANIUM,visual-territory-12,OP-12,WAREHOUSE-12,URANIUM,tonne U,19.932711,0,0,70.46,AUTHORED_OPENING_STOCK_ENDOWMENT_NOT_HISTORICAL_EXTRACTION
STOCK-12-GRAIN,visual-territory-12,OP-12,WAREHOUSE-12,GRAIN,tonne,13288469.50964,0,0,70.46,AUTHORED_OPENING_STOCK_ENDOWMENT_NOT_HISTORICAL_EXTRACTION
STOCK-12-IRON_ORE,visual-territory-12,OP-12,WAREHOUSE-12,IRON_ORE,tonne,0.0,0,0,70.46,AUTHORED_OPENING_STOCK_ENDOWMENT_NOT_HISTORICAL_EXTRACTION
STOCK-12-COPPER,visual-territory-12,OP-12,WAREHOUSE-12,COPPER,tonne,15499.371915,0,0,70.46,AUTHORED_OPENING_STOCK_ENDOWMENT_NOT_HISTORICAL_EXTRACTION
STOCK-12-LITHIUM,visual-territory-12,OP-12,WAREHOUSE-12,LITHIUM,tonne LCE,4066.212568,0,0,70.46,AUTHORED_OPENING_STOCK_ENDOWMENT_NOT_HISTORICAL_EXTRACTION
STOCK-12-STEEL,visual-territory-12,OP-12,WAREHOUSE-12,STEEL,tonne,2989905.639669,0,0,70.46,AUTHORED_OPENING_STOCK_ENDOWMENT_NOT_HISTORICAL_EXTRACTION
STOCK-12-REFINED_FUEL,visual-territory-12,OP-12,WAREHOUSE-12,REFINED_FUEL,barrel equivalent,19932704.26446,0,0,70.46,AUTHORED_OPENING_STOCK_ENDOWMENT_NOT_HISTORICAL_EXTRACTION
STOCK-12-MACHINERY,visual-territory-12,OP-12,WAREHOUSE-12,MACHINERY,equipment unit,16154.495537,0,0,70.46,AUTHORED_OPENING_STOCK_ENDOWMENT_NOT_HISTORICAL_EXTRACTION
STOCK-12-SEMICONDUCTORS,visual-territory-12,OP-12,WAREHOUSE-12,SEMICONDUCTORS,standardised chip unit,19932704.26446,0,0,70.46,AUTHORED_OPENING_STOCK_ENDOWMENT_NOT_HISTORICAL_EXTRACTION
STOCK-12-BATTERIES,visual-territory-12,OP-12,WAREHOUSE-12,BATTERIES,MWh-equivalent,1594.616336,0,0,70.46,AUTHORED_OPENING_STOCK_ENDOWMENT_NOT_HISTORICAL_EXTRACTION
STOCK-13-CRUDE_OIL,visual-territory-13,OP-13,WAREHOUSE-13,CRUDE_OIL,barrel,0.0,0,0,79,AUTHORED_OPENING_STOCK_ENDOWMENT_NOT_HISTORICAL_EXTRACTION
STOCK-13-NATURAL_GAS,visual-territory-13,OP-13,WAREHOUSE-13,NATURAL_GAS,MMBtu,2147358.773691,0,0,79,AUTHORED_OPENING_STOCK_ENDOWMENT_NOT_HISTORICAL_EXTRACTION
STOCK-13-URANIUM,visual-territory-13,OP-13,WAREHOUSE-13,URANIUM,tonne U,16.76933,0,0,79,AUTHORED_OPENING_STOCK_ENDOWMENT_NOT_HISTORICAL_EXTRACTION
STOCK-13-GRAIN,visual-territory-13,OP-13,WAREHOUSE-13,GRAIN,tonne,11179527.684693,0,0,79,AUTHORED_OPENING_STOCK_ENDOWMENT_NOT_HISTORICAL_EXTRACTION
STOCK-13-IRON_ORE,visual-territory-13,OP-13,WAREHOUSE-13,IRON_ORE,tonne,1145258.012651,0,0,79,AUTHORED_OPENING_STOCK_ENDOWMENT_NOT_HISTORICAL_EXTRACTION
STOCK-13-COPPER,visual-territory-13,OP-13,WAREHOUSE-13,COPPER,tonne,21308.375804,0,0,79,AUTHORED_OPENING_STOCK_ENDOWMENT_NOT_HISTORICAL_EXTRACTION
STOCK-13-LITHIUM,visual-territory-13,OP-13,WAREHOUSE-13,LITHIUM,tonne LCE,11157.691874,0,0,79,AUTHORED_OPENING_STOCK_ENDOWMENT_NOT_HISTORICAL_EXTRACTION
STOCK-13-STEEL,visual-territory-13,OP-13,WAREHOUSE-13,STEEL,tonne,2515393.72905,0,0,79,AUTHORED_OPENING_STOCK_ENDOWMENT_NOT_HISTORICAL_EXTRACTION
STOCK-13-REFINED_FUEL,visual-territory-13,OP-13,WAREHOUSE-13,REFINED_FUEL,barrel equivalent,16769291.527,0,0,79,AUTHORED_OPENING_STOCK_ENDOWMENT_NOT_HISTORICAL_EXTRACTION
STOCK-13-MACHINERY,visual-territory-13,OP-13,WAREHOUSE-13,MACHINERY,equipment unit,13562.658459,0,0,79,AUTHORED_OPENING_STOCK_ENDOWMENT_NOT_HISTORICAL_EXTRACTION
STOCK-13-SEMICONDUCTORS,visual-territory-13,OP-13,WAREHOUSE-13,SEMICONDUCTORS,standardised chip unit,16769291.527,0,0,79,AUTHORED_OPENING_STOCK_ENDOWMENT_NOT_HISTORICAL_EXTRACTION
STOCK-13-BATTERIES,visual-territory-13,OP-13,WAREHOUSE-13,BATTERIES,MWh-equivalent,1341.543319,0,0,79,AUTHORED_OPENING_STOCK_ENDOWMENT_NOT_HISTORICAL_EXTRACTION
STOCK-14-CRUDE_OIL,visual-territory-14,OP-14,WAREHOUSE-14,CRUDE_OIL,barrel,0.0,0,0,88,AUTHORED_OPENING_STOCK_ENDOWMENT_NOT_HISTORICAL_EXTRACTION
STOCK-14-NATURAL_GAS,visual-territory-14,OP-14,WAREHOUSE-14,NATURAL_GAS,MMBtu,2263222.63596,0,0,88,AUTHORED_OPENING_STOCK_ENDOWMENT_NOT_HISTORICAL_EXTRACTION
STOCK-14-URANIUM,visual-territory-14,OP-14,WAREHOUSE-14,URANIUM,tonne U,17.9498,0,0,88,AUTHORED_OPENING_STOCK_ENDOWMENT_NOT_HISTORICAL_EXTRACTION
STOCK-14-GRAIN,visual-territory-14,OP-14,WAREHOUSE-14,GRAIN,tonne,11966551.344,0,0,88,AUTHORED_OPENING_STOCK_ENDOWMENT_NOT_HISTORICAL_EXTRACTION
STOCK-14-IRON_ORE,visual-territory-14,OP-14,WAREHOUSE-14,IRON_ORE,tonne,1207052.072512,0,0,88,AUTHORED_OPENING_STOCK_ENDOWMENT_NOT_HISTORICAL_EXTRACTION
STOCK-14-COPPER,visual-territory-14,OP-14,WAREHOUSE-14,COPPER,tonne,0.0,0,0,88,AUTHORED_OPENING_STOCK_ENDOWMENT_NOT_HISTORICAL_EXTRACTION
STOCK-14-LITHIUM,visual-territory-14,OP-14,WAREHOUSE-14,LITHIUM,tonne LCE,0.0,0,0,88,AUTHORED_OPENING_STOCK_ENDOWMENT_NOT_HISTORICAL_EXTRACTION
STOCK-14-STEEL,visual-territory-14,OP-14,WAREHOUSE-14,STEEL,tonne,2692474.0524,0,0,88,AUTHORED_OPENING_STOCK_ENDOWMENT_NOT_HISTORICAL_EXTRACTION
STOCK-14-REFINED_FUEL,visual-territory-14,OP-14,WAREHOUSE-14,REFINED_FUEL,barrel equivalent,17949827.016,0,0,88,AUTHORED_OPENING_STOCK_ENDOWMENT_NOT_HISTORICAL_EXTRACTION
STOCK-14-MACHINERY,visual-territory-14,OP-14,WAREHOUSE-14,MACHINERY,equipment unit,14359.861648,0,0,88,AUTHORED_OPENING_STOCK_ENDOWMENT_NOT_HISTORICAL_EXTRACTION
STOCK-14-SEMICONDUCTORS,visual-territory-14,OP-14,WAREHOUSE-14,SEMICONDUCTORS,standardised chip unit,17949827.016,0,0,88,AUTHORED_OPENING_STOCK_ENDOWMENT_NOT_HISTORICAL_EXTRACTION
STOCK-14-BATTERIES,visual-territory-14,OP-14,WAREHOUSE-14,BATTERIES,MWh-equivalent,1435.9862,0,0,88,AUTHORED_OPENING_STOCK_ENDOWMENT_NOT_HISTORICAL_EXTRACTION
STOCK-15-CRUDE_OIL,visual-territory-15,OP-15,WAREHOUSE-15,CRUDE_OIL,barrel,0.0,0,0,85,AUTHORED_OPENING_STOCK_ENDOWMENT_NOT_HISTORICAL_EXTRACTION
STOCK-15-NATURAL_GAS,visual-territory-15,OP-15,WAREHOUSE-15,NATURAL_GAS,MMBtu,0.0,0,0,85,AUTHORED_OPENING_STOCK_ENDOWMENT_NOT_HISTORICAL_EXTRACTION
STOCK-15-URANIUM,visual-territory-15,OP-15,WAREHOUSE-15,URANIUM,tonne U,22.97856,0,0,85,AUTHORED_OPENING_STOCK_ENDOWMENT_NOT_HISTORICAL_EXTRACTION
STOCK-15-GRAIN,visual-territory-15,OP-15,WAREHOUSE-15,GRAIN,tonne,15319047.763305,0,0,85,AUTHORED_OPENING_STOCK_ENDOWMENT_NOT_HISTORICAL_EXTRACTION
STOCK-15-IRON_ORE,visual-territory-15,OP-15,WAREHOUSE-15,IRON_ORE,tonne,0.0,0,0,85,AUTHORED_OPENING_STOCK_ENDOWMENT_NOT_HISTORICAL_EXTRACTION
STOCK-15-COPPER,visual-territory-15,OP-15,WAREHOUSE-15,COPPER,tonne,5995.801485,0,0,85,AUTHORED_OPENING_STOCK_ENDOWMENT_NOT_HISTORICAL_EXTRACTION
STOCK-15-LITHIUM,visual-territory-15,OP-15,WAREHOUSE-15,LITHIUM,tonne LCE,4496.851135,0,0,85,AUTHORED_OPENING_STOCK_ENDOWMENT_NOT_HISTORICAL_EXTRACTION
STOCK-15-STEEL,visual-territory-15,OP-15,WAREHOUSE-15,STEEL,tonne,3446785.74675,0,0,85,AUTHORED_OPENING_STOCK_ENDOWMENT_NOT_HISTORICAL_EXTRACTION
STOCK-15-REFINED_FUEL,visual-territory-15,OP-15,WAREHOUSE-15,REFINED_FUEL,barrel equivalent,22978571.645,0,0,85,AUTHORED_OPENING_STOCK_ENDOWMENT_NOT_HISTORICAL_EXTRACTION
STOCK-15-MACHINERY,visual-territory-15,OP-15,WAREHOUSE-15,MACHINERY,equipment unit,18390.352055,0,0,85,AUTHORED_OPENING_STOCK_ENDOWMENT_NOT_HISTORICAL_EXTRACTION
STOCK-15-SEMICONDUCTORS,visual-territory-15,OP-15,WAREHOUSE-15,SEMICONDUCTORS,standardised chip unit,22978571.645,0,0,85,AUTHORED_OPENING_STOCK_ENDOWMENT_NOT_HISTORICAL_EXTRACTION
STOCK-15-BATTERIES,visual-territory-15,OP-15,WAREHOUSE-15,BATTERIES,MWh-equivalent,1838.285735,0,0,85,AUTHORED_OPENING_STOCK_ENDOWMENT_NOT_HISTORICAL_EXTRACTION
STOCK-16-CRUDE_OIL,visual-territory-16,OP-16,WAREHOUSE-16,CRUDE_OIL,barrel,0.0,0,0,69,AUTHORED_OPENING_STOCK_ENDOWMENT_NOT_HISTORICAL_EXTRACTION
STOCK-16-NATURAL_GAS,visual-territory-16,OP-16,WAREHOUSE-16,NATURAL_GAS,MMBtu,0.0,0,0,69,AUTHORED_OPENING_STOCK_ENDOWMENT_NOT_HISTORICAL_EXTRACTION
STOCK-16-URANIUM,visual-territory-16,OP-16,WAREHOUSE-16,URANIUM,tonne U,18.670365,0,0,69,AUTHORED_OPENING_STOCK_ENDOWMENT_NOT_HISTORICAL_EXTRACTION
STOCK-16-GRAIN,visual-territory-16,OP-16,WAREHOUSE-16,GRAIN,tonne,12446904.250023,0,0,69,AUTHORED_OPENING_STOCK_ENDOWMENT_NOT_HISTORICAL_EXTRACTION
STOCK-16-IRON_ORE,visual-territory-16,OP-16,WAREHOUSE-16,IRON_ORE,tonne,0.0,0,0,69,AUTHORED_OPENING_STOCK_ENDOWMENT_NOT_HISTORICAL_EXTRACTION
STOCK-16-COPPER,visual-territory-16,OP-16,WAREHOUSE-16,COPPER,tonne,4955.662524,0,0,69,AUTHORED_OPENING_STOCK_ENDOWMENT_NOT_HISTORICAL_EXTRACTION
STOCK-16-LITHIUM,visual-territory-16,OP-16,WAREHOUSE-16,LITHIUM,tonne LCE,3716.746893,0,0,69,AUTHORED_OPENING_STOCK_ENDOWMENT_NOT_HISTORICAL_EXTRACTION
STOCK-16-STEEL,visual-territory-16,OP-16,WAREHOUSE-16,STEEL,tonne,2800553.45625,0,0,69,AUTHORED_OPENING_STOCK_ENDOWMENT_NOT_HISTORICAL_EXTRACTION
STOCK-16-REFINED_FUEL,visual-territory-16,OP-16,WAREHOUSE-16,REFINED_FUEL,barrel equivalent,18670356.375,0,0,69,AUTHORED_OPENING_STOCK_ENDOWMENT_NOT_HISTORICAL_EXTRACTION
STOCK-16-MACHINERY,visual-territory-16,OP-16,WAREHOUSE-16,MACHINERY,equipment unit,14942.479644,0,0,69,AUTHORED_OPENING_STOCK_ENDOWMENT_NOT_HISTORICAL_EXTRACTION
STOCK-16-SEMICONDUCTORS,visual-territory-16,OP-16,WAREHOUSE-16,SEMICONDUCTORS,standardised chip unit,18670356.375,0,0,69,AUTHORED_OPENING_STOCK_ENDOWMENT_NOT_HISTORICAL_EXTRACTION
STOCK-16-BATTERIES,visual-territory-16,OP-16,WAREHOUSE-16,BATTERIES,MWh-equivalent,1493.62851,0,0,69,AUTHORED_OPENING_STOCK_ENDOWMENT_NOT_HISTORICAL_EXTRACTION
STOCK-17-CRUDE_OIL,visual-territory-17,OP-17,WAREHOUSE-17,CRUDE_OIL,barrel,0.0,0,0,64.72,AUTHORED_OPENING_STOCK_ENDOWMENT_NOT_HISTORICAL_EXTRACTION
STOCK-17-NATURAL_GAS,visual-territory-17,OP-17,WAREHOUSE-17,NATURAL_GAS,MMBtu,16530511.228636,0,0,64.72,AUTHORED_OPENING_STOCK_ENDOWMENT_NOT_HISTORICAL_EXTRACTION
STOCK-17-URANIUM,visual-territory-17,OP-17,WAREHOUSE-17,URANIUM,tonne U,9.198071,0,0,64.72,AUTHORED_OPENING_STOCK_ENDOWMENT_NOT_HISTORICAL_EXTRACTION
STOCK-17-GRAIN,visual-territory-17,OP-17,WAREHOUSE-17,GRAIN,tonne,6132064.15424,0,0,64.72,AUTHORED_OPENING_STOCK_ENDOWMENT_NOT_HISTORICAL_EXTRACTION
STOCK-17-IRON_ORE,visual-territory-17,OP-17,WAREHOUSE-17,IRON_ORE,tonne,8816272.655264,0,0,64.72,AUTHORED_OPENING_STOCK_ENDOWMENT_NOT_HISTORICAL_EXTRACTION
STOCK-17-COPPER,visual-territory-17,OP-17,WAREHOUSE-17,COPPER,tonne,909.462785,0,0,64.72,AUTHORED_OPENING_STOCK_ENDOWMENT_NOT_HISTORICAL_EXTRACTION
STOCK-17-LITHIUM,visual-territory-17,OP-17,WAREHOUSE-17,LITHIUM,tonne LCE,0.0,0,0,64.72,AUTHORED_OPENING_STOCK_ENDOWMENT_NOT_HISTORICAL_EXTRACTION
STOCK-17-STEEL,visual-territory-17,OP-17,WAREHOUSE-17,STEEL,tonne,1402451.004199,0,0,64.72,AUTHORED_OPENING_STOCK_ENDOWMENT_NOT_HISTORICAL_EXTRACTION
STOCK-17-REFINED_FUEL,visual-territory-17,OP-17,WAREHOUSE-17,REFINED_FUEL,barrel equivalent,9198096.23136,0,0,64.72,AUTHORED_OPENING_STOCK_ENDOWMENT_NOT_HISTORICAL_EXTRACTION
STOCK-17-MACHINERY,visual-territory-17,OP-17,WAREHOUSE-17,MACHINERY,equipment unit,7358.476959,0,0,64.72,AUTHORED_OPENING_STOCK_ENDOWMENT_NOT_HISTORICAL_EXTRACTION
STOCK-17-SEMICONDUCTORS,visual-territory-17,OP-17,WAREHOUSE-17,SEMICONDUCTORS,standardised chip unit,9198096.23136,0,0,64.72,AUTHORED_OPENING_STOCK_ENDOWMENT_NOT_HISTORICAL_EXTRACTION
STOCK-17-BATTERIES,visual-territory-17,OP-17,WAREHOUSE-17,BATTERIES,MWh-equivalent,735.847696,0,0,64.72,AUTHORED_OPENING_STOCK_ENDOWMENT_NOT_HISTORICAL_EXTRACTION
STOCK-18-CRUDE_OIL,visual-territory-18,OP-18,WAREHOUSE-18,CRUDE_OIL,barrel,2635925.12209,0,0,67.14,AUTHORED_OPENING_STOCK_ENDOWMENT_NOT_HISTORICAL_EXTRACTION
STOCK-18-NATURAL_GAS,visual-territory-18,OP-18,WAREHOUSE-18,NATURAL_GAS,MMBtu,2972738.763871,0,0,67.14,AUTHORED_OPENING_STOCK_ENDOWMENT_NOT_HISTORICAL_EXTRACTION
STOCK-18-URANIUM,visual-territory-18,OP-18,WAREHOUSE-18,URANIUM,tonne U,7.689477,0,0,67.14,AUTHORED_OPENING_STOCK_ENDOWMENT_NOT_HISTORICAL_EXTRACTION
STOCK-18-GRAIN,visual-territory-18,OP-18,WAREHOUSE-18,GRAIN,tonne,5126327.52912,0,0,67.14,AUTHORED_OPENING_STOCK_ENDOWMENT_NOT_HISTORICAL_EXTRACTION
STOCK-18-IRON_ORE,visual-territory-18,OP-18,WAREHOUSE-18,IRON_ORE,tonne,1585460.6741,0,0,67.14,AUTHORED_OPENING_STOCK_ENDOWMENT_NOT_HISTORICAL_EXTRACTION
STOCK-18-COPPER,visual-territory-18,OP-18,WAREHOUSE-18,COPPER,tonne,0.0,0,0,67.14,AUTHORED_OPENING_STOCK_ENDOWMENT_NOT_HISTORICAL_EXTRACTION
STOCK-18-LITHIUM,visual-territory-18,OP-18,WAREHOUSE-18,LITHIUM,tonne LCE,0.0,0,0,67.14,AUTHORED_OPENING_STOCK_ENDOWMENT_NOT_HISTORICAL_EXTRACTION
STOCK-18-STEEL,visual-territory-18,OP-18,WAREHOUSE-18,STEEL,tonne,1153423.694052,0,0,67.14,AUTHORED_OPENING_STOCK_ENDOWMENT_NOT_HISTORICAL_EXTRACTION
STOCK-18-REFINED_FUEL,visual-territory-18,OP-18,WAREHOUSE-18,REFINED_FUEL,barrel equivalent,7689491.29368,0,0,67.14,AUTHORED_OPENING_STOCK_ENDOWMENT_NOT_HISTORICAL_EXTRACTION
STOCK-18-MACHINERY,visual-territory-18,OP-18,WAREHOUSE-18,MACHINERY,equipment unit,6151.593062,0,0,67.14,AUTHORED_OPENING_STOCK_ENDOWMENT_NOT_HISTORICAL_EXTRACTION
STOCK-18-SEMICONDUCTORS,visual-territory-18,OP-18,WAREHOUSE-18,SEMICONDUCTORS,standardised chip unit,7689491.29368,0,0,67.14,AUTHORED_OPENING_STOCK_ENDOWMENT_NOT_HISTORICAL_EXTRACTION
STOCK-18-BATTERIES,visual-territory-18,OP-18,WAREHOUSE-18,BATTERIES,MWh-equivalent,615.159306,0,0,67.14,AUTHORED_OPENING_STOCK_ENDOWMENT_NOT_HISTORICAL_EXTRACTION
STOCK-19-CRUDE_OIL,visual-territory-19,OP-19,WAREHOUSE-19,CRUDE_OIL,barrel,0.0,0,0,65.94,AUTHORED_OPENING_STOCK_ENDOWMENT_NOT_HISTORICAL_EXTRACTION
STOCK-19-NATURAL_GAS,visual-territory-19,OP-19,WAREHOUSE-19,NATURAL_GAS,MMBtu,0.0,0,0,65.94,AUTHORED_OPENING_STOCK_ENDOWMENT_NOT_HISTORICAL_EXTRACTION
STOCK-19-URANIUM,visual-territory-19,OP-19,WAREHOUSE-19,URANIUM,tonne U,8.097564,0,0,65.94,AUTHORED_OPENING_STOCK_ENDOWMENT_NOT_HISTORICAL_EXTRACTION
STOCK-19-GRAIN,visual-territory-19,OP-19,WAREHOUSE-19,GRAIN,tonne,5398387.877098,0,0,65.94,AUTHORED_OPENING_STOCK_ENDOWMENT_NOT_HISTORICAL_EXTRACTION
STOCK-19-IRON_ORE,visual-territory-19,OP-19,WAREHOUSE-19,IRON_ORE,tonne,0.0,0,0,65.94,AUTHORED_OPENING_STOCK_ENDOWMENT_NOT_HISTORICAL_EXTRACTION
STOCK-19-COPPER,visual-territory-19,OP-19,WAREHOUSE-19,COPPER,tonne,608.411433,0,0,65.94,AUTHORED_OPENING_STOCK_ENDOWMENT_NOT_HISTORICAL_EXTRACTION
STOCK-19-LITHIUM,visual-territory-19,OP-19,WAREHOUSE-19,LITHIUM,tonne LCE,0.0,0,0,65.94,AUTHORED_OPENING_STOCK_ENDOWMENT_NOT_HISTORICAL_EXTRACTION
STOCK-19-STEEL,visual-territory-19,OP-19,WAREHOUSE-19,STEEL,tonne,1214637.272352,0,0,65.94,AUTHORED_OPENING_STOCK_ENDOWMENT_NOT_HISTORICAL_EXTRACTION
STOCK-19-REFINED_FUEL,visual-territory-19,OP-19,WAREHOUSE-19,REFINED_FUEL,barrel equivalent,8097581.81568,0,0,65.94,AUTHORED_OPENING_STOCK_ENDOWMENT_NOT_HISTORICAL_EXTRACTION
STOCK-19-MACHINERY,visual-territory-19,OP-19,WAREHOUSE-19,MACHINERY,equipment unit,6490.233651,0,0,65.94,AUTHORED_OPENING_STOCK_ENDOWMENT_NOT_HISTORICAL_EXTRACTION
STOCK-19-SEMICONDUCTORS,visual-territory-19,OP-19,WAREHOUSE-19,SEMICONDUCTORS,standardised chip unit,8097581.81568,0,0,65.94,AUTHORED_OPENING_STOCK_ENDOWMENT_NOT_HISTORICAL_EXTRACTION
STOCK-19-BATTERIES,visual-territory-19,OP-19,WAREHOUSE-19,BATTERIES,MWh-equivalent,647.806561,0,0,65.94,AUTHORED_OPENING_STOCK_ENDOWMENT_NOT_HISTORICAL_EXTRACTION
STOCK-20-CRUDE_OIL,visual-territory-20,OP-20,WAREHOUSE-20,CRUDE_OIL,barrel,5325199.023508,0,0,86,AUTHORED_OPENING_STOCK_ENDOWMENT_NOT_HISTORICAL_EXTRACTION
STOCK-20-NATURAL_GAS,visual-territory-20,OP-20,WAREHOUSE-20,NATURAL_GAS,MMBtu,32410672.050674,0,0,86,AUTHORED_OPENING_STOCK_ENDOWMENT_NOT_HISTORICAL_EXTRACTION
STOCK-20-URANIUM,visual-territory-20,OP-20,WAREHOUSE-20,URANIUM,tonne U,16.15897,0,0,86,AUTHORED_OPENING_STOCK_ENDOWMENT_NOT_HISTORICAL_EXTRACTION
STOCK-20-GRAIN,visual-territory-20,OP-20,WAREHOUSE-20,GRAIN,tonne,10772652.113362,0,0,86,AUTHORED_OPENING_STOCK_ENDOWMENT_NOT_HISTORICAL_EXTRACTION
STOCK-20-IRON_ORE,visual-territory-20,OP-20,WAREHOUSE-20,IRON_ORE,tonne,17285691.760348,0,0,86,AUTHORED_OPENING_STOCK_ENDOWMENT_NOT_HISTORICAL_EXTRACTION
STOCK-20-COPPER,visual-territory-20,OP-20,WAREHOUSE-20,COPPER,tonne,0.0,0,0,86,AUTHORED_OPENING_STOCK_ENDOWMENT_NOT_HISTORICAL_EXTRACTION
STOCK-20-LITHIUM,visual-territory-20,OP-20,WAREHOUSE-20,LITHIUM,tonne LCE,0.0,0,0,86,AUTHORED_OPENING_STOCK_ENDOWMENT_NOT_HISTORICAL_EXTRACTION
STOCK-20-STEEL,visual-territory-20,OP-20,WAREHOUSE-20,STEEL,tonne,2423846.7255,0,0,86,AUTHORED_OPENING_STOCK_ENDOWMENT_NOT_HISTORICAL_EXTRACTION
STOCK-20-REFINED_FUEL,visual-territory-20,OP-20,WAREHOUSE-20,REFINED_FUEL,barrel equivalent,16158978.17,0,0,86,AUTHORED_OPENING_STOCK_ENDOWMENT_NOT_HISTORICAL_EXTRACTION
STOCK-20-MACHINERY,visual-territory-20,OP-20,WAREHOUSE-20,MACHINERY,equipment unit,12927.182536,0,0,86,AUTHORED_OPENING_STOCK_ENDOWMENT_NOT_HISTORICAL_EXTRACTION
STOCK-20-SEMICONDUCTORS,visual-territory-20,OP-20,WAREHOUSE-20,SEMICONDUCTORS,standardised chip unit,16158978.17,0,0,86,AUTHORED_OPENING_STOCK_ENDOWMENT_NOT_HISTORICAL_EXTRACTION
STOCK-20-BATTERIES,visual-territory-20,OP-20,WAREHOUSE-20,BATTERIES,MWh-equivalent,1292.718288,0,0,86,AUTHORED_OPENING_STOCK_ENDOWMENT_NOT_HISTORICAL_EXTRACTION
STOCK-21-CRUDE_OIL,visual-territory-21,OP-21,WAREHOUSE-21,CRUDE_OIL,barrel,0.0,0,0,81,AUTHORED_OPENING_STOCK_ENDOWMENT_NOT_HISTORICAL_EXTRACTION
STOCK-21-NATURAL_GAS,visual-territory-21,OP-21,WAREHOUSE-21,NATURAL_GAS,MMBtu,2676030.09174,0,0,81,AUTHORED_OPENING_STOCK_ENDOWMENT_NOT_HISTORICAL_EXTRACTION
STOCK-21-URANIUM,visual-territory-21,OP-21,WAREHOUSE-21,URANIUM,tonne U,21.268413,0,0,81,AUTHORED_OPENING_STOCK_ENDOWMENT_NOT_HISTORICAL_EXTRACTION
STOCK-21-GRAIN,visual-territory-21,OP-21,WAREHOUSE-21,GRAIN,tonne,14178961.062,0,0,81,AUTHORED_OPENING_STOCK_ENDOWMENT_NOT_HISTORICAL_EXTRACTION
STOCK-21-IRON_ORE,visual-territory-21,OP-21,WAREHOUSE-21,IRON_ORE,tonne,1427216.048901,0,0,81,AUTHORED_OPENING_STOCK_ENDOWMENT_NOT_HISTORICAL_EXTRACTION
STOCK-21-COPPER,visual-territory-21,OP-21,WAREHOUSE-21,COPPER,tonne,0.0,0,0,81,AUTHORED_OPENING_STOCK_ENDOWMENT_NOT_HISTORICAL_EXTRACTION
STOCK-21-LITHIUM,visual-territory-21,OP-21,WAREHOUSE-21,LITHIUM,tonne LCE,0.0,0,0,81,AUTHORED_OPENING_STOCK_ENDOWMENT_NOT_HISTORICAL_EXTRACTION
STOCK-21-STEEL,visual-territory-21,OP-21,WAREHOUSE-21,STEEL,tonne,3190266.23895,0,0,81,AUTHORED_OPENING_STOCK_ENDOWMENT_NOT_HISTORICAL_EXTRACTION
STOCK-21-REFINED_FUEL,visual-territory-21,OP-21,WAREHOUSE-21,REFINED_FUEL,barrel equivalent,21268441.593,0,0,81,AUTHORED_OPENING_STOCK_ENDOWMENT_NOT_HISTORICAL_EXTRACTION
STOCK-21-MACHINERY,visual-territory-21,OP-21,WAREHOUSE-21,MACHINERY,equipment unit,17014.753242,0,0,81,AUTHORED_OPENING_STOCK_ENDOWMENT_NOT_HISTORICAL_EXTRACTION
STOCK-21-SEMICONDUCTORS,visual-territory-21,OP-21,WAREHOUSE-21,SEMICONDUCTORS,standardised chip unit,21268441.593,0,0,81,AUTHORED_OPENING_STOCK_ENDOWMENT_NOT_HISTORICAL_EXTRACTION
STOCK-21-BATTERIES,visual-territory-21,OP-21,WAREHOUSE-21,BATTERIES,MWh-equivalent,1701.475308,0,0,81,AUTHORED_OPENING_STOCK_ENDOWMENT_NOT_HISTORICAL_EXTRACTION
STOCK-22-CRUDE_OIL,visual-territory-22,OP-22,WAREHOUSE-22,CRUDE_OIL,barrel,0.0,0,0,84,AUTHORED_OPENING_STOCK_ENDOWMENT_NOT_HISTORICAL_EXTRACTION
STOCK-22-NATURAL_GAS,visual-territory-22,OP-22,WAREHOUSE-22,NATURAL_GAS,MMBtu,1185898.25046,0,0,84,AUTHORED_OPENING_STOCK_ENDOWMENT_NOT_HISTORICAL_EXTRACTION
STOCK-22-URANIUM,visual-territory-22,OP-22,WAREHOUSE-22,URANIUM,tonne U,9.42522,0,0,84,AUTHORED_OPENING_STOCK_ENDOWMENT_NOT_HISTORICAL_EXTRACTION
STOCK-22-GRAIN,visual-territory-22,OP-22,WAREHOUSE-22,GRAIN,tonne,6283460.007972,0,0,84,AUTHORED_OPENING_STOCK_ENDOWMENT_NOT_HISTORICAL_EXTRACTION
STOCK-22-IRON_ORE,visual-territory-22,OP-22,WAREHOUSE-22,IRON_ORE,tonne,632479.066884,0,0,84,AUTHORED_OPENING_STOCK_ENDOWMENT_NOT_HISTORICAL_EXTRACTION
STOCK-22-COPPER,visual-territory-22,OP-22,WAREHOUSE-22,COPPER,tonne,0.0,0,0,84,AUTHORED_OPENING_STOCK_ENDOWMENT_NOT_HISTORICAL_EXTRACTION
STOCK-22-LITHIUM,visual-territory-22,OP-22,WAREHOUSE-22,LITHIUM,tonne LCE,0.0,0,0,84,AUTHORED_OPENING_STOCK_ENDOWMENT_NOT_HISTORICAL_EXTRACTION
STOCK-22-STEEL,visual-territory-22,OP-22,WAREHOUSE-22,STEEL,tonne,1413778.5018,0,0,84,AUTHORED_OPENING_STOCK_ENDOWMENT_NOT_HISTORICAL_EXTRACTION
STOCK-22-REFINED_FUEL,visual-territory-22,OP-22,WAREHOUSE-22,REFINED_FUEL,barrel equivalent,9425190.012,0,0,84,AUTHORED_OPENING_STOCK_ENDOWMENT_NOT_HISTORICAL_EXTRACTION
STOCK-22-MACHINERY,visual-territory-22,OP-22,WAREHOUSE-22,MACHINERY,equipment unit,7540.151976,0,0,84,AUTHORED_OPENING_STOCK_ENDOWMENT_NOT_HISTORICAL_EXTRACTION
STOCK-22-SEMICONDUCTORS,visual-territory-22,OP-22,WAREHOUSE-22,SEMICONDUCTORS,standardised chip unit,9425190.012,0,0,84,AUTHORED_OPENING_STOCK_ENDOWMENT_NOT_HISTORICAL_EXTRACTION
STOCK-22-BATTERIES,visual-territory-22,OP-22,WAREHOUSE-22,BATTERIES,MWh-equivalent,754.015164,0,0,84,AUTHORED_OPENING_STOCK_ENDOWMENT_NOT_HISTORICAL_EXTRACTION
STOCK-23-CRUDE_OIL,visual-territory-23,OP-23,WAREHOUSE-23,CRUDE_OIL,barrel,0.0,0,0,85,AUTHORED_OPENING_STOCK_ENDOWMENT_NOT_HISTORICAL_EXTRACTION
STOCK-23-NATURAL_GAS,visual-territory-23,OP-23,WAREHOUSE-23,NATURAL_GAS,MMBtu,55422946.124735,0,0,85,AUTHORED_OPENING_STOCK_ENDOWMENT_NOT_HISTORICAL_EXTRACTION
STOCK-23-URANIUM,visual-territory-23,OP-23,WAREHOUSE-23,URANIUM,tonne U,29.76989,0,0,85,AUTHORED_OPENING_STOCK_ENDOWMENT_NOT_HISTORICAL_EXTRACTION
STOCK-23-GRAIN,visual-territory-23,OP-23,WAREHOUSE-23,GRAIN,tonne,19846619.796695,0,0,85,AUTHORED_OPENING_STOCK_ENDOWMENT_NOT_HISTORICAL_EXTRACTION
STOCK-23-IRON_ORE,visual-territory-23,OP-23,WAREHOUSE-23,IRON_ORE,tonne,29558904.59987,0,0,85,AUTHORED_OPENING_STOCK_ENDOWMENT_NOT_HISTORICAL_EXTRACTION
STOCK-23-COPPER,visual-territory-23,OP-23,WAREHOUSE-23,COPPER,tonne,8170.389805,0,0,85,AUTHORED_OPENING_STOCK_ENDOWMENT_NOT_HISTORICAL_EXTRACTION
STOCK-23-LITHIUM,visual-territory-23,OP-23,WAREHOUSE-23,LITHIUM,tonne LCE,6127.792375,0,0,85,AUTHORED_OPENING_STOCK_ENDOWMENT_NOT_HISTORICAL_EXTRACTION
STOCK-23-STEEL,visual-territory-23,OP-23,WAREHOUSE-23,STEEL,tonne,4465489.45425,0,0,85,AUTHORED_OPENING_STOCK_ENDOWMENT_NOT_HISTORICAL_EXTRACTION
STOCK-23-REFINED_FUEL,visual-territory-23,OP-23,WAREHOUSE-23,REFINED_FUEL,barrel equivalent,29769929.695,0,0,85,AUTHORED_OPENING_STOCK_ENDOWMENT_NOT_HISTORICAL_EXTRACTION
STOCK-23-MACHINERY,visual-territory-23,OP-23,WAREHOUSE-23,MACHINERY,equipment unit,23826.15671,0,0,85,AUTHORED_OPENING_STOCK_ENDOWMENT_NOT_HISTORICAL_EXTRACTION
STOCK-23-SEMICONDUCTORS,visual-territory-23,OP-23,WAREHOUSE-23,SEMICONDUCTORS,standardised chip unit,29769929.695,0,0,85,AUTHORED_OPENING_STOCK_ENDOWMENT_NOT_HISTORICAL_EXTRACTION
STOCK-23-BATTERIES,visual-territory-23,OP-23,WAREHOUSE-23,BATTERIES,MWh-equivalent,2381.594345,0,0,85,AUTHORED_OPENING_STOCK_ENDOWMENT_NOT_HISTORICAL_EXTRACTION
STOCK-24-CRUDE_OIL,visual-territory-24,OP-24,WAREHOUSE-24,CRUDE_OIL,barrel,0.0,0,0,79,AUTHORED_OPENING_STOCK_ENDOWMENT_NOT_HISTORICAL_EXTRACTION
STOCK-24-NATURAL_GAS,visual-territory-24,OP-24,WAREHOUSE-24,NATURAL_GAS,MMBtu,0.0,0,0,79,AUTHORED_OPENING_STOCK_ENDOWMENT_NOT_HISTORICAL_EXTRACTION
STOCK-24-URANIUM,visual-territory-24,OP-24,WAREHOUSE-24,URANIUM,tonne U,17.186766,0,0,79,AUTHORED_OPENING_STOCK_ENDOWMENT_NOT_HISTORICAL_EXTRACTION
STOCK-24-GRAIN,visual-territory-24,OP-24,WAREHOUSE-24,GRAIN,tonne,11457869.596,0,0,79,AUTHORED_OPENING_STOCK_ENDOWMENT_NOT_HISTORICAL_EXTRACTION
STOCK-24-IRON_ORE,visual-territory-24,OP-24,WAREHOUSE-24,IRON_ORE,tonne,0.0,0,0,79,AUTHORED_OPENING_STOCK_ENDOWMENT_NOT_HISTORICAL_EXTRACTION
STOCK-24-COPPER,visual-territory-24,OP-24,WAREHOUSE-24,COPPER,tonne,16382.758668,0,0,79,AUTHORED_OPENING_STOCK_ENDOWMENT_NOT_HISTORICAL_EXTRACTION
STOCK-24-LITHIUM,visual-territory-24,OP-24,WAREHOUSE-24,LITHIUM,tonne LCE,0.0,0,0,79,AUTHORED_OPENING_STOCK_ENDOWMENT_NOT_HISTORICAL_EXTRACTION
STOCK-24-STEEL,visual-territory-24,OP-24,WAREHOUSE-24,STEEL,tonne,2950445.817074,0,0,79,AUTHORED_OPENING_STOCK_ENDOWMENT_NOT_HISTORICAL_EXTRACTION
STOCK-24-REFINED_FUEL,visual-territory-24,OP-24,WAREHOUSE-24,REFINED_FUEL,barrel equivalent,17186804.394,0,0,79,AUTHORED_OPENING_STOCK_ENDOWMENT_NOT_HISTORICAL_EXTRACTION
STOCK-24-MACHINERY,visual-territory-24,OP-24,WAREHOUSE-24,MACHINERY,equipment unit,13779.158591,0,0,79,AUTHORED_OPENING_STOCK_ENDOWMENT_NOT_HISTORICAL_EXTRACTION
STOCK-24-SEMICONDUCTORS,visual-territory-24,OP-24,WAREHOUSE-24,SEMICONDUCTORS,standardised chip unit,17186804.394,0,0,79,AUTHORED_OPENING_STOCK_ENDOWMENT_NOT_HISTORICAL_EXTRACTION
STOCK-24-BATTERIES,visual-territory-24,OP-24,WAREHOUSE-24,BATTERIES,MWh-equivalent,1374.944361,0,0,79,AUTHORED_OPENING_STOCK_ENDOWMENT_NOT_HISTORICAL_EXTRACTION
STOCK-25-CRUDE_OIL,visual-territory-25,OP-25,WAREHOUSE-25,CRUDE_OIL,barrel,84331059.704705,0,0,85,AUTHORED_OPENING_STOCK_ENDOWMENT_NOT_HISTORICAL_EXTRACTION
STOCK-25-NATURAL_GAS,visual-territory-25,OP-25,WAREHOUSE-25,NATURAL_GAS,MMBtu,2134650.24686,0,0,85,AUTHORED_OPENING_STOCK_ENDOWMENT_NOT_HISTORICAL_EXTRACTION
STOCK-25-URANIUM,visual-territory-25,OP-25,WAREHOUSE-25,URANIUM,tonne U,10.361075,0,0,85,AUTHORED_OPENING_STOCK_ENDOWMENT_NOT_HISTORICAL_EXTRACTION
STOCK-25-GRAIN,visual-territory-25,OP-25,WAREHOUSE-25,GRAIN,tonne,6907381.69,0,0,85,AUTHORED_OPENING_STOCK_ENDOWMENT_NOT_HISTORICAL_EXTRACTION
STOCK-25-IRON_ORE,visual-territory-25,OP-25,WAREHOUSE-25,IRON_ORE,tonne,1138480.13167,0,0,85,AUTHORED_OPENING_STOCK_ENDOWMENT_NOT_HISTORICAL_EXTRACTION
STOCK-25-COPPER,visual-territory-25,OP-25,WAREHOUSE-25,COPPER,tonne,0.0,0,0,85,AUTHORED_OPENING_STOCK_ENDOWMENT_NOT_HISTORICAL_EXTRACTION
STOCK-25-LITHIUM,visual-territory-25,OP-25,WAREHOUSE-25,LITHIUM,tonne LCE,0.0,0,0,85,AUTHORED_OPENING_STOCK_ENDOWMENT_NOT_HISTORICAL_EXTRACTION
STOCK-25-STEEL,visual-territory-25,OP-25,WAREHOUSE-25,STEEL,tonne,1554160.88025,0,0,85,AUTHORED_OPENING_STOCK_ENDOWMENT_NOT_HISTORICAL_EXTRACTION
STOCK-25-REFINED_FUEL,visual-territory-25,OP-25,WAREHOUSE-25,REFINED_FUEL,barrel equivalent,10361072.535,0,0,85,AUTHORED_OPENING_STOCK_ENDOWMENT_NOT_HISTORICAL_EXTRACTION
STOCK-25-MACHINERY,visual-territory-25,OP-25,WAREHOUSE-25,MACHINERY,equipment unit,8288.858045,0,0,85,AUTHORED_OPENING_STOCK_ENDOWMENT_NOT_HISTORICAL_EXTRACTION
STOCK-25-SEMICONDUCTORS,visual-territory-25,OP-25,WAREHOUSE-25,SEMICONDUCTORS,standardised chip unit,10361072.535,0,0,85,AUTHORED_OPENING_STOCK_ENDOWMENT_NOT_HISTORICAL_EXTRACTION
STOCK-25-BATTERIES,visual-territory-25,OP-25,WAREHOUSE-25,BATTERIES,MWh-equivalent,828.88583,0,0,85,AUTHORED_OPENING_STOCK_ENDOWMENT_NOT_HISTORICAL_EXTRACTION
STOCK-26-CRUDE_OIL,visual-territory-26,OP-26,WAREHOUSE-26,CRUDE_OIL,barrel,74269587.288,0,0,75,AUTHORED_OPENING_STOCK_ENDOWMENT_NOT_HISTORICAL_EXTRACTION
STOCK-26-NATURAL_GAS,visual-territory-26,OP-26,WAREHOUSE-26,NATURAL_GAS,MMBtu,5010800.7636,0,0,75,AUTHORED_OPENING_STOCK_ENDOWMENT_NOT_HISTORICAL_EXTRACTION
STOCK-26-URANIUM,visual-territory-26,OP-26,WAREHOUSE-26,URANIUM,tonne U,11.28585,0,0,75,AUTHORED_OPENING_STOCK_ENDOWMENT_NOT_HISTORICAL_EXTRACTION
STOCK-26-GRAIN,visual-territory-26,OP-26,WAREHOUSE-26,GRAIN,tonne,7523909.450025,0,0,75,AUTHORED_OPENING_STOCK_ENDOWMENT_NOT_HISTORICAL_EXTRACTION
STOCK-26-IRON_ORE,visual-territory-26,OP-26,WAREHOUSE-26,IRON_ORE,tonne,2672427.073875,0,0,75,AUTHORED_OPENING_STOCK_ENDOWMENT_NOT_HISTORICAL_EXTRACTION
STOCK-26-COPPER,visual-territory-26,OP-26,WAREHOUSE-26,COPPER,tonne,0.0,0,0,75,AUTHORED_OPENING_STOCK_ENDOWMENT_NOT_HISTORICAL_EXTRACTION
STOCK-26-LITHIUM,visual-territory-26,OP-26,WAREHOUSE-26,LITHIUM,tonne LCE,0.0,0,0,75,AUTHORED_OPENING_STOCK_ENDOWMENT_NOT_HISTORICAL_EXTRACTION
STOCK-26-STEEL,visual-territory-26,OP-26,WAREHOUSE-26,STEEL,tonne,1692879.62625,0,0,75,AUTHORED_OPENING_STOCK_ENDOWMENT_NOT_HISTORICAL_EXTRACTION
STOCK-26-REFINED_FUEL,visual-territory-26,OP-26,WAREHOUSE-26,REFINED_FUEL,barrel equivalent,11285864.175,0,0,75,AUTHORED_OPENING_STOCK_ENDOWMENT_NOT_HISTORICAL_EXTRACTION
STOCK-26-MACHINERY,visual-territory-26,OP-26,WAREHOUSE-26,MACHINERY,equipment unit,9028.691325,0,0,75,AUTHORED_OPENING_STOCK_ENDOWMENT_NOT_HISTORICAL_EXTRACTION
STOCK-26-SEMICONDUCTORS,visual-territory-26,OP-26,WAREHOUSE-26,SEMICONDUCTORS,standardised chip unit,11285864.175,0,0,75,AUTHORED_OPENING_STOCK_ENDOWMENT_NOT_HISTORICAL_EXTRACTION
STOCK-26-BATTERIES,visual-territory-26,OP-26,WAREHOUSE-26,BATTERIES,MWh-equivalent,902.869125,0,0,75,AUTHORED_OPENING_STOCK_ENDOWMENT_NOT_HISTORICAL_EXTRACTION
STOCK-27-CRUDE_OIL,visual-territory-27,OP-27,WAREHOUSE-27,CRUDE_OIL,barrel,0.0,0,0,94,AUTHORED_OPENING_STOCK_ENDOWMENT_NOT_HISTORICAL_EXTRACTION
STOCK-27-NATURAL_GAS,visual-territory-27,OP-27,WAREHOUSE-27,NATURAL_GAS,MMBtu,47902007.681318,0,0,94,AUTHORED_OPENING_STOCK_ENDOWMENT_NOT_HISTORICAL_EXTRACTION
STOCK-27-URANIUM,visual-territory-27,OP-27,WAREHOUSE-27,URANIUM,tonne U,19.600222,0,0,94,AUTHORED_OPENING_STOCK_ENDOWMENT_NOT_HISTORICAL_EXTRACTION
STOCK-27-GRAIN,visual-territory-27,OP-27,WAREHOUSE-27,GRAIN,tonne,13066815.230698,0,0,94,AUTHORED_OPENING_STOCK_ENDOWMENT_NOT_HISTORICAL_EXTRACTION
STOCK-27-IRON_ORE,visual-territory-27,OP-27,WAREHOUSE-27,IRON_ORE,tonne,25547737.43003,0,0,94,AUTHORED_OPENING_STOCK_ENDOWMENT_NOT_HISTORICAL_EXTRACTION
STOCK-27-COPPER,visual-territory-27,OP-27,WAREHOUSE-27,COPPER,tonne,0.0,0,0,94,AUTHORED_OPENING_STOCK_ENDOWMENT_NOT_HISTORICAL_EXTRACTION
STOCK-27-LITHIUM,visual-territory-27,OP-27,WAREHOUSE-27,LITHIUM,tonne LCE,0.0,0,0,94,AUTHORED_OPENING_STOCK_ENDOWMENT_NOT_HISTORICAL_EXTRACTION
STOCK-27-STEEL,visual-territory-27,OP-27,WAREHOUSE-27,STEEL,tonne,2940033.4269,0,0,94,AUTHORED_OPENING_STOCK_ENDOWMENT_NOT_HISTORICAL_EXTRACTION
STOCK-27-REFINED_FUEL,visual-territory-27,OP-27,WAREHOUSE-27,REFINED_FUEL,barrel equivalent,19600222.846,0,0,94,AUTHORED_OPENING_STOCK_ENDOWMENT_NOT_HISTORICAL_EXTRACTION
STOCK-27-MACHINERY,visual-territory-27,OP-27,WAREHOUSE-27,MACHINERY,equipment unit,15680.178258,0,0,94,AUTHORED_OPENING_STOCK_ENDOWMENT_NOT_HISTORICAL_EXTRACTION
STOCK-27-SEMICONDUCTORS,visual-territory-27,OP-27,WAREHOUSE-27,SEMICONDUCTORS,standardised chip unit,19600222.846,0,0,94,AUTHORED_OPENING_STOCK_ENDOWMENT_NOT_HISTORICAL_EXTRACTION
STOCK-27-BATTERIES,visual-territory-27,OP-27,WAREHOUSE-27,BATTERIES,MWh-equivalent,1568.017854,0,0,94,AUTHORED_OPENING_STOCK_ENDOWMENT_NOT_HISTORICAL_EXTRACTION
STOCK-28-CRUDE_OIL,visual-territory-28,OP-28,WAREHOUSE-28,CRUDE_OIL,barrel,97375850.296816,0,0,76,AUTHORED_OPENING_STOCK_ENDOWMENT_NOT_HISTORICAL_EXTRACTION
STOCK-28-NATURAL_GAS,visual-territory-28,OP-28,WAREHOUSE-28,NATURAL_GAS,MMBtu,0.0,0,0,76,AUTHORED_OPENING_STOCK_ENDOWMENT_NOT_HISTORICAL_EXTRACTION
STOCK-28-URANIUM,visual-territory-28,OP-28,WAREHOUSE-28,URANIUM,tonne U,16.577348,0,0,76,AUTHORED_OPENING_STOCK_ENDOWMENT_NOT_HISTORICAL_EXTRACTION
STOCK-28-GRAIN,visual-territory-28,OP-28,WAREHOUSE-28,GRAIN,tonne,11051568.474692,0,0,76,AUTHORED_OPENING_STOCK_ENDOWMENT_NOT_HISTORICAL_EXTRACTION
STOCK-28-IRON_ORE,visual-territory-28,OP-28,WAREHOUSE-28,IRON_ORE,tonne,0.0,0,0,76,AUTHORED_OPENING_STOCK_ENDOWMENT_NOT_HISTORICAL_EXTRACTION
STOCK-28-COPPER,visual-territory-28,OP-28,WAREHOUSE-28,COPPER,tonne,1662.616508,0,0,76,AUTHORED_OPENING_STOCK_ENDOWMENT_NOT_HISTORICAL_EXTRACTION
STOCK-28-LITHIUM,visual-territory-28,OP-28,WAREHOUSE-28,LITHIUM,tonne LCE,0.0,0,0,76,AUTHORED_OPENING_STOCK_ENDOWMENT_NOT_HISTORICAL_EXTRACTION
STOCK-28-STEEL,visual-territory-28,OP-28,WAREHOUSE-28,STEEL,tonne,2528168.319044,0,0,76,AUTHORED_OPENING_STOCK_ENDOWMENT_NOT_HISTORICAL_EXTRACTION
STOCK-28-REFINED_FUEL,visual-territory-28,OP-28,WAREHOUSE-28,REFINED_FUEL,barrel equivalent,16577352.712,0,0,76,AUTHORED_OPENING_STOCK_ENDOWMENT_NOT_HISTORICAL_EXTRACTION
STOCK-28-MACHINERY,visual-territory-28,OP-28,WAREHOUSE-28,MACHINERY,equipment unit,13261.8822,0,0,76,AUTHORED_OPENING_STOCK_ENDOWMENT_NOT_HISTORICAL_EXTRACTION
STOCK-28-SEMICONDUCTORS,visual-territory-28,OP-28,WAREHOUSE-28,SEMICONDUCTORS,standardised chip unit,16577352.712,0,0,76,AUTHORED_OPENING_STOCK_ENDOWMENT_NOT_HISTORICAL_EXTRACTION
STOCK-28-BATTERIES,visual-territory-28,OP-28,WAREHOUSE-28,BATTERIES,MWh-equivalent,1326.18822,0,0,76,AUTHORED_OPENING_STOCK_ENDOWMENT_NOT_HISTORICAL_EXTRACTION
STOCK-29-CRUDE_OIL,visual-territory-29,OP-29,WAREHOUSE-29,CRUDE_OIL,barrel,0.0,0,0,79,AUTHORED_OPENING_STOCK_ENDOWMENT_NOT_HISTORICAL_EXTRACTION
STOCK-29-NATURAL_GAS,visual-territory-29,OP-29,WAREHOUSE-29,NATURAL_GAS,MMBtu,8827917.160834,0,0,79,AUTHORED_OPENING_STOCK_ENDOWMENT_NOT_HISTORICAL_EXTRACTION
STOCK-29-URANIUM,visual-territory-29,OP-29,WAREHOUSE-29,URANIUM,tonne U,16.005084,0,0,79,AUTHORED_OPENING_STOCK_ENDOWMENT_NOT_HISTORICAL_EXTRACTION
STOCK-29-GRAIN,visual-territory-29,OP-29,WAREHOUSE-29,GRAIN,tonne,10670033.09,0,0,79,AUTHORED_OPENING_STOCK_ENDOWMENT_NOT_HISTORICAL_EXTRACTION
STOCK-29-IRON_ORE,visual-territory-29,OP-29,WAREHOUSE-29,IRON_ORE,tonne,4708222.485736,0,0,79,AUTHORED_OPENING_STOCK_ENDOWMENT_NOT_HISTORICAL_EXTRACTION
STOCK-29-COPPER,visual-territory-29,OP-29,WAREHOUSE-29,COPPER,tonne,0.0,0,0,79,AUTHORED_OPENING_STOCK_ENDOWMENT_NOT_HISTORICAL_EXTRACTION
STOCK-29-LITHIUM,visual-territory-29,OP-29,WAREHOUSE-29,LITHIUM,tonne LCE,0.0,0,0,79,AUTHORED_OPENING_STOCK_ENDOWMENT_NOT_HISTORICAL_EXTRACTION
STOCK-29-STEEL,visual-territory-29,OP-29,WAREHOUSE-29,STEEL,tonne,2400757.44525,0,0,79,AUTHORED_OPENING_STOCK_ENDOWMENT_NOT_HISTORICAL_EXTRACTION
STOCK-29-REFINED_FUEL,visual-territory-29,OP-29,WAREHOUSE-29,REFINED_FUEL,barrel equivalent,16005049.635,0,0,79,AUTHORED_OPENING_STOCK_ENDOWMENT_NOT_HISTORICAL_EXTRACTION
STOCK-29-MACHINERY,visual-territory-29,OP-29,WAREHOUSE-29,MACHINERY,equipment unit,12804.039708,0,0,79,AUTHORED_OPENING_STOCK_ENDOWMENT_NOT_HISTORICAL_EXTRACTION
STOCK-29-SEMICONDUCTORS,visual-territory-29,OP-29,WAREHOUSE-29,SEMICONDUCTORS,standardised chip unit,16005049.635,0,0,79,AUTHORED_OPENING_STOCK_ENDOWMENT_NOT_HISTORICAL_EXTRACTION
STOCK-29-BATTERIES,visual-territory-29,OP-29,WAREHOUSE-29,BATTERIES,MWh-equivalent,1280.403955,0,0,79,AUTHORED_OPENING_STOCK_ENDOWMENT_NOT_HISTORICAL_EXTRACTION
STOCK-30-CRUDE_OIL,visual-territory-30,OP-30,WAREHOUSE-30,CRUDE_OIL,barrel,0.0,0,0,83,AUTHORED_OPENING_STOCK_ENDOWMENT_NOT_HISTORICAL_EXTRACTION
STOCK-30-NATURAL_GAS,visual-territory-30,OP-30,WAREHOUSE-30,NATURAL_GAS,MMBtu,22966851.093228,0,0,83,AUTHORED_OPENING_STOCK_ENDOWMENT_NOT_HISTORICAL_EXTRACTION
STOCK-30-URANIUM,visual-territory-30,OP-30,WAREHOUSE-30,URANIUM,tonne U,15.062674,0,0,83,AUTHORED_OPENING_STOCK_ENDOWMENT_NOT_HISTORICAL_EXTRACTION
STOCK-30-GRAIN,visual-territory-30,OP-30,WAREHOUSE-30,GRAIN,tonne,10041782.002639,0,0,83,AUTHORED_OPENING_STOCK_ENDOWMENT_NOT_HISTORICAL_EXTRACTION
STOCK-30-IRON_ORE,visual-territory-30,OP-30,WAREHOUSE-30,IRON_ORE,tonne,12248987.249705,0,0,83,AUTHORED_OPENING_STOCK_ENDOWMENT_NOT_HISTORICAL_EXTRACTION
STOCK-30-COPPER,visual-territory-30,OP-30,WAREHOUSE-30,COPPER,tonne,0.0,0,0,83,AUTHORED_OPENING_STOCK_ENDOWMENT_NOT_HISTORICAL_EXTRACTION
STOCK-30-LITHIUM,visual-territory-30,OP-30,WAREHOUSE-30,LITHIUM,tonne LCE,0.0,0,0,83,AUTHORED_OPENING_STOCK_ENDOWMENT_NOT_HISTORICAL_EXTRACTION
STOCK-30-STEEL,visual-territory-30,OP-30,WAREHOUSE-30,STEEL,tonne,2259400.9506,0,0,83,AUTHORED_OPENING_STOCK_ENDOWMENT_NOT_HISTORICAL_EXTRACTION
STOCK-30-REFINED_FUEL,visual-territory-30,OP-30,WAREHOUSE-30,REFINED_FUEL,barrel equivalent,15062673.004,0,0,83,AUTHORED_OPENING_STOCK_ENDOWMENT_NOT_HISTORICAL_EXTRACTION
STOCK-30-MACHINERY,visual-territory-30,OP-30,WAREHOUSE-30,MACHINERY,equipment unit,12050.13837,0,0,83,AUTHORED_OPENING_STOCK_ENDOWMENT_NOT_HISTORICAL_EXTRACTION
STOCK-30-SEMICONDUCTORS,visual-territory-30,OP-30,WAREHOUSE-30,SEMICONDUCTORS,standardised chip unit,15062673.004,0,0,83,AUTHORED_OPENING_STOCK_ENDOWMENT_NOT_HISTORICAL_EXTRACTION
STOCK-30-BATTERIES,visual-territory-30,OP-30,WAREHOUSE-30,BATTERIES,MWh-equivalent,1205.013837,0,0,83,AUTHORED_OPENING_STOCK_ENDOWMENT_NOT_HISTORICAL_EXTRACTION
STOCK-31-CRUDE_OIL,visual-territory-31,OP-31,WAREHOUSE-31,CRUDE_OIL,barrel,137131552.312325,0,0,85,AUTHORED_OPENING_STOCK_ENDOWMENT_NOT_HISTORICAL_EXTRACTION
STOCK-31-NATURAL_GAS,visual-territory-31,OP-31,WAREHOUSE-31,NATURAL_GAS,MMBtu,0.0,0,0,85,AUTHORED_OPENING_STOCK_ENDOWMENT_NOT_HISTORICAL_EXTRACTION
STOCK-31-URANIUM,visual-territory-31,OP-31,WAREHOUSE-31,URANIUM,tonne U,16.848275,0,0,85,AUTHORED_OPENING_STOCK_ENDOWMENT_NOT_HISTORICAL_EXTRACTION
STOCK-31-GRAIN,visual-territory-31,OP-31,WAREHOUSE-31,GRAIN,tonne,11232160.213305,0,0,85,AUTHORED_OPENING_STOCK_ENDOWMENT_NOT_HISTORICAL_EXTRACTION
STOCK-31-IRON_ORE,visual-territory-31,OP-31,WAREHOUSE-31,IRON_ORE,tonne,0.0,0,0,85,AUTHORED_OPENING_STOCK_ENDOWMENT_NOT_HISTORICAL_EXTRACTION
STOCK-31-COPPER,visual-territory-31,OP-31,WAREHOUSE-31,COPPER,tonne,4360.909785,0,0,85,AUTHORED_OPENING_STOCK_ENDOWMENT_NOT_HISTORICAL_EXTRACTION
STOCK-31-LITHIUM,visual-territory-31,OP-31,WAREHOUSE-31,LITHIUM,tonne LCE,0.0,0,0,85,AUTHORED_OPENING_STOCK_ENDOWMENT_NOT_HISTORICAL_EXTRACTION
STOCK-31-STEEL,visual-territory-31,OP-31,WAREHOUSE-31,STEEL,tonne,2603828.325105,0,0,85,AUTHORED_OPENING_STOCK_ENDOWMENT_NOT_HISTORICAL_EXTRACTION
STOCK-31-REFINED_FUEL,visual-territory-31,OP-31,WAREHOUSE-31,REFINED_FUEL,barrel equivalent,16848240.32,0,0,85,AUTHORED_OPENING_STOCK_ENDOWMENT_NOT_HISTORICAL_EXTRACTION
STOCK-31-MACHINERY,visual-territory-31,OP-31,WAREHOUSE-31,MACHINERY,equipment unit,13504.53667,0,0,85,AUTHORED_OPENING_STOCK_ENDOWMENT_NOT_HISTORICAL_EXTRACTION
STOCK-31-SEMICONDUCTORS,visual-territory-31,OP-31,WAREHOUSE-31,SEMICONDUCTORS,standardised chip unit,16848240.32,0,0,85,AUTHORED_OPENING_STOCK_ENDOWMENT_NOT_HISTORICAL_EXTRACTION
STOCK-31-BATTERIES,visual-territory-31,OP-31,WAREHOUSE-31,BATTERIES,MWh-equivalent,1347.859195,0,0,85,AUTHORED_OPENING_STOCK_ENDOWMENT_NOT_HISTORICAL_EXTRACTION
STOCK-32-CRUDE_OIL,visual-territory-32,OP-32,WAREHOUSE-32,CRUDE_OIL,barrel,0.0,0,0,84,AUTHORED_OPENING_STOCK_ENDOWMENT_NOT_HISTORICAL_EXTRACTION
STOCK-32-NATURAL_GAS,visual-territory-32,OP-32,WAREHOUSE-32,NATURAL_GAS,MMBtu,25083039.634884,0,0,84,AUTHORED_OPENING_STOCK_ENDOWMENT_NOT_HISTORICAL_EXTRACTION
STOCK-32-URANIUM,visual-territory-32,OP-32,WAREHOUSE-32,URANIUM,tonne U,11.050536,0,0,84,AUTHORED_OPENING_STOCK_ENDOWMENT_NOT_HISTORICAL_EXTRACTION
STOCK-32-GRAIN,visual-territory-32,OP-32,WAREHOUSE-32,GRAIN,tonne,7367008.376028,0,0,84,AUTHORED_OPENING_STOCK_ENDOWMENT_NOT_HISTORICAL_EXTRACTION
STOCK-32-IRON_ORE,visual-territory-32,OP-32,WAREHOUSE-32,IRON_ORE,tonne,13377621.138588,0,0,84,AUTHORED_OPENING_STOCK_ENDOWMENT_NOT_HISTORICAL_EXTRACTION
STOCK-32-COPPER,visual-territory-32,OP-32,WAREHOUSE-32,COPPER,tonne,0.0,0,0,84,AUTHORED_OPENING_STOCK_ENDOWMENT_NOT_HISTORICAL_EXTRACTION
STOCK-32-LITHIUM,visual-territory-32,OP-32,WAREHOUSE-32,LITHIUM,tonne LCE,0.0,0,0,84,AUTHORED_OPENING_STOCK_ENDOWMENT_NOT_HISTORICAL_EXTRACTION
STOCK-32-STEEL,visual-territory-32,OP-32,WAREHOUSE-32,STEEL,tonne,1657576.8846,0,0,84,AUTHORED_OPENING_STOCK_ENDOWMENT_NOT_HISTORICAL_EXTRACTION
STOCK-32-REFINED_FUEL,visual-territory-32,OP-32,WAREHOUSE-32,REFINED_FUEL,barrel equivalent,11050512.564,0,0,84,AUTHORED_OPENING_STOCK_ENDOWMENT_NOT_HISTORICAL_EXTRACTION
STOCK-32-MACHINERY,visual-territory-32,OP-32,WAREHOUSE-32,MACHINERY,equipment unit,8840.410068,0,0,84,AUTHORED_OPENING_STOCK_ENDOWMENT_NOT_HISTORICAL_EXTRACTION
STOCK-32-SEMICONDUCTORS,visual-territory-32,OP-32,WAREHOUSE-32,SEMICONDUCTORS,standardised chip unit,11050512.564,0,0,84,AUTHORED_OPENING_STOCK_ENDOWMENT_NOT_HISTORICAL_EXTRACTION
STOCK-32-BATTERIES,visual-territory-32,OP-32,WAREHOUSE-32,BATTERIES,MWh-equivalent,884.041032,0,0,84,AUTHORED_OPENING_STOCK_ENDOWMENT_NOT_HISTORICAL_EXTRACTION
STOCK-33-CRUDE_OIL,visual-territory-33,OP-33,WAREHOUSE-33,CRUDE_OIL,barrel,0.0,0,0,83,AUTHORED_OPENING_STOCK_ENDOWMENT_NOT_HISTORICAL_EXTRACTION
STOCK-33-NATURAL_GAS,visual-territory-33,OP-33,WAREHOUSE-33,NATURAL_GAS,MMBtu,0.0,0,0,83,AUTHORED_OPENING_STOCK_ENDOWMENT_NOT_HISTORICAL_EXTRACTION
STOCK-33-URANIUM,visual-territory-33,OP-33,WAREHOUSE-33,URANIUM,tonne U,14.324057,0,0,83,AUTHORED_OPENING_STOCK_ENDOWMENT_NOT_HISTORICAL_EXTRACTION
STOCK-33-GRAIN,visual-territory-33,OP-33,WAREHOUSE-33,GRAIN,tonne,9549355.342,0,0,83,AUTHORED_OPENING_STOCK_ENDOWMENT_NOT_HISTORICAL_EXTRACTION
STOCK-33-IRON_ORE,visual-territory-33,OP-33,WAREHOUSE-33,IRON_ORE,tonne,0.0,0,0,83,AUTHORED_OPENING_STOCK_ENDOWMENT_NOT_HISTORICAL_EXTRACTION
STOCK-33-COPPER,visual-territory-33,OP-33,WAREHOUSE-33,COPPER,tonne,0.0,0,0,83,AUTHORED_OPENING_STOCK_ENDOWMENT_NOT_HISTORICAL_EXTRACTION
STOCK-33-LITHIUM,visual-territory-33,OP-33,WAREHOUSE-33,LITHIUM,tonne LCE,0.0,0,0,83,AUTHORED_OPENING_STOCK_ENDOWMENT_NOT_HISTORICAL_EXTRACTION
STOCK-33-STEEL,visual-territory-33,OP-33,WAREHOUSE-33,STEEL,tonne,2148604.95195,0,0,83,AUTHORED_OPENING_STOCK_ENDOWMENT_NOT_HISTORICAL_EXTRACTION
STOCK-33-REFINED_FUEL,visual-territory-33,OP-33,WAREHOUSE-33,REFINED_FUEL,barrel equivalent,14324033.013,0,0,83,AUTHORED_OPENING_STOCK_ENDOWMENT_NOT_HISTORICAL_EXTRACTION
STOCK-33-MACHINERY,visual-territory-33,OP-33,WAREHOUSE-33,MACHINERY,equipment unit,11459.226427,0,0,83,AUTHORED_OPENING_STOCK_ENDOWMENT_NOT_HISTORICAL_EXTRACTION
STOCK-33-SEMICONDUCTORS,visual-territory-33,OP-33,WAREHOUSE-33,SEMICONDUCTORS,standardised chip unit,14324033.013,0,0,83,AUTHORED_OPENING_STOCK_ENDOWMENT_NOT_HISTORICAL_EXTRACTION
STOCK-33-BATTERIES,visual-territory-33,OP-33,WAREHOUSE-33,BATTERIES,MWh-equivalent,1145.922651,0,0,83,AUTHORED_OPENING_STOCK_ENDOWMENT_NOT_HISTORICAL_EXTRACTION
STOCK-34-CRUDE_OIL,visual-territory-34,OP-34,WAREHOUSE-34,CRUDE_OIL,barrel,0.0,0,0,72,AUTHORED_OPENING_STOCK_ENDOWMENT_NOT_HISTORICAL_EXTRACTION
STOCK-34-NATURAL_GAS,visual-territory-34,OP-34,WAREHOUSE-34,NATURAL_GAS,MMBtu,0.0,0,0,72,AUTHORED_OPENING_STOCK_ENDOWMENT_NOT_HISTORICAL_EXTRACTION
STOCK-34-URANIUM,visual-territory-34,OP-34,WAREHOUSE-34,URANIUM,tonne U,14.784552,0,0,72,AUTHORED_OPENING_STOCK_ENDOWMENT_NOT_HISTORICAL_EXTRACTION
STOCK-34-GRAIN,visual-territory-34,OP-34,WAREHOUSE-34,GRAIN,tonne,9856350.480024,0,0,72,AUTHORED_OPENING_STOCK_ENDOWMENT_NOT_HISTORICAL_EXTRACTION
STOCK-34-IRON_ORE,visual-territory-34,OP-34,WAREHOUSE-34,IRON_ORE,tonne,0.0,0,0,72,AUTHORED_OPENING_STOCK_ENDOWMENT_NOT_HISTORICAL_EXTRACTION
STOCK-34-COPPER,visual-territory-34,OP-34,WAREHOUSE-34,COPPER,tonne,0.0,0,0,72,AUTHORED_OPENING_STOCK_ENDOWMENT_NOT_HISTORICAL_EXTRACTION
STOCK-34-LITHIUM,visual-territory-34,OP-34,WAREHOUSE-34,LITHIUM,tonne LCE,0.0,0,0,72,AUTHORED_OPENING_STOCK_ENDOWMENT_NOT_HISTORICAL_EXTRACTION
STOCK-34-STEEL,visual-territory-34,OP-34,WAREHOUSE-34,STEEL,tonne,2217678.858,0,0,72,AUTHORED_OPENING_STOCK_ENDOWMENT_NOT_HISTORICAL_EXTRACTION
STOCK-34-REFINED_FUEL,visual-territory-34,OP-34,WAREHOUSE-34,REFINED_FUEL,barrel equivalent,14784525.72,0,0,72,AUTHORED_OPENING_STOCK_ENDOWMENT_NOT_HISTORICAL_EXTRACTION
STOCK-34-MACHINERY,visual-territory-34,OP-34,WAREHOUSE-34,MACHINERY,equipment unit,11827.620576,0,0,72,AUTHORED_OPENING_STOCK_ENDOWMENT_NOT_HISTORICAL_EXTRACTION
STOCK-34-SEMICONDUCTORS,visual-territory-34,OP-34,WAREHOUSE-34,SEMICONDUCTORS,standardised chip unit,14784525.72,0,0,72,AUTHORED_OPENING_STOCK_ENDOWMENT_NOT_HISTORICAL_EXTRACTION
STOCK-34-BATTERIES,visual-territory-34,OP-34,WAREHOUSE-34,BATTERIES,MWh-equivalent,1182.762072,0,0,72,AUTHORED_OPENING_STOCK_ENDOWMENT_NOT_HISTORICAL_EXTRACTION
STOCK-35-CRUDE_OIL,visual-territory-35,OP-35,WAREHOUSE-35,CRUDE_OIL,barrel,0.0,0,0,76,AUTHORED_OPENING_STOCK_ENDOWMENT_NOT_HISTORICAL_EXTRACTION
STOCK-35-NATURAL_GAS,visual-territory-35,OP-35,WAREHOUSE-35,NATURAL_GAS,MMBtu,25731962.87146,0,0,76,AUTHORED_OPENING_STOCK_ENDOWMENT_NOT_HISTORICAL_EXTRACTION
STOCK-35-URANIUM,visual-territory-35,OP-35,WAREHOUSE-35,URANIUM,tonne U,14.13486,0,0,76,AUTHORED_OPENING_STOCK_ENDOWMENT_NOT_HISTORICAL_EXTRACTION
STOCK-35-GRAIN,visual-territory-35,OP-35,WAREHOUSE-35,GRAIN,tonne,9423227.08,0,0,76,AUTHORED_OPENING_STOCK_ENDOWMENT_NOT_HISTORICAL_EXTRACTION
STOCK-35-IRON_ORE,visual-territory-35,OP-35,WAREHOUSE-35,IRON_ORE,tonne,13723713.531496,0,0,76,AUTHORED_OPENING_STOCK_ENDOWMENT_NOT_HISTORICAL_EXTRACTION
STOCK-35-COPPER,visual-territory-35,OP-35,WAREHOUSE-35,COPPER,tonne,0.0,0,0,76,AUTHORED_OPENING_STOCK_ENDOWMENT_NOT_HISTORICAL_EXTRACTION
STOCK-35-LITHIUM,visual-territory-35,OP-35,WAREHOUSE-35,LITHIUM,tonne LCE,0.0,0,0,76,AUTHORED_OPENING_STOCK_ENDOWMENT_NOT_HISTORICAL_EXTRACTION
STOCK-35-STEEL,visual-territory-35,OP-35,WAREHOUSE-35,STEEL,tonne,2120226.093,0,0,76,AUTHORED_OPENING_STOCK_ENDOWMENT_NOT_HISTORICAL_EXTRACTION
STOCK-35-REFINED_FUEL,visual-territory-35,OP-35,WAREHOUSE-35,REFINED_FUEL,barrel equivalent,14134840.62,0,0,76,AUTHORED_OPENING_STOCK_ENDOWMENT_NOT_HISTORICAL_EXTRACTION
STOCK-35-MACHINERY,visual-territory-35,OP-35,WAREHOUSE-35,MACHINERY,equipment unit,11307.872496,0,0,76,AUTHORED_OPENING_STOCK_ENDOWMENT_NOT_HISTORICAL_EXTRACTION
STOCK-35-SEMICONDUCTORS,visual-territory-35,OP-35,WAREHOUSE-35,SEMICONDUCTORS,standardised chip unit,14134840.62,0,0,76,AUTHORED_OPENING_STOCK_ENDOWMENT_NOT_HISTORICAL_EXTRACTION
STOCK-35-BATTERIES,visual-territory-35,OP-35,WAREHOUSE-35,BATTERIES,MWh-equivalent,1130.78728,0,0,76,AUTHORED_OPENING_STOCK_ENDOWMENT_NOT_HISTORICAL_EXTRACTION
STOCK-36-CRUDE_OIL,visual-territory-36,OP-36,WAREHOUSE-36,CRUDE_OIL,barrel,0.0,0,0,74,AUTHORED_OPENING_STOCK_ENDOWMENT_NOT_HISTORICAL_EXTRACTION
STOCK-36-NATURAL_GAS,visual-territory-36,OP-36,WAREHOUSE-36,NATURAL_GAS,MMBtu,0.0,0,0,74,AUTHORED_OPENING_STOCK_ENDOWMENT_NOT_HISTORICAL_EXTRACTION
STOCK-36-URANIUM,visual-territory-36,OP-36,WAREHOUSE-36,URANIUM,tonne U,6.923366,0,0,74,AUTHORED_OPENING_STOCK_ENDOWMENT_NOT_HISTORICAL_EXTRACTION
STOCK-36-GRAIN,visual-territory-36,OP-36,WAREHOUSE-36,GRAIN,tonne,4615584.141358,0,0,74,AUTHORED_OPENING_STOCK_ENDOWMENT_NOT_HISTORICAL_EXTRACTION
STOCK-36-IRON_ORE,visual-territory-36,OP-36,WAREHOUSE-36,IRON_ORE,tonne,0.0,0,0,74,AUTHORED_OPENING_STOCK_ENDOWMENT_NOT_HISTORICAL_EXTRACTION
STOCK-36-COPPER,visual-territory-36,OP-36,WAREHOUSE-36,COPPER,tonne,1786.884734,0,0,74,AUTHORED_OPENING_STOCK_ENDOWMENT_NOT_HISTORICAL_EXTRACTION
STOCK-36-LITHIUM,visual-territory-36,OP-36,WAREHOUSE-36,LITHIUM,tonne LCE,1340.163532,0,0,74,AUTHORED_OPENING_STOCK_ENDOWMENT_NOT_HISTORICAL_EXTRACTION
STOCK-36-STEEL,visual-territory-36,OP-36,WAREHOUSE-36,STEEL,tonne,1038506.4318,0,0,74,AUTHORED_OPENING_STOCK_ENDOWMENT_NOT_HISTORICAL_EXTRACTION
STOCK-36-REFINED_FUEL,visual-territory-36,OP-36,WAREHOUSE-36,REFINED_FUEL,barrel equivalent,6923376.212,0,0,74,AUTHORED_OPENING_STOCK_ENDOWMENT_NOT_HISTORICAL_EXTRACTION
STOCK-36-MACHINERY,visual-territory-36,OP-36,WAREHOUSE-36,MACHINERY,equipment unit,5540.934556,0,0,74,AUTHORED_OPENING_STOCK_ENDOWMENT_NOT_HISTORICAL_EXTRACTION
STOCK-36-SEMICONDUCTORS,visual-territory-36,OP-36,WAREHOUSE-36,SEMICONDUCTORS,standardised chip unit,6923376.212,0,0,74,AUTHORED_OPENING_STOCK_ENDOWMENT_NOT_HISTORICAL_EXTRACTION
STOCK-36-BATTERIES,visual-territory-36,OP-36,WAREHOUSE-36,BATTERIES,MWh-equivalent,553.870094,0,0,74,AUTHORED_OPENING_STOCK_ENDOWMENT_NOT_HISTORICAL_EXTRACTION
STOCK-37-CRUDE_OIL,visual-territory-37,OP-37,WAREHOUSE-37,CRUDE_OIL,barrel,55453720.012925,0,0,71.2,AUTHORED_OPENING_STOCK_ENDOWMENT_NOT_HISTORICAL_EXTRACTION
STOCK-37-NATURAL_GAS,visual-territory-37,OP-37,WAREHOUSE-37,NATURAL_GAS,MMBtu,853981.760306,0,0,71.2,AUTHORED_OPENING_STOCK_ENDOWMENT_NOT_HISTORICAL_EXTRACTION
STOCK-37-URANIUM,visual-territory-37,OP-37,WAREHOUSE-37,URANIUM,tonne U,6.813128,0,0,71.2,AUTHORED_OPENING_STOCK_ENDOWMENT_NOT_HISTORICAL_EXTRACTION
STOCK-37-GRAIN,visual-territory-37,OP-37,WAREHOUSE-37,GRAIN,tonne,4542098.86131,0,0,71.2,AUTHORED_OPENING_STOCK_ENDOWMENT_NOT_HISTORICAL_EXTRACTION
STOCK-37-IRON_ORE,visual-territory-37,OP-37,WAREHOUSE-37,IRON_ORE,tonne,455456.938873,0,0,71.2,AUTHORED_OPENING_STOCK_ENDOWMENT_NOT_HISTORICAL_EXTRACTION
STOCK-37-COPPER,visual-territory-37,OP-37,WAREHOUSE-37,COPPER,tonne,0.0,0,0,71.2,AUTHORED_OPENING_STOCK_ENDOWMENT_NOT_HISTORICAL_EXTRACTION
STOCK-37-LITHIUM,visual-territory-37,OP-37,WAREHOUSE-37,LITHIUM,tonne LCE,0.0,0,0,71.2,AUTHORED_OPENING_STOCK_ENDOWMENT_NOT_HISTORICAL_EXTRACTION
STOCK-37-STEEL,visual-territory-37,OP-37,WAREHOUSE-37,STEEL,tonne,1021972.2438,0,0,71.2,AUTHORED_OPENING_STOCK_ENDOWMENT_NOT_HISTORICAL_EXTRACTION
STOCK-37-REFINED_FUEL,visual-territory-37,OP-37,WAREHOUSE-37,REFINED_FUEL,barrel equivalent,6813148.292,0,0,71.2,AUTHORED_OPENING_STOCK_ENDOWMENT_NOT_HISTORICAL_EXTRACTION
STOCK-37-MACHINERY,visual-territory-37,OP-37,WAREHOUSE-37,MACHINERY,equipment unit,5450.518634,0,0,71.2,AUTHORED_OPENING_STOCK_ENDOWMENT_NOT_HISTORICAL_EXTRACTION
STOCK-37-SEMICONDUCTORS,visual-territory-37,OP-37,WAREHOUSE-37,SEMICONDUCTORS,standardised chip unit,6813148.292,0,0,71.2,AUTHORED_OPENING_STOCK_ENDOWMENT_NOT_HISTORICAL_EXTRACTION
STOCK-37-BATTERIES,visual-territory-37,OP-37,WAREHOUSE-37,BATTERIES,MWh-equivalent,545.051878,0,0,71.2,AUTHORED_OPENING_STOCK_ENDOWMENT_NOT_HISTORICAL_EXTRACTION
STOCK-38-CRUDE_OIL,visual-territory-38,OP-38,WAREHOUSE-38,CRUDE_OIL,barrel,155530473.87077,0,0,82,AUTHORED_OPENING_STOCK_ENDOWMENT_NOT_HISTORICAL_EXTRACTION
STOCK-38-NATURAL_GAS,visual-territory-38,OP-38,WAREHOUSE-38,NATURAL_GAS,MMBtu,0.0,0,0,82,AUTHORED_OPENING_STOCK_ENDOWMENT_NOT_HISTORICAL_EXTRACTION
STOCK-38-URANIUM,visual-territory-38,OP-38,WAREHOUSE-38,URANIUM,tonne U,23.572212,0,0,82,AUTHORED_OPENING_STOCK_ENDOWMENT_NOT_HISTORICAL_EXTRACTION
STOCK-38-GRAIN,visual-territory-38,OP-38,WAREHOUSE-38,GRAIN,tonne,15714828.5,0,0,82,AUTHORED_OPENING_STOCK_ENDOWMENT_NOT_HISTORICAL_EXTRACTION
STOCK-38-IRON_ORE,visual-territory-38,OP-38,WAREHOUSE-38,IRON_ORE,tonne,0.0,0,0,82,AUTHORED_OPENING_STOCK_ENDOWMENT_NOT_HISTORICAL_EXTRACTION
STOCK-38-COPPER,visual-territory-38,OP-38,WAREHOUSE-38,COPPER,tonne,0.0,0,0,82,AUTHORED_OPENING_STOCK_ENDOWMENT_NOT_HISTORICAL_EXTRACTION
STOCK-38-LITHIUM,visual-territory-38,OP-38,WAREHOUSE-38,LITHIUM,tonne LCE,0.0,0,0,82,AUTHORED_OPENING_STOCK_ENDOWMENT_NOT_HISTORICAL_EXTRACTION
STOCK-38-STEEL,visual-territory-38,OP-38,WAREHOUSE-38,STEEL,tonne,3535836.4125,0,0,82,AUTHORED_OPENING_STOCK_ENDOWMENT_NOT_HISTORICAL_EXTRACTION
STOCK-38-REFINED_FUEL,visual-territory-38,OP-38,WAREHOUSE-38,REFINED_FUEL,barrel equivalent,23572242.75,0,0,82,AUTHORED_OPENING_STOCK_ENDOWMENT_NOT_HISTORICAL_EXTRACTION
STOCK-38-MACHINERY,visual-territory-38,OP-38,WAREHOUSE-38,MACHINERY,equipment unit,18857.7942,0,0,82,AUTHORED_OPENING_STOCK_ENDOWMENT_NOT_HISTORICAL_EXTRACTION
STOCK-38-SEMICONDUCTORS,visual-territory-38,OP-38,WAREHOUSE-38,SEMICONDUCTORS,standardised chip unit,23572242.75,0,0,82,AUTHORED_OPENING_STOCK_ENDOWMENT_NOT_HISTORICAL_EXTRACTION
STOCK-38-BATTERIES,visual-territory-38,OP-38,WAREHOUSE-38,BATTERIES,MWh-equivalent,1885.77942,0,0,82,AUTHORED_OPENING_STOCK_ENDOWMENT_NOT_HISTORICAL_EXTRACTION
STOCK-39-CRUDE_OIL,visual-territory-39,OP-39,WAREHOUSE-39,CRUDE_OIL,barrel,0.0,0,0,76,AUTHORED_OPENING_STOCK_ENDOWMENT_NOT_HISTORICAL_EXTRACTION
STOCK-39-NATURAL_GAS,visual-territory-39,OP-39,WAREHOUSE-39,NATURAL_GAS,MMBtu,40979491.507272,0,0,76,AUTHORED_OPENING_STOCK_ENDOWMENT_NOT_HISTORICAL_EXTRACTION
STOCK-39-URANIUM,visual-territory-39,OP-39,WAREHOUSE-39,URANIUM,tonne U,16.756252,0,0,76,AUTHORED_OPENING_STOCK_ENDOWMENT_NOT_HISTORICAL_EXTRACTION
STOCK-39-GRAIN,visual-territory-39,OP-39,WAREHOUSE-39,GRAIN,tonne,11170815.362692,0,0,76,AUTHORED_OPENING_STOCK_ENDOWMENT_NOT_HISTORICAL_EXTRACTION
STOCK-39-IRON_ORE,visual-territory-39,OP-39,WAREHOUSE-39,IRON_ORE,tonne,21855728.803848,0,0,76,AUTHORED_OPENING_STOCK_ENDOWMENT_NOT_HISTORICAL_EXTRACTION
STOCK-39-COPPER,visual-territory-39,OP-39,WAREHOUSE-39,COPPER,tonne,0.0,0,0,76,AUTHORED_OPENING_STOCK_ENDOWMENT_NOT_HISTORICAL_EXTRACTION
STOCK-39-LITHIUM,visual-territory-39,OP-39,WAREHOUSE-39,LITHIUM,tonne LCE,0.0,0,0,76,AUTHORED_OPENING_STOCK_ENDOWMENT_NOT_HISTORICAL_EXTRACTION
STOCK-39-STEEL,visual-territory-39,OP-39,WAREHOUSE-39,STEEL,tonne,2513433.4566,0,0,76,AUTHORED_OPENING_STOCK_ENDOWMENT_NOT_HISTORICAL_EXTRACTION
STOCK-39-REFINED_FUEL,visual-territory-39,OP-39,WAREHOUSE-39,REFINED_FUEL,barrel equivalent,16756223.044,0,0,76,AUTHORED_OPENING_STOCK_ENDOWMENT_NOT_HISTORICAL_EXTRACTION
STOCK-39-MACHINERY,visual-territory-39,OP-39,WAREHOUSE-39,MACHINERY,equipment unit,13404.97842,0,0,76,AUTHORED_OPENING_STOCK_ENDOWMENT_NOT_HISTORICAL_EXTRACTION
STOCK-39-SEMICONDUCTORS,visual-territory-39,OP-39,WAREHOUSE-39,SEMICONDUCTORS,standardised chip unit,16756223.044,0,0,76,AUTHORED_OPENING_STOCK_ENDOWMENT_NOT_HISTORICAL_EXTRACTION
STOCK-39-BATTERIES,visual-territory-39,OP-39,WAREHOUSE-39,BATTERIES,MWh-equivalent,1340.49788,0,0,76,AUTHORED_OPENING_STOCK_ENDOWMENT_NOT_HISTORICAL_EXTRACTION
STOCK-40-CRUDE_OIL,visual-territory-40,OP-40,WAREHOUSE-40,CRUDE_OIL,barrel,0.0,0,0,82,AUTHORED_OPENING_STOCK_ENDOWMENT_NOT_HISTORICAL_EXTRACTION
STOCK-40-NATURAL_GAS,visual-territory-40,OP-40,WAREHOUSE-40,NATURAL_GAS,MMBtu,0.0,0,0,82,AUTHORED_OPENING_STOCK_ENDOWMENT_NOT_HISTORICAL_EXTRACTION
STOCK-40-URANIUM,visual-territory-40,OP-40,WAREHOUSE-40,URANIUM,tonne U,15.91374,0,0,82,AUTHORED_OPENING_STOCK_ENDOWMENT_NOT_HISTORICAL_EXTRACTION
STOCK-40-GRAIN,visual-territory-40,OP-40,WAREHOUSE-40,GRAIN,tonne,10609153.877306,0,0,82,AUTHORED_OPENING_STOCK_ENDOWMENT_NOT_HISTORICAL_EXTRACTION
STOCK-40-IRON_ORE,visual-territory-40,OP-40,WAREHOUSE-40,IRON_ORE,tonne,0.0,0,0,82,AUTHORED_OPENING_STOCK_ENDOWMENT_NOT_HISTORICAL_EXTRACTION
STOCK-40-COPPER,visual-territory-40,OP-40,WAREHOUSE-40,COPPER,tonne,10742.40467,0,0,82,AUTHORED_OPENING_STOCK_ENDOWMENT_NOT_HISTORICAL_EXTRACTION
STOCK-40-LITHIUM,visual-territory-40,OP-40,WAREHOUSE-40,LITHIUM,tonne LCE,0.0,0,0,82,AUTHORED_OPENING_STOCK_ENDOWMENT_NOT_HISTORICAL_EXTRACTION
STOCK-40-STEEL,visual-territory-40,OP-40,WAREHOUSE-40,STEEL,tonne,2426817.452452,0,0,82,AUTHORED_OPENING_STOCK_ENDOWMENT_NOT_HISTORICAL_EXTRACTION
STOCK-40-REFINED_FUEL,visual-territory-40,OP-40,WAREHOUSE-40,REFINED_FUEL,barrel equivalent,15913730.816,0,0,82,AUTHORED_OPENING_STOCK_ENDOWMENT_NOT_HISTORICAL_EXTRACTION
STOCK-40-MACHINERY,visual-territory-40,OP-40,WAREHOUSE-40,MACHINERY,equipment unit,12914.026496,0,0,82,AUTHORED_OPENING_STOCK_ENDOWMENT_NOT_HISTORICAL_EXTRACTION
STOCK-40-SEMICONDUCTORS,visual-territory-40,OP-40,WAREHOUSE-40,SEMICONDUCTORS,standardised chip unit,15913730.816,0,0,82,AUTHORED_OPENING_STOCK_ENDOWMENT_NOT_HISTORICAL_EXTRACTION
STOCK-40-BATTERIES,visual-territory-40,OP-40,WAREHOUSE-40,BATTERIES,MWh-equivalent,1273.098462,0,0,82,AUTHORED_OPENING_STOCK_ENDOWMENT_NOT_HISTORICAL_EXTRACTION
STOCK-41-CRUDE_OIL,visual-territory-41,OP-41,WAREHOUSE-41,CRUDE_OIL,barrel,0.0,0,0,83,AUTHORED_OPENING_STOCK_ENDOWMENT_NOT_HISTORICAL_EXTRACTION
STOCK-41-NATURAL_GAS,visual-territory-41,OP-41,WAREHOUSE-41,NATURAL_GAS,MMBtu,12883487.475693,0,0,83,AUTHORED_OPENING_STOCK_ENDOWMENT_NOT_HISTORICAL_EXTRACTION
STOCK-41-URANIUM,visual-territory-41,OP-41,WAREHOUSE-41,URANIUM,tonne U,17.373394,0,0,83,AUTHORED_OPENING_STOCK_ENDOWMENT_NOT_HISTORICAL_EXTRACTION
STOCK-41-GRAIN,visual-territory-41,OP-41,WAREHOUSE-41,GRAIN,tonne,11582246.011361,0,0,83,AUTHORED_OPENING_STOCK_ENDOWMENT_NOT_HISTORICAL_EXTRACTION
STOCK-41-IRON_ORE,visual-territory-41,OP-41,WAREHOUSE-41,IRON_ORE,tonne,6871193.320353,0,0,83,AUTHORED_OPENING_STOCK_ENDOWMENT_NOT_HISTORICAL_EXTRACTION
STOCK-41-COPPER,visual-territory-41,OP-41,WAREHOUSE-41,COPPER,tonne,0.0,0,0,83,AUTHORED_OPENING_STOCK_ENDOWMENT_NOT_HISTORICAL_EXTRACTION
STOCK-41-LITHIUM,visual-territory-41,OP-41,WAREHOUSE-41,LITHIUM,tonne LCE,0.0,0,0,83,AUTHORED_OPENING_STOCK_ENDOWMENT_NOT_HISTORICAL_EXTRACTION
STOCK-41-STEEL,visual-territory-41,OP-41,WAREHOUSE-41,STEEL,tonne,2606005.35255,0,0,83,AUTHORED_OPENING_STOCK_ENDOWMENT_NOT_HISTORICAL_EXTRACTION
STOCK-41-REFINED_FUEL,visual-territory-41,OP-41,WAREHOUSE-41,REFINED_FUEL,barrel equivalent,17373369.017,0,0,83,AUTHORED_OPENING_STOCK_ENDOWMENT_NOT_HISTORICAL_EXTRACTION
STOCK-41-MACHINERY,visual-territory-41,OP-41,WAREHOUSE-41,MACHINERY,equipment unit,13898.695197,0,0,83,AUTHORED_OPENING_STOCK_ENDOWMENT_NOT_HISTORICAL_EXTRACTION
STOCK-41-SEMICONDUCTORS,visual-territory-41,OP-41,WAREHOUSE-41,SEMICONDUCTORS,standardised chip unit,17373369.017,0,0,83,AUTHORED_OPENING_STOCK_ENDOWMENT_NOT_HISTORICAL_EXTRACTION
STOCK-41-BATTERIES,visual-territory-41,OP-41,WAREHOUSE-41,BATTERIES,MWh-equivalent,1389.869528,0,0,83,AUTHORED_OPENING_STOCK_ENDOWMENT_NOT_HISTORICAL_EXTRACTION
STOCK-42-CRUDE_OIL,visual-territory-42,OP-42,WAREHOUSE-42,CRUDE_OIL,barrel,0.0,0,0,76,AUTHORED_OPENING_STOCK_ENDOWMENT_NOT_HISTORICAL_EXTRACTION
STOCK-42-NATURAL_GAS,visual-territory-42,OP-42,WAREHOUSE-42,NATURAL_GAS,MMBtu,14740381.941872,0,0,76,AUTHORED_OPENING_STOCK_ENDOWMENT_NOT_HISTORICAL_EXTRACTION
STOCK-42-URANIUM,visual-territory-42,OP-42,WAREHOUSE-42,URANIUM,tonne U,9.853856,0,0,76,AUTHORED_OPENING_STOCK_ENDOWMENT_NOT_HISTORICAL_EXTRACTION
STOCK-42-GRAIN,visual-territory-42,OP-42,WAREHOUSE-42,GRAIN,tonne,6569246.098692,0,0,76,AUTHORED_OPENING_STOCK_ENDOWMENT_NOT_HISTORICAL_EXTRACTION
STOCK-42-IRON_ORE,visual-territory-42,OP-42,WAREHOUSE-42,IRON_ORE,tonne,7861537.03566,0,0,76,AUTHORED_OPENING_STOCK_ENDOWMENT_NOT_HISTORICAL_EXTRACTION
STOCK-42-COPPER,visual-territory-42,OP-42,WAREHOUSE-42,COPPER,tonne,927.310352,0,0,76,AUTHORED_OPENING_STOCK_ENDOWMENT_NOT_HISTORICAL_EXTRACTION
STOCK-42-LITHIUM,visual-territory-42,OP-42,WAREHOUSE-42,LITHIUM,tonne LCE,0.0,0,0,76,AUTHORED_OPENING_STOCK_ENDOWMENT_NOT_HISTORICAL_EXTRACTION
STOCK-42-STEEL,visual-territory-42,OP-42,WAREHOUSE-42,STEEL,tonne,1501263.13024,0,0,76,AUTHORED_OPENING_STOCK_ENDOWMENT_NOT_HISTORICAL_EXTRACTION
STOCK-42-REFINED_FUEL,visual-territory-42,OP-42,WAREHOUSE-42,REFINED_FUEL,barrel equivalent,9853869.148,0,0,76,AUTHORED_OPENING_STOCK_ENDOWMENT_NOT_HISTORICAL_EXTRACTION
STOCK-42-MACHINERY,visual-territory-42,OP-42,WAREHOUSE-42,MACHINERY,equipment unit,7883.095288,0,0,76,AUTHORED_OPENING_STOCK_ENDOWMENT_NOT_HISTORICAL_EXTRACTION
STOCK-42-SEMICONDUCTORS,visual-territory-42,OP-42,WAREHOUSE-42,SEMICONDUCTORS,standardised chip unit,9853869.148,0,0,76,AUTHORED_OPENING_STOCK_ENDOWMENT_NOT_HISTORICAL_EXTRACTION
STOCK-42-BATTERIES,visual-territory-42,OP-42,WAREHOUSE-42,BATTERIES,MWh-equivalent,788.309544,0,0,76,AUTHORED_OPENING_STOCK_ENDOWMENT_NOT_HISTORICAL_EXTRACTION
STOCK-43-CRUDE_OIL,visual-territory-43,OP-43,WAREHOUSE-43,CRUDE_OIL,barrel,0.0,0,0,73,AUTHORED_OPENING_STOCK_ENDOWMENT_NOT_HISTORICAL_EXTRACTION
STOCK-43-NATURAL_GAS,visual-territory-43,OP-43,WAREHOUSE-43,NATURAL_GAS,MMBtu,14786784.824133,0,0,73,AUTHORED_OPENING_STOCK_ENDOWMENT_NOT_HISTORICAL_EXTRACTION
STOCK-43-URANIUM,visual-territory-43,OP-43,WAREHOUSE-43,URANIUM,tonne U,9.715059,0,0,73,AUTHORED_OPENING_STOCK_ENDOWMENT_NOT_HISTORICAL_EXTRACTION
STOCK-43-GRAIN,visual-territory-43,OP-43,WAREHOUSE-43,GRAIN,tonne,6476714.03,0,0,73,AUTHORED_OPENING_STOCK_ENDOWMENT_NOT_HISTORICAL_EXTRACTION
STOCK-43-IRON_ORE,visual-territory-43,OP-43,WAREHOUSE-43,IRON_ORE,tonne,7886285.239523,0,0,73,AUTHORED_OPENING_STOCK_ENDOWMENT_NOT_HISTORICAL_EXTRACTION
STOCK-43-COPPER,visual-territory-43,OP-43,WAREHOUSE-43,COPPER,tonne,0.0,0,0,73,AUTHORED_OPENING_STOCK_ENDOWMENT_NOT_HISTORICAL_EXTRACTION
STOCK-43-LITHIUM,visual-territory-43,OP-43,WAREHOUSE-43,LITHIUM,tonne LCE,0.0,0,0,73,AUTHORED_OPENING_STOCK_ENDOWMENT_NOT_HISTORICAL_EXTRACTION
STOCK-43-STEEL,visual-territory-43,OP-43,WAREHOUSE-43,STEEL,tonne,1457260.65675,0,0,73,AUTHORED_OPENING_STOCK_ENDOWMENT_NOT_HISTORICAL_EXTRACTION
STOCK-43-REFINED_FUEL,visual-territory-43,OP-43,WAREHOUSE-43,REFINED_FUEL,barrel equivalent,9715071.045,0,0,73,AUTHORED_OPENING_STOCK_ENDOWMENT_NOT_HISTORICAL_EXTRACTION
STOCK-43-MACHINERY,visual-territory-43,OP-43,WAREHOUSE-43,MACHINERY,equipment unit,7772.056836,0,0,73,AUTHORED_OPENING_STOCK_ENDOWMENT_NOT_HISTORICAL_EXTRACTION
STOCK-43-SEMICONDUCTORS,visual-territory-43,OP-43,WAREHOUSE-43,SEMICONDUCTORS,standardised chip unit,9715071.045,0,0,73,AUTHORED_OPENING_STOCK_ENDOWMENT_NOT_HISTORICAL_EXTRACTION
STOCK-43-BATTERIES,visual-territory-43,OP-43,WAREHOUSE-43,BATTERIES,MWh-equivalent,777.205669,0,0,73,AUTHORED_OPENING_STOCK_ENDOWMENT_NOT_HISTORICAL_EXTRACTION
STOCK-44-CRUDE_OIL,visual-territory-44,OP-44,WAREHOUSE-44,CRUDE_OIL,barrel,0.0,0,0,92,AUTHORED_OPENING_STOCK_ENDOWMENT_NOT_HISTORICAL_EXTRACTION
STOCK-44-NATURAL_GAS,visual-territory-44,OP-44,WAREHOUSE-44,NATURAL_GAS,MMBtu,14530011.368376,0,0,92,AUTHORED_OPENING_STOCK_ENDOWMENT_NOT_HISTORICAL_EXTRACTION
STOCK-44-URANIUM,visual-territory-44,OP-44,WAREHOUSE-44,URANIUM,tonne U,24.94488,0,0,92,AUTHORED_OPENING_STOCK_ENDOWMENT_NOT_HISTORICAL_EXTRACTION
STOCK-44-GRAIN,visual-territory-44,OP-44,WAREHOUSE-44,GRAIN,tonne,16629909.144,0,0,92,AUTHORED_OPENING_STOCK_ENDOWMENT_NOT_HISTORICAL_EXTRACTION
STOCK-44-IRON_ORE,visual-territory-44,OP-44,WAREHOUSE-44,IRON_ORE,tonne,7749339.396504,0,0,92,AUTHORED_OPENING_STOCK_ENDOWMENT_NOT_HISTORICAL_EXTRACTION
STOCK-44-COPPER,visual-territory-44,OP-44,WAREHOUSE-44,COPPER,tonne,4433.406952,0,0,92,AUTHORED_OPENING_STOCK_ENDOWMENT_NOT_HISTORICAL_EXTRACTION
STOCK-44-LITHIUM,visual-territory-44,OP-44,WAREHOUSE-44,LITHIUM,tonne LCE,0.0,0,0,92,AUTHORED_OPENING_STOCK_ENDOWMENT_NOT_HISTORICAL_EXTRACTION
STOCK-44-STEEL,visual-territory-44,OP-44,WAREHOUSE-44,STEEL,tonne,3803952.813388,0,0,92,AUTHORED_OPENING_STOCK_ENDOWMENT_NOT_HISTORICAL_EXTRACTION
STOCK-44-REFINED_FUEL,visual-territory-44,OP-44,WAREHOUSE-44,REFINED_FUEL,barrel equivalent,24944863.716,0,0,92,AUTHORED_OPENING_STOCK_ENDOWMENT_NOT_HISTORICAL_EXTRACTION
STOCK-44-MACHINERY,visual-territory-44,OP-44,WAREHOUSE-44,MACHINERY,equipment unit,19994.780532,0,0,92,AUTHORED_OPENING_STOCK_ENDOWMENT_NOT_HISTORICAL_EXTRACTION
STOCK-44-SEMICONDUCTORS,visual-territory-44,OP-44,WAREHOUSE-44,SEMICONDUCTORS,standardised chip unit,24944863.716,0,0,92,AUTHORED_OPENING_STOCK_ENDOWMENT_NOT_HISTORICAL_EXTRACTION
STOCK-44-BATTERIES,visual-territory-44,OP-44,WAREHOUSE-44,BATTERIES,MWh-equivalent,1995.589112,0,0,92,AUTHORED_OPENING_STOCK_ENDOWMENT_NOT_HISTORICAL_EXTRACTION
STOCK-45-CRUDE_OIL,visual-territory-45,OP-45,WAREHOUSE-45,CRUDE_OIL,barrel,0.0,0,0,97,AUTHORED_OPENING_STOCK_ENDOWMENT_NOT_HISTORICAL_EXTRACTION
STOCK-45-NATURAL_GAS,visual-territory-45,OP-45,WAREHOUSE-45,NATURAL_GAS,MMBtu,38422976.600413,0,0,97,AUTHORED_OPENING_STOCK_ENDOWMENT_NOT_HISTORICAL_EXTRACTION
STOCK-45-URANIUM,visual-territory-45,OP-45,WAREHOUSE-45,URANIUM,tonne U,22.344823,0,0,97,AUTHORED_OPENING_STOCK_ENDOWMENT_NOT_HISTORICAL_EXTRACTION
STOCK-45-GRAIN,visual-territory-45,OP-45,WAREHOUSE-45,GRAIN,tonne,14896521.118699,0,0,97,AUTHORED_OPENING_STOCK_ENDOWMENT_NOT_HISTORICAL_EXTRACTION
STOCK-45-IRON_ORE,visual-territory-45,OP-45,WAREHOUSE-45,IRON_ORE,tonne,20492254.186874,0,0,97,AUTHORED_OPENING_STOCK_ENDOWMENT_NOT_HISTORICAL_EXTRACTION
STOCK-45-COPPER,visual-territory-45,OP-45,WAREHOUSE-45,COPPER,tonne,0.0,0,0,97,AUTHORED_OPENING_STOCK_ENDOWMENT_NOT_HISTORICAL_EXTRACTION
STOCK-45-LITHIUM,visual-territory-45,OP-45,WAREHOUSE-45,LITHIUM,tonne LCE,0.0,0,0,97,AUTHORED_OPENING_STOCK_ENDOWMENT_NOT_HISTORICAL_EXTRACTION
STOCK-45-STEEL,visual-territory-45,OP-45,WAREHOUSE-45,STEEL,tonne,3351717.2517,0,0,97,AUTHORED_OPENING_STOCK_ENDOWMENT_NOT_HISTORICAL_EXTRACTION
STOCK-45-REFINED_FUEL,visual-territory-45,OP-45,WAREHOUSE-45,REFINED_FUEL,barrel equivalent,22344781.678,0,0,97,AUTHORED_OPENING_STOCK_ENDOWMENT_NOT_HISTORICAL_EXTRACTION
STOCK-45-MACHINERY,visual-territory-45,OP-45,WAREHOUSE-45,MACHINERY,equipment unit,17875.825323,0,0,97,AUTHORED_OPENING_STOCK_ENDOWMENT_NOT_HISTORICAL_EXTRACTION
STOCK-45-SEMICONDUCTORS,visual-territory-45,OP-45,WAREHOUSE-45,SEMICONDUCTORS,standardised chip unit,22344781.678,0,0,97,AUTHORED_OPENING_STOCK_ENDOWMENT_NOT_HISTORICAL_EXTRACTION
STOCK-45-BATTERIES,visual-territory-45,OP-45,WAREHOUSE-45,BATTERIES,MWh-equivalent,1787.582542,0,0,97,AUTHORED_OPENING_STOCK_ENDOWMENT_NOT_HISTORICAL_EXTRACTION
STOCK-46-CRUDE_OIL,visual-territory-46,OP-46,WAREHOUSE-46,CRUDE_OIL,barrel,0.0,0,0,76,AUTHORED_OPENING_STOCK_ENDOWMENT_NOT_HISTORICAL_EXTRACTION
STOCK-46-NATURAL_GAS,visual-territory-46,OP-46,WAREHOUSE-46,NATURAL_GAS,MMBtu,0.0,0,0,76,AUTHORED_OPENING_STOCK_ENDOWMENT_NOT_HISTORICAL_EXTRACTION
STOCK-46-URANIUM,visual-territory-46,OP-46,WAREHOUSE-46,URANIUM,tonne U,19.747232,0,0,76,AUTHORED_OPENING_STOCK_ENDOWMENT_NOT_HISTORICAL_EXTRACTION
STOCK-46-GRAIN,visual-territory-46,OP-46,WAREHOUSE-46,GRAIN,tonne,13164808.210692,0,0,76,AUTHORED_OPENING_STOCK_ENDOWMENT_NOT_HISTORICAL_EXTRACTION
STOCK-46-IRON_ORE,visual-territory-46,OP-46,WAREHOUSE-46,IRON_ORE,tonne,0.0,0,0,76,AUTHORED_OPENING_STOCK_ENDOWMENT_NOT_HISTORICAL_EXTRACTION
STOCK-46-COPPER,visual-territory-46,OP-46,WAREHOUSE-46,COPPER,tonne,1478.797892,0,0,76,AUTHORED_OPENING_STOCK_ENDOWMENT_NOT_HISTORICAL_EXTRACTION
STOCK-46-LITHIUM,visual-territory-46,OP-46,WAREHOUSE-46,LITHIUM,tonne LCE,0.0,0,0,76,AUTHORED_OPENING_STOCK_ENDOWMENT_NOT_HISTORICAL_EXTRACTION
STOCK-46-STEEL,visual-territory-46,OP-46,WAREHOUSE-46,STEEL,tonne,2962081.8474,0,0,76,AUTHORED_OPENING_STOCK_ENDOWMENT_NOT_HISTORICAL_EXTRACTION
STOCK-46-REFINED_FUEL,visual-territory-46,OP-46,WAREHOUSE-46,REFINED_FUEL,barrel equivalent,19747212.316,0,0,76,AUTHORED_OPENING_STOCK_ENDOWMENT_NOT_HISTORICAL_EXTRACTION
STOCK-46-MACHINERY,visual-territory-46,OP-46,WAREHOUSE-46,MACHINERY,equipment unit,15827.3458,0,0,76,AUTHORED_OPENING_STOCK_ENDOWMENT_NOT_HISTORICAL_EXTRACTION
STOCK-46-SEMICONDUCTORS,visual-territory-46,OP-46,WAREHOUSE-46,SEMICONDUCTORS,standardised chip unit,19747212.316,0,0,76,AUTHORED_OPENING_STOCK_ENDOWMENT_NOT_HISTORICAL_EXTRACTION
STOCK-46-BATTERIES,visual-territory-46,OP-46,WAREHOUSE-46,BATTERIES,MWh-equivalent,1579.776964,0,0,76,AUTHORED_OPENING_STOCK_ENDOWMENT_NOT_HISTORICAL_EXTRACTION
STOCK-47-CRUDE_OIL,visual-territory-47,OP-47,WAREHOUSE-47,CRUDE_OIL,barrel,0.0,0,0,73,AUTHORED_OPENING_STOCK_ENDOWMENT_NOT_HISTORICAL_EXTRACTION
STOCK-47-NATURAL_GAS,visual-territory-47,OP-47,WAREHOUSE-47,NATURAL_GAS,MMBtu,0.0,0,0,73,AUTHORED_OPENING_STOCK_ENDOWMENT_NOT_HISTORICAL_EXTRACTION
STOCK-47-URANIUM,visual-territory-47,OP-47,WAREHOUSE-47,URANIUM,tonne U,22.948134,0,0,73,AUTHORED_OPENING_STOCK_ENDOWMENT_NOT_HISTORICAL_EXTRACTION
STOCK-47-GRAIN,visual-territory-47,OP-47,WAREHOUSE-47,GRAIN,tonne,15298766.706691,0,0,73,AUTHORED_OPENING_STOCK_ENDOWMENT_NOT_HISTORICAL_EXTRACTION
STOCK-47-IRON_ORE,visual-territory-47,OP-47,WAREHOUSE-47,IRON_ORE,tonne,0.0,0,0,73,AUTHORED_OPENING_STOCK_ENDOWMENT_NOT_HISTORICAL_EXTRACTION
STOCK-47-COPPER,visual-territory-47,OP-47,WAREHOUSE-47,COPPER,tonne,0.0,0,0,73,AUTHORED_OPENING_STOCK_ENDOWMENT_NOT_HISTORICAL_EXTRACTION
STOCK-47-LITHIUM,visual-territory-47,OP-47,WAREHOUSE-47,LITHIUM,tonne LCE,0.0,0,0,73,AUTHORED_OPENING_STOCK_ENDOWMENT_NOT_HISTORICAL_EXTRACTION
STOCK-47-STEEL,visual-territory-47,OP-47,WAREHOUSE-47,STEEL,tonne,3442222.509,0,0,73,AUTHORED_OPENING_STOCK_ENDOWMENT_NOT_HISTORICAL_EXTRACTION
STOCK-47-REFINED_FUEL,visual-territory-47,OP-47,WAREHOUSE-47,REFINED_FUEL,barrel equivalent,22948150.06,0,0,73,AUTHORED_OPENING_STOCK_ENDOWMENT_NOT_HISTORICAL_EXTRACTION
STOCK-47-MACHINERY,visual-territory-47,OP-47,WAREHOUSE-47,MACHINERY,equipment unit,18358.520048,0,0,73,AUTHORED_OPENING_STOCK_ENDOWMENT_NOT_HISTORICAL_EXTRACTION
STOCK-47-SEMICONDUCTORS,visual-territory-47,OP-47,WAREHOUSE-47,SEMICONDUCTORS,standardised chip unit,22948150.06,0,0,73,AUTHORED_OPENING_STOCK_ENDOWMENT_NOT_HISTORICAL_EXTRACTION
STOCK-47-BATTERIES,visual-territory-47,OP-47,WAREHOUSE-47,BATTERIES,MWh-equivalent,1835.852034,0,0,73,AUTHORED_OPENING_STOCK_ENDOWMENT_NOT_HISTORICAL_EXTRACTION
STOCK-48-CRUDE_OIL,visual-territory-48,OP-48,WAREHOUSE-48,CRUDE_OIL,barrel,3190417.815647,0,0,73,AUTHORED_OPENING_STOCK_ENDOWMENT_NOT_HISTORICAL_EXTRACTION
STOCK-48-NATURAL_GAS,visual-territory-48,OP-48,WAREHOUSE-48,NATURAL_GAS,MMBtu,5993198.724034,0,0,73,AUTHORED_OPENING_STOCK_ENDOWMENT_NOT_HISTORICAL_EXTRACTION
STOCK-48-URANIUM,visual-territory-48,OP-48,WAREHOUSE-48,URANIUM,tonne U,9.314727,0,0,73,AUTHORED_OPENING_STOCK_ENDOWMENT_NOT_HISTORICAL_EXTRACTION
STOCK-48-GRAIN,visual-territory-48,OP-48,WAREHOUSE-48,GRAIN,tonne,6209815.956,0,0,73,AUTHORED_OPENING_STOCK_ENDOWMENT_NOT_HISTORICAL_EXTRACTION
STOCK-48-IRON_ORE,visual-territory-48,OP-48,WAREHOUSE-48,IRON_ORE,tonne,3196372.652823,0,0,73,AUTHORED_OPENING_STOCK_ENDOWMENT_NOT_HISTORICAL_EXTRACTION
STOCK-48-COPPER,visual-territory-48,OP-48,WAREHOUSE-48,COPPER,tonne,0.0,0,0,73,AUTHORED_OPENING_STOCK_ENDOWMENT_NOT_HISTORICAL_EXTRACTION
STOCK-48-LITHIUM,visual-territory-48,OP-48,WAREHOUSE-48,LITHIUM,tonne LCE,0.0,0,0,73,AUTHORED_OPENING_STOCK_ENDOWMENT_NOT_HISTORICAL_EXTRACTION
STOCK-48-STEEL,visual-territory-48,OP-48,WAREHOUSE-48,STEEL,tonne,1397208.5901,0,0,73,AUTHORED_OPENING_STOCK_ENDOWMENT_NOT_HISTORICAL_EXTRACTION
STOCK-48-REFINED_FUEL,visual-territory-48,OP-48,WAREHOUSE-48,REFINED_FUEL,barrel equivalent,9314723.934,0,0,73,AUTHORED_OPENING_STOCK_ENDOWMENT_NOT_HISTORICAL_EXTRACTION
STOCK-48-MACHINERY,visual-territory-48,OP-48,WAREHOUSE-48,MACHINERY,equipment unit,7451.779118,0,0,73,AUTHORED_OPENING_STOCK_ENDOWMENT_NOT_HISTORICAL_EXTRACTION
STOCK-48-SEMICONDUCTORS,visual-territory-48,OP-48,WAREHOUSE-48,SEMICONDUCTORS,standardised chip unit,9314723.934,0,0,73,AUTHORED_OPENING_STOCK_ENDOWMENT_NOT_HISTORICAL_EXTRACTION
STOCK-48-BATTERIES,visual-territory-48,OP-48,WAREHOUSE-48,BATTERIES,MWh-equivalent,745.177941,0,0,73,AUTHORED_OPENING_STOCK_ENDOWMENT_NOT_HISTORICAL_EXTRACTION
STOCK-49-CRUDE_OIL,visual-territory-49,OP-49,WAREHOUSE-49,CRUDE_OIL,barrel,0.0,0,0,94,AUTHORED_OPENING_STOCK_ENDOWMENT_NOT_HISTORICAL_EXTRACTION
STOCK-49-NATURAL_GAS,visual-territory-49,OP-49,WAREHOUSE-49,NATURAL_GAS,MMBtu,11364216.053146,0,0,94,AUTHORED_OPENING_STOCK_ENDOWMENT_NOT_HISTORICAL_EXTRACTION
STOCK-49-URANIUM,visual-territory-49,OP-49,WAREHOUSE-49,URANIUM,tonne U,17.895814,0,0,94,AUTHORED_OPENING_STOCK_ENDOWMENT_NOT_HISTORICAL_EXTRACTION
STOCK-49-GRAIN,visual-territory-49,OP-49,WAREHOUSE-49,GRAIN,tonne,11930535.961302,0,0,94,AUTHORED_OPENING_STOCK_ENDOWMENT_NOT_HISTORICAL_EXTRACTION
STOCK-49-IRON_ORE,visual-territory-49,OP-49,WAREHOUSE-49,IRON_ORE,tonne,6060915.228332,0,0,94,AUTHORED_OPENING_STOCK_ENDOWMENT_NOT_HISTORICAL_EXTRACTION
STOCK-49-COPPER,visual-territory-49,OP-49,WAREHOUSE-49,COPPER,tonne,1354.587188,0,0,94,AUTHORED_OPENING_STOCK_ENDOWMENT_NOT_HISTORICAL_EXTRACTION
STOCK-49-LITHIUM,visual-territory-49,OP-49,WAREHOUSE-49,LITHIUM,tonne LCE,0.0,0,0,94,AUTHORED_OPENING_STOCK_ENDOWMENT_NOT_HISTORICAL_EXTRACTION
STOCK-49-STEEL,visual-territory-49,OP-49,WAREHOUSE-49,STEEL,tonne,2684370.5913,0,0,94,AUTHORED_OPENING_STOCK_ENDOWMENT_NOT_HISTORICAL_EXTRACTION
STOCK-49-REFINED_FUEL,visual-territory-49,OP-49,WAREHOUSE-49,REFINED_FUEL,barrel equivalent,17895803.942,0,0,94,AUTHORED_OPENING_STOCK_ENDOWMENT_NOT_HISTORICAL_EXTRACTION
STOCK-49-MACHINERY,visual-territory-49,OP-49,WAREHOUSE-49,MACHINERY,equipment unit,14343.734856,0,0,94,AUTHORED_OPENING_STOCK_ENDOWMENT_NOT_HISTORICAL_EXTRACTION
STOCK-49-SEMICONDUCTORS,visual-territory-49,OP-49,WAREHOUSE-49,SEMICONDUCTORS,standardised chip unit,17895803.942,0,0,94,AUTHORED_OPENING_STOCK_ENDOWMENT_NOT_HISTORICAL_EXTRACTION
STOCK-49-BATTERIES,visual-territory-49,OP-49,WAREHOUSE-49,BATTERIES,MWh-equivalent,1431.664274,0,0,94,AUTHORED_OPENING_STOCK_ENDOWMENT_NOT_HISTORICAL_EXTRACTION
STOCK-50-CRUDE_OIL,visual-territory-50,OP-50,WAREHOUSE-50,CRUDE_OIL,barrel,5576365.11096,0,0,80,AUTHORED_OPENING_STOCK_ENDOWMENT_NOT_HISTORICAL_EXTRACTION
STOCK-50-NATURAL_GAS,visual-territory-50,OP-50,WAREHOUSE-50,NATURAL_GAS,MMBtu,0.0,0,0,80,AUTHORED_OPENING_STOCK_ENDOWMENT_NOT_HISTORICAL_EXTRACTION
STOCK-50-URANIUM,visual-territory-50,OP-50,WAREHOUSE-50,URANIUM,tonne U,15.99528,0,0,80,AUTHORED_OPENING_STOCK_ENDOWMENT_NOT_HISTORICAL_EXTRACTION
STOCK-50-GRAIN,visual-territory-50,OP-50,WAREHOUSE-50,GRAIN,tonne,10663506.72,0,0,80,AUTHORED_OPENING_STOCK_ENDOWMENT_NOT_HISTORICAL_EXTRACTION
STOCK-50-IRON_ORE,visual-territory-50,OP-50,WAREHOUSE-50,IRON_ORE,tonne,0.0,0,0,80,AUTHORED_OPENING_STOCK_ENDOWMENT_NOT_HISTORICAL_EXTRACTION
STOCK-50-COPPER,visual-territory-50,OP-50,WAREHOUSE-50,COPPER,tonne,13862.9232,0,0,80,AUTHORED_OPENING_STOCK_ENDOWMENT_NOT_HISTORICAL_EXTRACTION
STOCK-50-LITHIUM,visual-territory-50,OP-50,WAREHOUSE-50,LITHIUM,tonne LCE,0.0,0,0,80,AUTHORED_OPENING_STOCK_ENDOWMENT_NOT_HISTORICAL_EXTRACTION
STOCK-50-STEEL,visual-territory-50,OP-50,WAREHOUSE-50,STEEL,tonne,2745862.09296,0,0,80,AUTHORED_OPENING_STOCK_ENDOWMENT_NOT_HISTORICAL_EXTRACTION
STOCK-50-REFINED_FUEL,visual-territory-50,OP-50,WAREHOUSE-50,REFINED_FUEL,barrel equivalent,15995260.08,0,0,80,AUTHORED_OPENING_STOCK_ENDOWMENT_NOT_HISTORICAL_EXTRACTION
STOCK-50-MACHINERY,visual-territory-50,OP-50,WAREHOUSE-50,MACHINERY,equipment unit,12796.20808,0,0,80,AUTHORED_OPENING_STOCK_ENDOWMENT_NOT_HISTORICAL_EXTRACTION
STOCK-50-SEMICONDUCTORS,visual-territory-50,OP-50,WAREHOUSE-50,SEMICONDUCTORS,standardised chip unit,15995260.08,0,0,80,AUTHORED_OPENING_STOCK_ENDOWMENT_NOT_HISTORICAL_EXTRACTION
STOCK-50-BATTERIES,visual-territory-50,OP-50,WAREHOUSE-50,BATTERIES,MWh-equivalent,1279.6208,0,0,80,AUTHORED_OPENING_STOCK_ENDOWMENT_NOT_HISTORICAL_EXTRACTION
STOCK-51-CRUDE_OIL,visual-territory-51,OP-51,WAREHOUSE-51,CRUDE_OIL,barrel,0.0,0,0,77,AUTHORED_OPENING_STOCK_ENDOWMENT_NOT_HISTORICAL_EXTRACTION
STOCK-51-NATURAL_GAS,visual-territory-51,OP-51,WAREHOUSE-51,NATURAL_GAS,MMBtu,14532788.29079,0,0,77,AUTHORED_OPENING_STOCK_ENDOWMENT_NOT_HISTORICAL_EXTRACTION
STOCK-51-URANIUM,visual-territory-51,OP-51,WAREHOUSE-51,URANIUM,tonne U,16.738645,0,0,77,AUTHORED_OPENING_STOCK_ENDOWMENT_NOT_HISTORICAL_EXTRACTION
STOCK-51-GRAIN,visual-territory-51,OP-51,WAREHOUSE-51,GRAIN,tonne,11159105.598641,0,0,77,AUTHORED_OPENING_STOCK_ENDOWMENT_NOT_HISTORICAL_EXTRACTION
STOCK-51-IRON_ORE,visual-territory-51,OP-51,WAREHOUSE-51,IRON_ORE,tonne,7750820.421729,0,0,77,AUTHORED_OPENING_STOCK_ENDOWMENT_NOT_HISTORICAL_EXTRACTION
STOCK-51-COPPER,visual-territory-51,OP-51,WAREHOUSE-51,COPPER,tonne,1697.940013,0,0,77,AUTHORED_OPENING_STOCK_ENDOWMENT_NOT_HISTORICAL_EXTRACTION
STOCK-51-LITHIUM,visual-territory-51,OP-51,WAREHOUSE-51,LITHIUM,tonne LCE,0.0,0,0,77,AUTHORED_OPENING_STOCK_ENDOWMENT_NOT_HISTORICAL_EXTRACTION
STOCK-51-STEEL,visual-territory-51,OP-51,WAREHOUSE-51,STEEL,tonne,2553247.259563,0,0,77,AUTHORED_OPENING_STOCK_ENDOWMENT_NOT_HISTORICAL_EXTRACTION
STOCK-51-REFINED_FUEL,visual-territory-51,OP-51,WAREHOUSE-51,REFINED_FUEL,barrel equivalent,16738658.398,0,0,77,AUTHORED_OPENING_STOCK_ENDOWMENT_NOT_HISTORICAL_EXTRACTION
STOCK-51-MACHINERY,visual-territory-51,OP-51,WAREHOUSE-51,MACHINERY,equipment unit,13390.926703,0,0,77,AUTHORED_OPENING_STOCK_ENDOWMENT_NOT_HISTORICAL_EXTRACTION
STOCK-51-SEMICONDUCTORS,visual-territory-51,OP-51,WAREHOUSE-51,SEMICONDUCTORS,standardised chip unit,16738658.398,0,0,77,AUTHORED_OPENING_STOCK_ENDOWMENT_NOT_HISTORICAL_EXTRACTION
STOCK-51-BATTERIES,visual-territory-51,OP-51,WAREHOUSE-51,BATTERIES,MWh-equivalent,1339.092678,0,0,77,AUTHORED_OPENING_STOCK_ENDOWMENT_NOT_HISTORICAL_EXTRACTION
STOCK-52-CRUDE_OIL,visual-territory-52,OP-52,WAREHOUSE-52,CRUDE_OIL,barrel,4221045.84874,0,0,70,AUTHORED_OPENING_STOCK_ENDOWMENT_NOT_HISTORICAL_EXTRACTION
STOCK-52-NATURAL_GAS,visual-territory-52,OP-52,WAREHOUSE-52,NATURAL_GAS,MMBtu,0.0,0,0,70,AUTHORED_OPENING_STOCK_ENDOWMENT_NOT_HISTORICAL_EXTRACTION
STOCK-52-URANIUM,visual-territory-52,OP-52,WAREHOUSE-52,URANIUM,tonne U,11.33762,0,0,70,AUTHORED_OPENING_STOCK_ENDOWMENT_NOT_HISTORICAL_EXTRACTION
STOCK-52-GRAIN,visual-territory-52,OP-52,WAREHOUSE-52,GRAIN,tonne,7558435.36,0,0,70,AUTHORED_OPENING_STOCK_ENDOWMENT_NOT_HISTORICAL_EXTRACTION
STOCK-52-IRON_ORE,visual-territory-52,OP-52,WAREHOUSE-52,IRON_ORE,tonne,0.0,0,0,70,AUTHORED_OPENING_STOCK_ENDOWMENT_NOT_HISTORICAL_EXTRACTION
STOCK-52-COPPER,visual-territory-52,OP-52,WAREHOUSE-52,COPPER,tonne,5775.35042,0,0,70,AUTHORED_OPENING_STOCK_ENDOWMENT_NOT_HISTORICAL_EXTRACTION
STOCK-52-LITHIUM,visual-territory-52,OP-52,WAREHOUSE-52,LITHIUM,tonne LCE,0.0,0,0,70,AUTHORED_OPENING_STOCK_ENDOWMENT_NOT_HISTORICAL_EXTRACTION
STOCK-52-STEEL,visual-territory-52,OP-52,WAREHOUSE-52,STEEL,tonne,1782211.79332,0,0,70,AUTHORED_OPENING_STOCK_ENDOWMENT_NOT_HISTORICAL_EXTRACTION
STOCK-52-REFINED_FUEL,visual-territory-52,OP-52,WAREHOUSE-52,REFINED_FUEL,barrel equivalent,11337653.04,0,0,70,AUTHORED_OPENING_STOCK_ENDOWMENT_NOT_HISTORICAL_EXTRACTION
STOCK-52-MACHINERY,visual-territory-52,OP-52,WAREHOUSE-52,MACHINERY,equipment unit,9120.3784,0,0,70,AUTHORED_OPENING_STOCK_ENDOWMENT_NOT_HISTORICAL_EXTRACTION
STOCK-52-SEMICONDUCTORS,visual-territory-52,OP-52,WAREHOUSE-52,SEMICONDUCTORS,standardised chip unit,11337653.04,0,0,70,AUTHORED_OPENING_STOCK_ENDOWMENT_NOT_HISTORICAL_EXTRACTION
STOCK-52-BATTERIES,visual-territory-52,OP-52,WAREHOUSE-52,BATTERIES,MWh-equivalent,907.01226,0,0,70,AUTHORED_OPENING_STOCK_ENDOWMENT_NOT_HISTORICAL_EXTRACTION
STOCK-53-CRUDE_OIL,visual-territory-53,OP-53,WAREHOUSE-53,CRUDE_OIL,barrel,6228462.443664,0,0,64.82,AUTHORED_OPENING_STOCK_ENDOWMENT_NOT_HISTORICAL_EXTRACTION
STOCK-53-NATURAL_GAS,visual-territory-53,OP-53,WAREHOUSE-53,NATURAL_GAS,MMBtu,0.0,0,0,64.82,AUTHORED_OPENING_STOCK_ENDOWMENT_NOT_HISTORICAL_EXTRACTION
STOCK-53-URANIUM,visual-territory-53,OP-53,WAREHOUSE-53,URANIUM,tonne U,17.989041,0,0,64.82,AUTHORED_OPENING_STOCK_ENDOWMENT_NOT_HISTORICAL_EXTRACTION
STOCK-53-GRAIN,visual-territory-53,OP-53,WAREHOUSE-53,GRAIN,tonne,11992676.362075,0,0,64.82,AUTHORED_OPENING_STOCK_ENDOWMENT_NOT_HISTORICAL_EXTRACTION
STOCK-53-IRON_ORE,visual-territory-53,OP-53,WAREHOUSE-53,IRON_ORE,tonne,0.0,0,0,64.82,AUTHORED_OPENING_STOCK_ENDOWMENT_NOT_HISTORICAL_EXTRACTION
STOCK-53-COPPER,visual-territory-53,OP-53,WAREHOUSE-53,COPPER,tonne,0.0,0,0,64.82,AUTHORED_OPENING_STOCK_ENDOWMENT_NOT_HISTORICAL_EXTRACTION
STOCK-53-LITHIUM,visual-territory-53,OP-53,WAREHOUSE-53,LITHIUM,tonne LCE,0.0,0,0,64.82,AUTHORED_OPENING_STOCK_ENDOWMENT_NOT_HISTORICAL_EXTRACTION
STOCK-53-STEEL,visual-territory-53,OP-53,WAREHOUSE-53,STEEL,tonne,2698352.181462,0,0,64.82,AUTHORED_OPENING_STOCK_ENDOWMENT_NOT_HISTORICAL_EXTRACTION
STOCK-53-REFINED_FUEL,visual-territory-53,OP-53,WAREHOUSE-53,REFINED_FUEL,barrel equivalent,17989014.54308,0,0,64.82,AUTHORED_OPENING_STOCK_ENDOWMENT_NOT_HISTORICAL_EXTRACTION
STOCK-53-MACHINERY,visual-territory-53,OP-53,WAREHOUSE-53,MACHINERY,equipment unit,14391.211621,0,0,64.82,AUTHORED_OPENING_STOCK_ENDOWMENT_NOT_HISTORICAL_EXTRACTION
STOCK-53-SEMICONDUCTORS,visual-territory-53,OP-53,WAREHOUSE-53,SEMICONDUCTORS,standardised chip unit,17989014.54308,0,0,64.82,AUTHORED_OPENING_STOCK_ENDOWMENT_NOT_HISTORICAL_EXTRACTION
STOCK-53-BATTERIES,visual-territory-53,OP-53,WAREHOUSE-53,BATTERIES,MWh-equivalent,1439.121195,0,0,64.82,AUTHORED_OPENING_STOCK_ENDOWMENT_NOT_HISTORICAL_EXTRACTION
STOCK-54-CRUDE_OIL,visual-territory-54,OP-54,WAREHOUSE-54,CRUDE_OIL,barrel,0.0,0,0,66.02,AUTHORED_OPENING_STOCK_ENDOWMENT_NOT_HISTORICAL_EXTRACTION
STOCK-54-NATURAL_GAS,visual-territory-54,OP-54,WAREHOUSE-54,NATURAL_GAS,MMBtu,0.0,0,0,66.02,AUTHORED_OPENING_STOCK_ENDOWMENT_NOT_HISTORICAL_EXTRACTION
STOCK-54-URANIUM,visual-territory-54,OP-54,WAREHOUSE-54,URANIUM,tonne U,22.287956,0,0,66.02,AUTHORED_OPENING_STOCK_ENDOWMENT_NOT_HISTORICAL_EXTRACTION
STOCK-54-GRAIN,visual-territory-54,OP-54,WAREHOUSE-54,GRAIN,tonne,14858620.616315,0,0,66.02,AUTHORED_OPENING_STOCK_ENDOWMENT_NOT_HISTORICAL_EXTRACTION
STOCK-54-IRON_ORE,visual-territory-54,OP-54,WAREHOUSE-54,IRON_ORE,tonne,0.0,0,0,66.02,AUTHORED_OPENING_STOCK_ENDOWMENT_NOT_HISTORICAL_EXTRACTION
STOCK-54-COPPER,visual-territory-54,OP-54,WAREHOUSE-54,COPPER,tonne,1691.419328,0,0,66.02,AUTHORED_OPENING_STOCK_ENDOWMENT_NOT_HISTORICAL_EXTRACTION
STOCK-54-LITHIUM,visual-territory-54,OP-54,WAREHOUSE-54,LITHIUM,tonne LCE,0.0,0,0,66.02,AUTHORED_OPENING_STOCK_ENDOWMENT_NOT_HISTORICAL_EXTRACTION
STOCK-54-STEEL,visual-territory-54,OP-54,WAREHOUSE-54,STEEL,tonne,3343189.638666,0,0,66.02,AUTHORED_OPENING_STOCK_ENDOWMENT_NOT_HISTORICAL_EXTRACTION
STOCK-54-REFINED_FUEL,visual-territory-54,OP-54,WAREHOUSE-54,REFINED_FUEL,barrel equivalent,22287930.92444,0,0,66.02,AUTHORED_OPENING_STOCK_ENDOWMENT_NOT_HISTORICAL_EXTRACTION
STOCK-54-MACHINERY,visual-territory-54,OP-54,WAREHOUSE-54,MACHINERY,equipment unit,17864.17315,0,0,66.02,AUTHORED_OPENING_STOCK_ENDOWMENT_NOT_HISTORICAL_EXTRACTION
STOCK-54-SEMICONDUCTORS,visual-territory-54,OP-54,WAREHOUSE-54,SEMICONDUCTORS,standardised chip unit,22287930.92444,0,0,66.02,AUTHORED_OPENING_STOCK_ENDOWMENT_NOT_HISTORICAL_EXTRACTION
STOCK-54-BATTERIES,visual-territory-54,OP-54,WAREHOUSE-54,BATTERIES,MWh-equivalent,1783.03449,0,0,66.02,AUTHORED_OPENING_STOCK_ENDOWMENT_NOT_HISTORICAL_EXTRACTION
STOCK-55-CRUDE_OIL,visual-territory-55,OP-55,WAREHOUSE-55,CRUDE_OIL,barrel,3701173.140378,0,0,63,AUTHORED_OPENING_STOCK_ENDOWMENT_NOT_HISTORICAL_EXTRACTION
STOCK-55-NATURAL_GAS,visual-territory-55,OP-55,WAREHOUSE-55,NATURAL_GAS,MMBtu,0.0,0,0,63,AUTHORED_OPENING_STOCK_ENDOWMENT_NOT_HISTORICAL_EXTRACTION
STOCK-55-URANIUM,visual-territory-55,OP-55,WAREHOUSE-55,URANIUM,tonne U,9.979137,0,0,63,AUTHORED_OPENING_STOCK_ENDOWMENT_NOT_HISTORICAL_EXTRACTION
STOCK-55-GRAIN,visual-territory-55,OP-55,WAREHOUSE-55,GRAIN,tonne,6652751.364,0,0,63,AUTHORED_OPENING_STOCK_ENDOWMENT_NOT_HISTORICAL_EXTRACTION
STOCK-55-IRON_ORE,visual-territory-55,OP-55,WAREHOUSE-55,IRON_ORE,tonne,0.0,0,0,63,AUTHORED_OPENING_STOCK_ENDOWMENT_NOT_HISTORICAL_EXTRACTION
STOCK-55-COPPER,visual-territory-55,OP-55,WAREHOUSE-55,COPPER,tonne,813.915396,0,0,63,AUTHORED_OPENING_STOCK_ENDOWMENT_NOT_HISTORICAL_EXTRACTION
STOCK-55-LITHIUM,visual-territory-55,OP-55,WAREHOUSE-55,LITHIUM,tonne LCE,0.0,0,0,63,AUTHORED_OPENING_STOCK_ENDOWMENT_NOT_HISTORICAL_EXTRACTION
STOCK-55-STEEL,visual-territory-55,OP-55,WAREHOUSE-55,STEEL,tonne,1496869.0569,0,0,63,AUTHORED_OPENING_STOCK_ENDOWMENT_NOT_HISTORICAL_EXTRACTION
STOCK-55-REFINED_FUEL,visual-territory-55,OP-55,WAREHOUSE-55,REFINED_FUEL,barrel equivalent,9979127.046,0,0,63,AUTHORED_OPENING_STOCK_ENDOWMENT_NOT_HISTORICAL_EXTRACTION
STOCK-55-MACHINERY,visual-territory-55,OP-55,WAREHOUSE-55,MACHINERY,equipment unit,7999.579917,0,0,63,AUTHORED_OPENING_STOCK_ENDOWMENT_NOT_HISTORICAL_EXTRACTION
STOCK-55-SEMICONDUCTORS,visual-territory-55,OP-55,WAREHOUSE-55,SEMICONDUCTORS,standardised chip unit,9979127.046,0,0,63,AUTHORED_OPENING_STOCK_ENDOWMENT_NOT_HISTORICAL_EXTRACTION
STOCK-55-BATTERIES,visual-territory-55,OP-55,WAREHOUSE-55,BATTERIES,MWh-equivalent,798.330141,0,0,63,AUTHORED_OPENING_STOCK_ENDOWMENT_NOT_HISTORICAL_EXTRACTION
STOCK-56-CRUDE_OIL,visual-territory-56,OP-56,WAREHOUSE-56,CRUDE_OIL,barrel,0.0,0,0,71,AUTHORED_OPENING_STOCK_ENDOWMENT_NOT_HISTORICAL_EXTRACTION
STOCK-56-NATURAL_GAS,visual-territory-56,OP-56,WAREHOUSE-56,NATURAL_GAS,MMBtu,0.0,0,0,71,AUTHORED_OPENING_STOCK_ENDOWMENT_NOT_HISTORICAL_EXTRACTION
STOCK-56-URANIUM,visual-territory-56,OP-56,WAREHOUSE-56,URANIUM,tonne U,23.2099,0,0,71,AUTHORED_OPENING_STOCK_ENDOWMENT_NOT_HISTORICAL_EXTRACTION
STOCK-56-GRAIN,visual-territory-56,OP-56,WAREHOUSE-56,GRAIN,tonne,15473260.608,0,0,71,AUTHORED_OPENING_STOCK_ENDOWMENT_NOT_HISTORICAL_EXTRACTION
STOCK-56-IRON_ORE,visual-territory-56,OP-56,WAREHOUSE-56,IRON_ORE,tonne,0.0,0,0,71,AUTHORED_OPENING_STOCK_ENDOWMENT_NOT_HISTORICAL_EXTRACTION
STOCK-56-COPPER,visual-territory-56,OP-56,WAREHOUSE-56,COPPER,tonne,27563.203869,0,0,71,AUTHORED_OPENING_STOCK_ENDOWMENT_NOT_HISTORICAL_EXTRACTION
STOCK-56-LITHIUM,visual-territory-56,OP-56,WAREHOUSE-56,LITHIUM,tonne LCE,4782.642928,0,0,71,AUTHORED_OPENING_STOCK_ENDOWMENT_NOT_HISTORICAL_EXTRACTION
STOCK-56-STEEL,visual-territory-56,OP-56,WAREHOUSE-56,STEEL,tonne,3750001.702974,0,0,71,AUTHORED_OPENING_STOCK_ENDOWMENT_NOT_HISTORICAL_EXTRACTION
STOCK-56-REFINED_FUEL,visual-territory-56,OP-56,WAREHOUSE-56,REFINED_FUEL,barrel equivalent,23209890.912,0,0,71,AUTHORED_OPENING_STOCK_ENDOWMENT_NOT_HISTORICAL_EXTRACTION
STOCK-56-MACHINERY,visual-territory-56,OP-56,WAREHOUSE-56,MACHINERY,equipment unit,18784.796245,0,0,71,AUTHORED_OPENING_STOCK_ENDOWMENT_NOT_HISTORICAL_EXTRACTION
STOCK-56-SEMICONDUCTORS,visual-territory-56,OP-56,WAREHOUSE-56,SEMICONDUCTORS,standardised chip unit,23209890.912,0,0,71,AUTHORED_OPENING_STOCK_ENDOWMENT_NOT_HISTORICAL_EXTRACTION
STOCK-56-BATTERIES,visual-territory-56,OP-56,WAREHOUSE-56,BATTERIES,MWh-equivalent,1856.79129,0,0,71,AUTHORED_OPENING_STOCK_ENDOWMENT_NOT_HISTORICAL_EXTRACTION
STOCK-57-CRUDE_OIL,visual-territory-57,OP-57,WAREHOUSE-57,CRUDE_OIL,barrel,0.0,0,0,78,AUTHORED_OPENING_STOCK_ENDOWMENT_NOT_HISTORICAL_EXTRACTION
STOCK-57-NATURAL_GAS,visual-territory-57,OP-57,WAREHOUSE-57,NATURAL_GAS,MMBtu,27276639.11661,0,0,78,AUTHORED_OPENING_STOCK_ENDOWMENT_NOT_HISTORICAL_EXTRACTION
STOCK-57-URANIUM,visual-territory-57,OP-57,WAREHOUSE-57,URANIUM,tonne U,17.245722,0,0,78,AUTHORED_OPENING_STOCK_ENDOWMENT_NOT_HISTORICAL_EXTRACTION
STOCK-57-GRAIN,visual-territory-57,OP-57,WAREHOUSE-57,GRAIN,tonne,11497122.883974,0,0,78,AUTHORED_OPENING_STOCK_ENDOWMENT_NOT_HISTORICAL_EXTRACTION
STOCK-57-IRON_ORE,visual-territory-57,OP-57,WAREHOUSE-57,IRON_ORE,tonne,14547540.862218,0,0,78,AUTHORED_OPENING_STOCK_ENDOWMENT_NOT_HISTORICAL_EXTRACTION
STOCK-57-COPPER,visual-territory-57,OP-57,WAREHOUSE-57,COPPER,tonne,1666.183584,0,0,78,AUTHORED_OPENING_STOCK_ENDOWMENT_NOT_HISTORICAL_EXTRACTION
STOCK-57-LITHIUM,visual-territory-57,OP-57,WAREHOUSE-57,LITHIUM,tonne LCE,0.0,0,0,78,AUTHORED_OPENING_STOCK_ENDOWMENT_NOT_HISTORICAL_EXTRACTION
STOCK-57-STEEL,visual-territory-57,OP-57,WAREHOUSE-57,STEEL,tonne,2628507.238578,0,0,78,AUTHORED_OPENING_STOCK_ENDOWMENT_NOT_HISTORICAL_EXTRACTION
STOCK-57-REFINED_FUEL,visual-territory-57,OP-57,WAREHOUSE-57,REFINED_FUEL,barrel equivalent,17245684.326,0,0,78,AUTHORED_OPENING_STOCK_ENDOWMENT_NOT_HISTORICAL_EXTRACTION
STOCK-57-MACHINERY,visual-territory-57,OP-57,WAREHOUSE-57,MACHINERY,equipment unit,13796.547492,0,0,78,AUTHORED_OPENING_STOCK_ENDOWMENT_NOT_HISTORICAL_EXTRACTION
STOCK-57-SEMICONDUCTORS,visual-territory-57,OP-57,WAREHOUSE-57,SEMICONDUCTORS,standardised chip unit,17245684.326,0,0,78,AUTHORED_OPENING_STOCK_ENDOWMENT_NOT_HISTORICAL_EXTRACTION
STOCK-57-BATTERIES,visual-territory-57,OP-57,WAREHOUSE-57,BATTERIES,MWh-equivalent,1379.654718,0,0,78,AUTHORED_OPENING_STOCK_ENDOWMENT_NOT_HISTORICAL_EXTRACTION
STOCK-58-CRUDE_OIL,visual-territory-58,OP-58,WAREHOUSE-58,CRUDE_OIL,barrel,0.0,0,0,66.91,AUTHORED_OPENING_STOCK_ENDOWMENT_NOT_HISTORICAL_EXTRACTION
STOCK-58-NATURAL_GAS,visual-territory-58,OP-58,WAREHOUSE-58,NATURAL_GAS,MMBtu,0.0,0,0,66.91,AUTHORED_OPENING_STOCK_ENDOWMENT_NOT_HISTORICAL_EXTRACTION
STOCK-58-URANIUM,visual-territory-58,OP-58,WAREHOUSE-58,URANIUM,tonne U,20.331273,0,0,66.91,AUTHORED_OPENING_STOCK_ENDOWMENT_NOT_HISTORICAL_EXTRACTION
STOCK-58-GRAIN,visual-territory-58,OP-58,WAREHOUSE-58,GRAIN,tonne,13554200.691189,0,0,66.91,AUTHORED_OPENING_STOCK_ENDOWMENT_NOT_HISTORICAL_EXTRACTION
STOCK-58-IRON_ORE,visual-territory-58,OP-58,WAREHOUSE-58,IRON_ORE,tonne,0.0,0,0,66.91,AUTHORED_OPENING_STOCK_ENDOWMENT_NOT_HISTORICAL_EXTRACTION
STOCK-58-COPPER,visual-territory-58,OP-58,WAREHOUSE-58,COPPER,tonne,0.0,0,0,66.91,AUTHORED_OPENING_STOCK_ENDOWMENT_NOT_HISTORICAL_EXTRACTION
STOCK-58-LITHIUM,visual-territory-58,OP-58,WAREHOUSE-58,LITHIUM,tonne LCE,0.0,0,0,66.91,AUTHORED_OPENING_STOCK_ENDOWMENT_NOT_HISTORICAL_EXTRACTION
STOCK-58-STEEL,visual-territory-58,OP-58,WAREHOUSE-58,STEEL,tonne,3049695.155513,0,0,66.91,AUTHORED_OPENING_STOCK_ENDOWMENT_NOT_HISTORICAL_EXTRACTION
STOCK-58-REFINED_FUEL,visual-territory-58,OP-58,WAREHOUSE-58,REFINED_FUEL,barrel equivalent,20331301.03675,0,0,66.91,AUTHORED_OPENING_STOCK_ENDOWMENT_NOT_HISTORICAL_EXTRACTION
STOCK-58-MACHINERY,visual-territory-58,OP-58,WAREHOUSE-58,MACHINERY,equipment unit,16265.040829,0,0,66.91,AUTHORED_OPENING_STOCK_ENDOWMENT_NOT_HISTORICAL_EXTRACTION
STOCK-58-SEMICONDUCTORS,visual-territory-58,OP-58,WAREHOUSE-58,SEMICONDUCTORS,standardised chip unit,20331301.03675,0,0,66.91,AUTHORED_OPENING_STOCK_ENDOWMENT_NOT_HISTORICAL_EXTRACTION
STOCK-58-BATTERIES,visual-territory-58,OP-58,WAREHOUSE-58,BATTERIES,MWh-equivalent,1626.504083,0,0,66.91,AUTHORED_OPENING_STOCK_ENDOWMENT_NOT_HISTORICAL_EXTRACTION
STOCK-59-CRUDE_OIL,visual-territory-59,OP-59,WAREHOUSE-59,CRUDE_OIL,barrel,0.0,0,0,68.35,AUTHORED_OPENING_STOCK_ENDOWMENT_NOT_HISTORICAL_EXTRACTION
STOCK-59-NATURAL_GAS,visual-territory-59,OP-59,WAREHOUSE-59,NATURAL_GAS,MMBtu,8762557.864198,0,0,68.35,AUTHORED_OPENING_STOCK_ENDOWMENT_NOT_HISTORICAL_EXTRACTION
STOCK-59-URANIUM,visual-territory-59,OP-59,WAREHOUSE-59,URANIUM,tonne U,5.014293,0,0,68.35,AUTHORED_OPENING_STOCK_ENDOWMENT_NOT_HISTORICAL_EXTRACTION
STOCK-59-GRAIN,visual-territory-59,OP-59,WAREHOUSE-59,GRAIN,tonne,3342867.450289,0,0,68.35,AUTHORED_OPENING_STOCK_ENDOWMENT_NOT_HISTORICAL_EXTRACTION
STOCK-59-IRON_ORE,visual-territory-59,OP-59,WAREHOUSE-59,IRON_ORE,tonne,4673364.194276,0,0,68.35,AUTHORED_OPENING_STOCK_ENDOWMENT_NOT_HISTORICAL_EXTRACTION
STOCK-59-COPPER,visual-territory-59,OP-59,WAREHOUSE-59,COPPER,tonne,482.03981,0,0,68.35,AUTHORED_OPENING_STOCK_ENDOWMENT_NOT_HISTORICAL_EXTRACTION
STOCK-59-LITHIUM,visual-territory-59,OP-59,WAREHOUSE-59,LITHIUM,tonne LCE,0.0,0,0,68.35,AUTHORED_OPENING_STOCK_ENDOWMENT_NOT_HISTORICAL_EXTRACTION
STOCK-59-STEEL,visual-territory-59,OP-59,WAREHOUSE-59,STEEL,tonne,764196.17109,0,0,68.35,AUTHORED_OPENING_STOCK_ENDOWMENT_NOT_HISTORICAL_EXTRACTION
STOCK-59-REFINED_FUEL,visual-territory-59,OP-59,WAREHOUSE-59,REFINED_FUEL,barrel equivalent,5014301.1754,0,0,68.35,AUTHORED_OPENING_STOCK_ENDOWMENT_NOT_HISTORICAL_EXTRACTION
STOCK-59-MACHINERY,visual-territory-59,OP-59,WAREHOUSE-59,MACHINERY,equipment unit,4011.440927,0,0,68.35,AUTHORED_OPENING_STOCK_ENDOWMENT_NOT_HISTORICAL_EXTRACTION
STOCK-59-SEMICONDUCTORS,visual-territory-59,OP-59,WAREHOUSE-59,SEMICONDUCTORS,standardised chip unit,5014301.1754,0,0,68.35,AUTHORED_OPENING_STOCK_ENDOWMENT_NOT_HISTORICAL_EXTRACTION
STOCK-59-BATTERIES,visual-territory-59,OP-59,WAREHOUSE-59,BATTERIES,MWh-equivalent,401.144099,0,0,68.35,AUTHORED_OPENING_STOCK_ENDOWMENT_NOT_HISTORICAL_EXTRACTION
STOCK-60-CRUDE_OIL,visual-territory-60,OP-60,WAREHOUSE-60,CRUDE_OIL,barrel,6566255.481548,0,0,68,AUTHORED_OPENING_STOCK_ENDOWMENT_NOT_HISTORICAL_EXTRACTION
STOCK-60-NATURAL_GAS,visual-territory-60,OP-60,WAREHOUSE-60,NATURAL_GAS,MMBtu,0.0,0,0,68,AUTHORED_OPENING_STOCK_ENDOWMENT_NOT_HISTORICAL_EXTRACTION
STOCK-60-URANIUM,visual-territory-60,OP-60,WAREHOUSE-60,URANIUM,tonne U,19.175388,0,0,68,AUTHORED_OPENING_STOCK_ENDOWMENT_NOT_HISTORICAL_EXTRACTION
STOCK-60-GRAIN,visual-territory-60,OP-60,WAREHOUSE-60,GRAIN,tonne,12783588.781356,0,0,68,AUTHORED_OPENING_STOCK_ENDOWMENT_NOT_HISTORICAL_EXTRACTION
STOCK-60-IRON_ORE,visual-territory-60,OP-60,WAREHOUSE-60,IRON_ORE,tonne,0.0,0,0,68,AUTHORED_OPENING_STOCK_ENDOWMENT_NOT_HISTORICAL_EXTRACTION
STOCK-60-COPPER,visual-territory-60,OP-60,WAREHOUSE-60,COPPER,tonne,0.0,0,0,68,AUTHORED_OPENING_STOCK_ENDOWMENT_NOT_HISTORICAL_EXTRACTION
STOCK-60-LITHIUM,visual-territory-60,OP-60,WAREHOUSE-60,LITHIUM,tonne LCE,0.0,0,0,68,AUTHORED_OPENING_STOCK_ENDOWMENT_NOT_HISTORICAL_EXTRACTION
STOCK-60-STEEL,visual-territory-60,OP-60,WAREHOUSE-60,STEEL,tonne,2876307.4758,0,0,68,AUTHORED_OPENING_STOCK_ENDOWMENT_NOT_HISTORICAL_EXTRACTION
STOCK-60-REFINED_FUEL,visual-territory-60,OP-60,WAREHOUSE-60,REFINED_FUEL,barrel equivalent,19175383.172,0,0,68,AUTHORED_OPENING_STOCK_ENDOWMENT_NOT_HISTORICAL_EXTRACTION
STOCK-60-MACHINERY,visual-territory-60,OP-60,WAREHOUSE-60,MACHINERY,equipment unit,15340.306524,0,0,68,AUTHORED_OPENING_STOCK_ENDOWMENT_NOT_HISTORICAL_EXTRACTION
STOCK-60-SEMICONDUCTORS,visual-territory-60,OP-60,WAREHOUSE-60,SEMICONDUCTORS,standardised chip unit,19175383.172,0,0,68,AUTHORED_OPENING_STOCK_ENDOWMENT_NOT_HISTORICAL_EXTRACTION
STOCK-60-BATTERIES,visual-territory-60,OP-60,WAREHOUSE-60,BATTERIES,MWh-equivalent,1534.030632,0,0,68,AUTHORED_OPENING_STOCK_ENDOWMENT_NOT_HISTORICAL_EXTRACTION
STOCK-61-CRUDE_OIL,visual-territory-61,OP-61,WAREHOUSE-61,CRUDE_OIL,barrel,0.0,0,0,59.56,AUTHORED_OPENING_STOCK_ENDOWMENT_NOT_HISTORICAL_EXTRACTION
STOCK-61-NATURAL_GAS,visual-territory-61,OP-61,WAREHOUSE-61,NATURAL_GAS,MMBtu,0.0,0,0,59.56,AUTHORED_OPENING_STOCK_ENDOWMENT_NOT_HISTORICAL_EXTRACTION
STOCK-61-URANIUM,visual-territory-61,OP-61,WAREHOUSE-61,URANIUM,tonne U,20.277142,0,0,59.56,AUTHORED_OPENING_STOCK_ENDOWMENT_NOT_HISTORICAL_EXTRACTION
STOCK-61-GRAIN,visual-territory-61,OP-61,WAREHOUSE-61,GRAIN,tonne,13518110.048513,0,0,59.56,AUTHORED_OPENING_STOCK_ENDOWMENT_NOT_HISTORICAL_EXTRACTION
STOCK-61-IRON_ORE,visual-territory-61,OP-61,WAREHOUSE-61,IRON_ORE,tonne,0.0,0,0,59.56,AUTHORED_OPENING_STOCK_ENDOWMENT_NOT_HISTORICAL_EXTRACTION
STOCK-61-COPPER,visual-territory-61,OP-61,WAREHOUSE-61,COPPER,tonne,3691.297469,0,0,59.56,AUTHORED_OPENING_STOCK_ENDOWMENT_NOT_HISTORICAL_EXTRACTION
STOCK-61-LITHIUM,visual-territory-61,OP-61,WAREHOUSE-61,LITHIUM,tonne LCE,0.0,0,0,59.56,AUTHORED_OPENING_STOCK_ENDOWMENT_NOT_HISTORICAL_EXTRACTION
STOCK-61-STEEL,visual-territory-61,OP-61,WAREHOUSE-61,STEEL,tonne,3093382.444542,0,0,59.56,AUTHORED_OPENING_STOCK_ENDOWMENT_NOT_HISTORICAL_EXTRACTION
STOCK-61-REFINED_FUEL,visual-territory-61,OP-61,WAREHOUSE-61,REFINED_FUEL,barrel equivalent,20277165.0728,0,0,59.56,AUTHORED_OPENING_STOCK_ENDOWMENT_NOT_HISTORICAL_EXTRACTION
STOCK-61-MACHINERY,visual-territory-61,OP-61,WAREHOUSE-61,MACHINERY,equipment unit,16254.111852,0,0,59.56,AUTHORED_OPENING_STOCK_ENDOWMENT_NOT_HISTORICAL_EXTRACTION
STOCK-61-SEMICONDUCTORS,visual-territory-61,OP-61,WAREHOUSE-61,SEMICONDUCTORS,standardised chip unit,20277165.0728,0,0,59.56,AUTHORED_OPENING_STOCK_ENDOWMENT_NOT_HISTORICAL_EXTRACTION
STOCK-61-BATTERIES,visual-territory-61,OP-61,WAREHOUSE-61,BATTERIES,MWh-equivalent,1622.173182,0,0,59.56,AUTHORED_OPENING_STOCK_ENDOWMENT_NOT_HISTORICAL_EXTRACTION
STOCK-62-CRUDE_OIL,visual-territory-62,OP-62,WAREHOUSE-62,CRUDE_OIL,barrel,141573613.675405,0,0,85,AUTHORED_OPENING_STOCK_ENDOWMENT_NOT_HISTORICAL_EXTRACTION
STOCK-62-NATURAL_GAS,visual-territory-62,OP-62,WAREHOUSE-62,NATURAL_GAS,MMBtu,0.0,0,0,85,AUTHORED_OPENING_STOCK_ENDOWMENT_NOT_HISTORICAL_EXTRACTION
STOCK-62-URANIUM,visual-territory-62,OP-62,WAREHOUSE-62,URANIUM,tonne U,17.393975,0,0,85,AUTHORED_OPENING_STOCK_ENDOWMENT_NOT_HISTORICAL_EXTRACTION
STOCK-62-GRAIN,visual-territory-62,OP-62,WAREHOUSE-62,GRAIN,tonne,11596000.22,0,0,85,AUTHORED_OPENING_STOCK_ENDOWMENT_NOT_HISTORICAL_EXTRACTION
STOCK-62-IRON_ORE,visual-territory-62,OP-62,WAREHOUSE-62,IRON_ORE,tonne,0.0,0,0,85,AUTHORED_OPENING_STOCK_ENDOWMENT_NOT_HISTORICAL_EXTRACTION
STOCK-62-COPPER,visual-territory-62,OP-62,WAREHOUSE-62,COPPER,tonne,0.0,0,0,85,AUTHORED_OPENING_STOCK_ENDOWMENT_NOT_HISTORICAL_EXTRACTION
STOCK-62-LITHIUM,visual-territory-62,OP-62,WAREHOUSE-62,LITHIUM,tonne LCE,0.0,0,0,85,AUTHORED_OPENING_STOCK_ENDOWMENT_NOT_HISTORICAL_EXTRACTION
STOCK-62-STEEL,visual-territory-62,OP-62,WAREHOUSE-62,STEEL,tonne,2609100.0495,0,0,85,AUTHORED_OPENING_STOCK_ENDOWMENT_NOT_HISTORICAL_EXTRACTION
STOCK-62-REFINED_FUEL,visual-territory-62,OP-62,WAREHOUSE-62,REFINED_FUEL,barrel equivalent,17394000.33,0,0,85,AUTHORED_OPENING_STOCK_ENDOWMENT_NOT_HISTORICAL_EXTRACTION
STOCK-62-MACHINERY,visual-territory-62,OP-62,WAREHOUSE-62,MACHINERY,equipment unit,13915.20023,0,0,85,AUTHORED_OPENING_STOCK_ENDOWMENT_NOT_HISTORICAL_EXTRACTION
STOCK-62-SEMICONDUCTORS,visual-territory-62,OP-62,WAREHOUSE-62,SEMICONDUCTORS,standardised chip unit,17394000.33,0,0,85,AUTHORED_OPENING_STOCK_ENDOWMENT_NOT_HISTORICAL_EXTRACTION
STOCK-62-BATTERIES,visual-territory-62,OP-62,WAREHOUSE-62,BATTERIES,MWh-equivalent,1391.52004,0,0,85,AUTHORED_OPENING_STOCK_ENDOWMENT_NOT_HISTORICAL_EXTRACTION
STOCK-63-CRUDE_OIL,visual-territory-63,OP-63,WAREHOUSE-63,CRUDE_OIL,barrel,137990939.424234,0,0,78,AUTHORED_OPENING_STOCK_ENDOWMENT_NOT_HISTORICAL_EXTRACTION
STOCK-63-NATURAL_GAS,visual-territory-63,OP-63,WAREHOUSE-63,NATURAL_GAS,MMBtu,16672137.494298,0,0,78,AUTHORED_OPENING_STOCK_ENDOWMENT_NOT_HISTORICAL_EXTRACTION
STOCK-63-URANIUM,visual-territory-63,OP-63,WAREHOUSE-63,URANIUM,tonne U,20.968818,0,0,78,AUTHORED_OPENING_STOCK_ENDOWMENT_NOT_HISTORICAL_EXTRACTION
STOCK-63-GRAIN,visual-territory-63,OP-63,WAREHOUSE-63,GRAIN,tonne,13979225.832,0,0,78,AUTHORED_OPENING_STOCK_ENDOWMENT_NOT_HISTORICAL_EXTRACTION
STOCK-63-IRON_ORE,visual-territory-63,OP-63,WAREHOUSE-63,IRON_ORE,tonne,8891806.663662,0,0,78,AUTHORED_OPENING_STOCK_ENDOWMENT_NOT_HISTORICAL_EXTRACTION
STOCK-63-COPPER,visual-territory-63,OP-63,WAREHOUSE-63,COPPER,tonne,0.0,0,0,78,AUTHORED_OPENING_STOCK_ENDOWMENT_NOT_HISTORICAL_EXTRACTION
STOCK-63-LITHIUM,visual-territory-63,OP-63,WAREHOUSE-63,LITHIUM,tonne LCE,0.0,0,0,78,AUTHORED_OPENING_STOCK_ENDOWMENT_NOT_HISTORICAL_EXTRACTION
STOCK-63-STEEL,visual-territory-63,OP-63,WAREHOUSE-63,STEEL,tonne,3145325.8122,0,0,78,AUTHORED_OPENING_STOCK_ENDOWMENT_NOT_HISTORICAL_EXTRACTION
STOCK-63-REFINED_FUEL,visual-territory-63,OP-63,WAREHOUSE-63,REFINED_FUEL,barrel equivalent,20968838.748,0,0,78,AUTHORED_OPENING_STOCK_ENDOWMENT_NOT_HISTORICAL_EXTRACTION
STOCK-63-MACHINERY,visual-territory-63,OP-63,WAREHOUSE-63,MACHINERY,equipment unit,16775.071014,0,0,78,AUTHORED_OPENING_STOCK_ENDOWMENT_NOT_HISTORICAL_EXTRACTION
STOCK-63-SEMICONDUCTORS,visual-territory-63,OP-63,WAREHOUSE-63,SEMICONDUCTORS,standardised chip unit,20968838.748,0,0,78,AUTHORED_OPENING_STOCK_ENDOWMENT_NOT_HISTORICAL_EXTRACTION
STOCK-63-BATTERIES,visual-territory-63,OP-63,WAREHOUSE-63,BATTERIES,MWh-equivalent,1677.507078,0,0,78,AUTHORED_OPENING_STOCK_ENDOWMENT_NOT_HISTORICAL_EXTRACTION
STOCK-64-CRUDE_OIL,visual-territory-64,OP-64,WAREHOUSE-64,CRUDE_OIL,barrel,0.0,0,0,64.86,AUTHORED_OPENING_STOCK_ENDOWMENT_NOT_HISTORICAL_EXTRACTION
STOCK-64-NATURAL_GAS,visual-territory-64,OP-64,WAREHOUSE-64,NATURAL_GAS,MMBtu,0.0,0,0,64.86,AUTHORED_OPENING_STOCK_ENDOWMENT_NOT_HISTORICAL_EXTRACTION
STOCK-64-URANIUM,visual-territory-64,OP-64,WAREHOUSE-64,URANIUM,tonne U,21.409573,0,0,64.86,AUTHORED_OPENING_STOCK_ENDOWMENT_NOT_HISTORICAL_EXTRACTION
STOCK-64-GRAIN,visual-territory-64,OP-64,WAREHOUSE-64,GRAIN,tonne,14273059.905058,0,0,64.86,AUTHORED_OPENING_STOCK_ENDOWMENT_NOT_HISTORICAL_EXTRACTION
STOCK-64-IRON_ORE,visual-territory-64,OP-64,WAREHOUSE-64,IRON_ORE,tonne,0.0,0,0,64.86,AUTHORED_OPENING_STOCK_ENDOWMENT_NOT_HISTORICAL_EXTRACTION
STOCK-64-COPPER,visual-territory-64,OP-64,WAREHOUSE-64,COPPER,tonne,2108.741551,0,0,64.86,AUTHORED_OPENING_STOCK_ENDOWMENT_NOT_HISTORICAL_EXTRACTION
STOCK-64-LITHIUM,visual-territory-64,OP-64,WAREHOUSE-64,LITHIUM,tonne LCE,0.0,0,0,64.86,AUTHORED_OPENING_STOCK_ENDOWMENT_NOT_HISTORICAL_EXTRACTION
STOCK-64-STEEL,visual-territory-64,OP-64,WAREHOUSE-64,STEEL,tonne,3264157.017429,0,0,64.86,AUTHORED_OPENING_STOCK_ENDOWMENT_NOT_HISTORICAL_EXTRACTION
STOCK-64-REFINED_FUEL,visual-territory-64,OP-64,WAREHOUSE-64,REFINED_FUEL,barrel equivalent,21409589.85762,0,0,64.86,AUTHORED_OPENING_STOCK_ENDOWMENT_NOT_HISTORICAL_EXTRACTION
STOCK-64-MACHINERY,visual-territory-64,OP-64,WAREHOUSE-64,MACHINERY,equipment unit,17127.671912,0,0,64.86,AUTHORED_OPENING_STOCK_ENDOWMENT_NOT_HISTORICAL_EXTRACTION
STOCK-64-SEMICONDUCTORS,visual-territory-64,OP-64,WAREHOUSE-64,SEMICONDUCTORS,standardised chip unit,21409589.85762,0,0,64.86,AUTHORED_OPENING_STOCK_ENDOWMENT_NOT_HISTORICAL_EXTRACTION
STOCK-64-BATTERIES,visual-territory-64,OP-64,WAREHOUSE-64,BATTERIES,MWh-equivalent,1712.767165,0,0,64.86,AUTHORED_OPENING_STOCK_ENDOWMENT_NOT_HISTORICAL_EXTRACTION
STOCK-65-CRUDE_OIL,visual-territory-65,OP-65,WAREHOUSE-65,CRUDE_OIL,barrel,0.0,0,0,66.44,AUTHORED_OPENING_STOCK_ENDOWMENT_NOT_HISTORICAL_EXTRACTION
STOCK-65-NATURAL_GAS,visual-territory-65,OP-65,WAREHOUSE-65,NATURAL_GAS,MMBtu,0.0,0,0,66.44,AUTHORED_OPENING_STOCK_ENDOWMENT_NOT_HISTORICAL_EXTRACTION
STOCK-65-URANIUM,visual-territory-65,OP-65,WAREHOUSE-65,URANIUM,tonne U,19.489709,0,0,66.44,AUTHORED_OPENING_STOCK_ENDOWMENT_NOT_HISTORICAL_EXTRACTION
STOCK-65-GRAIN,visual-territory-65,OP-65,WAREHOUSE-65,GRAIN,tonne,12993129.624075,0,0,66.44,AUTHORED_OPENING_STOCK_ENDOWMENT_NOT_HISTORICAL_EXTRACTION
STOCK-65-IRON_ORE,visual-territory-65,OP-65,WAREHOUSE-65,IRON_ORE,tonne,0.0,0,0,66.44,AUTHORED_OPENING_STOCK_ENDOWMENT_NOT_HISTORICAL_EXTRACTION
STOCK-65-COPPER,visual-territory-65,OP-65,WAREHOUSE-65,COPPER,tonne,5268.836706,0,0,66.44,AUTHORED_OPENING_STOCK_ENDOWMENT_NOT_HISTORICAL_EXTRACTION
STOCK-65-LITHIUM,visual-territory-65,OP-65,WAREHOUSE-65,LITHIUM,tonne LCE,3951.627497,0,0,66.44,AUTHORED_OPENING_STOCK_ENDOWMENT_NOT_HISTORICAL_EXTRACTION
STOCK-65-STEEL,visual-territory-65,OP-65,WAREHOUSE-65,STEEL,tonne,2923454.165412,0,0,66.44,AUTHORED_OPENING_STOCK_ENDOWMENT_NOT_HISTORICAL_EXTRACTION
STOCK-65-REFINED_FUEL,visual-territory-65,OP-65,WAREHOUSE-65,REFINED_FUEL,barrel equivalent,19489694.43608,0,0,66.44,AUTHORED_OPENING_STOCK_ENDOWMENT_NOT_HISTORICAL_EXTRACTION
STOCK-65-MACHINERY,visual-territory-65,OP-65,WAREHOUSE-65,MACHINERY,equipment unit,15598.341573,0,0,66.44,AUTHORED_OPENING_STOCK_ENDOWMENT_NOT_HISTORICAL_EXTRACTION
STOCK-65-SEMICONDUCTORS,visual-territory-65,OP-65,WAREHOUSE-65,SEMICONDUCTORS,standardised chip unit,19489694.43608,0,0,66.44,AUTHORED_OPENING_STOCK_ENDOWMENT_NOT_HISTORICAL_EXTRACTION
STOCK-65-BATTERIES,visual-territory-65,OP-65,WAREHOUSE-65,BATTERIES,MWh-equivalent,1559.175584,0,0,66.44,AUTHORED_OPENING_STOCK_ENDOWMENT_NOT_HISTORICAL_EXTRACTION
STOCK-66-CRUDE_OIL,visual-territory-66,OP-66,WAREHOUSE-66,CRUDE_OIL,barrel,183556697.129364,0,0,78,AUTHORED_OPENING_STOCK_ENDOWMENT_NOT_HISTORICAL_EXTRACTION
STOCK-66-NATURAL_GAS,visual-territory-66,OP-66,WAREHOUSE-66,NATURAL_GAS,MMBtu,0.0,0,0,78,AUTHORED_OPENING_STOCK_ENDOWMENT_NOT_HISTORICAL_EXTRACTION
STOCK-66-URANIUM,visual-territory-66,OP-66,WAREHOUSE-66,URANIUM,tonne U,22.55214,0,0,78,AUTHORED_OPENING_STOCK_ENDOWMENT_NOT_HISTORICAL_EXTRACTION
STOCK-66-GRAIN,visual-territory-66,OP-66,WAREHOUSE-66,GRAIN,tonne,15034747.26,0,0,78,AUTHORED_OPENING_STOCK_ENDOWMENT_NOT_HISTORICAL_EXTRACTION
STOCK-66-IRON_ORE,visual-territory-66,OP-66,WAREHOUSE-66,IRON_ORE,tonne,0.0,0,0,78,AUTHORED_OPENING_STOCK_ENDOWMENT_NOT_HISTORICAL_EXTRACTION
STOCK-66-COPPER,visual-territory-66,OP-66,WAREHOUSE-66,COPPER,tonne,2233.168548,0,0,78,AUTHORED_OPENING_STOCK_ENDOWMENT_NOT_HISTORICAL_EXTRACTION
STOCK-66-LITHIUM,visual-territory-66,OP-66,WAREHOUSE-66,LITHIUM,tonne LCE,0.0,0,0,78,AUTHORED_OPENING_STOCK_ENDOWMENT_NOT_HISTORICAL_EXTRACTION
STOCK-66-STEEL,visual-territory-66,OP-66,WAREHOUSE-66,STEEL,tonne,3438647.346654,0,0,78,AUTHORED_OPENING_STOCK_ENDOWMENT_NOT_HISTORICAL_EXTRACTION
STOCK-66-REFINED_FUEL,visual-territory-66,OP-66,WAREHOUSE-66,REFINED_FUEL,barrel equivalent,22552120.89,0,0,78,AUTHORED_OPENING_STOCK_ENDOWMENT_NOT_HISTORICAL_EXTRACTION
STOCK-66-MACHINERY,visual-territory-66,OP-66,WAREHOUSE-66,MACHINERY,equipment unit,18041.696712,0,0,78,AUTHORED_OPENING_STOCK_ENDOWMENT_NOT_HISTORICAL_EXTRACTION
STOCK-66-SEMICONDUCTORS,visual-territory-66,OP-66,WAREHOUSE-66,SEMICONDUCTORS,standardised chip unit,22552120.89,0,0,78,AUTHORED_OPENING_STOCK_ENDOWMENT_NOT_HISTORICAL_EXTRACTION
STOCK-66-BATTERIES,visual-territory-66,OP-66,WAREHOUSE-66,BATTERIES,MWh-equivalent,1804.16964,0,0,78,AUTHORED_OPENING_STOCK_ENDOWMENT_NOT_HISTORICAL_EXTRACTION
STOCK-67-CRUDE_OIL,visual-territory-67,OP-67,WAREHOUSE-67,CRUDE_OIL,barrel,134953272.246384,0,0,72,AUTHORED_OPENING_STOCK_ENDOWMENT_NOT_HISTORICAL_EXTRACTION
STOCK-67-NATURAL_GAS,visual-territory-67,OP-67,WAREHOUSE-67,NATURAL_GAS,MMBtu,0.0,0,0,72,AUTHORED_OPENING_STOCK_ENDOWMENT_NOT_HISTORICAL_EXTRACTION
STOCK-67-URANIUM,visual-territory-67,OP-67,WAREHOUSE-67,URANIUM,tonne U,16.580592,0,0,72,AUTHORED_OPENING_STOCK_ENDOWMENT_NOT_HISTORICAL_EXTRACTION
STOCK-67-GRAIN,visual-territory-67,OP-67,WAREHOUSE-67,GRAIN,tonne,11053741.824,0,0,72,AUTHORED_OPENING_STOCK_ENDOWMENT_NOT_HISTORICAL_EXTRACTION
STOCK-67-IRON_ORE,visual-territory-67,OP-67,WAREHOUSE-67,IRON_ORE,tonne,0.0,0,0,72,AUTHORED_OPENING_STOCK_ENDOWMENT_NOT_HISTORICAL_EXTRACTION
STOCK-67-COPPER,visual-territory-67,OP-67,WAREHOUSE-67,COPPER,tonne,7115.1894,0,0,72,AUTHORED_OPENING_STOCK_ENDOWMENT_NOT_HISTORICAL_EXTRACTION
STOCK-67-LITHIUM,visual-territory-67,OP-67,WAREHOUSE-67,LITHIUM,tonne LCE,0.0,0,0,72,AUTHORED_OPENING_STOCK_ENDOWMENT_NOT_HISTORICAL_EXTRACTION
STOCK-67-STEEL,visual-territory-67,OP-67,WAREHOUSE-67,STEEL,tonne,2632162.980816,0,0,72,AUTHORED_OPENING_STOCK_ENDOWMENT_NOT_HISTORICAL_EXTRACTION
STOCK-67-REFINED_FUEL,visual-territory-67,OP-67,WAREHOUSE-67,REFINED_FUEL,barrel equivalent,16580612.736,0,0,72,AUTHORED_OPENING_STOCK_ENDOWMENT_NOT_HISTORICAL_EXTRACTION
STOCK-67-MACHINERY,visual-territory-67,OP-67,WAREHOUSE-67,MACHINERY,equipment unit,13290.737112,0,0,72,AUTHORED_OPENING_STOCK_ENDOWMENT_NOT_HISTORICAL_EXTRACTION
STOCK-67-SEMICONDUCTORS,visual-territory-67,OP-67,WAREHOUSE-67,SEMICONDUCTORS,standardised chip unit,16580612.736,0,0,72,AUTHORED_OPENING_STOCK_ENDOWMENT_NOT_HISTORICAL_EXTRACTION
STOCK-67-BATTERIES,visual-territory-67,OP-67,WAREHOUSE-67,BATTERIES,MWh-equivalent,1326.449016,0,0,72,AUTHORED_OPENING_STOCK_ENDOWMENT_NOT_HISTORICAL_EXTRACTION
STOCK-68-CRUDE_OIL,visual-territory-68,OP-68,WAREHOUSE-68,CRUDE_OIL,barrel,0.0,0,0,73,AUTHORED_OPENING_STOCK_ENDOWMENT_NOT_HISTORICAL_EXTRACTION
STOCK-68-NATURAL_GAS,visual-territory-68,OP-68,WAREHOUSE-68,NATURAL_GAS,MMBtu,35327671.338272,0,0,73,AUTHORED_OPENING_STOCK_ENDOWMENT_NOT_HISTORICAL_EXTRACTION
STOCK-68-URANIUM,visual-territory-68,OP-68,WAREHOUSE-68,URANIUM,tonne U,14.449547,0,0,73,AUTHORED_OPENING_STOCK_ENDOWMENT_NOT_HISTORICAL_EXTRACTION
STOCK-68-GRAIN,visual-territory-68,OP-68,WAREHOUSE-68,GRAIN,tonne,9633054.012,0,0,73,AUTHORED_OPENING_STOCK_ENDOWMENT_NOT_HISTORICAL_EXTRACTION
STOCK-68-IRON_ORE,visual-territory-68,OP-68,WAREHOUSE-68,IRON_ORE,tonne,18841424.713784,0,0,73,AUTHORED_OPENING_STOCK_ENDOWMENT_NOT_HISTORICAL_EXTRACTION
STOCK-68-COPPER,visual-territory-68,OP-68,WAREHOUSE-68,COPPER,tonne,0.0,0,0,73,AUTHORED_OPENING_STOCK_ENDOWMENT_NOT_HISTORICAL_EXTRACTION
STOCK-68-LITHIUM,visual-territory-68,OP-68,WAREHOUSE-68,LITHIUM,tonne LCE,0.0,0,0,73,AUTHORED_OPENING_STOCK_ENDOWMENT_NOT_HISTORICAL_EXTRACTION
STOCK-68-STEEL,visual-territory-68,OP-68,WAREHOUSE-68,STEEL,tonne,2167437.1527,0,0,73,AUTHORED_OPENING_STOCK_ENDOWMENT_NOT_HISTORICAL_EXTRACTION
STOCK-68-REFINED_FUEL,visual-territory-68,OP-68,WAREHOUSE-68,REFINED_FUEL,barrel equivalent,14449581.018,0,0,73,AUTHORED_OPENING_STOCK_ENDOWMENT_NOT_HISTORICAL_EXTRACTION
STOCK-68-MACHINERY,visual-territory-68,OP-68,WAREHOUSE-68,MACHINERY,equipment unit,11559.664829,0,0,73,AUTHORED_OPENING_STOCK_ENDOWMENT_NOT_HISTORICAL_EXTRACTION
STOCK-68-SEMICONDUCTORS,visual-territory-68,OP-68,WAREHOUSE-68,SEMICONDUCTORS,standardised chip unit,14449581.018,0,0,73,AUTHORED_OPENING_STOCK_ENDOWMENT_NOT_HISTORICAL_EXTRACTION
STOCK-68-BATTERIES,visual-territory-68,OP-68,WAREHOUSE-68,BATTERIES,MWh-equivalent,1155.966461,0,0,73,AUTHORED_OPENING_STOCK_ENDOWMENT_NOT_HISTORICAL_EXTRACTION
STOCK-69-CRUDE_OIL,visual-territory-69,OP-69,WAREHOUSE-69,CRUDE_OIL,barrel,0.0,0,0,86,AUTHORED_OPENING_STOCK_ENDOWMENT_NOT_HISTORICAL_EXTRACTION
STOCK-69-NATURAL_GAS,visual-territory-69,OP-69,WAREHOUSE-69,NATURAL_GAS,MMBtu,28091584.069626,0,0,86,AUTHORED_OPENING_STOCK_ENDOWMENT_NOT_HISTORICAL_EXTRACTION
STOCK-69-URANIUM,visual-territory-69,OP-69,WAREHOUSE-69,URANIUM,tonne U,11.481946,0,0,86,AUTHORED_OPENING_STOCK_ENDOWMENT_NOT_HISTORICAL_EXTRACTION
STOCK-69-GRAIN,visual-territory-69,OP-69,WAREHOUSE-69,GRAIN,tonne,7654617.709362,0,0,86,AUTHORED_OPENING_STOCK_ENDOWMENT_NOT_HISTORICAL_EXTRACTION
STOCK-69-IRON_ORE,visual-territory-69,OP-69,WAREHOUSE-69,IRON_ORE,tonne,14982178.17045,0,0,86,AUTHORED_OPENING_STOCK_ENDOWMENT_NOT_HISTORICAL_EXTRACTION
STOCK-69-COPPER,visual-territory-69,OP-69,WAREHOUSE-69,COPPER,tonne,0.0,0,0,86,AUTHORED_OPENING_STOCK_ENDOWMENT_NOT_HISTORICAL_EXTRACTION
STOCK-69-LITHIUM,visual-territory-69,OP-69,WAREHOUSE-69,LITHIUM,tonne LCE,0.0,0,0,86,AUTHORED_OPENING_STOCK_ENDOWMENT_NOT_HISTORICAL_EXTRACTION
STOCK-69-STEEL,visual-territory-69,OP-69,WAREHOUSE-69,STEEL,tonne,1722288.9846,0,0,86,AUTHORED_OPENING_STOCK_ENDOWMENT_NOT_HISTORICAL_EXTRACTION
STOCK-69-REFINED_FUEL,visual-territory-69,OP-69,WAREHOUSE-69,REFINED_FUEL,barrel equivalent,11481926.564,0,0,86,AUTHORED_OPENING_STOCK_ENDOWMENT_NOT_HISTORICAL_EXTRACTION
STOCK-69-MACHINERY,visual-territory-69,OP-69,WAREHOUSE-69,MACHINERY,equipment unit,9185.541234,0,0,86,AUTHORED_OPENING_STOCK_ENDOWMENT_NOT_HISTORICAL_EXTRACTION
STOCK-69-SEMICONDUCTORS,visual-territory-69,OP-69,WAREHOUSE-69,SEMICONDUCTORS,standardised chip unit,11481926.564,0,0,86,AUTHORED_OPENING_STOCK_ENDOWMENT_NOT_HISTORICAL_EXTRACTION
STOCK-69-BATTERIES,visual-territory-69,OP-69,WAREHOUSE-69,BATTERIES,MWh-equivalent,918.554132,0,0,86,AUTHORED_OPENING_STOCK_ENDOWMENT_NOT_HISTORICAL_EXTRACTION
STOCK-70-CRUDE_OIL,visual-territory-70,OP-70,WAREHOUSE-70,CRUDE_OIL,barrel,2102118.189763,0,0,71.03,AUTHORED_OPENING_STOCK_ENDOWMENT_NOT_HISTORICAL_EXTRACTION
STOCK-70-NATURAL_GAS,visual-territory-70,OP-70,WAREHOUSE-70,NATURAL_GAS,MMBtu,0.0,0,0,71.03,AUTHORED_OPENING_STOCK_ENDOWMENT_NOT_HISTORICAL_EXTRACTION
STOCK-70-URANIUM,visual-territory-70,OP-70,WAREHOUSE-70,URANIUM,tonne U,6.346602,0,0,71.03,AUTHORED_OPENING_STOCK_ENDOWMENT_NOT_HISTORICAL_EXTRACTION
STOCK-70-GRAIN,visual-territory-70,OP-70,WAREHOUSE-70,GRAIN,tonne,4231078.53058,0,0,71.03,AUTHORED_OPENING_STOCK_ENDOWMENT_NOT_HISTORICAL_EXTRACTION
STOCK-70-IRON_ORE,visual-territory-70,OP-70,WAREHOUSE-70,IRON_ORE,tonne,0.0,0,0,71.03,AUTHORED_OPENING_STOCK_ENDOWMENT_NOT_HISTORICAL_EXTRACTION
STOCK-70-COPPER,visual-territory-70,OP-70,WAREHOUSE-70,COPPER,tonne,0.0,0,0,71.03,AUTHORED_OPENING_STOCK_ENDOWMENT_NOT_HISTORICAL_EXTRACTION
STOCK-70-LITHIUM,visual-territory-70,OP-70,WAREHOUSE-70,LITHIUM,tonne LCE,0.0,0,0,71.03,AUTHORED_OPENING_STOCK_ENDOWMENT_NOT_HISTORICAL_EXTRACTION
STOCK-70-STEEL,visual-territory-70,OP-70,WAREHOUSE-70,STEEL,tonne,951992.66938,0,0,71.03,AUTHORED_OPENING_STOCK_ENDOWMENT_NOT_HISTORICAL_EXTRACTION
STOCK-70-REFINED_FUEL,visual-territory-70,OP-70,WAREHOUSE-70,REFINED_FUEL,barrel equivalent,6346617.79587,0,0,71.03,AUTHORED_OPENING_STOCK_ENDOWMENT_NOT_HISTORICAL_EXTRACTION
STOCK-70-MACHINERY,visual-territory-70,OP-70,WAREHOUSE-70,MACHINERY,equipment unit,5077.294222,0,0,71.03,AUTHORED_OPENING_STOCK_ENDOWMENT_NOT_HISTORICAL_EXTRACTION
STOCK-70-SEMICONDUCTORS,visual-territory-70,OP-70,WAREHOUSE-70,SEMICONDUCTORS,standardised chip unit,6346617.79587,0,0,71.03,AUTHORED_OPENING_STOCK_ENDOWMENT_NOT_HISTORICAL_EXTRACTION
STOCK-70-BATTERIES,visual-territory-70,OP-70,WAREHOUSE-70,BATTERIES,MWh-equivalent,507.729401,0,0,71.03,AUTHORED_OPENING_STOCK_ENDOWMENT_NOT_HISTORICAL_EXTRACTION
