id,commodityId,unit,sellerCountryId,buyerCountryId,sellerEntityId,buyerEntityId,fromNodeId,toNodeId,quantityPerDay,freightTonnesDay,referenceUnitPriceGcu,distanceKmEstimate,travelSimDaysEstimate,mode,transportCostGcuDayProposal,status,physicalRouteStatus,routeGeometry,requiresTransit,routeId
FLOW-0001,CRUDE_OIL,barrel,visual-territory-05,visual-territory-02,OP-05,OP-02,GATE-05,GATE-02,45593.176193,6200.671962,75.0,3021.40917,7.035682,SEA_PORT_TO_PORT,281021.506897,UNSIGNED_CAPACITY_AND_TRADE_PLAN,TERRAIN_CONSTRAINED_PLANNING_ROUTE_NOT_SURVEYED,"{""routeId"": ""ROUTE-0001""}",False,ROUTE-0001
FLOW-0002,CRUDE_OIL,barrel,visual-territory-05,visual-territory-66,OP-05,OP-66,GATE-05,GATE-66,3741.334305,508.821466,75.0,19493.382759,34.488971,SEA_PORT_TO_PORT,148779.77389,UNSIGNED_CAPACITY_AND_TRADE_PLAN,TERRAIN_CONSTRAINED_PLANNING_ROUTE_NOT_SURVEYED,"{""routeId"": ""ROUTE-0002""}",False,ROUTE-0002
FLOW-0003,CRUDE_OIL,barrel,visual-territory-05,visual-territory-70,OP-05,OP-70,GATE-05,GATE-70,29594.793605,4024.89193,75.0,13356.183123,24.260305,SEA_PORT_TO_PORT,806357.904996,UNSIGNED_CAPACITY_AND_TRADE_PLAN,TERRAIN_CONSTRAINED_PLANNING_ROUTE_NOT_SURVEYED,"{""routeId"": ""ROUTE-0003""}",False,ROUTE-0003
FLOW-0004,CRUDE_OIL,barrel,visual-territory-06,visual-territory-66,OP-06,OP-66,GATE-06,GATE-66,679260.5305,92379.432148,75.0,9279.695239,17.466159,SEA_PORT_TO_PORT,12858794.650341,UNSIGNED_CAPACITY_AND_TRADE_PLAN,TERRAIN_CONSTRAINED_PLANNING_ROUTE_NOT_SURVEYED,"{""routeId"": ""ROUTE-0004""}",False,ROUTE-0004
FLOW-0005,CRUDE_OIL,barrel,visual-territory-07,visual-territory-66,OP-07,OP-66,GATE-07,GATE-66,492478.8321,66977.121166,75.0,24026.620796,42.044368,SEA_PORT_TO_PORT,24138508.383877,UNSIGNED_CAPACITY_AND_TRADE_PLAN,TERRAIN_CONSTRAINED_PLANNING_ROUTE_NOT_SURVEYED,"{""routeId"": ""ROUTE-0005""}",False,ROUTE-0005
FLOW-0006,CRUDE_OIL,barrel,visual-territory-10,visual-territory-66,OP-10,OP-66,GATE-10,GATE-66,402914.933326,54796.430932,75.0,4788.180627,9.980301,SEA_PORT_TO_PORT,3935628.134945,UNSIGNED_CAPACITY_AND_TRADE_PLAN,TERRAIN_CONSTRAINED_PLANNING_ROUTE_NOT_SURVEYED,"{""routeId"": ""ROUTE-0006""}",False,ROUTE-0006
FLOW-0007,CRUDE_OIL,barrel,visual-territory-11,visual-territory-26,OP-11,OP-26,GATE-11,GATE-26,95910.182,13043.784752,75.0,18299.921851,32.49987,SEA_PORT_TO_PORT,3580503.624032,UNSIGNED_CAPACITY_AND_TRADE_PLAN,TERRAIN_CONSTRAINED_PLANNING_ROUTE_NOT_SURVEYED,"{""routeId"": ""ROUTE-0007""}",False,ROUTE-0007
FLOW-0008,CRUDE_OIL,barrel,visual-territory-12,visual-territory-20,OP-12,OP-20,GATE-12,GATE-20,61920.918878,8421.244967,75.0,15185.689899,26.333662,MULTIMODAL_WITH_TRANSIT,1918236.219484,UNSIGNED_CAPACITY_AND_TRADE_PLAN,TERRAIN_CONSTRAINED_PLANNING_ROUTE_NOT_SURVEYED,"{""routeId"": ""ROUTE-0008""}",True,ROUTE-0008
FLOW-0009,CRUDE_OIL,barrel,visual-territory-12,visual-territory-25,OP-12,OP-25,GATE-12,GATE-25,176993.245482,24071.081386,75.0,14751.565221,26.585942,SEA_PORT_TO_PORT,5326291.905163,UNSIGNED_CAPACITY_AND_TRADE_PLAN,TERRAIN_CONSTRAINED_PLANNING_ROUTE_NOT_SURVEYED,"{""routeId"": ""ROUTE-0009""}",False,ROUTE-0009
FLOW-0010,CRUDE_OIL,barrel,visual-territory-12,visual-territory-26,OP-12,OP-26,GATE-12,GATE-26,166056.067985,22583.625246,75.0,17775.938307,31.626564,SEA_PORT_TO_PORT,6021676.93668,UNSIGNED_CAPACITY_AND_TRADE_PLAN,TERRAIN_CONSTRAINED_PLANNING_ROUTE_NOT_SURVEYED,"{""routeId"": ""ROUTE-0010""}",False,ROUTE-0010
FLOW-0011,CRUDE_OIL,barrel,visual-territory-12,visual-territory-67,OP-12,OP-67,GATE-12,GATE-67,189318.663554,25747.338243,75.0,19081.960844,33.803268,SEA_PORT_TO_PORT,7369645.502947,UNSIGNED_CAPACITY_AND_TRADE_PLAN,TERRAIN_CONSTRAINED_PLANNING_ROUTE_NOT_SURVEYED,"{""routeId"": ""ROUTE-0011""}",False,ROUTE-0011
FLOW-0012,CRUDE_OIL,barrel,visual-territory-13,visual-territory-26,OP-13,OP-26,GATE-13,GATE-26,46809.2515,6366.058204,75.0,20045.822733,34.328807,MULTIMODAL_WITH_TRANSIT,1914193.113995,UNSIGNED_CAPACITY_AND_TRADE_PLAN,TERRAIN_CONSTRAINED_PLANNING_ROUTE_NOT_SURVEYED,"{""routeId"": ""ROUTE-0012""}",True,ROUTE-0012
FLOW-0013,CRUDE_OIL,barrel,visual-territory-15,visual-territory-26,OP-15,OP-26,GATE-15,GATE-26,22144.889571,3011.704982,75.0,22052.878209,38.754797,SEA_PORT_TO_PORT,996251.447544,UNSIGNED_CAPACITY_AND_TRADE_PLAN,TERRAIN_CONSTRAINED_PLANNING_ROUTE_NOT_SURVEYED,"{""routeId"": ""ROUTE-0013""}",False,ROUTE-0013
FLOW-0014,CRUDE_OIL,barrel,visual-territory-15,visual-territory-31,OP-15,OP-31,GATE-15,GATE-31,608686.117329,82781.311957,75.0,14038.097257,25.396829,SEA_PORT_TO_PORT,17431381.624759,UNSIGNED_CAPACITY_AND_TRADE_PLAN,TERRAIN_CONSTRAINED_PLANNING_ROUTE_NOT_SURVEYED,"{""routeId"": ""ROUTE-0014""}",False,ROUTE-0014
FLOW-0015,CRUDE_OIL,barrel,visual-territory-18,visual-territory-25,OP-18,OP-25,GATE-18,GATE-25,361693.303491,49190.289275,75.0,3557.21575,7.928693,SEA_PORT_TO_PORT,2624707.0767,UNSIGNED_CAPACITY_AND_TRADE_PLAN,TERRAIN_CONSTRAINED_PLANNING_ROUTE_NOT_SURVEYED,"{""routeId"": ""ROUTE-0015""}",False,ROUTE-0015
FLOW-0016,CRUDE_OIL,barrel,visual-territory-21,visual-territory-26,OP-21,OP-26,GATE-21,GATE-26,30342.0349,4126.516746,75.0,21085.386802,35.815899,MULTIMODAL_WITH_TRANSIT,1305138.026035,UNSIGNED_CAPACITY_AND_TRADE_PLAN,TERRAIN_CONSTRAINED_PLANNING_ROUTE_NOT_SURVEYED,"{""routeId"": ""ROUTE-0016""}",True,ROUTE-0016
FLOW-0017,CRUDE_OIL,barrel,visual-territory-24,visual-territory-31,OP-24,OP-31,GATE-24,GATE-31,275827.7684,37512.576502,75.0,7496.60673,14.494345,SEA_PORT_TO_PORT,4218255.502012,UNSIGNED_CAPACITY_AND_TRADE_PLAN,TERRAIN_CONSTRAINED_PLANNING_ROUTE_NOT_SURVEYED,"{""routeId"": ""ROUTE-0017""}",False,ROUTE-0017
FLOW-0018,CRUDE_OIL,barrel,visual-territory-29,visual-territory-26,OP-29,OP-26,GATE-29,GATE-26,55167.853284,7502.828047,75.0,6358.64222,12.597737,SEA_PORT_TO_PORT,715616.987849,UNSIGNED_CAPACITY_AND_TRADE_PLAN,TERRAIN_CONSTRAINED_PLANNING_ROUTE_NOT_SURVEYED,"{""routeId"": ""ROUTE-0018""}",False,ROUTE-0018
FLOW-0019,CRUDE_OIL,barrel,visual-territory-29,visual-territory-28,OP-29,OP-28,GATE-29,GATE-28,522522.672616,71063.083476,75.0,2880.072777,6.800121,SEA_PORT_TO_PORT,3070002.782045,UNSIGNED_CAPACITY_AND_TRADE_PLAN,TERRAIN_CONSTRAINED_PLANNING_ROUTE_NOT_SURVEYED,"{""routeId"": ""ROUTE-0019""}",False,ROUTE-0019
FLOW-0020,CRUDE_OIL,barrel,visual-territory-30,visual-territory-31,OP-30,OP-31,GATE-30,GATE-31,144359.829316,19632.936787,75.0,1379.79933,4.299666,SEA_PORT_TO_PORT,406342.695335,UNSIGNED_CAPACITY_AND_TRADE_PLAN,TERRAIN_CONSTRAINED_PLANNING_ROUTE_NOT_SURVEYED,"{""routeId"": ""ROUTE-0020""}",False,ROUTE-0020
FLOW-0021,CRUDE_OIL,barrel,visual-territory-40,visual-territory-38,OP-40,OP-38,GATE-40,GATE-38,154354.387966,20992.196763,75.0,27555.454116,46.661135,MULTIMODAL_WITH_TRANSIT,8676742.72039,UNSIGNED_CAPACITY_AND_TRADE_PLAN,TERRAIN_CONSTRAINED_PLANNING_ROUTE_NOT_SURVEYED,"{""routeId"": ""ROUTE-0021""}",True,ROUTE-0021
FLOW-0022,CRUDE_OIL,barrel,visual-territory-40,visual-territory-62,OP-40,OP-62,GATE-40,GATE-62,174307.411334,23705.807941,75.0,16565.423518,28.344417,MULTIMODAL_WITH_TRANSIT,5890451.225755,UNSIGNED_CAPACITY_AND_TRADE_PLAN,TERRAIN_CONSTRAINED_PLANNING_ROUTE_NOT_SURVEYED,"{""routeId"": ""ROUTE-0022""}",True,ROUTE-0022
FLOW-0023,CRUDE_OIL,barrel,visual-territory-41,visual-territory-37,OP-41,OP-37,GATE-41,GATE-37,331617.534981,45099.984757,75.0,9490.195551,16.635898,MULTIMODAL_WITH_TRANSIT,6420115.12046,UNSIGNED_CAPACITY_AND_TRADE_PLAN,TERRAIN_CONSTRAINED_PLANNING_ROUTE_NOT_SURVEYED,"{""routeId"": ""ROUTE-0023""}",True,ROUTE-0023
FLOW-0024,CRUDE_OIL,barrel,visual-territory-41,visual-territory-38,OP-41,OP-38,GATE-41,GATE-38,215702.948919,29335.601053,75.0,10336.210518,18.045923,MULTIMODAL_WITH_TRANSIT,4548284.22213,UNSIGNED_CAPACITY_AND_TRADE_PLAN,TERRAIN_CONSTRAINED_PLANNING_ROUTE_NOT_SURVEYED,"{""routeId"": ""ROUTE-0024""}",True,ROUTE-0024
FLOW-0025,CRUDE_OIL,barrel,visual-territory-44,visual-territory-38,OP-44,OP-38,GATE-44,GATE-38,512189.8122,69657.814459,75.0,2844.726973,6.741212,SEA_PORT_TO_PORT,2972361.955026,UNSIGNED_CAPACITY_AND_TRADE_PLAN,TERRAIN_CONSTRAINED_PLANNING_ROUTE_NOT_SURVEYED,"{""routeId"": ""ROUTE-0025""}",False,ROUTE-0025
FLOW-0026,CRUDE_OIL,barrel,visual-territory-46,visual-territory-63,OP-46,OP-63,GATE-46,GATE-63,119279.5808,16222.022989,75.0,8844.492586,16.740821,SEA_PORT_TO_PORT,2152133.430866,UNSIGNED_CAPACITY_AND_TRADE_PLAN,TERRAIN_CONSTRAINED_PLANNING_ROUTE_NOT_SURVEYED,"{""routeId"": ""ROUTE-0026""}",False,ROUTE-0026
FLOW-0027,CRUDE_OIL,barrel,visual-territory-47,visual-territory-63,OP-47,OP-63,GATE-47,GATE-63,671315.4223,91298.897433,75.0,8120.781766,15.534636,SEA_PORT_TO_PORT,11121276.323451,UNSIGNED_CAPACITY_AND_TRADE_PLAN,TERRAIN_CONSTRAINED_PLANNING_ROUTE_NOT_SURVEYED,"{""routeId"": ""ROUTE-0027""}",False,ROUTE-0027
FLOW-0028,CRUDE_OIL,barrel,visual-territory-48,visual-territory-60,OP-48,OP-60,GATE-48,GATE-60,96562.580611,13132.510963,75.0,3826.030969,8.376718,SEA_PORT_TO_PORT,753680.904727,UNSIGNED_CAPACITY_AND_TRADE_PLAN,TERRAIN_CONSTRAINED_PLANNING_ROUTE_NOT_SURVEYED,"{""routeId"": ""ROUTE-0028""}",False,ROUTE-0028
FLOW-0029,CRUDE_OIL,barrel,visual-territory-48,visual-territory-62,OP-48,OP-62,GATE-48,GATE-62,148806.23185,20237.647532,75.0,6540.890669,12.901484,SEA_PORT_TO_PORT,1985583.59859,UNSIGNED_CAPACITY_AND_TRADE_PLAN,TERRAIN_CONSTRAINED_PLANNING_ROUTE_NOT_SURVEYED,"{""routeId"": ""ROUTE-0029""}",False,ROUTE-0029
FLOW-0030,CRUDE_OIL,barrel,visual-territory-49,visual-territory-62,OP-49,OP-62,GATE-49,GATE-62,373850.0408,50843.605549,75.0,7483.877971,14.47313,SEA_PORT_TO_PORT,5707610.093077,UNSIGNED_CAPACITY_AND_TRADE_PLAN,TERRAIN_CONSTRAINED_PLANNING_ROUTE_NOT_SURVEYED,"{""routeId"": ""ROUTE-0030""}",False,ROUTE-0030
FLOW-0031,CRUDE_OIL,barrel,visual-territory-50,visual-territory-62,OP-50,OP-62,GATE-50,GATE-62,197515.844313,26862.154827,75.0,8708.37463,16.513958,SEA_PORT_TO_PORT,3508885.614101,UNSIGNED_CAPACITY_AND_TRADE_PLAN,TERRAIN_CONSTRAINED_PLANNING_ROUTE_NOT_SURVEYED,"{""routeId"": ""ROUTE-0031""}",False,ROUTE-0031
FLOW-0032,CRUDE_OIL,barrel,visual-territory-51,visual-territory-62,OP-51,OP-62,GATE-51,GATE-62,94744.383697,12885.236183,75.0,12210.589437,22.350982,SEA_PORT_TO_PORT,2360044.932351,UNSIGNED_CAPACITY_AND_TRADE_PLAN,TERRAIN_CONSTRAINED_PLANNING_ROUTE_NOT_SURVEYED,"{""routeId"": ""ROUTE-0032""}",False,ROUTE-0032
FLOW-0033,CRUDE_OIL,barrel,visual-territory-51,visual-territory-63,OP-51,OP-63,GATE-51,GATE-63,273493.098903,37195.061451,75.0,7145.364723,13.908941,SEA_PORT_TO_PORT,3986584.199494,UNSIGNED_CAPACITY_AND_TRADE_PLAN,TERRAIN_CONSTRAINED_PLANNING_ROUTE_NOT_SURVEYED,"{""routeId"": ""ROUTE-0033""}",False,ROUTE-0033
FLOW-0034,CRUDE_OIL,barrel,visual-territory-52,visual-territory-67,OP-52,OP-67,GATE-52,GATE-67,223752.787418,30430.379089,75.0,7464.56744,14.440946,SEA_PORT_TO_PORT,3407244.254138,UNSIGNED_CAPACITY_AND_TRADE_PLAN,TERRAIN_CONSTRAINED_PLANNING_ROUTE_NOT_SURVEYED,"{""routeId"": ""ROUTE-0034""}",False,ROUTE-0034
FLOW-0035,CRUDE_OIL,barrel,visual-territory-53,visual-territory-37,OP-53,OP-37,GATE-53,GATE-37,129438.816223,17603.679006,75.0,7197.850212,13.996417,SEA_PORT_TO_PORT,1900629.670004,UNSIGNED_CAPACITY_AND_TRADE_PLAN,TERRAIN_CONSTRAINED_PLANNING_ROUTE_NOT_SURVEYED,"{""routeId"": ""ROUTE-0035""}",False,ROUTE-0035
FLOW-0036,CRUDE_OIL,barrel,visual-territory-53,visual-territory-67,OP-53,OP-67,GATE-53,GATE-67,526582.369263,71615.20222,75.0,11540.945512,21.234909,SEA_PORT_TO_PORT,12397607.199939,UNSIGNED_CAPACITY_AND_TRADE_PLAN,TERRAIN_CONSTRAINED_PLANNING_ROUTE_NOT_SURVEYED,"{""routeId"": ""ROUTE-0036""}",False,ROUTE-0036
FLOW-0037,CRUDE_OIL,barrel,visual-territory-55,visual-territory-66,OP-55,OP-66,GATE-55,GATE-66,45092.871607,6132.630539,75.0,3583.073821,7.97179,SEA_PORT_TO_PORT,329605.019042,UNSIGNED_CAPACITY_AND_TRADE_PLAN,TERRAIN_CONSTRAINED_PLANNING_ROUTE_NOT_SURVEYED,"{""routeId"": ""ROUTE-0037""}",False,ROUTE-0037
FLOW-0038,CRUDE_OIL,barrel,visual-territory-55,visual-territory-67,OP-55,OP-67,GATE-55,GATE-67,172136.321687,23410.539749,75.0,11580.601201,21.301002,SEA_PORT_TO_PORT,4066621.871125,UNSIGNED_CAPACITY_AND_TRADE_PLAN,TERRAIN_CONSTRAINED_PLANNING_ROUTE_NOT_SURVEYED,"{""routeId"": ""ROUTE-0038""}",False,ROUTE-0038
FLOW-0039,CRUDE_OIL,barrel,visual-territory-56,visual-territory-67,OP-56,OP-67,GATE-56,GATE-67,201498.5237,27403.799223,75.0,5175.855306,10.626426,SEA_PORT_TO_PORT,2127571.494197,UNSIGNED_CAPACITY_AND_TRADE_PLAN,TERRAIN_CONSTRAINED_PLANNING_ROUTE_NOT_SURVEYED,"{""routeId"": ""ROUTE-0039""}",False,ROUTE-0039
FLOW-0040,NATURAL_GAS,MMBtu,visual-territory-10,visual-territory-09,OP-10,OP-09,GATE-10,GATE-09,48599.071779,933.102178,4.0,2971.753171,6.952922,SEA_PORT_TO_PORT,41594.240341,UNSIGNED_CAPACITY_AND_TRADE_PLAN,TERRAIN_CONSTRAINED_PLANNING_ROUTE_NOT_SURVEYED,"{""routeId"": ""ROUTE-0040""}",False,ROUTE-0040
FLOW-0041,NATURAL_GAS,MMBtu,visual-territory-10,visual-territory-37,OP-10,OP-37,GATE-10,GATE-37,11994.125847,230.287216,4.0,13532.004935,24.553342,SEA_PORT_TO_PORT,46743.716152,UNSIGNED_CAPACITY_AND_TRADE_PLAN,TERRAIN_CONSTRAINED_PLANNING_ROUTE_NOT_SURVEYED,"{""routeId"": ""ROUTE-0041""}",False,ROUTE-0041
FLOW-0042,NATURAL_GAS,MMBtu,visual-territory-10,visual-territory-39,OP-10,OP-39,GATE-10,GATE-39,198645.353053,3813.990779,4.0,22496.872249,39.494787,SEA_PORT_TO_PORT,1287042.949704,UNSIGNED_CAPACITY_AND_TRADE_PLAN,TERRAIN_CONSTRAINED_PLANNING_ROUTE_NOT_SURVEYED,"{""routeId"": ""ROUTE-0042""}",False,ROUTE-0042
FLOW-0043,NATURAL_GAS,MMBtu,visual-territory-10,visual-territory-41,OP-10,OP-41,GATE-10,GATE-41,155222.740671,2980.276621,4.0,22354.683202,38.076711,MULTIMODAL_WITH_TRANSIT,999347.095752,UNSIGNED_CAPACITY_AND_TRADE_PLAN,TERRAIN_CONSTRAINED_PLANNING_ROUTE_NOT_SURVEYED,"{""routeId"": ""ROUTE-0043""}",True,ROUTE-0043
FLOW-0044,NATURAL_GAS,MMBtu,visual-territory-10,visual-territory-42,OP-10,OP-42,GATE-10,GATE-42,193952.393972,3723.885964,4.0,16395.606739,29.326011,SEA_PORT_TO_PORT,915830.547098,UNSIGNED_CAPACITY_AND_TRADE_PLAN,TERRAIN_CONSTRAINED_PLANNING_ROUTE_NOT_SURVEYED,"{""routeId"": ""ROUTE-0044""}",False,ROUTE-0044
FLOW-0045,NATURAL_GAS,MMBtu,visual-territory-10,visual-territory-43,OP-10,OP-43,GATE-10,GATE-43,202558.696221,3889.126967,4.0,14541.170581,26.235284,SEA_PORT_TO_PORT,848286.879583,UNSIGNED_CAPACITY_AND_TRADE_PLAN,TERRAIN_CONSTRAINED_PLANNING_ROUTE_NOT_SURVEYED,"{""routeId"": ""ROUTE-0045""}",False,ROUTE-0045
FLOW-0046,NATURAL_GAS,MMBtu,visual-territory-10,visual-territory-51,OP-10,OP-51,GATE-10,GATE-51,174440.027456,3349.248527,4.0,19928.540896,35.214235,SEA_PORT_TO_PORT,1001184.543609,UNSIGNED_CAPACITY_AND_TRADE_PLAN,TERRAIN_CONSTRAINED_PLANNING_ROUTE_NOT_SURVEYED,"{""routeId"": ""ROUTE-0046""}",False,ROUTE-0046
FLOW-0047,NATURAL_GAS,MMBtu,visual-territory-19,visual-territory-57,OP-19,OP-57,GATE-19,GATE-57,349700.501495,6714.249629,4.0,7698.068838,14.830115,SEA_PORT_TO_PORT,775301.337564,UNSIGNED_CAPACITY_AND_TRADE_PLAN,TERRAIN_CONSTRAINED_PLANNING_ROUTE_NOT_SURVEYED,"{""routeId"": ""ROUTE-0047""}",False,ROUTE-0047
FLOW-0048,NATURAL_GAS,MMBtu,visual-territory-19,visual-territory-68,OP-19,OP-68,GATE-19,GATE-68,481924.526705,9252.950913,4.0,12079.08486,22.131808,SEA_PORT_TO_PORT,1676507.689286,UNSIGNED_CAPACITY_AND_TRADE_PLAN,TERRAIN_CONSTRAINED_PLANNING_ROUTE_NOT_SURVEYED,"{""routeId"": ""ROUTE-0048""}",False,ROUTE-0048
FLOW-0049,NATURAL_GAS,MMBtu,visual-territory-24,visual-territory-04,OP-24,OP-04,GATE-24,GATE-04,35822.541649,687.7928,4.0,13170.565365,23.950942,SEA_PORT_TO_PORT,135879.300448,UNSIGNED_CAPACITY_AND_TRADE_PLAN,TERRAIN_CONSTRAINED_PLANNING_ROUTE_NOT_SURVEYED,"{""routeId"": ""ROUTE-0049""}",False,ROUTE-0049
FLOW-0050,NATURAL_GAS,MMBtu,visual-territory-24,visual-territory-13,OP-24,OP-13,GATE-24,GATE-13,27181.756629,521.889727,4.0,25492.834231,43.40716,MULTIMODAL_WITH_TRANSIT,199566.724463,UNSIGNED_CAPACITY_AND_TRADE_PLAN,TERRAIN_CONSTRAINED_PLANNING_ROUTE_NOT_SURVEYED,"{""routeId"": ""ROUTE-0050""}",True,ROUTE-0050
FLOW-0051,NATURAL_GAS,MMBtu,visual-territory-24,visual-territory-14,OP-24,OP-14,GATE-24,GATE-14,25718.439045,493.79403,4.0,8419.188087,16.03198,SEA_PORT_TO_PORT,62360.172224,UNSIGNED_CAPACITY_AND_TRADE_PLAN,TERRAIN_CONSTRAINED_PLANNING_ROUTE_NOT_SURVEYED,"{""routeId"": ""ROUTE-0051""}",False,ROUTE-0051
FLOW-0052,NATURAL_GAS,MMBtu,visual-territory-24,visual-territory-23,OP-24,OP-23,GATE-24,GATE-23,82766.54942,1589.117749,4.0,3851.967857,6.585676,MULTIMODAL_WITH_TRANSIT,91818.457353,UNSIGNED_CAPACITY_AND_TRADE_PLAN,TERRAIN_CONSTRAINED_PLANNING_ROUTE_NOT_SURVEYED,"{""routeId"": ""ROUTE-0052""}",True,ROUTE-0052
FLOW-0053,NATURAL_GAS,MMBtu,visual-territory-28,visual-territory-25,OP-28,OP-25,GATE-28,GATE-25,25113.532316,482.17982,4.0,7064.378055,13.773963,SEA_PORT_TO_PORT,51094.508086,UNSIGNED_CAPACITY_AND_TRADE_PLAN,TERRAIN_CONSTRAINED_PLANNING_ROUTE_NOT_SURVEYED,"{""routeId"": ""ROUTE-0053""}",False,ROUTE-0053
FLOW-0054,NATURAL_GAS,MMBtu,visual-territory-28,visual-territory-27,OP-28,OP-27,GATE-28,GATE-27,509595.826397,9784.239867,4.0,3299.370451,7.498951,SEA_PORT_TO_PORT,484227.478569,UNSIGNED_CAPACITY_AND_TRADE_PLAN,TERRAIN_CONSTRAINED_PLANNING_ROUTE_NOT_SURVEYED,"{""routeId"": ""ROUTE-0054""}",False,ROUTE-0054
FLOW-0055,NATURAL_GAS,MMBtu,visual-territory-28,visual-territory-63,OP-28,OP-63,GATE-28,GATE-63,213049.308337,4090.54672,4.0,19205.895747,34.009826,SEA_PORT_TO_PORT,1178439.207767,UNSIGNED_CAPACITY_AND_TRADE_PLAN,TERRAIN_CONSTRAINED_PLANNING_ROUTE_NOT_SURVEYED,"{""routeId"": ""ROUTE-0055""}",False,ROUTE-0055
FLOW-0056,NATURAL_GAS,MMBtu,visual-territory-28,visual-territory-69,OP-28,OP-69,GATE-28,GATE-69,72023.29783,1382.847318,4.0,22295.837771,39.15973,SEA_PORT_TO_PORT,462476.091954,UNSIGNED_CAPACITY_AND_TRADE_PLAN,TERRAIN_CONSTRAINED_PLANNING_ROUTE_NOT_SURVEYED,"{""routeId"": ""ROUTE-0056""}",False,ROUTE-0056
FLOW-0057,NATURAL_GAS,MMBtu,visual-territory-29,visual-territory-17,OP-29,OP-17,GATE-29,GATE-17,255415.810084,4903.983554,4.0,12301.426448,22.502377,SEA_PORT_TO_PORT,904889.894904,UNSIGNED_CAPACITY_AND_TRADE_PLAN,TERRAIN_CONSTRAINED_PLANNING_ROUTE_NOT_SURVEYED,"{""routeId"": ""ROUTE-0057""}",False,ROUTE-0057
FLOW-0058,NATURAL_GAS,MMBtu,visual-territory-29,visual-territory-18,OP-29,OP-18,GATE-29,GATE-18,44276.716769,850.112962,4.0,12129.518908,22.215865,SEA_PORT_TO_PORT,154671.918701,UNSIGNED_CAPACITY_AND_TRADE_PLAN,TERRAIN_CONSTRAINED_PLANNING_ROUTE_NOT_SURVEYED,"{""routeId"": ""ROUTE-0058""}",False,ROUTE-0058
FLOW-0059,NATURAL_GAS,MMBtu,visual-territory-29,visual-territory-20,OP-29,OP-20,GATE-29,GATE-20,376868.279659,7235.870969,4.0,14350.651231,24.941931,MULTIMODAL_WITH_TRANSIT,1557591.909467,UNSIGNED_CAPACITY_AND_TRADE_PLAN,TERRAIN_CONSTRAINED_PLANNING_ROUTE_NOT_SURVEYED,"{""routeId"": ""ROUTE-0059""}",True,ROUTE-0059
FLOW-0060,NATURAL_GAS,MMBtu,visual-territory-29,visual-territory-21,OP-29,OP-21,GATE-29,GATE-21,33037.40854,634.318244,4.0,26633.316875,45.06245,MULTIMODAL_WITH_TRANSIT,253409.981878,UNSIGNED_CAPACITY_AND_TRADE_PLAN,TERRAIN_CONSTRAINED_PLANNING_ROUTE_NOT_SURVEYED,"{""routeId"": ""ROUTE-0060""}",True,ROUTE-0060
FLOW-0061,NATURAL_GAS,MMBtu,visual-territory-29,visual-territory-22,OP-29,OP-22,GATE-29,GATE-22,14117.836315,271.062457,4.0,3067.049899,5.65125,MULTIMODAL_WITH_TRANSIT,12470.431221,UNSIGNED_CAPACITY_AND_TRADE_PLAN,TERRAIN_CONSTRAINED_PLANNING_ROUTE_NOT_SURVEYED,"{""routeId"": ""ROUTE-0061""}",False,ROUTE-0061
FLOW-0062,NATURAL_GAS,MMBtu,visual-territory-29,visual-territory-23,OP-29,OP-23,GATE-29,GATE-23,162935.080222,3128.35354,4.0,13733.956518,23.055657,MULTIMODAL_WITH_TRANSIT,644470.07235,UNSIGNED_CAPACITY_AND_TRADE_PLAN,TERRAIN_CONSTRAINED_PLANNING_ROUTE_NOT_SURVEYED,"{""routeId"": ""ROUTE-0062""}",True,ROUTE-0062
FLOW-0063,NATURAL_GAS,MMBtu,visual-territory-29,visual-territory-26,OP-29,OP-26,GATE-29,GATE-26,66810.676848,1282.764995,4.0,6358.64222,12.597737,SEA_PORT_TO_PORT,122349.654835,UNSIGNED_CAPACITY_AND_TRADE_PLAN,TERRAIN_CONSTRAINED_PLANNING_ROUTE_NOT_SURVEYED,"{""routeId"": ""ROUTE-0018""}",False,ROUTE-0018
FLOW-0064,NATURAL_GAS,MMBtu,visual-territory-29,visual-territory-59,OP-29,OP-59,GATE-29,GATE-59,128201.285504,2461.464682,4.0,15141.125746,27.23521,SEA_PORT_TO_PORT,559040.194057,UNSIGNED_CAPACITY_AND_TRADE_PLAN,TERRAIN_CONSTRAINED_PLANNING_ROUTE_NOT_SURVEYED,"{""routeId"": ""ROUTE-0063""}",False,ROUTE-0063
FLOW-0065,NATURAL_GAS,MMBtu,visual-territory-29,visual-territory-63,OP-29,OP-63,GATE-29,GATE-63,696.044154,13.364048,4.0,21022.67038,37.037784,SEA_PORT_TO_PORT,4214.219641,UNSIGNED_CAPACITY_AND_TRADE_PLAN,TERRAIN_CONSTRAINED_PLANNING_ROUTE_NOT_SURVEYED,"{""routeId"": ""ROUTE-0064""}",False,ROUTE-0064
FLOW-0066,NATURAL_GAS,MMBtu,visual-territory-29,visual-territory-68,OP-29,OP-68,GATE-29,GATE-68,2016.176559,38.71059,4.0,17890.724048,31.817873,SEA_PORT_TO_PORT,10388.407252,UNSIGNED_CAPACITY_AND_TRADE_PLAN,TERRAIN_CONSTRAINED_PLANNING_ROUTE_NOT_SURVEYED,"{""routeId"": ""ROUTE-0065""}",False,ROUTE-0065
FLOW-0067,NATURAL_GAS,MMBtu,visual-territory-32,visual-territory-23,OP-32,OP-23,GATE-32,GATE-23,406333.030649,7801.594188,4.0,7144.918193,12.073927,MULTIMODAL_WITH_TRANSIT,836126.283779,UNSIGNED_CAPACITY_AND_TRADE_PLAN,TERRAIN_CONSTRAINED_PLANNING_ROUTE_NOT_SURVEYED,"{""routeId"": ""ROUTE-0066""}",True,ROUTE-0066
FLOW-0068,NATURAL_GAS,MMBtu,visual-territory-32,visual-territory-30,OP-32,OP-30,GATE-32,GATE-30,276709.049316,5312.813747,4.0,6019.165525,12.031943,SEA_PORT_TO_PORT,479680.580161,UNSIGNED_CAPACITY_AND_TRADE_PLAN,TERRAIN_CONSTRAINED_PLANNING_ROUTE_NOT_SURVEYED,"{""routeId"": ""ROUTE-0067""}",False,ROUTE-0067
FLOW-0069,NATURAL_GAS,MMBtu,visual-territory-36,visual-territory-35,OP-36,OP-35,GATE-36,GATE-35,338578.458835,6500.70641,4.0,1750.079497,4.916799,SEA_PORT_TO_PORT,170651.295111,UNSIGNED_CAPACITY_AND_TRADE_PLAN,TERRAIN_CONSTRAINED_PLANNING_ROUTE_NOT_SURVEYED,"{""routeId"": ""ROUTE-0068""}",False,ROUTE-0068
FLOW-0070,NATURAL_GAS,MMBtu,visual-territory-36,visual-territory-39,OP-36,OP-39,GATE-36,GATE-39,340558.482568,6538.722865,4.0,7171.523285,13.952539,SEA_PORT_TO_PORT,703389.049228,UNSIGNED_CAPACITY_AND_TRADE_PLAN,TERRAIN_CONSTRAINED_PLANNING_ROUTE_NOT_SURVEYED,"{""routeId"": ""ROUTE-0069""}",False,ROUTE-0069
FLOW-0071,NATURAL_GAS,MMBtu,visual-territory-50,visual-territory-44,OP-50,OP-44,GATE-50,GATE-44,157934.906178,3032.350199,4.0,8277.803066,15.796338,SEA_PORT_TO_PORT,376517.966632,UNSIGNED_CAPACITY_AND_TRADE_PLAN,TERRAIN_CONSTRAINED_PLANNING_ROUTE_NOT_SURVEYED,"{""routeId"": ""ROUTE-0070""}",False,ROUTE-0070
FLOW-0072,NATURAL_GAS,MMBtu,visual-territory-50,visual-territory-45,OP-50,OP-45,GATE-50,GATE-45,396113.160829,7605.372688,4.0,5292.976282,9.776921,MULTIMODAL_WITH_TRANSIT,603825.85882,UNSIGNED_CAPACITY_AND_TRADE_PLAN,TERRAIN_CONSTRAINED_PLANNING_ROUTE_NOT_SURVEYED,"{""routeId"": ""ROUTE-0071""}",True,ROUTE-0071
FLOW-0073,NATURAL_GAS,MMBtu,visual-territory-50,visual-territory-48,OP-50,OP-48,GATE-50,GATE-48,82098.612658,1576.293363,4.0,3420.542858,7.700905,SEA_PORT_TO_PORT,80876.685079,UNSIGNED_CAPACITY_AND_TRADE_PLAN,TERRAIN_CONSTRAINED_PLANNING_ROUTE_NOT_SURVEYED,"{""routeId"": ""ROUTE-0072""}",False,ROUTE-0072
FLOW-0074,NATURAL_GAS,MMBtu,visual-territory-50,visual-territory-49,OP-50,OP-49,GATE-50,GATE-49,120895.915459,2321.201577,4.0,3099.092909,7.165155,SEA_PORT_TO_PORT,107904.290225,UNSIGNED_CAPACITY_AND_TRADE_PLAN,TERRAIN_CONSTRAINED_PLANNING_ROUTE_NOT_SURVEYED,"{""routeId"": ""ROUTE-0073""}",False,ROUTE-0073
FLOW-0075,NATURAL_GAS,MMBtu,visual-territory-50,visual-territory-51,OP-50,OP-51,GATE-50,GATE-51,14297.482815,274.51167,4.0,19743.823662,34.906373,SEA_PORT_TO_PORT,81298.650083,UNSIGNED_CAPACITY_AND_TRADE_PLAN,TERRAIN_CONSTRAINED_PLANNING_ROUTE_NOT_SURVEYED,"{""routeId"": ""ROUTE-0074""}",False,ROUTE-0074
FLOW-0076,NATURAL_GAS,MMBtu,visual-territory-50,visual-territory-69,OP-50,OP-69,GATE-50,GATE-69,254623.028561,4888.762148,4.0,9077.536215,17.129227,SEA_PORT_TO_PORT,665668.731694,UNSIGNED_CAPACITY_AND_TRADE_PLAN,TERRAIN_CONSTRAINED_PLANNING_ROUTE_NOT_SURVEYED,"{""routeId"": ""ROUTE-0075""}",False,ROUTE-0075
FLOW-0077,URANIUM,tonne U,visual-territory-03,visual-territory-02,OP-03,OP-02,GATE-03,GATE-02,0.132009,0.132009,100000.0,9115.553378,17.192589,SEA_PORT_TO_PORT,18.050026,UNSIGNED_CAPACITY_AND_TRADE_PLAN,TERRAIN_CONSTRAINED_PLANNING_ROUTE_NOT_SURVEYED,"{""routeId"": ""ROUTE-0076""}",False,ROUTE-0076
FLOW-0078,URANIUM,tonne U,visual-territory-09,visual-territory-07,OP-09,OP-07,GATE-09,GATE-07,0.21693,0.21693,100000.0,23924.953431,41.874922,SEA_PORT_TO_PORT,77.850602,UNSIGNED_CAPACITY_AND_TRADE_PLAN,TERRAIN_CONSTRAINED_PLANNING_ROUTE_NOT_SURVEYED,"{""routeId"": ""ROUTE-0077""}",False,ROUTE-0077
FLOW-0079,URANIUM,tonne U,visual-territory-09,visual-territory-08,OP-09,OP-08,GATE-09,GATE-08,0.22995,0.22995,100000.0,21793.93709,38.323228,SEA_PORT_TO_PORT,75.172738,UNSIGNED_CAPACITY_AND_TRADE_PLAN,TERRAIN_CONSTRAINED_PLANNING_ROUTE_NOT_SURVEYED,"{""routeId"": ""ROUTE-0078""}",False,ROUTE-0078
FLOW-0080,URANIUM,tonne U,visual-territory-09,visual-territory-12,OP-09,OP-12,GATE-09,GATE-12,0.020805,0.020805,100000.0,7622.470933,14.704118,SEA_PORT_TO_PORT,2.378783,UNSIGNED_CAPACITY_AND_TRADE_PLAN,TERRAIN_CONSTRAINED_PLANNING_ROUTE_NOT_SURVEYED,"{""routeId"": ""ROUTE-0079""}",False,ROUTE-0079
FLOW-0081,URANIUM,tonne U,visual-territory-14,visual-territory-08,OP-14,OP-08,GATE-14,GATE-08,0.00464,0.00464,100000.0,3377.94754,7.629913,SEA_PORT_TO_PORT,0.235105,UNSIGNED_CAPACITY_AND_TRADE_PLAN,TERRAIN_CONSTRAINED_PLANNING_ROUTE_NOT_SURVEYED,"{""routeId"": ""ROUTE-0080""}",False,ROUTE-0080
FLOW-0082,URANIUM,tonne U,visual-territory-14,visual-territory-16,OP-14,OP-16,GATE-14,GATE-16,0.270585,0.270585,100000.0,3152.618211,7.254364,SEA_PORT_TO_PORT,12.795768,UNSIGNED_CAPACITY_AND_TRADE_PLAN,TERRAIN_CONSTRAINED_PLANNING_ROUTE_NOT_SURVEYED,"{""routeId"": ""ROUTE-0081""}",False,ROUTE-0081
FLOW-0083,URANIUM,tonne U,visual-territory-19,visual-territory-13,OP-19,OP-13,GATE-19,GATE-13,0.21227,0.21227,100000.0,11017.584131,19.281743,MULTIMODAL_WITH_TRANSIT,35.080539,UNSIGNED_CAPACITY_AND_TRADE_PLAN,TERRAIN_CONSTRAINED_PLANNING_ROUTE_NOT_SURVEYED,"{""routeId"": ""ROUTE-0082""}",True,ROUTE-0082
FLOW-0084,URANIUM,tonne U,visual-territory-19,visual-territory-15,OP-19,OP-15,GATE-19,GATE-15,0.080728,0.080728,100000.0,25230.926646,44.051544,SEA_PORT_TO_PORT,30.552634,UNSIGNED_CAPACITY_AND_TRADE_PLAN,TERRAIN_CONSTRAINED_PLANNING_ROUTE_NOT_SURVEYED,"{""routeId"": ""ROUTE-0083""}",False,ROUTE-0083
FLOW-0085,URANIUM,tonne U,visual-territory-22,visual-territory-23,OP-22,OP-23,GATE-22,GATE-23,0.225487,0.225487,100000.0,16801.006417,26.706907,MULTIMODAL_WITH_TRANSIT,56.826128,UNSIGNED_CAPACITY_AND_TRADE_PLAN,TERRAIN_CONSTRAINED_PLANNING_ROUTE_NOT_SURVEYED,"{""routeId"": ""ROUTE-0084""}",True,ROUTE-0084
FLOW-0086,URANIUM,tonne U,visual-territory-22,visual-territory-24,OP-22,OP-24,GATE-22,GATE-24,0.217554,0.217554,100000.0,12949.03856,22.121231,MULTIMODAL_WITH_TRANSIT,42.256727,UNSIGNED_CAPACITY_AND_TRADE_PLAN,TERRAIN_CONSTRAINED_PLANNING_ROUTE_NOT_SURVEYED,"{""routeId"": ""ROUTE-0085""}",True,ROUTE-0085
FLOW-0087,URANIUM,tonne U,visual-territory-22,visual-territory-32,OP-22,OP-32,GATE-22,GATE-32,0.131554,0.131554,100000.0,11491.22379,19.69154,MULTIMODAL_WITH_TRANSIT,22.675747,UNSIGNED_CAPACITY_AND_TRADE_PLAN,TERRAIN_CONSTRAINED_PLANNING_ROUTE_NOT_SURVEYED,"{""routeId"": ""ROUTE-0086""}",True,ROUTE-0086
FLOW-0088,URANIUM,tonne U,visual-territory-33,visual-territory-38,OP-33,OP-38,GATE-33,GATE-38,0.287466,0.287466,100000.0,1300.021856,4.166703,SEA_PORT_TO_PORT,5.605681,UNSIGNED_CAPACITY_AND_TRADE_PLAN,TERRAIN_CONSTRAINED_PLANNING_ROUTE_NOT_SURVEYED,"{""routeId"": ""ROUTE-0087""}",False,ROUTE-0087
FLOW-0089,URANIUM,tonne U,visual-territory-33,visual-territory-44,OP-33,OP-44,GATE-33,GATE-44,0.216655,0.216655,100000.0,3015.026355,7.025044,SEA_PORT_TO_PORT,9.798308,UNSIGNED_CAPACITY_AND_TRADE_PLAN,TERRAIN_CONSTRAINED_PLANNING_ROUTE_NOT_SURVEYED,"{""routeId"": ""ROUTE-0088""}",False,ROUTE-0088
FLOW-0090,URANIUM,tonne U,visual-territory-34,visual-territory-41,OP-34,OP-41,GATE-34,GATE-41,0.014461,0.014461,100000.0,2480.299033,4.952737,MULTIMODAL_WITH_TRANSIT,0.538014,UNSIGNED_CAPACITY_AND_TRADE_PLAN,TERRAIN_CONSTRAINED_PLANNING_ROUTE_NOT_SURVEYED,"{""routeId"": ""ROUTE-0089""}",False,ROUTE-0089
FLOW-0091,URANIUM,tonne U,visual-territory-34,visual-territory-42,OP-34,OP-42,GATE-34,GATE-42,0.129656,0.129656,100000.0,11553.645905,21.256077,SEA_PORT_TO_PORT,22.469993,UNSIGNED_CAPACITY_AND_TRADE_PLAN,TERRAIN_CONSTRAINED_PLANNING_ROUTE_NOT_SURVEYED,"{""routeId"": ""ROUTE-0090""}",False,ROUTE-0090
FLOW-0092,URANIUM,tonne U,visual-territory-34,visual-territory-43,OP-34,OP-43,GATE-34,GATE-43,0.078017,0.078017,100000.0,9556.560513,17.927601,SEA_PORT_TO_PORT,11.183613,UNSIGNED_CAPACITY_AND_TRADE_PLAN,TERRAIN_CONSTRAINED_PLANNING_ROUTE_NOT_SURVEYED,"{""routeId"": ""ROUTE-0091""}",False,ROUTE-0091
FLOW-0093,URANIUM,tonne U,visual-territory-34,visual-territory-47,OP-34,OP-47,GATE-34,GATE-47,0.314358,0.314358,100000.0,16922.961393,30.204936,SEA_PORT_TO_PORT,79.798024,UNSIGNED_CAPACITY_AND_TRADE_PLAN,TERRAIN_CONSTRAINED_PLANNING_ROUTE_NOT_SURVEYED,"{""routeId"": ""ROUTE-0092""}",False,ROUTE-0092
FLOW-0094,URANIUM,tonne U,visual-territory-34,visual-territory-52,OP-34,OP-52,GATE-34,GATE-52,0.161966,0.161966,100000.0,13311.181489,24.185302,SEA_PORT_TO_PORT,32.339382,UNSIGNED_CAPACITY_AND_TRADE_PLAN,TERRAIN_CONSTRAINED_PLANNING_ROUTE_NOT_SURVEYED,"{""routeId"": ""ROUTE-0093""}",False,ROUTE-0093
FLOW-0095,URANIUM,tonne U,visual-territory-35,visual-territory-36,OP-35,OP-36,GATE-35,GATE-36,0.093559,0.093559,100000.0,1750.079497,4.916799,SEA_PORT_TO_PORT,2.456035,UNSIGNED_CAPACITY_AND_TRADE_PLAN,TERRAIN_CONSTRAINED_PLANNING_ROUTE_NOT_SURVEYED,"{""routeId"": ""ROUTE-0094""}",False,ROUTE-0094
FLOW-0096,URANIUM,tonne U,visual-territory-35,visual-territory-37,OP-35,OP-37,GATE-35,GATE-37,0.09569,0.09569,100000.0,4210.94081,9.018235,SEA_PORT_TO_PORT,6.044174,UNSIGNED_CAPACITY_AND_TRADE_PLAN,TERRAIN_CONSTRAINED_PLANNING_ROUTE_NOT_SURVEYED,"{""routeId"": ""ROUTE-0095""}",False,ROUTE-0095
FLOW-0097,URANIUM,tonne U,visual-territory-35,visual-territory-43,OP-35,OP-43,GATE-35,GATE-43,0.055066,0.055066,100000.0,6757.604805,13.262675,SEA_PORT_TO_PORT,5.581714,UNSIGNED_CAPACITY_AND_TRADE_PLAN,TERRAIN_CONSTRAINED_PLANNING_ROUTE_NOT_SURVEYED,"{""routeId"": ""ROUTE-0096""}",False,ROUTE-0096
FLOW-0098,URANIUM,tonne U,visual-territory-39,visual-territory-40,OP-39,OP-40,GATE-39,GATE-40,0.19407,0.19407,100000.0,23815.374424,40.427669,MULTIMODAL_WITH_TRANSIT,69.327746,UNSIGNED_CAPACITY_AND_TRADE_PLAN,TERRAIN_CONSTRAINED_PLANNING_ROUTE_NOT_SURVEYED,"{""routeId"": ""ROUTE-0097""}",True,ROUTE-0097
FLOW-0099,URANIUM,tonne U,visual-territory-39,visual-territory-41,OP-39,OP-41,GATE-39,GATE-41,0.194857,0.194857,100000.0,5639.367181,10.217851,MULTIMODAL_WITH_TRANSIT,16.483053,UNSIGNED_CAPACITY_AND_TRADE_PLAN,TERRAIN_CONSTRAINED_PLANNING_ROUTE_NOT_SURVEYED,"{""routeId"": ""ROUTE-0098""}",True,ROUTE-0098
FLOW-0100,URANIUM,tonne U,visual-territory-39,visual-territory-44,OP-39,OP-44,GATE-39,GATE-44,0.054485,0.054485,100000.0,8338.905462,15.898176,SEA_PORT_TO_PORT,6.815179,UNSIGNED_CAPACITY_AND_TRADE_PLAN,TERRAIN_CONSTRAINED_PLANNING_ROUTE_NOT_SURVEYED,"{""routeId"": ""ROUTE-0099""}",False,ROUTE-0099
FLOW-0101,URANIUM,tonne U,visual-territory-39,visual-territory-46,OP-39,OP-46,GATE-39,GATE-46,0.206512,0.206512,100000.0,21159.668205,37.266114,SEA_PORT_TO_PORT,65.545881,UNSIGNED_CAPACITY_AND_TRADE_PLAN,TERRAIN_CONSTRAINED_PLANNING_ROUTE_NOT_SURVEYED,"{""routeId"": ""ROUTE-0100""}",False,ROUTE-0100
FLOW-0102,URANIUM,tonne U,visual-territory-49,visual-territory-45,OP-49,OP-45,GATE-49,GATE-45,0.230359,0.230359,100000.0,2193.883373,4.611766,MULTIMODAL_WITH_TRANSIT,7.580712,UNSIGNED_CAPACITY_AND_TRADE_PLAN,TERRAIN_CONSTRAINED_PLANNING_ROUTE_NOT_SURVEYED,"{""routeId"": ""ROUTE-0101""}",False,ROUTE-0101
FLOW-0103,URANIUM,tonne U,visual-territory-49,visual-territory-46,OP-49,OP-46,GATE-49,GATE-46,0.05332,0.05332,100000.0,20218.454865,35.697425,SEA_PORT_TO_PORT,16.17072,UNSIGNED_CAPACITY_AND_TRADE_PLAN,TERRAIN_CONSTRAINED_PLANNING_ROUTE_NOT_SURVEYED,"{""routeId"": ""ROUTE-0102""}",False,ROUTE-0102
FLOW-0104,URANIUM,tonne U,visual-territory-49,visual-territory-48,OP-49,OP-48,GATE-49,GATE-48,0.127599,0.127599,100000.0,1792.573236,4.987622,SEA_PORT_TO_PORT,3.430958,UNSIGNED_CAPACITY_AND_TRADE_PLAN,TERRAIN_CONSTRAINED_PLANNING_ROUTE_NOT_SURVEYED,"{""routeId"": ""ROUTE-0103""}",False,ROUTE-0103
FLOW-0105,URANIUM,tonne U,visual-territory-49,visual-territory-50,OP-49,OP-50,GATE-49,GATE-50,0.123757,0.123757,100000.0,3099.092909,7.165155,SEA_PORT_TO_PORT,5.753017,UNSIGNED_CAPACITY_AND_TRADE_PLAN,TERRAIN_CONSTRAINED_PLANNING_ROUTE_NOT_SURVEYED,"{""routeId"": ""ROUTE-0104""}",False,ROUTE-0104
FLOW-0106,URANIUM,tonne U,visual-territory-49,visual-territory-51,OP-49,OP-51,GATE-49,GATE-51,0.217385,0.217385,100000.0,18519.327002,32.865545,SEA_PORT_TO_PORT,60.387359,UNSIGNED_CAPACITY_AND_TRADE_PLAN,TERRAIN_CONSTRAINED_PLANNING_ROUTE_NOT_SURVEYED,"{""routeId"": ""ROUTE-0105""}",False,ROUTE-0105
FLOW-0107,URANIUM,tonne U,visual-territory-54,visual-territory-01,OP-54,OP-01,GATE-54,GATE-01,0.105507,0.105507,100000.0,17294.73755,30.824563,SEA_PORT_TO_PORT,27.370738,UNSIGNED_CAPACITY_AND_TRADE_PLAN,TERRAIN_CONSTRAINED_PLANNING_ROUTE_NOT_SURVEYED,"{""routeId"": ""ROUTE-0106""}",False,ROUTE-0106
FLOW-0108,URANIUM,tonne U,visual-territory-54,visual-territory-02,OP-54,OP-02,GATE-54,GATE-02,0.005293,0.005293,100000.0,19700.666044,34.834443,SEA_PORT_TO_PORT,1.564134,UNSIGNED_CAPACITY_AND_TRADE_PLAN,TERRAIN_CONSTRAINED_PLANNING_ROUTE_NOT_SURVEYED,"{""routeId"": ""ROUTE-0107""}",False,ROUTE-0107
FLOW-0109,URANIUM,tonne U,visual-territory-54,visual-territory-04,OP-54,OP-04,GATE-54,GATE-04,0.275749,0.275749,100000.0,16788.151826,29.980253,SEA_PORT_TO_PORT,69.439741,UNSIGNED_CAPACITY_AND_TRADE_PLAN,TERRAIN_CONSTRAINED_PLANNING_ROUTE_NOT_SURVEYED,"{""routeId"": ""ROUTE-0108""}",False,ROUTE-0108
FLOW-0110,URANIUM,tonne U,visual-territory-54,visual-territory-06,OP-54,OP-06,GATE-54,GATE-06,0.30106,0.30106,100000.0,12143.708856,22.239515,SEA_PORT_TO_PORT,54.839775,UNSIGNED_CAPACITY_AND_TRADE_PLAN,TERRAIN_CONSTRAINED_PLANNING_ROUTE_NOT_SURVEYED,"{""routeId"": ""ROUTE-0109""}",False,ROUTE-0109
FLOW-0111,URANIUM,tonne U,visual-territory-54,visual-territory-10,OP-54,OP-10,GATE-54,GATE-10,0.134236,0.134236,100000.0,6038.302393,12.063837,SEA_PORT_TO_PORT,12.158363,UNSIGNED_CAPACITY_AND_TRADE_PLAN,TERRAIN_CONSTRAINED_PLANNING_ROUTE_NOT_SURVEYED,"{""routeId"": ""ROUTE-0110""}",False,ROUTE-0110
FLOW-0112,URANIUM,tonne U,visual-territory-54,visual-territory-55,OP-54,OP-55,GATE-54,GATE-55,0.158399,0.158399,100000.0,3187.660512,7.312768,SEA_PORT_TO_PORT,7.573834,UNSIGNED_CAPACITY_AND_TRADE_PLAN,TERRAIN_CONSTRAINED_PLANNING_ROUTE_NOT_SURVEYED,"{""routeId"": ""ROUTE-0111""}",False,ROUTE-0111
FLOW-0113,URANIUM,tonne U,visual-territory-54,visual-territory-66,OP-54,OP-66,GATE-54,GATE-66,0.229712,0.229712,100000.0,5796.241752,11.660403,SEA_PORT_TO_PORT,19.971994,UNSIGNED_CAPACITY_AND_TRADE_PLAN,TERRAIN_CONSTRAINED_PLANNING_ROUTE_NOT_SURVEYED,"{""routeId"": ""ROUTE-0112""}",False,ROUTE-0112
FLOW-0114,URANIUM,tonne U,visual-territory-54,visual-territory-70,OP-54,OP-70,GATE-54,GATE-70,0.089351,0.089351,100000.0,10716.097115,19.860162,SEA_PORT_TO_PORT,14.36241,UNSIGNED_CAPACITY_AND_TRADE_PLAN,TERRAIN_CONSTRAINED_PLANNING_ROUTE_NOT_SURVEYED,"{""routeId"": ""ROUTE-0113""}",False,ROUTE-0113
FLOW-0115,URANIUM,tonne U,visual-territory-58,visual-territory-05,OP-58,OP-05,GATE-58,GATE-05,0.198818,0.198818,100000.0,23546.971197,41.244952,SEA_PORT_TO_PORT,70.223426,UNSIGNED_CAPACITY_AND_TRADE_PLAN,TERRAIN_CONSTRAINED_PLANNING_ROUTE_NOT_SURVEYED,"{""routeId"": ""ROUTE-0114""}",False,ROUTE-0114
FLOW-0116,URANIUM,tonne U,visual-territory-58,visual-territory-10,OP-58,OP-10,GATE-58,GATE-10,0.083624,0.083624,100000.0,7127.008974,13.878348,SEA_PORT_TO_PORT,8.939835,UNSIGNED_CAPACITY_AND_TRADE_PLAN,TERRAIN_CONSTRAINED_PLANNING_ROUTE_NOT_SURVEYED,"{""routeId"": ""ROUTE-0115""}",False,ROUTE-0115
FLOW-0117,URANIUM,tonne U,visual-territory-58,visual-territory-11,OP-58,OP-11,GATE-58,GATE-11,0.139077,0.139077,100000.0,12301.71028,22.50285,SEA_PORT_TO_PORT,25.663274,UNSIGNED_CAPACITY_AND_TRADE_PLAN,TERRAIN_CONSTRAINED_PLANNING_ROUTE_NOT_SURVEYED,"{""routeId"": ""ROUTE-0116""}",False,ROUTE-0116
FLOW-0118,URANIUM,tonne U,visual-territory-58,visual-territory-12,OP-58,OP-12,GATE-58,GATE-12,0.262089,0.262089,100000.0,11777.726736,21.629545,SEA_PORT_TO_PORT,46.302189,UNSIGNED_CAPACITY_AND_TRADE_PLAN,TERRAIN_CONSTRAINED_PLANNING_ROUTE_NOT_SURVEYED,"{""routeId"": ""ROUTE-0117""}",False,ROUTE-0117
FLOW-0119,URANIUM,tonne U,visual-territory-58,visual-territory-15,OP-58,OP-15,GATE-58,GATE-15,0.189608,0.189608,100000.0,28260.953677,49.101589,SEA_PORT_TO_PORT,80.377544,UNSIGNED_CAPACITY_AND_TRADE_PLAN,TERRAIN_CONSTRAINED_PLANNING_ROUTE_NOT_SURVEYED,"{""routeId"": ""ROUTE-0118""}",False,ROUTE-0118
FLOW-0120,URANIUM,tonne U,visual-territory-58,visual-territory-17,OP-58,OP-17,GATE-58,GATE-17,0.142121,0.142121,100000.0,4127.817341,8.879696,SEA_PORT_TO_PORT,8.799743,UNSIGNED_CAPACITY_AND_TRADE_PLAN,TERRAIN_CONSTRAINED_PLANNING_ROUTE_NOT_SURVEYED,"{""routeId"": ""ROUTE-0119""}",False,ROUTE-0119
FLOW-0121,URANIUM,tonne U,visual-territory-58,visual-territory-18,OP-58,OP-18,GATE-58,GATE-18,0.114529,0.114529,100000.0,4258.514523,9.097524,SEA_PORT_TO_PORT,7.315851,UNSIGNED_CAPACITY_AND_TRADE_PLAN,TERRAIN_CONSTRAINED_PLANNING_ROUTE_NOT_SURVEYED,"{""routeId"": ""ROUTE-0120""}",False,ROUTE-0120
FLOW-0122,URANIUM,tonne U,visual-territory-58,visual-territory-20,OP-58,OP-20,GATE-58,GATE-20,0.187895,0.187895,100000.0,6177.042124,11.319249,MULTIMODAL_WITH_TRANSIT,17.40953,UNSIGNED_CAPACITY_AND_TRADE_PLAN,TERRAIN_CONSTRAINED_PLANNING_ROUTE_NOT_SURVEYED,"{""routeId"": ""ROUTE-0121""}",True,ROUTE-0121
FLOW-0123,URANIUM,tonne U,visual-territory-58,visual-territory-21,OP-58,OP-21,GATE-58,GATE-21,0.262573,0.262573,100000.0,15087.175231,25.81888,MULTIMODAL_WITH_TRANSIT,59.422273,UNSIGNED_CAPACITY_AND_TRADE_PLAN,TERRAIN_CONSTRAINED_PLANNING_ROUTE_NOT_SURVEYED,"{""routeId"": ""ROUTE-0122""}",True,ROUTE-0122
FLOW-0124,URANIUM,tonne U,visual-territory-58,visual-territory-23,OP-58,OP-23,GATE-58,GATE-23,0.124747,0.124747,100000.0,26227.68953,43.878545,MULTIMODAL_WITH_TRANSIT,49.077384,UNSIGNED_CAPACITY_AND_TRADE_PLAN,TERRAIN_CONSTRAINED_PLANNING_ROUTE_NOT_SURVEYED,"{""routeId"": ""ROUTE-0123""}",True,ROUTE-0123
FLOW-0125,URANIUM,tonne U,visual-territory-58,visual-territory-25,OP-58,OP-25,GATE-58,GATE-25,0.121895,0.121895,100000.0,4650.673053,9.751122,SEA_PORT_TO_PORT,8.503407,UNSIGNED_CAPACITY_AND_TRADE_PLAN,TERRAIN_CONSTRAINED_PLANNING_ROUTE_NOT_SURVEYED,"{""routeId"": ""ROUTE-0124""}",False,ROUTE-0124
FLOW-0126,URANIUM,tonne U,visual-territory-58,visual-territory-26,OP-58,OP-26,GATE-58,GATE-26,0.150478,0.150478,100000.0,7675.046138,14.791744,SEA_PORT_TO_PORT,17.323884,UNSIGNED_CAPACITY_AND_TRADE_PLAN,TERRAIN_CONSTRAINED_PLANNING_ROUTE_NOT_SURVEYED,"{""routeId"": ""ROUTE-0125""}",False,ROUTE-0125
FLOW-0127,URANIUM,tonne U,visual-territory-58,visual-territory-27,OP-58,OP-27,GATE-58,GATE-27,0.208513,0.208513,100000.0,10173.941993,18.95657,SEA_PORT_TO_PORT,31.820988,UNSIGNED_CAPACITY_AND_TRADE_PLAN,TERRAIN_CONSTRAINED_PLANNING_ROUTE_NOT_SURVEYED,"{""routeId"": ""ROUTE-0126""}",False,ROUTE-0126
FLOW-0128,URANIUM,tonne U,visual-territory-58,visual-territory-28,OP-58,OP-28,GATE-58,GATE-28,0.218123,0.218123,100000.0,11406.201578,21.010336,SEA_PORT_TO_PORT,37.319324,UNSIGNED_CAPACITY_AND_TRADE_PLAN,TERRAIN_CONSTRAINED_PLANNING_ROUTE_NOT_SURVEYED,"{""routeId"": ""ROUTE-0127""}",False,ROUTE-0127
FLOW-0129,URANIUM,tonne U,visual-territory-58,visual-territory-29,OP-58,OP-29,GATE-58,GATE-29,0.202596,0.202596,100000.0,13222.976211,24.038294,SEA_PORT_TO_PORT,40.183831,UNSIGNED_CAPACITY_AND_TRADE_PLAN,TERRAIN_CONSTRAINED_PLANNING_ROUTE_NOT_SURVEYED,"{""routeId"": ""ROUTE-0128""}",False,ROUTE-0128
FLOW-0130,URANIUM,tonne U,visual-territory-58,visual-territory-30,OP-58,OP-30,GATE-58,GATE-30,0.181478,0.181478,100000.0,15688.317337,28.147196,SEA_PORT_TO_PORT,42.706267,UNSIGNED_CAPACITY_AND_TRADE_PLAN,TERRAIN_CONSTRAINED_PLANNING_ROUTE_NOT_SURVEYED,"{""routeId"": ""ROUTE-0129""}",False,ROUTE-0129
FLOW-0131,URANIUM,tonne U,visual-territory-58,visual-territory-31,OP-58,OP-31,GATE-58,GATE-31,0.198215,0.198215,100000.0,16682.013672,29.803356,SEA_PORT_TO_PORT,49.59938,UNSIGNED_CAPACITY_AND_TRADE_PLAN,TERRAIN_CONSTRAINED_PLANNING_ROUTE_NOT_SURVEYED,"{""routeId"": ""ROUTE-0130""}",False,ROUTE-0130
FLOW-0132,URANIUM,tonne U,visual-territory-58,visual-territory-57,OP-58,OP-57,GATE-58,GATE-57,0.221099,0.221099,100000.0,3934.081318,8.556802,SEA_PORT_TO_PORT,13.047322,UNSIGNED_CAPACITY_AND_TRADE_PLAN,TERRAIN_CONSTRAINED_PLANNING_ROUTE_NOT_SURVEYED,"{""routeId"": ""ROUTE-0131""}",False,ROUTE-0131
FLOW-0133,URANIUM,tonne U,visual-territory-58,visual-territory-59,OP-58,OP-59,GATE-58,GATE-59,0.073362,0.073362,100000.0,5262.894317,10.771491,SEA_PORT_TO_PORT,5.791447,UNSIGNED_CAPACITY_AND_TRADE_PLAN,TERRAIN_CONSTRAINED_PLANNING_ROUTE_NOT_SURVEYED,"{""routeId"": ""ROUTE-0132""}",False,ROUTE-0132
FLOW-0134,URANIUM,tonne U,visual-territory-60,visual-territory-50,OP-60,OP-50,GATE-60,GATE-50,0.076184,0.076184,100000.0,5993.51493,11.989192,SEA_PORT_TO_PORT,6.849149,UNSIGNED_CAPACITY_AND_TRADE_PLAN,TERRAIN_CONSTRAINED_PLANNING_ROUTE_NOT_SURVEYED,"{""routeId"": ""ROUTE-0133""}",False,ROUTE-0133
FLOW-0135,URANIUM,tonne U,visual-territory-60,visual-territory-62,OP-60,OP-62,GATE-60,GATE-62,0.204635,0.204635,100000.0,3596.522811,7.994205,SEA_PORT_TO_PORT,11.039617,UNSIGNED_CAPACITY_AND_TRADE_PLAN,TERRAIN_CONSTRAINED_PLANNING_ROUTE_NOT_SURVEYED,"{""routeId"": ""ROUTE-0134""}",False,ROUTE-0134
FLOW-0136,URANIUM,tonne U,visual-territory-60,visual-territory-63,OP-60,OP-63,GATE-60,GATE-63,0.268831,0.268831,100000.0,9315.291998,17.525487,SEA_PORT_TO_PORT,37.563589,UNSIGNED_CAPACITY_AND_TRADE_PLAN,TERRAIN_CONSTRAINED_PLANNING_ROUTE_NOT_SURVEYED,"{""routeId"": ""ROUTE-0135""}",False,ROUTE-0135
FLOW-0137,URANIUM,tonne U,visual-territory-60,visual-territory-67,OP-60,OP-67,GATE-60,GATE-67,0.230286,0.230286,100000.0,11813.36625,21.688944,SEA_PORT_TO_PORT,40.806793,UNSIGNED_CAPACITY_AND_TRADE_PLAN,TERRAIN_CONSTRAINED_PLANNING_ROUTE_NOT_SURVEYED,"{""routeId"": ""ROUTE-0136""}",False,ROUTE-0136
FLOW-0138,URANIUM,tonne U,visual-territory-60,visual-territory-68,OP-60,OP-68,GATE-60,GATE-68,0.005261,0.005261,100000.0,10928.352179,20.21392,SEA_PORT_TO_PORT,0.862411,UNSIGNED_CAPACITY_AND_TRADE_PLAN,TERRAIN_CONSTRAINED_PLANNING_ROUTE_NOT_SURVEYED,"{""routeId"": ""ROUTE-0137""}",False,ROUTE-0137
FLOW-0139,URANIUM,tonne U,visual-territory-60,visual-territory-69,OP-60,OP-69,GATE-60,GATE-69,0.133511,0.133511,100000.0,4066.552637,8.777588,SEA_PORT_TO_PORT,8.143943,UNSIGNED_CAPACITY_AND_TRADE_PLAN,TERRAIN_CONSTRAINED_PLANNING_ROUTE_NOT_SURVEYED,"{""routeId"": ""ROUTE-0138""}",False,ROUTE-0138
FLOW-0140,URANIUM,tonne U,visual-territory-61,visual-territory-56,OP-61,OP-56,GATE-61,GATE-56,0.246273,0.246273,100000.0,6656.031853,13.093386,SEA_PORT_TO_PORT,24.588014,UNSIGNED_CAPACITY_AND_TRADE_PLAN,TERRAIN_CONSTRAINED_PLANNING_ROUTE_NOT_SURVEYED,"{""routeId"": ""ROUTE-0139""}",False,ROUTE-0139
FLOW-0141,URANIUM,tonne U,visual-territory-61,visual-territory-68,OP-61,OP-68,GATE-61,GATE-68,0.192678,0.192678,100000.0,5334.275712,10.89046,SEA_PORT_TO_PORT,15.416964,UNSIGNED_CAPACITY_AND_TRADE_PLAN,TERRAIN_CONSTRAINED_PLANNING_ROUTE_NOT_SURVEYED,"{""routeId"": ""ROUTE-0140""}",False,ROUTE-0140
FLOW-0142,URANIUM,tonne U,visual-territory-64,visual-territory-53,OP-64,OP-53,GATE-64,GATE-53,0.277523,0.277523,100000.0,4425.494569,9.375824,SEA_PORT_TO_PORT,18.422648,UNSIGNED_CAPACITY_AND_TRADE_PLAN,TERRAIN_CONSTRAINED_PLANNING_ROUTE_NOT_SURVEYED,"{""routeId"": ""ROUTE-0141""}",False,ROUTE-0141
FLOW-0143,URANIUM,tonne U,visual-territory-64,visual-territory-56,OP-64,OP-56,GATE-64,GATE-56,0.080627,0.080627,100000.0,5203.873513,10.673123,SEA_PORT_TO_PORT,6.293591,UNSIGNED_CAPACITY_AND_TRADE_PLAN,TERRAIN_CONSTRAINED_PLANNING_ROUTE_NOT_SURVEYED,"{""routeId"": ""ROUTE-0142""}",False,ROUTE-0142
FLOW-0144,URANIUM,tonne U,visual-territory-64,visual-territory-65,OP-64,OP-65,GATE-64,GATE-65,0.293343,0.293343,100000.0,1856.077879,5.093463,SEA_PORT_TO_PORT,8.167012,UNSIGNED_CAPACITY_AND_TRADE_PLAN,TERRAIN_CONSTRAINED_PLANNING_ROUTE_NOT_SURVEYED,"{""routeId"": ""ROUTE-0143""}",False,ROUTE-0143
FLOW-0145,URANIUM,tonne U,visual-territory-64,visual-territory-66,OP-64,OP-66,GATE-64,GATE-66,0.059418,0.059418,100000.0,10114.115689,18.856859,SEA_PORT_TO_PORT,9.014408,UNSIGNED_CAPACITY_AND_TRADE_PLAN,TERRAIN_CONSTRAINED_PLANNING_ROUTE_NOT_SURVEYED,"{""routeId"": ""ROUTE-0144""}",False,ROUTE-0144
FLOW-0146,GRAIN,tonne,visual-territory-01,visual-territory-42,OP-01,OP-42,GATE-01,GATE-42,7237.020504,7237.020504,250.0,23277.995439,40.796659,SEA_PORT_TO_PORT,2526949.954282,UNSIGNED_CAPACITY_AND_TRADE_PLAN,TERRAIN_CONSTRAINED_PLANNING_ROUTE_NOT_SURVEYED,"{""routeId"": ""ROUTE-0145""}",False,ROUTE-0145
FLOW-0147,GRAIN,tonne,visual-territory-01,visual-territory-43,OP-01,OP-43,GATE-01,GATE-43,17401.23028,17401.23028,250.0,21423.559281,37.705932,SEA_PORT_TO_PORT,5591944.32708,UNSIGNED_CAPACITY_AND_TRADE_PLAN,TERRAIN_CONSTRAINED_PLANNING_ROUTE_NOT_SURVEYED,"{""routeId"": ""ROUTE-0146""}",False,ROUTE-0146
FLOW-0148,GRAIN,tonne,visual-territory-01,visual-territory-66,OP-01,OP-66,GATE-01,GATE-66,81231.589607,81231.589607,250.0,14329.855693,25.883093,SEA_PORT_TO_PORT,17460554.351766,UNSIGNED_CAPACITY_AND_TRADE_PLAN,TERRAIN_CONSTRAINED_PLANNING_ROUTE_NOT_SURVEYED,"{""routeId"": ""ROUTE-0147""}",False,ROUTE-0147
FLOW-0149,GRAIN,tonne,visual-territory-02,visual-territory-20,OP-02,OP-20,GATE-02,GATE-20,96517.143958,96517.143958,250.0,24197.335788,41.353072,MULTIMODAL_WITH_TRANSIT,35031866.125018,UNSIGNED_CAPACITY_AND_TRADE_PLAN,TERRAIN_CONSTRAINED_PLANNING_ROUTE_NOT_SURVEYED,"{""routeId"": ""ROUTE-0148""}",True,ROUTE-0148
FLOW-0150,GRAIN,tonne,visual-territory-02,visual-territory-23,OP-02,OP-23,GATE-02,GATE-23,21716.173434,21716.173434,250.0,13913.366307,23.354673,MULTIMODAL_WITH_TRANSIT,4532176.136525,UNSIGNED_CAPACITY_AND_TRADE_PLAN,TERRAIN_CONSTRAINED_PLANNING_ROUTE_NOT_SURVEYED,"{""routeId"": ""ROUTE-0149""}",True,ROUTE-0149
FLOW-0151,GRAIN,tonne,visual-territory-02,visual-territory-32,OP-02,OP-32,GATE-02,GATE-32,33409.64109,33409.64109,250.0,11983.284702,21.972141,SEA_PORT_TO_PORT,6005358.614407,UNSIGNED_CAPACITY_AND_TRADE_PLAN,TERRAIN_CONSTRAINED_PLANNING_ROUTE_NOT_SURVEYED,"{""routeId"": ""ROUTE-0150""}",False,ROUTE-0150
FLOW-0152,GRAIN,tonne,visual-territory-03,visual-territory-10,OP-03,OP-10,GATE-03,GATE-10,13349.055599,13349.055599,250.0,7068.604292,13.781007,SEA_PORT_TO_PORT,1415387.875444,UNSIGNED_CAPACITY_AND_TRADE_PLAN,TERRAIN_CONSTRAINED_PLANNING_ROUTE_NOT_SURVEYED,"{""routeId"": ""ROUTE-0151""}",False,ROUTE-0151
FLOW-0153,GRAIN,tonne,visual-territory-03,visual-territory-11,OP-03,OP-11,GATE-03,GATE-11,5082.034122,5082.034122,250.0,6482.448193,12.80408,SEA_PORT_TO_PORT,494160.343683,UNSIGNED_CAPACITY_AND_TRADE_PLAN,TERRAIN_CONSTRAINED_PLANNING_ROUTE_NOT_SURVEYED,"{""routeId"": ""ROUTE-0152""}",False,ROUTE-0152
FLOW-0154,GRAIN,tonne,visual-territory-03,visual-territory-12,OP-03,OP-12,GATE-03,GATE-12,116588.021874,116588.021874,250.0,5958.464649,11.930774,SEA_PORT_TO_PORT,10420284.102308,UNSIGNED_CAPACITY_AND_TRADE_PLAN,TERRAIN_CONSTRAINED_PLANNING_ROUTE_NOT_SURVEYED,"{""routeId"": ""ROUTE-0153""}",False,ROUTE-0153
FLOW-0155,GRAIN,tonne,visual-territory-03,visual-territory-17,OP-03,OP-17,GATE-03,GATE-17,17460.518952,17460.518952,250.0,14681.213701,26.46869,SEA_PORT_TO_PORT,3845124.151083,UNSIGNED_CAPACITY_AND_TRADE_PLAN,TERRAIN_CONSTRAINED_PLANNING_ROUTE_NOT_SURVEYED,"{""routeId"": ""ROUTE-0154""}",False,ROUTE-0154
FLOW-0156,GRAIN,tonne,visual-territory-03,visual-territory-18,OP-03,OP-18,GATE-03,GATE-18,76352.808,76352.808,250.0,14811.910883,26.686518,SEA_PORT_TO_PORT,16963964.81682,UNSIGNED_CAPACITY_AND_TRADE_PLAN,TERRAIN_CONSTRAINED_PLANNING_ROUTE_NOT_SURVEYED,"{""routeId"": ""ROUTE-0155""}",False,ROUTE-0155
FLOW-0157,GRAIN,tonne,visual-territory-03,visual-territory-56,OP-03,OP-56,GATE-03,GATE-56,33425.388614,33425.388614,250.0,19946.732367,35.244554,SEA_PORT_TO_PORT,10000909.2142,UNSIGNED_CAPACITY_AND_TRADE_PLAN,TERRAIN_CONSTRAINED_PLANNING_ROUTE_NOT_SURVEYED,"{""routeId"": ""ROUTE-0156""}",False,ROUTE-0156
FLOW-0158,GRAIN,tonne,visual-territory-04,visual-territory-35,OP-04,OP-35,GATE-04,GATE-35,38917.451765,38917.451765,250.0,22846.021992,40.076703,SEA_PORT_TO_PORT,13336634.383693,UNSIGNED_CAPACITY_AND_TRADE_PLAN,TERRAIN_CONSTRAINED_PLANNING_ROUTE_NOT_SURVEYED,"{""routeId"": ""ROUTE-0157""}",False,ROUTE-0157
FLOW-0159,GRAIN,tonne,visual-territory-04,visual-territory-37,OP-04,OP-37,GATE-04,GATE-37,63793.523333,63793.523333,250.0,19504.334948,34.507225,SEA_PORT_TO_PORT,18663753.698934,UNSIGNED_CAPACITY_AND_TRADE_PLAN,TERRAIN_CONSTRAINED_PLANNING_ROUTE_NOT_SURVEYED,"{""routeId"": ""ROUTE-0158""}",False,ROUTE-0158
FLOW-0160,GRAIN,tonne,visual-territory-04,visual-territory-41,OP-04,OP-41,GATE-04,GATE-41,110812.521852,110812.521852,250.0,28125.276733,47.694366,MULTIMODAL_WITH_TRANSIT,46749492.638984,UNSIGNED_CAPACITY_AND_TRADE_PLAN,TERRAIN_CONSTRAINED_PLANNING_ROUTE_NOT_SURVEYED,"{""routeId"": ""ROUTE-0159""}",True,ROUTE-0159
FLOW-0161,GRAIN,tonne,visual-territory-04,visual-territory-43,OP-04,OP-43,GATE-04,GATE-43,71320.87972,71320.87972,250.0,20916.973556,36.861623,SEA_PORT_TO_PORT,22377254.326851,UNSIGNED_CAPACITY_AND_TRADE_PLAN,TERRAIN_CONSTRAINED_PLANNING_ROUTE_NOT_SURVEYED,"{""routeId"": ""ROUTE-0160""}",False,ROUTE-0160
FLOW-0162,GRAIN,tonne,visual-territory-05,visual-territory-24,OP-05,OP-24,GATE-05,GATE-24,145036.324,145036.324,250.0,7284.350838,14.140585,SEA_PORT_TO_PORT,15847432.024514,UNSIGNED_CAPACITY_AND_TRADE_PLAN,TERRAIN_CONSTRAINED_PLANNING_ROUTE_NOT_SURVEYED,"{""routeId"": ""ROUTE-0161""}",False,ROUTE-0161
FLOW-0163,GRAIN,tonne,visual-territory-05,visual-territory-32,OP-05,OP-32,GATE-05,GATE-32,54292.839577,54292.839577,250.0,9206.23709,17.343728,SEA_PORT_TO_PORT,7497491.301611,UNSIGNED_CAPACITY_AND_TRADE_PLAN,TERRAIN_CONSTRAINED_PLANNING_ROUTE_NOT_SURVEYED,"{""routeId"": ""ROUTE-0162""}",False,ROUTE-0162
FLOW-0164,GRAIN,tonne,visual-territory-06,visual-territory-12,OP-06,OP-12,GATE-06,GATE-12,72007.912126,72007.912126,250.0,5868.404765,11.780675,SEA_PORT_TO_PORT,6338573.619269,UNSIGNED_CAPACITY_AND_TRADE_PLAN,TERRAIN_CONSTRAINED_PLANNING_ROUTE_NOT_SURVEYED,"{""routeId"": ""ROUTE-0163""}",False,ROUTE-0163
FLOW-0165,GRAIN,tonne,visual-territory-06,visual-territory-25,OP-06,OP-25,GATE-06,GATE-25,61904.167075,61904.167075,250.0,16206.253922,29.010423,SEA_PORT_TO_PORT,15048519.757135,UNSIGNED_CAPACITY_AND_TRADE_PLAN,TERRAIN_CONSTRAINED_PLANNING_ROUTE_NOT_SURVEYED,"{""routeId"": ""ROUTE-0164""}",False,ROUTE-0164
FLOW-0166,GRAIN,tonne,visual-territory-07,visual-territory-20,OP-07,OP-20,GATE-07,GATE-20,28746.252709,28746.252709,250.0,29864.142778,50.79775,MULTIMODAL_WITH_TRANSIT,12877232.928583,UNSIGNED_CAPACITY_AND_TRADE_PLAN,TERRAIN_CONSTRAINED_PLANNING_ROUTE_NOT_SURVEYED,"{""routeId"": ""ROUTE-0165""}",True,ROUTE-0165
FLOW-0167,GRAIN,tonne,visual-territory-07,visual-territory-25,OP-07,OP-25,GATE-07,GATE-25,19359.146925,19359.146925,250.0,24394.644235,42.65774,SEA_PORT_TO_PORT,7083892.528993,UNSIGNED_CAPACITY_AND_TRADE_PLAN,TERRAIN_CONSTRAINED_PLANNING_ROUTE_NOT_SURVEYED,"{""routeId"": ""ROUTE-0166""}",False,ROUTE-0166
FLOW-0168,GRAIN,tonne,visual-territory-07,visual-territory-28,OP-07,OP-28,GATE-07,GATE-28,21344.621914,21344.621914,250.0,18494.432564,32.824054,SEA_PORT_TO_PORT,5921350.058898,UNSIGNED_CAPACITY_AND_TRADE_PLAN,TERRAIN_CONSTRAINED_PLANNING_ROUTE_NOT_SURVEYED,"{""routeId"": ""ROUTE-0167""}",False,ROUTE-0167
FLOW-0169,GRAIN,tonne,visual-territory-08,visual-territory-23,OP-08,OP-23,GATE-08,GATE-23,124097.189087,124097.189087,250.0,10200.620363,17.166764,MULTIMODAL_WITH_TRANSIT,18988024.709742,UNSIGNED_CAPACITY_AND_TRADE_PLAN,TERRAIN_CONSTRAINED_PLANNING_ROUTE_NOT_SURVEYED,"{""routeId"": ""ROUTE-0168""}",True,ROUTE-0168
FLOW-0170,GRAIN,tonne,visual-territory-08,visual-territory-29,OP-08,OP-29,GATE-08,GATE-29,111465.668791,111465.668791,250.0,14859.577082,26.765962,SEA_PORT_TO_PORT,24844990.460804,UNSIGNED_CAPACITY_AND_TRADE_PLAN,TERRAIN_CONSTRAINED_PLANNING_ROUTE_NOT_SURVEYED,"{""routeId"": ""ROUTE-0169""}",False,ROUTE-0169
FLOW-0171,GRAIN,tonne,visual-territory-09,visual-territory-59,OP-09,OP-59,GATE-09,GATE-59,48908.082667,48908.082667,250.0,10081.072966,18.801788,SEA_PORT_TO_PORT,7395689.250039,UNSIGNED_CAPACITY_AND_TRADE_PLAN,TERRAIN_CONSTRAINED_PLANNING_ROUTE_NOT_SURVEYED,"{""routeId"": ""ROUTE-0170""}",False,ROUTE-0170
FLOW-0172,GRAIN,tonne,visual-territory-09,visual-territory-67,OP-09,OP-67,GATE-09,GATE-67,67593.686403,67593.686403,250.0,12598.966206,22.998277,SEA_PORT_TO_PORT,12774158.561418,UNSIGNED_CAPACITY_AND_TRADE_PLAN,TERRAIN_CONSTRAINED_PLANNING_ROUTE_NOT_SURVEYED,"{""routeId"": ""ROUTE-0171""}",False,ROUTE-0171
FLOW-0173,GRAIN,tonne,visual-territory-14,visual-territory-13,OP-14,OP-13,GATE-14,GATE-13,73690.910074,73690.910074,250.0,23673.460907,40.374871,MULTIMODAL_WITH_TRANSIT,26167783.182185,UNSIGNED_CAPACITY_AND_TRADE_PLAN,TERRAIN_CONSTRAINED_PLANNING_ROUTE_NOT_SURVEYED,"{""routeId"": ""ROUTE-0172""}",True,ROUTE-0172
FLOW-0174,GRAIN,tonne,visual-territory-14,visual-territory-26,OP-14,OP-26,GATE-14,GATE-26,75185.447722,75185.447722,250.0,22559.511685,39.599186,SEA_PORT_TO_PORT,25442204.79611,UNSIGNED_CAPACITY_AND_TRADE_PLAN,TERRAIN_CONSTRAINED_PLANNING_ROUTE_NOT_SURVEYED,"{""routeId"": ""ROUTE-0173""}",False,ROUTE-0173
FLOW-0175,GRAIN,tonne,visual-territory-14,visual-territory-28,OP-14,OP-28,GATE-14,GATE-28,8126.7419,8126.7419,250.0,19181.810482,33.969684,SEA_PORT_TO_PORT,2338284.34441,UNSIGNED_CAPACITY_AND_TRADE_PLAN,TERRAIN_CONSTRAINED_PLANNING_ROUTE_NOT_SURVEYED,"{""routeId"": ""ROUTE-0174""}",False,ROUTE-0174
FLOW-0176,GRAIN,tonne,visual-territory-15,visual-territory-23,OP-15,OP-23,GATE-15,GATE-23,87676.282145,87676.282145,250.0,11764.522469,19.773267,MULTIMODAL_WITH_TRANSIT,15472043.868791,UNSIGNED_CAPACITY_AND_TRADE_PLAN,TERRAIN_CONSTRAINED_PLANNING_ROUTE_NOT_SURVEYED,"{""routeId"": ""ROUTE-0175""}",True,ROUTE-0175
FLOW-0177,GRAIN,tonne,visual-territory-16,visual-territory-29,OP-16,OP-29,GATE-16,GATE-29,23598.041209,23598.041209,250.0,14117.669179,25.529449,SEA_PORT_TO_PORT,4997240.086091,UNSIGNED_CAPACITY_AND_TRADE_PLAN,TERRAIN_CONSTRAINED_PLANNING_ROUTE_NOT_SURVEYED,"{""routeId"": ""ROUTE-0176""}",False,ROUTE-0176
FLOW-0178,GRAIN,tonne,visual-territory-16,visual-territory-30,OP-16,OP-30,GATE-16,GATE-30,120985.325333,120985.325333,250.0,11712.660813,21.521101,SEA_PORT_TO_PORT,21255901.184138,UNSIGNED_CAPACITY_AND_TRADE_PLAN,TERRAIN_CONSTRAINED_PLANNING_ROUTE_NOT_SURVEYED,"{""routeId"": ""ROUTE-0177""}",False,ROUTE-0177
FLOW-0179,GRAIN,tonne,visual-territory-16,visual-territory-31,OP-16,OP-31,GATE-16,GATE-31,132143.061333,132143.061333,250.0,11732.287249,21.553812,SEA_PORT_TO_PORT,23255105.302821,UNSIGNED_CAPACITY_AND_TRADE_PLAN,TERRAIN_CONSTRAINED_PLANNING_ROUTE_NOT_SURVEYED,"{""routeId"": ""ROUTE-0178""}",False,ROUTE-0178
FLOW-0180,GRAIN,tonne,visual-territory-19,visual-territory-17,OP-19,OP-17,GATE-19,GATE-17,77287.073048,77287.073048,250.0,5599.279348,11.332132,SEA_PORT_TO_PORT,6491278.68016,UNSIGNED_CAPACITY_AND_TRADE_PLAN,TERRAIN_CONSTRAINED_PLANNING_ROUTE_NOT_SURVEYED,"{""routeId"": ""ROUTE-0179""}",False,ROUTE-0179
FLOW-0181,GRAIN,tonne,visual-territory-21,visual-territory-26,OP-21,OP-26,GATE-21,GATE-26,25133.344945,25133.344945,250.0,21085.386802,35.815899,MULTIMODAL_WITH_TRANSIT,7949194.497023,UNSIGNED_CAPACITY_AND_TRADE_PLAN,TERRAIN_CONSTRAINED_PLANNING_ROUTE_NOT_SURVEYED,"{""routeId"": ""ROUTE-0016""}",True,ROUTE-0016
FLOW-0182,GRAIN,tonne,visual-territory-21,visual-territory-27,OP-21,OP-27,GATE-21,GATE-27,139008.672667,139008.672667,250.0,23584.282657,39.980726,MULTIMODAL_WITH_TRANSIT,49176297.419616,UNSIGNED_CAPACITY_AND_TRADE_PLAN,TERRAIN_CONSTRAINED_PLANNING_ROUTE_NOT_SURVEYED,"{""routeId"": ""ROUTE-0180""}",True,ROUTE-0180
FLOW-0183,GRAIN,tonne,visual-territory-22,visual-territory-28,OP-22,OP-28,GATE-22,GATE-28,115944.010853,115944.010853,250.0,5947.122676,10.451371,MULTIMODAL_WITH_TRANSIT,10342998.840933,UNSIGNED_CAPACITY_AND_TRADE_PLAN,TERRAIN_CONSTRAINED_PLANNING_ROUTE_NOT_SURVEYED,"{""routeId"": ""ROUTE-0181""}",True,ROUTE-0181
FLOW-0184,GRAIN,tonne,visual-territory-33,visual-territory-38,OP-33,OP-38,GATE-33,GATE-38,127456.847633,127456.847633,250.0,1300.021856,4.166703,SEA_PORT_TO_PORT,2485450.315135,UNSIGNED_CAPACITY_AND_TRADE_PLAN,TERRAIN_CONSTRAINED_PLANNING_ROUTE_NOT_SURVEYED,"{""routeId"": ""ROUTE-0087""}",False,ROUTE-0087
FLOW-0185,GRAIN,tonne,visual-territory-34,visual-territory-38,OP-34,OP-38,GATE-34,GATE-38,4400.49817,4400.49817,250.0,7855.911484,15.093186,SEA_PORT_TO_PORT,518548.861638,UNSIGNED_CAPACITY_AND_TRADE_PLAN,TERRAIN_CONSTRAINED_PLANNING_ROUTE_NOT_SURVEYED,"{""routeId"": ""ROUTE-0182""}",False,ROUTE-0182
FLOW-0186,GRAIN,tonne,visual-territory-34,visual-territory-39,OP-34,OP-39,GATE-34,GATE-39,146984.412667,146984.412667,250.0,3159.068147,7.265114,SEA_PORT_TO_PORT,6965006.643253,UNSIGNED_CAPACITY_AND_TRADE_PLAN,TERRAIN_CONSTRAINED_PLANNING_ROUTE_NOT_SURVEYED,"{""routeId"": ""ROUTE-0183""}",False,ROUTE-0183
FLOW-0187,GRAIN,tonne,visual-territory-36,visual-territory-35,OP-36,OP-35,GATE-36,GATE-35,85072.378235,85072.378235,250.0,1750.079497,4.916799,SEA_PORT_TO_PORT,2233251.374283,UNSIGNED_CAPACITY_AND_TRADE_PLAN,TERRAIN_CONSTRAINED_PLANNING_ROUTE_NOT_SURVEYED,"{""routeId"": ""ROUTE-0068""}",False,ROUTE-0068
FLOW-0188,GRAIN,tonne,visual-territory-46,visual-territory-49,OP-46,OP-49,GATE-46,GATE-49,51363.633912,51363.633912,250.0,20218.454865,35.697425,SEA_PORT_TO_PORT,15577399.709599,UNSIGNED_CAPACITY_AND_TRADE_PLAN,TERRAIN_CONSTRAINED_PLANNING_ROUTE_NOT_SURVEYED,"{""routeId"": ""ROUTE-0184""}",False,ROUTE-0184
FLOW-0189,GRAIN,tonne,visual-territory-46,visual-territory-51,OP-46,OP-51,GATE-46,GATE-51,104987.293048,104987.293048,250.0,2575.30149,6.292169,SEA_PORT_TO_PORT,4055608.982697,UNSIGNED_CAPACITY_AND_TRADE_PLAN,TERRAIN_CONSTRAINED_PLANNING_ROUTE_NOT_SURVEYED,"{""routeId"": ""ROUTE-0185""}",False,ROUTE-0185
FLOW-0190,GRAIN,tonne,visual-territory-47,visual-territory-45,OP-47,OP-45,GATE-47,GATE-45,49761.596174,49761.596174,250.0,21688.627419,37.103006,MULTIMODAL_WITH_TRANSIT,16188910.787553,UNSIGNED_CAPACITY_AND_TRADE_PLAN,TERRAIN_CONSTRAINED_PLANNING_ROUTE_NOT_SURVEYED,"{""routeId"": ""ROUTE-0186""}",True,ROUTE-0186
FLOW-0191,GRAIN,tonne,visual-territory-47,visual-territory-51,OP-47,OP-51,GATE-47,GATE-51,18164.104528,18164.104528,250.0,2724.792328,6.541321,SEA_PORT_TO_PORT,742401.189882,UNSIGNED_CAPACITY_AND_TRADE_PLAN,TERRAIN_CONSTRAINED_PLANNING_ROUTE_NOT_SURVEYED,"{""routeId"": ""ROUTE-0187""}",False,ROUTE-0187
FLOW-0192,GRAIN,tonne,visual-territory-53,visual-territory-51,OP-53,OP-51,GATE-53,GATE-51,21772.051757,21772.051757,250.0,11641.177491,21.401962,SEA_PORT_TO_PORT,3801784.782719,UNSIGNED_CAPACITY_AND_TRADE_PLAN,TERRAIN_CONSTRAINED_PLANNING_ROUTE_NOT_SURVEYED,"{""routeId"": ""ROUTE-0188""}",False,ROUTE-0188
FLOW-0193,GRAIN,tonne,visual-territory-53,visual-territory-56,OP-53,OP-56,GATE-53,GATE-56,58901.227044,58901.227044,250.0,7921.4525,15.202421,SEA_PORT_TO_PORT,6998749.083156,UNSIGNED_CAPACITY_AND_TRADE_PLAN,TERRAIN_CONSTRAINED_PLANNING_ROUTE_NOT_SURVEYED,"{""routeId"": ""ROUTE-0189""}",False,ROUTE-0189
FLOW-0194,GRAIN,tonne,visual-territory-54,visual-territory-56,OP-54,OP-56,GATE-54,GATE-56,95972.722978,95972.722978,250.0,12496.345257,22.827242,SEA_PORT_TO_PORT,17989624.223144,UNSIGNED_CAPACITY_AND_TRADE_PLAN,TERRAIN_CONSTRAINED_PLANNING_ROUTE_NOT_SURVEYED,"{""routeId"": ""ROUTE-0190""}",False,ROUTE-0190
FLOW-0195,GRAIN,tonne,visual-territory-54,visual-territory-63,OP-54,OP-63,GATE-54,GATE-63,179220.844,179220.844,250.0,12739.493474,23.232489,SEA_PORT_TO_PORT,34247741.589297,UNSIGNED_CAPACITY_AND_TRADE_PLAN,TERRAIN_CONSTRAINED_PLANNING_ROUTE_NOT_SURVEYED,"{""routeId"": ""ROUTE-0191""}",False,ROUTE-0191
FLOW-0196,GRAIN,tonne,visual-territory-54,visual-territory-68,OP-54,OP-68,GATE-54,GATE-68,62699.476747,62699.476747,250.0,9607.547143,18.012579,SEA_PORT_TO_PORT,9035822.680261,UNSIGNED_CAPACITY_AND_TRADE_PLAN,TERRAIN_CONSTRAINED_PLANNING_ROUTE_NOT_SURVEYED,"{""routeId"": ""ROUTE-0192""}",False,ROUTE-0192
FLOW-0197,GRAIN,tonne,visual-territory-55,visual-territory-56,OP-55,OP-56,GATE-55,GATE-56,29633.909364,29633.909364,250.0,15003.709099,27.006182,SEA_PORT_TO_PORT,6669278.333294,UNSIGNED_CAPACITY_AND_TRADE_PLAN,TERRAIN_CONSTRAINED_PLANNING_ROUTE_NOT_SURVEYED,"{""routeId"": ""ROUTE-0193""}",False,ROUTE-0193
FLOW-0198,GRAIN,tonne,visual-territory-58,visual-territory-57,OP-58,OP-57,GATE-58,GATE-57,147399.011333,147399.011333,250.0,3934.081318,8.556802,SEA_PORT_TO_PORT,8698195.451964,UNSIGNED_CAPACITY_AND_TRADE_PLAN,TERRAIN_CONSTRAINED_PLANNING_ROUTE_NOT_SURVEYED,"{""routeId"": ""ROUTE-0131""}",False,ROUTE-0131
FLOW-0199,GRAIN,tonne,visual-territory-58,visual-territory-67,OP-58,OP-67,GATE-58,GATE-67,85930.505597,85930.505597,250.0,7780.787557,14.967979,SEA_PORT_TO_PORT,10029105.130726,UNSIGNED_CAPACITY_AND_TRADE_PLAN,TERRAIN_CONSTRAINED_PLANNING_ROUTE_NOT_SURVEYED,"{""routeId"": ""ROUTE-0194""}",False,ROUTE-0194
FLOW-0200,GRAIN,tonne,visual-territory-58,visual-territory-68,OP-58,OP-68,GATE-58,GATE-68,69260.167253,69260.167253,250.0,8315.097341,15.858496,SEA_PORT_TO_PORT,8638575.488102,UNSIGNED_CAPACITY_AND_TRADE_PLAN,TERRAIN_CONSTRAINED_PLANNING_ROUTE_NOT_SURVEYED,"{""routeId"": ""ROUTE-0195""}",False,ROUTE-0195
FLOW-0201,GRAIN,tonne,visual-territory-60,visual-territory-44,OP-60,OP-44,GATE-60,GATE-44,316.662047,316.662047,250.0,8011.826001,15.353043,SEA_PORT_TO_PORT,38055.618324,UNSIGNED_CAPACITY_AND_TRADE_PLAN,TERRAIN_CONSTRAINED_PLANNING_ROUTE_NOT_SURVEYED,"{""routeId"": ""ROUTE-0196""}",False,ROUTE-0196
FLOW-0202,GRAIN,tonne,visual-territory-60,visual-territory-48,OP-60,OP-48,GATE-60,GATE-48,85065.972,85065.972,250.0,3826.030969,8.376718,SEA_PORT_TO_PORT,4881975.649523,UNSIGNED_CAPACITY_AND_TRADE_PLAN,TERRAIN_CONSTRAINED_PLANNING_ROUTE_NOT_SURVEYED,"{""routeId"": ""ROUTE-0197""}",False,ROUTE-0197
FLOW-0203,GRAIN,tonne,visual-territory-60,visual-territory-62,OP-60,OP-62,GATE-60,GATE-62,136423.532,136423.532,250.0,3596.522811,7.994205,SEA_PORT_TO_PORT,7359755.172344,UNSIGNED_CAPACITY_AND_TRADE_PLAN,TERRAIN_CONSTRAINED_PLANNING_ROUTE_NOT_SURVEYED,"{""routeId"": ""ROUTE-0134""}",False,ROUTE-0134
FLOW-0204,GRAIN,tonne,visual-territory-60,visual-territory-69,OP-60,OP-69,GATE-60,GATE-69,89007.182667,89007.182667,250.0,4066.552637,8.777588,SEA_PORT_TO_PORT,5429285.900765,UNSIGNED_CAPACITY_AND_TRADE_PLAN,TERRAIN_CONSTRAINED_PLANNING_ROUTE_NOT_SURVEYED,"{""routeId"": ""ROUTE-0138""}",False,ROUTE-0138
FLOW-0205,GRAIN,tonne,visual-territory-61,visual-territory-49,OP-61,OP-49,GATE-61,GATE-49,75556.961421,75556.961421,250.0,17304.141336,30.840236,SEA_PORT_TO_PORT,19611725.090167,UNSIGNED_CAPACITY_AND_TRADE_PLAN,TERRAIN_CONSTRAINED_PLANNING_ROUTE_NOT_SURVEYED,"{""routeId"": ""ROUTE-0198""}",False,ROUTE-0198
FLOW-0206,GRAIN,tonne,visual-territory-61,visual-territory-50,OP-61,OP-50,GATE-61,GATE-50,133293.834,133293.834,250.0,18528.637995,32.881063,SEA_PORT_TO_PORT,37046297.957338,UNSIGNED_CAPACITY_AND_TRADE_PLAN,TERRAIN_CONSTRAINED_PLANNING_ROUTE_NOT_SURVEYED,"{""routeId"": ""ROUTE-0199""}",False,ROUTE-0199
FLOW-0207,GRAIN,tonne,visual-territory-64,visual-territory-40,OP-64,OP-40,GATE-64,GATE-40,72866.949747,72866.949747,250.0,10432.616392,18.123072,MULTIMODAL_WITH_TRANSIT,11402894.014992,UNSIGNED_CAPACITY_AND_TRADE_PLAN,TERRAIN_CONSTRAINED_PLANNING_ROUTE_NOT_SURVEYED,"{""routeId"": ""ROUTE-0200""}",True,ROUTE-0200
FLOW-0208,GRAIN,tonne,visual-territory-64,visual-territory-42,OP-64,OP-42,GATE-64,GATE-42,79200.428163,79200.428163,250.0,5395.733232,10.992889,SEA_PORT_TO_PORT,6410165.73301,UNSIGNED_CAPACITY_AND_TRADE_PLAN,TERRAIN_CONSTRAINED_PLANNING_ROUTE_NOT_SURVEYED,"{""routeId"": ""ROUTE-0201""}",False,ROUTE-0201
FLOW-0209,GRAIN,tonne,visual-territory-64,visual-territory-44,OP-64,OP-44,GATE-64,GATE-44,180443.219953,180443.219953,250.0,22452.116608,39.420194,SEA_PORT_TO_PORT,60769983.233052,UNSIGNED_CAPACITY_AND_TRADE_PLAN,TERRAIN_CONSTRAINED_PLANNING_ROUTE_NOT_SURVEYED,"{""routeId"": ""ROUTE-0202""}",False,ROUTE-0202
FLOW-0210,GRAIN,tonne,visual-territory-65,visual-territory-40,OP-65,OP-40,GATE-65,GATE-40,56512.975586,56512.975586,250.0,8871.087482,15.520524,MULTIMODAL_WITH_TRANSIT,7519973.254068,UNSIGNED_CAPACITY_AND_TRADE_PLAN,TERRAIN_CONSTRAINED_PLANNING_ROUTE_NOT_SURVEYED,"{""routeId"": ""ROUTE-0203""}",True,ROUTE-0203
FLOW-0211,GRAIN,tonne,visual-territory-65,visual-territory-45,OP-65,OP-45,GATE-65,GATE-45,103810.786492,103810.786492,250.0,23509.632114,40.138014,MULTIMODAL_WITH_TRANSIT,36608300.999061,UNSIGNED_CAPACITY_AND_TRADE_PLAN,TERRAIN_CONSTRAINED_PLANNING_ROUTE_NOT_SURVEYED,"{""routeId"": ""ROUTE-0204""}",True,ROUTE-0204
FLOW-0212,GRAIN,tonne,visual-territory-65,visual-territory-52,OP-65,OP-52,GATE-65,GATE-52,107977.648,107977.648,250.0,2278.294618,5.797158,SEA_PORT_TO_PORT,3690073.413969,UNSIGNED_CAPACITY_AND_TRADE_PLAN,TERRAIN_CONSTRAINED_PLANNING_ROUTE_NOT_SURVEYED,"{""routeId"": ""ROUTE-0205""}",False,ROUTE-0205
FLOW-0213,GRAIN,tonne,visual-territory-70,visual-territory-38,OP-70,OP-38,GATE-70,GATE-38,46282.78232,46282.78232,250.0,25704.210656,44.840351,SEA_PORT_TO_PORT,17844935.797705,UNSIGNED_CAPACITY_AND_TRADE_PLAN,TERRAIN_CONSTRAINED_PLANNING_ROUTE_NOT_SURVEYED,"{""routeId"": ""ROUTE-0206""}",False,ROUTE-0206
FLOW-0214,GRAIN,tonne,visual-territory-70,visual-territory-41,OP-70,OP-41,GATE-70,GATE-41,28732.610815,28732.610815,250.0,21268.651235,36.266657,MULTIMODAL_WITH_TRANSIT,9166558.177617,UNSIGNED_CAPACITY_AND_TRADE_PLAN,TERRAIN_CONSTRAINED_PLANNING_ROUTE_NOT_SURVEYED,"{""routeId"": ""ROUTE-0207""}",True,ROUTE-0207
FLOW-0215,IRON_ORE,tonne,visual-territory-09,visual-territory-20,OP-09,OP-20,GATE-09,GATE-20,23897.815614,23897.815614,110.0,8702.695261,15.528671,MULTIMODAL_WITH_TRANSIT,3119631.100453,UNSIGNED_CAPACITY_AND_TRADE_PLAN,TERRAIN_CONSTRAINED_PLANNING_ROUTE_NOT_SURVEYED,"{""routeId"": ""ROUTE-0208""}",True,ROUTE-0208
FLOW-0216,IRON_ORE,tonne,visual-territory-09,visual-territory-22,OP-09,OP-22,GATE-09,GATE-22,6437.263938,6437.263938,110.0,19907.92364,33.719373,MULTIMODAL_WITH_TRANSIT,1922288.383965,UNSIGNED_CAPACITY_AND_TRADE_PLAN,TERRAIN_CONSTRAINED_PLANNING_ROUTE_NOT_SURVEYED,"{""routeId"": ""ROUTE-0209""}",True,ROUTE-0209
FLOW-0217,IRON_ORE,tonne,visual-territory-17,visual-territory-20,OP-17,OP-20,GATE-17,GATE-20,8471.260222,8471.260222,110.0,2049.224783,4.439553,MULTIMODAL_WITH_TRANSIT,260392.745848,UNSIGNED_CAPACITY_AND_TRADE_PLAN,TERRAIN_CONSTRAINED_PLANNING_ROUTE_NOT_SURVEYED,"{""routeId"": ""ROUTE-0210""}",True,ROUTE-0210
FLOW-0218,IRON_ORE,tonne,visual-territory-18,visual-territory-27,OP-18,OP-27,GATE-18,GATE-27,6956.934456,6956.934456,110.0,9080.484691,17.134141,SEA_PORT_TO_PORT,947585.052328,UNSIGNED_CAPACITY_AND_TRADE_PLAN,TERRAIN_CONSTRAINED_PLANNING_ROUTE_NOT_SURVEYED,"{""routeId"": ""ROUTE-0211""}",False,ROUTE-0211
FLOW-0219,IRON_ORE,tonne,visual-territory-21,visual-territory-22,OP-21,OP-22,GATE-21,GATE-22,1092.248764,1092.248764,110.0,29700.366774,48.713699,MULTIMODAL_WITH_TRANSIT,486602.833488,UNSIGNED_CAPACITY_AND_TRADE_PLAN,TERRAIN_CONSTRAINED_PLANNING_ROUTE_NOT_SURVEYED,"{""routeId"": ""ROUTE-0212""}",True,ROUTE-0212
FLOW-0220,IRON_ORE,tonne,visual-territory-21,visual-territory-23,OP-21,OP-23,GATE-21,GATE-23,17358.637222,17358.637222,110.0,30384.366158,49.479928,MULTIMODAL_WITH_TRANSIT,7911467.840266,UNSIGNED_CAPACITY_AND_TRADE_PLAN,TERRAIN_CONSTRAINED_PLANNING_ROUTE_NOT_SURVEYED,"{""routeId"": ""ROUTE-0213""}",True,ROUTE-0213
FLOW-0221,IRON_ORE,tonne,visual-territory-21,visual-territory-32,OP-21,OP-32,GATE-21,GATE-32,30193.885793,30193.885793,110.0,28454.284553,48.097396,MULTIMODAL_WITH_TRANSIT,12887181.271501,UNSIGNED_CAPACITY_AND_TRADE_PLAN,TERRAIN_CONSTRAINED_PLANNING_ROUTE_NOT_SURVEYED,"{""routeId"": ""ROUTE-0214""}",True,ROUTE-0214
FLOW-0222,IRON_ORE,tonne,visual-territory-29,visual-territory-32,OP-29,OP-32,GATE-29,GATE-32,31091.620316,31091.620316,110.0,8424.173891,16.04029,SEA_PORT_TO_PORT,3928818.241551,UNSIGNED_CAPACITY_AND_TRADE_PLAN,TERRAIN_CONSTRAINED_PLANNING_ROUTE_NOT_SURVEYED,"{""routeId"": ""ROUTE-0215""}",False,ROUTE-0215
FLOW-0223,IRON_ORE,tonne,visual-territory-30,visual-territory-32,OP-30,OP-32,GATE-30,GATE-32,62275.535865,62275.535865,110.0,6019.165525,12.031943,SEA_PORT_TO_PORT,5622701.377478,UNSIGNED_CAPACITY_AND_TRADE_PLAN,TERRAIN_CONSTRAINED_PLANNING_ROUTE_NOT_SURVEYED,"{""routeId"": ""ROUTE-0216""}",False,ROUTE-0216
FLOW-0224,IRON_ORE,tonne,visual-territory-33,visual-territory-39,OP-33,OP-39,GATE-33,GATE-39,45740.787488,45740.787488,110.0,6093.191545,12.155319,SEA_PORT_TO_PORT,4180610.693979,UNSIGNED_CAPACITY_AND_TRADE_PLAN,TERRAIN_CONSTRAINED_PLANNING_ROUTE_NOT_SURVEYED,"{""routeId"": ""ROUTE-0217""}",False,ROUTE-0217
FLOW-0225,IRON_ORE,tonne,visual-territory-34,visual-territory-39,OP-34,OP-39,GATE-34,GATE-39,54943.609729,54943.609729,110.0,3159.068147,7.265114,SEA_PORT_TO_PORT,2603559.11095,UNSIGNED_CAPACITY_AND_TRADE_PLAN,TERRAIN_CONSTRAINED_PLANNING_ROUTE_NOT_SURVEYED,"{""routeId"": ""ROUTE-0183""}",False,ROUTE-0183
FLOW-0226,IRON_ORE,tonne,visual-territory-35,visual-territory-04,OP-35,OP-04,GATE-35,GATE-04,15708.458039,15708.458039,110.0,22846.021992,40.076703,SEA_PORT_TO_PORT,5383136.667395,UNSIGNED_CAPACITY_AND_TRADE_PLAN,TERRAIN_CONSTRAINED_PLANNING_ROUTE_NOT_SURVEYED,"{""routeId"": ""ROUTE-0218""}",False,ROUTE-0218
FLOW-0227,IRON_ORE,tonne,visual-territory-35,visual-territory-20,OP-35,OP-20,GATE-35,GATE-20,33931.970815,33931.970815,110.0,24065.738918,41.133744,MULTIMODAL_WITH_TRANSIT,12248969.259167,UNSIGNED_CAPACITY_AND_TRADE_PLAN,TERRAIN_CONSTRAINED_PLANNING_ROUTE_NOT_SURVEYED,"{""routeId"": ""ROUTE-0219""}",True,ROUTE-0219
FLOW-0228,IRON_ORE,tonne,visual-territory-37,visual-territory-04,OP-37,OP-04,GATE-37,GATE-04,3396.897507,3396.897507,110.0,19504.334948,34.507225,SEA_PORT_TO_PORT,993813.401405,UNSIGNED_CAPACITY_AND_TRADE_PLAN,TERRAIN_CONSTRAINED_PLANNING_ROUTE_NOT_SURVEYED,"{""routeId"": ""ROUTE-0220""}",False,ROUTE-0220
FLOW-0229,IRON_ORE,tonne,visual-territory-37,visual-territory-13,OP-37,OP-13,GATE-37,GATE-13,14496.936869,14496.936869,110.0,18802.003164,32.255775,MULTIMODAL_WITH_TRANSIT,4088571.793242,UNSIGNED_CAPACITY_AND_TRADE_PLAN,TERRAIN_CONSTRAINED_PLANNING_ROUTE_NOT_SURVEYED,"{""routeId"": ""ROUTE-0221""}",True,ROUTE-0221
FLOW-0230,IRON_ORE,tonne,visual-territory-37,visual-territory-14,OP-37,OP-14,GATE-37,GATE-14,13716.500824,13716.500824,110.0,30395.063694,52.658439,SEA_PORT_TO_PORT,6253708.742977,UNSIGNED_CAPACITY_AND_TRADE_PLAN,TERRAIN_CONSTRAINED_PLANNING_ROUTE_NOT_SURVEYED,"{""routeId"": ""ROUTE-0222""}",False,ROUTE-0222
FLOW-0231,IRON_ORE,tonne,visual-territory-38,visual-territory-39,OP-38,OP-39,GATE-38,GATE-39,79980.434546,79980.434546,110.0,5822.023923,11.703373,SEA_PORT_TO_PORT,6984720.049104,UNSIGNED_CAPACITY_AND_TRADE_PLAN,TERRAIN_CONSTRAINED_PLANNING_ROUTE_NOT_SURVEYED,"{""routeId"": ""ROUTE-0223""}",False,ROUTE-0223
FLOW-0232,IRON_ORE,tonne,visual-territory-41,visual-territory-20,OP-41,OP-20,GATE-41,GATE-20,79711.707004,79711.707004,110.0,29344.993659,48.751407,MULTIMODAL_WITH_TRANSIT,35087093.048649,UNSIGNED_CAPACITY_AND_TRADE_PLAN,TERRAIN_CONSTRAINED_PLANNING_ROUTE_NOT_SURVEYED,"{""routeId"": ""ROUTE-0224""}",True,ROUTE-0224
FLOW-0233,IRON_ORE,tonne,visual-territory-41,visual-territory-25,OP-41,OP-25,GATE-41,GATE-25,901.790637,901.790637,110.0,28910.868981,49.003687,MULTIMODAL_WITH_TRANSIT,391073.264321,UNSIGNED_CAPACITY_AND_TRADE_PLAN,TERRAIN_CONSTRAINED_PLANNING_ROUTE_NOT_SURVEYED,"{""routeId"": ""ROUTE-0225""}",True,ROUTE-0225
FLOW-0234,IRON_ORE,tonne,visual-territory-41,visual-territory-27,OP-41,OP-27,GATE-41,GATE-27,49345.284233,49345.284233,110.0,34434.137921,58.209135,MULTIMODAL_WITH_TRANSIT,25487434.845737,UNSIGNED_CAPACITY_AND_TRADE_PLAN,TERRAIN_CONSTRAINED_PLANNING_ROUTE_NOT_SURVEYED,"{""routeId"": ""ROUTE-0226""}",True,ROUTE-0226
FLOW-0235,IRON_ORE,tonne,visual-territory-41,visual-territory-57,OP-41,OP-57,GATE-41,GATE-57,19304.182031,19304.182031,110.0,25266.998666,42.93057,MULTIMODAL_WITH_TRANSIT,7316381.124441,UNSIGNED_CAPACITY_AND_TRADE_PLAN,TERRAIN_CONSTRAINED_PLANNING_ROUTE_NOT_SURVEYED,"{""routeId"": ""ROUTE-0227""}",True,ROUTE-0227
FLOW-0236,IRON_ORE,tonne,visual-territory-41,visual-territory-68,OP-41,OP-68,GATE-41,GATE-68,4698.939003,4698.939003,110.0,21963.492226,37.424726,MULTIMODAL_WITH_TRANSIT,1548076.653962,UNSIGNED_CAPACITY_AND_TRADE_PLAN,TERRAIN_CONSTRAINED_PLANNING_ROUTE_NOT_SURVEYED,"{""routeId"": ""ROUTE-0228""}",True,ROUTE-0228
FLOW-0237,IRON_ORE,tonne,visual-territory-42,visual-territory-20,OP-42,OP-20,GATE-42,GATE-20,12708.194715,12708.194715,110.0,19782.104555,33.994353,MULTIMODAL_WITH_TRANSIT,3770922.548338,UNSIGNED_CAPACITY_AND_TRADE_PLAN,TERRAIN_CONSTRAINED_PLANNING_ROUTE_NOT_SURVEYED,"{""routeId"": ""ROUTE-0229""}",True,ROUTE-0229
FLOW-0238,IRON_ORE,tonne,visual-territory-43,visual-territory-20,OP-43,OP-20,GATE-43,GATE-20,3006.004349,3006.004349,110.0,21484.63116,36.831897,MULTIMODAL_WITH_TRANSIT,968743.420569,UNSIGNED_CAPACITY_AND_TRADE_PLAN,TERRAIN_CONSTRAINED_PLANNING_ROUTE_NOT_SURVEYED,"{""routeId"": ""ROUTE-0230""}",True,ROUTE-0230
FLOW-0239,IRON_ORE,tonne,visual-territory-44,visual-territory-39,OP-44,OP-39,GATE-44,GATE-39,48179.570421,48179.570421,110.0,8338.905462,15.898176,SEA_PORT_TO_PORT,6026473.244149,UNSIGNED_CAPACITY_AND_TRADE_PLAN,TERRAIN_CONSTRAINED_PLANNING_ROUTE_NOT_SURVEYED,"{""routeId"": ""ROUTE-0231""}",False,ROUTE-0231
FLOW-0240,IRON_ORE,tonne,visual-territory-44,visual-territory-45,OP-44,OP-45,GATE-44,GATE-45,28273.111042,28273.111042,110.0,9146.321539,16.199163,MULTIMODAL_WITH_TRANSIT,3878924.467664,UNSIGNED_CAPACITY_AND_TRADE_PLAN,TERRAIN_CONSTRAINED_PLANNING_ROUTE_NOT_SURVEYED,"{""routeId"": ""ROUTE-0232""}",True,ROUTE-0232
FLOW-0241,IRON_ORE,tonne,visual-territory-44,visual-territory-68,OP-44,OP-68,GATE-44,GATE-68,38006.157076,38006.157076,110.0,18058.515069,32.097525,SEA_PORT_TO_PORT,10295021.403898,UNSIGNED_CAPACITY_AND_TRADE_PLAN,TERRAIN_CONSTRAINED_PLANNING_ROUTE_NOT_SURVEYED,"{""routeId"": ""ROUTE-0233""}",False,ROUTE-0233
FLOW-0242,IRON_ORE,tonne,visual-territory-48,visual-territory-68,OP-48,OP-68,GATE-48,GATE-68,11124.344523,11124.344523,110.0,13872.720037,25.1212,SEA_PORT_TO_PORT,2314873.757459,UNSIGNED_CAPACITY_AND_TRADE_PLAN,TERRAIN_CONSTRAINED_PLANNING_ROUTE_NOT_SURVEYED,"{""routeId"": ""ROUTE-0234""}",False,ROUTE-0234
FLOW-0243,IRON_ORE,tonne,visual-territory-48,visual-territory-69,OP-48,OP-69,GATE-48,GATE-69,57248.421026,57248.421026,110.0,6910.052254,13.516754,SEA_PORT_TO_PORT,5933843.711382,UNSIGNED_CAPACITY_AND_TRADE_PLAN,TERRAIN_CONSTRAINED_PLANNING_ROUTE_NOT_SURVEYED,"{""routeId"": ""ROUTE-0235""}",False,ROUTE-0235
FLOW-0244,IRON_ORE,tonne,visual-territory-49,visual-territory-68,OP-49,OP-68,GATE-49,GATE-68,100056.621122,100056.621122,110.0,14815.707339,26.692846,SEA_PORT_TO_PORT,22236144.238269,UNSIGNED_CAPACITY_AND_TRADE_PLAN,TERRAIN_CONSTRAINED_PLANNING_ROUTE_NOT_SURVEYED,"{""routeId"": ""ROUTE-0236""}",False,ROUTE-0236
FLOW-0245,IRON_ORE,tonne,visual-territory-51,visual-territory-68,OP-51,OP-68,GATE-51,GATE-68,50551.814623,50551.814623,110.0,6335.487528,12.559146,SEA_PORT_TO_PORT,4804055.865683,UNSIGNED_CAPACITY_AND_TRADE_PLAN,TERRAIN_CONSTRAINED_PLANNING_ROUTE_NOT_SURVEYED,"{""routeId"": ""ROUTE-0237""}",False,ROUTE-0237
FLOW-0246,IRON_ORE,tonne,visual-territory-52,visual-territory-26,OP-52,OP-26,GATE-52,GATE-26,35632.360985,35632.360985,110.0,17520.304224,31.200507,SEA_PORT_TO_PORT,9364347.070035,UNSIGNED_CAPACITY_AND_TRADE_PLAN,TERRAIN_CONSTRAINED_PLANNING_ROUTE_NOT_SURVEYED,"{""routeId"": ""ROUTE-0238""}",False,ROUTE-0238
FLOW-0247,IRON_ORE,tonne,visual-territory-52,visual-territory-27,OP-52,OP-27,GATE-52,GATE-27,74994.511915,74994.511915,110.0,20019.200079,35.365333,SEA_PORT_TO_PORT,22519952.082371,UNSIGNED_CAPACITY_AND_TRADE_PLAN,TERRAIN_CONSTRAINED_PLANNING_ROUTE_NOT_SURVEYED,"{""routeId"": ""ROUTE-0239""}",False,ROUTE-0239
FLOW-0248,IRON_ORE,tonne,visual-territory-58,visual-territory-27,OP-58,OP-27,GATE-58,GATE-27,83653.082165,83653.082165,110.0,10173.941993,18.95657,SEA_PORT_TO_PORT,12766224.082562,UNSIGNED_CAPACITY_AND_TRADE_PLAN,TERRAIN_CONSTRAINED_PLANNING_ROUTE_NOT_SURVEYED,"{""routeId"": ""ROUTE-0126""}",False,ROUTE-0126
FLOW-0249,IRON_ORE,tonne,visual-territory-59,visual-territory-25,OP-59,OP-25,GATE-59,GATE-25,12492.093264,12492.093264,110.0,6568.822589,12.948038,SEA_PORT_TO_PORT,1230875.166175,UNSIGNED_CAPACITY_AND_TRADE_PLAN,TERRAIN_CONSTRAINED_PLANNING_ROUTE_NOT_SURVEYED,"{""routeId"": ""ROUTE-0240""}",False,ROUTE-0240
FLOW-0250,IRON_ORE,tonne,visual-territory-62,visual-territory-63,OP-62,OP-63,GATE-62,GATE-63,42170.286671,42170.286671,110.0,6893.909592,13.489849,SEA_PORT_TO_PORT,4360772.15664,UNSIGNED_CAPACITY_AND_TRADE_PLAN,TERRAIN_CONSTRAINED_PLANNING_ROUTE_NOT_SURVEYED,"{""routeId"": ""ROUTE-0241""}",False,ROUTE-0241
FLOW-0251,IRON_ORE,tonne,visual-territory-62,visual-territory-69,OP-62,OP-69,GATE-62,GATE-69,81118.487787,81118.487787,110.0,4156.738479,8.927897,SEA_PORT_TO_PORT,5057825.092817,UNSIGNED_CAPACITY_AND_TRADE_PLAN,TERRAIN_CONSTRAINED_PLANNING_ROUTE_NOT_SURVEYED,"{""routeId"": ""ROUTE-0242""}",False,ROUTE-0242
FLOW-0252,COPPER,tonne,visual-territory-01,visual-territory-03,OP-01,OP-03,GATE-01,GATE-03,25.489005,25.489005,8000.0,6709.624885,13.182708,SEA_PORT_TO_PORT,2565.324934,UNSIGNED_CAPACITY_AND_TRADE_PLAN,TERRAIN_CONSTRAINED_PLANNING_ROUTE_NOT_SURVEYED,"{""routeId"": ""ROUTE-0243""}",False,ROUTE-0243
FLOW-0253,COPPER,tonne,visual-territory-01,visual-territory-07,OP-01,OP-07,GATE-01,GATE-07,16.685997,16.685997,8000.0,10196.329949,18.993883,SEA_PORT_TO_PORT,2552.038964,UNSIGNED_CAPACITY_AND_TRADE_PLAN,TERRAIN_CONSTRAINED_PLANNING_ROUTE_NOT_SURVEYED,"{""routeId"": ""ROUTE-0244""}",False,ROUTE-0244
FLOW-0254,COPPER,tonne,visual-territory-01,visual-territory-08,OP-01,OP-08,GATE-01,GATE-08,17.605304,17.605304,8000.0,8065.313607,15.442189,SEA_PORT_TO_PORT,2129.884469,UNSIGNED_CAPACITY_AND_TRADE_PLAN,TERRAIN_CONSTRAINED_PLANNING_ROUTE_NOT_SURVEYED,"{""routeId"": ""ROUTE-0245""}",False,ROUTE-0245
FLOW-0255,COPPER,tonne,visual-territory-01,visual-territory-15,OP-01,OP-15,GATE-01,GATE-15,70.538841,70.538841,8000.0,10377.074391,19.295124,SEA_PORT_TO_PORT,10979.802007,UNSIGNED_CAPACITY_AND_TRADE_PLAN,TERRAIN_CONSTRAINED_PLANNING_ROUTE_NOT_SURVEYED,"{""routeId"": ""ROUTE-0246""}",False,ROUTE-0246
FLOW-0256,COPPER,tonne,visual-territory-01,visual-territory-16,OP-01,OP-16,GATE-01,GATE-16,71.821196,71.821196,8000.0,8457.431091,16.095718,SEA_PORT_TO_PORT,9111.342241,UNSIGNED_CAPACITY_AND_TRADE_PLAN,TERRAIN_CONSTRAINED_PLANNING_ROUTE_NOT_SURVEYED,"{""routeId"": ""ROUTE-0247""}",False,ROUTE-0247
FLOW-0257,COPPER,tonne,visual-territory-01,visual-territory-24,OP-01,OP-24,GATE-01,GATE-24,187.670801,187.670801,8000.0,12703.081191,23.171802,SEA_PORT_TO_PORT,35759.961335,UNSIGNED_CAPACITY_AND_TRADE_PLAN,TERRAIN_CONSTRAINED_PLANNING_ROUTE_NOT_SURVEYED,"{""routeId"": ""ROUTE-0248""}",False,ROUTE-0248
FLOW-0258,COPPER,tonne,visual-territory-10,visual-territory-54,OP-10,OP-54,GATE-10,GATE-54,25.619802,25.619802,8000.0,6038.302393,12.063837,SEA_PORT_TO_PORT,2320.501676,UNSIGNED_CAPACITY_AND_TRADE_PLAN,TERRAIN_CONSTRAINED_PLANNING_ROUTE_NOT_SURVEYED,"{""routeId"": ""ROUTE-0249""}",False,ROUTE-0249
FLOW-0259,COPPER,tonne,visual-territory-10,visual-territory-55,OP-10,OP-55,GATE-10,GATE-55,12.919292,12.919292,8000.0,3825.134461,8.375224,SEA_PORT_TO_PORT,741.270436,UNSIGNED_CAPACITY_AND_TRADE_PLAN,TERRAIN_CONSTRAINED_PLANNING_ROUTE_NOT_SURVEYED,"{""routeId"": ""ROUTE-0250""}",False,ROUTE-0250
FLOW-0260,COPPER,tonne,visual-territory-10,visual-territory-56,OP-10,OP-56,GATE-10,GATE-56,357.741078,357.741078,8000.0,16208.815905,29.014693,SEA_PORT_TO_PORT,86978.389122,UNSIGNED_CAPACITY_AND_TRADE_PLAN,TERRAIN_CONSTRAINED_PLANNING_ROUTE_NOT_SURVEYED,"{""routeId"": ""ROUTE-0251""}",False,ROUTE-0251
FLOW-0261,COPPER,tonne,visual-territory-10,visual-territory-64,OP-10,OP-64,GATE-10,GATE-64,32.512204,32.512204,8000.0,12611.989733,23.019983,SEA_PORT_TO_PORT,6150.653746,UNSIGNED_CAPACITY_AND_TRADE_PLAN,TERRAIN_CONSTRAINED_PLANNING_ROUTE_NOT_SURVEYED,"{""routeId"": ""ROUTE-0252""}",False,ROUTE-0252
FLOW-0262,COPPER,tonne,visual-territory-10,visual-territory-65,OP-10,OP-65,GATE-10,GATE-65,10.329928,10.329928,8000.0,13716.915674,24.861526,SEA_PORT_TO_PORT,2125.421269,UNSIGNED_CAPACITY_AND_TRADE_PLAN,TERRAIN_CONSTRAINED_PLANNING_ROUTE_NOT_SURVEYED,"{""routeId"": ""ROUTE-0253""}",False,ROUTE-0253
FLOW-0263,COPPER,tonne,visual-territory-10,visual-territory-66,OP-10,OP-66,GATE-10,GATE-66,28.630366,28.630366,8000.0,4788.180627,9.980301,SEA_PORT_TO_PORT,2056.310457,UNSIGNED_CAPACITY_AND_TRADE_PLAN,TERRAIN_CONSTRAINED_PLANNING_ROUTE_NOT_SURVEYED,"{""routeId"": ""ROUTE-0006""}",False,ROUTE-0006
FLOW-0264,COPPER,tonne,visual-territory-11,visual-territory-12,OP-11,OP-12,GATE-11,GATE-12,219.974055,219.974055,8000.0,1624.254319,4.707091,SEA_PORT_TO_PORT,5359.407134,UNSIGNED_CAPACITY_AND_TRADE_PLAN,TERRAIN_CONSTRAINED_PLANNING_ROUTE_NOT_SURVEYED,"{""routeId"": ""ROUTE-0254""}",False,ROUTE-0254
FLOW-0265,COPPER,tonne,visual-territory-11,visual-territory-19,OP-11,OP-19,GATE-11,GATE-19,9.226743,9.226743,8000.0,9271.683249,17.452805,SEA_PORT_TO_PORT,1283.211578,UNSIGNED_CAPACITY_AND_TRADE_PLAN,TERRAIN_CONSTRAINED_PLANNING_ROUTE_NOT_SURVEYED,"{""routeId"": ""ROUTE-0255""}",False,ROUTE-0255
FLOW-0266,COPPER,tonne,visual-territory-11,visual-territory-56,OP-11,OP-56,GATE-11,GATE-56,30.47306,30.47306,8000.0,19732.913251,34.888189,SEA_PORT_TO_PORT,9019.833742,UNSIGNED_CAPACITY_AND_TRADE_PLAN,TERRAIN_CONSTRAINED_PLANNING_ROUTE_NOT_SURVEYED,"{""routeId"": ""ROUTE-0256""}",False,ROUTE-0256
FLOW-0267,COPPER,tonne,visual-territory-11,visual-territory-57,OP-11,OP-57,GATE-11,GATE-57,21.361328,21.361328,8000.0,15759.23815,28.265397,SEA_PORT_TO_PORT,5049.573827,UNSIGNED_CAPACITY_AND_TRADE_PLAN,TERRAIN_CONSTRAINED_PLANNING_ROUTE_NOT_SURVEYED,"{""routeId"": ""ROUTE-0257""}",False,ROUTE-0257
FLOW-0268,COPPER,tonne,visual-territory-11,visual-territory-59,OP-11,OP-59,GATE-11,GATE-59,7.052521,7.052521,8000.0,17088.051148,30.480085,SEA_PORT_TO_PORT,1807.707594,UNSIGNED_CAPACITY_AND_TRADE_PLAN,TERRAIN_CONSTRAINED_PLANNING_ROUTE_NOT_SURVEYED,"{""routeId"": ""ROUTE-0258""}",False,ROUTE-0258
FLOW-0269,COPPER,tonne,visual-territory-11,visual-territory-67,OP-11,OP-67,GATE-11,GATE-67,47.603458,47.603458,8000.0,19605.944389,34.676574,SEA_PORT_TO_PORT,13999.661254,UNSIGNED_CAPACITY_AND_TRADE_PLAN,TERRAIN_CONSTRAINED_PLANNING_ROUTE_NOT_SURVEYED,"{""routeId"": ""ROUTE-0259""}",False,ROUTE-0259
FLOW-0270,COPPER,tonne,visual-territory-13,visual-territory-17,OP-13,OP-17,GATE-13,GATE-17,14.052268,14.052268,8000.0,15406.349543,26.596352,MULTIMODAL_WITH_TRANSIT,3247.41229,UNSIGNED_CAPACITY_AND_TRADE_PLAN,TERRAIN_CONSTRAINED_PLANNING_ROUTE_NOT_SURVEYED,"{""routeId"": ""ROUTE-0260""}",True,ROUTE-0260
FLOW-0271,COPPER,tonne,visual-territory-13,visual-territory-23,OP-13,OP-23,GATE-13,GATE-23,96.122233,96.122233,8000.0,29344.802088,47.992836,MULTIMODAL_WITH_TRANSIT,42310.318555,UNSIGNED_CAPACITY_AND_TRADE_PLAN,TERRAIN_CONSTRAINED_PLANNING_ROUTE_NOT_SURVEYED,"{""routeId"": ""ROUTE-0261""}",True,ROUTE-0261
FLOW-0272,COPPER,tonne,visual-territory-13,visual-territory-24,OP-13,OP-24,GATE-13,GATE-24,19.705891,19.705891,8000.0,25492.834231,43.40716,MULTIMODAL_WITH_TRANSIT,7535.38519,UNSIGNED_CAPACITY_AND_TRADE_PLAN,TERRAIN_CONSTRAINED_PLANNING_ROUTE_NOT_SURVEYED,"{""routeId"": ""ROUTE-0262""}",True,ROUTE-0262
FLOW-0273,COPPER,tonne,visual-territory-13,visual-territory-28,OP-13,OP-28,GATE-13,GATE-28,21.876533,21.876533,8000.0,23776.978172,40.5474,MULTIMODAL_WITH_TRANSIT,7802.367714,UNSIGNED_CAPACITY_AND_TRADE_PLAN,TERRAIN_CONSTRAINED_PLANNING_ROUTE_NOT_SURVEYED,"{""routeId"": ""ROUTE-0263""}",True,ROUTE-0263
FLOW-0274,COPPER,tonne,visual-territory-13,visual-territory-31,OP-13,OP-31,GATE-13,GATE-31,51.304821,51.304821,8000.0,29052.790266,49.34042,MULTIMODAL_WITH_TRANSIT,22358.223062,UNSIGNED_CAPACITY_AND_TRADE_PLAN,TERRAIN_CONSTRAINED_PLANNING_ROUTE_NOT_SURVEYED,"{""routeId"": ""ROUTE-0264""}",True,ROUTE-0264
FLOW-0275,COPPER,tonne,visual-territory-13,visual-territory-67,OP-13,OP-67,GATE-13,GATE-67,51.218617,51.218617,8000.0,21351.845271,36.505511,MULTIMODAL_WITH_TRANSIT,16404.179778,UNSIGNED_CAPACITY_AND_TRADE_PLAN,TERRAIN_CONSTRAINED_PLANNING_ROUTE_NOT_SURVEYED,"{""routeId"": ""ROUTE-0265""}",True,ROUTE-0265
FLOW-0276,COPPER,tonne,visual-territory-43,visual-territory-36,OP-43,OP-36,GATE-43,GATE-36,24.147091,24.147091,8000.0,5272.115259,10.786859,SEA_PORT_TO_PORT,1909.593704,UNSIGNED_CAPACITY_AND_TRADE_PLAN,TERRAIN_CONSTRAINED_PLANNING_ROUTE_NOT_SURVEYED,"{""routeId"": ""ROUTE-0266""}",False,ROUTE-0266
FLOW-0277,COPPER,tonne,visual-territory-43,visual-territory-40,OP-43,OP-40,GATE-43,GATE-40,131.004935,131.004935,8000.0,12118.279765,20.932511,MULTIMODAL_WITH_TRANSIT,23813.316794,UNSIGNED_CAPACITY_AND_TRADE_PLAN,TERRAIN_CONSTRAINED_PLANNING_ROUTE_NOT_SURVEYED,"{""routeId"": ""ROUTE-0267""}",True,ROUTE-0267
FLOW-0278,COPPER,tonne,visual-territory-43,visual-territory-42,OP-43,OP-42,GATE-43,GATE-42,12.201452,12.201452,8000.0,2479.039327,6.131732,SEA_PORT_TO_PORT,453.71819,UNSIGNED_CAPACITY_AND_TRADE_PLAN,TERRAIN_CONSTRAINED_PLANNING_ROUTE_NOT_SURVEYED,"{""routeId"": ""ROUTE-0268""}",False,ROUTE-0268
FLOW-0279,COPPER,tonne,visual-territory-43,visual-territory-44,OP-43,OP-44,GATE-43,GATE-44,48.189206,48.189206,8000.0,18989.300506,33.648834,SEA_PORT_TO_PORT,13726.189709,UNSIGNED_CAPACITY_AND_TRADE_PLAN,TERRAIN_CONSTRAINED_PLANNING_ROUTE_NOT_SURVEYED,"{""routeId"": ""ROUTE-0269""}",False,ROUTE-0269
FLOW-0280,COPPER,tonne,visual-territory-43,visual-territory-46,OP-43,OP-46,GATE-43,GATE-46,19.457867,19.457867,8000.0,9462.573547,17.770956,SEA_PORT_TO_PORT,2761.822463,UNSIGNED_CAPACITY_AND_TRADE_PLAN,TERRAIN_CONSTRAINED_PLANNING_ROUTE_NOT_SURVEYED,"{""routeId"": ""ROUTE-0270""}",False,ROUTE-0270
FLOW-0281,COPPER,tonne,visual-territory-43,visual-territory-49,OP-43,OP-49,GATE-43,GATE-49,14.410502,14.410502,8000.0,24535.497002,42.892495,SEA_PORT_TO_PORT,5303.532429,UNSIGNED_CAPACITY_AND_TRADE_PLAN,TERRAIN_CONSTRAINED_PLANNING_ROUTE_NOT_SURVEYED,"{""routeId"": ""ROUTE-0271""}",False,ROUTE-0271
FLOW-0282,COPPER,tonne,visual-territory-43,visual-territory-50,OP-43,OP-50,GATE-43,GATE-50,2.648555,2.648555,8000.0,25787.437684,44.979063,SEA_PORT_TO_PORT,1024.491705,UNSIGNED_CAPACITY_AND_TRADE_PLAN,TERRAIN_CONSTRAINED_PLANNING_ROUTE_NOT_SURVEYED,"{""routeId"": ""ROUTE-0272""}",False,ROUTE-0272
FLOW-0283,COPPER,tonne,visual-territory-43,visual-territory-51,OP-43,OP-51,GATE-43,GATE-51,22.051169,22.051169,8000.0,9753.366474,18.255611,SEA_PORT_TO_PORT,3226.096987,UNSIGNED_CAPACITY_AND_TRADE_PLAN,TERRAIN_CONSTRAINED_PLANNING_ROUTE_NOT_SURVEYED,"{""routeId"": ""ROUTE-0273""}",False,ROUTE-0273
FLOW-0284,COPPER,tonne,visual-territory-43,visual-territory-52,OP-43,OP-52,GATE-43,GATE-52,82.505006,82.505006,8000.0,4236.574911,9.060958,SEA_PORT_TO_PORT,5243.079577,UNSIGNED_CAPACITY_AND_TRADE_PLAN,TERRAIN_CONSTRAINED_PLANNING_ROUTE_NOT_SURVEYED,"{""routeId"": ""ROUTE-0274""}",False,ROUTE-0274
FLOW-0285,COPPER,tonne,visual-territory-43,visual-territory-61,OP-43,OP-61,GATE-43,GATE-61,61.976116,61.976116,8000.0,10860.249944,20.100417,SEA_PORT_TO_PORT,10096.141654,UNSIGNED_CAPACITY_AND_TRADE_PLAN,TERRAIN_CONSTRAINED_PLANNING_ROUTE_NOT_SURVEYED,"{""routeId"": ""ROUTE-0275""}",False,ROUTE-0275
FLOW-0286,COPPER,tonne,visual-territory-43,visual-territory-65,OP-43,OP-65,GATE-43,GATE-65,68.97225,68.97225,8000.0,5536.730927,11.227885,SEA_PORT_TO_PORT,5728.211845,UNSIGNED_CAPACITY_AND_TRADE_PLAN,TERRAIN_CONSTRAINED_PLANNING_ROUTE_NOT_SURVEYED,"{""routeId"": ""ROUTE-0276""}",False,ROUTE-0276
FLOW-0287,LITHIUM,tonne LCE,visual-territory-18,visual-territory-36,OP-18,OP-36,GATE-18,GATE-36,14.398804,14.398804,15000.0,20661.721771,36.436203,SEA_PORT_TO_PORT,4462.561231,UNSIGNED_CAPACITY_AND_TRADE_PLAN,TERRAIN_CONSTRAINED_PLANNING_ROUTE_NOT_SURVEYED,"{""routeId"": ""ROUTE-0277""}",False,ROUTE-0277
FLOW-0288,LITHIUM,tonne LCE,visual-territory-18,visual-territory-56,OP-18,OP-56,GATE-18,GATE-56,67.361168,67.361168,15000.0,13573.701159,24.622835,SEA_PORT_TO_PORT,13715.105463,UNSIGNED_CAPACITY_AND_TRADE_PLAN,TERRAIN_CONSTRAINED_PLANNING_ROUTE_NOT_SURVEYED,"{""routeId"": ""ROUTE-0278""}",False,ROUTE-0278
FLOW-0289,LITHIUM,tonne LCE,visual-territory-18,visual-territory-65,OP-18,OP-65,GATE-18,GATE-65,59.476633,59.476633,15000.0,15944.981937,28.57497,SEA_PORT_TO_PORT,14225.307583,UNSIGNED_CAPACITY_AND_TRADE_PLAN,TERRAIN_CONSTRAINED_PLANNING_ROUTE_NOT_SURVEYED,"{""routeId"": ""ROUTE-0279""}",False,ROUTE-0279
FLOW-0290,LITHIUM,tonne LCE,visual-territory-20,visual-territory-10,OP-20,OP-10,GATE-20,GATE-10,42.190477,42.190477,15000.0,10534.972137,18.582466,MULTIMODAL_WITH_TRANSIT,6667.132495,UNSIGNED_CAPACITY_AND_TRADE_PLAN,TERRAIN_CONSTRAINED_PLANNING_ROUTE_NOT_SURVEYED,"{""routeId"": ""ROUTE-0280""}",True,ROUTE-0280
FLOW-0291,LITHIUM,tonne LCE,visual-territory-20,visual-territory-12,OP-20,OP-12,GATE-20,GATE-12,57.709517,57.709517,15000.0,15185.689899,26.333662,MULTIMODAL_WITH_TRANSIT,13145.382441,UNSIGNED_CAPACITY_AND_TRADE_PLAN,TERRAIN_CONSTRAINED_PLANNING_ROUTE_NOT_SURVEYED,"{""routeId"": ""ROUTE-0281""}",True,ROUTE-0281
FLOW-0292,LITHIUM,tonne LCE,visual-territory-20,visual-territory-23,OP-20,OP-23,GATE-20,GATE-23,37.625097,37.625097,15000.0,27355.36455,44.782183,MULTIMODAL_WITH_TRANSIT,15438.72367,UNSIGNED_CAPACITY_AND_TRADE_PLAN,TERRAIN_CONSTRAINED_PLANNING_ROUTE_NOT_SURVEYED,"{""routeId"": ""ROUTE-0282""}",True,ROUTE-0282
FLOW-0293,LITHIUM,tonne LCE,visual-territory-20,visual-territory-36,OP-20,OP-36,GATE-20,GATE-36,3.711514,3.711514,15000.0,22580.249372,38.657928,MULTIMODAL_WITH_TRANSIT,1257.103675,UNSIGNED_CAPACITY_AND_TRADE_PLAN,TERRAIN_CONSTRAINED_PLANNING_ROUTE_NOT_SURVEYED,"{""routeId"": ""ROUTE-0283""}",True,ROUTE-0283
FLOW-0294,LITHIUM,tonne LCE,visual-territory-31,visual-territory-15,OP-31,OP-15,GATE-31,GATE-15,52.904131,52.904131,15000.0,14038.097257,25.396829,SEA_PORT_TO_PORT,11140.100044,UNSIGNED_CAPACITY_AND_TRADE_PLAN,TERRAIN_CONSTRAINED_PLANNING_ROUTE_NOT_SURVEYED,"{""routeId"": ""ROUTE-0284""}",False,ROUTE-0284
FLOW-0295,LITHIUM,tonne LCE,visual-territory-31,visual-territory-16,OP-31,OP-16,GATE-31,GATE-16,53.865897,53.865897,15000.0,11732.287249,21.553812,SEA_PORT_TO_PORT,9479.552648,UNSIGNED_CAPACITY_AND_TRADE_PLAN,TERRAIN_CONSTRAINED_PLANNING_ROUTE_NOT_SURVEYED,"{""routeId"": ""ROUTE-0285""}",False,ROUTE-0285
FLOW-0296,LITHIUM,tonne LCE,visual-territory-31,visual-territory-23,OP-31,OP-23,GATE-31,GATE-23,34.466578,34.466578,15000.0,11348.574587,19.080021,MULTIMODAL_WITH_TRANSIT,5867.197968,UNSIGNED_CAPACITY_AND_TRADE_PLAN,TERRAIN_CONSTRAINED_PLANNING_ROUTE_NOT_SURVEYED,"{""routeId"": ""ROUTE-0286""}",True,ROUTE-0286
FLOW-0297,STEEL,tonne,visual-territory-17,visual-territory-09,OP-17,OP-09,GATE-17,GATE-09,14387.412107,14387.412107,700.0,6653.470478,13.089117,SEA_PORT_TO_PORT,1435893.325681,UNSIGNED_CAPACITY_AND_TRADE_PLAN,TERRAIN_CONSTRAINED_PLANNING_ROUTE_NOT_SURVEYED,"{""routeId"": ""ROUTE-0287""}",False,ROUTE-0287
FLOW-0298,STEEL,tonne,visual-territory-17,visual-territory-10,OP-17,OP-10,GATE-17,GATE-10,28240.859346,28240.859346,700.0,8485.747354,16.142912,SEA_PORT_TO_PORT,3594671.962111,UNSIGNED_CAPACITY_AND_TRADE_PLAN,TERRAIN_CONSTRAINED_PLANNING_ROUTE_NOT_SURVEYED,"{""routeId"": ""ROUTE-0288""}",False,ROUTE-0288
FLOW-0299,STEEL,tonne,visual-territory-17,visual-territory-18,OP-17,OP-18,GATE-17,GATE-18,2420.47621,2420.47621,700.0,1211.563221,4.019272,SEA_PORT_TO_PORT,43988.399314,UNSIGNED_CAPACITY_AND_TRADE_PLAN,TERRAIN_CONSTRAINED_PLANNING_ROUTE_NOT_SURVEYED,"{""routeId"": ""ROUTE-0289""}",False,ROUTE-0289
FLOW-0300,STEEL,tonne,visual-territory-17,visual-territory-19,OP-17,OP-19,GATE-17,GATE-19,18420.3408,18420.3408,700.0,5599.279348,11.332132,SEA_PORT_TO_PORT,1547109.50746,UNSIGNED_CAPACITY_AND_TRADE_PLAN,TERRAIN_CONSTRAINED_PLANNING_ROUTE_NOT_SURVEYED,"{""routeId"": ""ROUTE-0290""}",False,ROUTE-0290
FLOW-0301,STEEL,tonne,visual-territory-20,visual-territory-06,OP-20,OP-06,GATE-20,GATE-06,29704.810732,29704.810732,700.0,16640.3786,28.758143,MULTIMODAL_WITH_TRANSIT,7414489.452428,UNSIGNED_CAPACITY_AND_TRADE_PLAN,TERRAIN_CONSTRAINED_PLANNING_ROUTE_NOT_SURVEYED,"{""routeId"": ""ROUTE-0291""}",True,ROUTE-0291
FLOW-0302,STEEL,tonne,visual-territory-20,visual-territory-10,OP-20,OP-10,GATE-20,GATE-10,4438.044354,4438.044354,700.0,10534.972137,18.582466,MULTIMODAL_WITH_TRANSIT,701320.10419,UNSIGNED_CAPACITY_AND_TRADE_PLAN,TERRAIN_CONSTRAINED_PLANNING_ROUTE_NOT_SURVEYED,"{""routeId"": ""ROUTE-0280""}",True,ROUTE-0280
FLOW-0303,STEEL,tonne,visual-territory-20,visual-territory-11,OP-20,OP-11,GATE-20,GATE-11,20861.5554,20861.5554,700.0,15709.673443,27.206968,MULTIMODAL_WITH_TRANSIT,4915923.342812,UNSIGNED_CAPACITY_AND_TRADE_PLAN,TERRAIN_CONSTRAINED_PLANNING_ROUTE_NOT_SURVEYED,"{""routeId"": ""ROUTE-0292""}",True,ROUTE-0292
FLOW-0304,STEEL,tonne,visual-territory-20,visual-territory-12,OP-20,OP-12,GATE-20,GATE-12,42434.08515,42434.08515,700.0,15185.689899,26.333662,MULTIMODAL_WITH_TRANSIT,9665862.873527,UNSIGNED_CAPACITY_AND_TRADE_PLAN,TERRAIN_CONSTRAINED_PLANNING_ROUTE_NOT_SURVEYED,"{""routeId"": ""ROUTE-0281""}",True,ROUTE-0281
FLOW-0305,STEEL,tonne,visual-territory-23,visual-territory-01,OP-23,OP-01,GATE-23,GATE-01,13844.337386,13844.337386,700.0,16555.049048,27.757478,MULTIMODAL_WITH_TRANSIT,3437905.266986,UNSIGNED_CAPACITY_AND_TRADE_PLAN,TERRAIN_CONSTRAINED_PLANNING_ROUTE_NOT_SURVEYED,"{""routeId"": ""ROUTE-0293""}",True,ROUTE-0293
FLOW-0306,STEEL,tonne,visual-territory-23,visual-territory-02,OP-23,OP-02,GATE-23,GATE-02,14168.890231,14168.890231,700.0,13913.366307,23.354673,MULTIMODAL_WITH_TRANSIT,2957054.399162,UNSIGNED_CAPACITY_AND_TRADE_PLAN,TERRAIN_CONSTRAINED_PLANNING_ROUTE_NOT_SURVEYED,"{""routeId"": ""ROUTE-0294""}",True,ROUTE-0294
FLOW-0307,STEEL,tonne,visual-territory-23,visual-territory-03,OP-23,OP-03,GATE-23,GATE-03,1229.019315,1229.019315,700.0,22765.109087,38.107578,MULTIMODAL_WITH_TRANSIT,419681.381644,UNSIGNED_CAPACITY_AND_TRADE_PLAN,TERRAIN_CONSTRAINED_PLANNING_ROUTE_NOT_SURVEYED,"{""routeId"": ""ROUTE-0295""}",True,ROUTE-0295
FLOW-0308,STEEL,tonne,visual-territory-23,visual-territory-07,OP-23,OP-07,GATE-23,GATE-07,32539.52865,32539.52865,700.0,11583.778026,19.472026,MULTIMODAL_WITH_TRANSIT,5653960.154501,UNSIGNED_CAPACITY_AND_TRADE_PLAN,TERRAIN_CONSTRAINED_PLANNING_ROUTE_NOT_SURVEYED,"{""routeId"": ""ROUTE-0296""}",True,ROUTE-0296
FLOW-0309,STEEL,tonne,visual-territory-23,visual-territory-08,OP-23,OP-08,GATE-23,GATE-08,35188.5474,35188.5474,700.0,10200.620363,17.166764,MULTIMODAL_WITH_TRANSIT,5384175.197254,UNSIGNED_CAPACITY_AND_TRADE_PLAN,TERRAIN_CONSTRAINED_PLANNING_ROUTE_NOT_SURVEYED,"{""routeId"": ""ROUTE-0297""}",True,ROUTE-0297
FLOW-0310,STEEL,tonne,visual-territory-23,visual-territory-14,OP-23,OP-14,GATE-23,GATE-14,22023.483035,22023.483035,700.0,12271.155944,20.617656,MULTIMODAL_WITH_TRANSIT,4053803.921372,UNSIGNED_CAPACITY_AND_TRADE_PLAN,TERRAIN_CONSTRAINED_PLANNING_ROUTE_NOT_SURVEYED,"{""routeId"": ""ROUTE-0298""}",True,ROUTE-0298
FLOW-0311,STEEL,tonne,visual-territory-23,visual-territory-15,OP-23,OP-15,GATE-23,GATE-15,40550.42055,40550.42055,700.0,11764.522469,19.773267,MULTIMODAL_WITH_TRANSIT,7155845.005037,UNSIGNED_CAPACITY_AND_TRADE_PLAN,TERRAIN_CONSTRAINED_PLANNING_ROUTE_NOT_SURVEYED,"{""routeId"": ""ROUTE-0299""}",True,ROUTE-0299
FLOW-0312,STEEL,tonne,visual-territory-23,visual-territory-22,OP-23,OP-22,GATE-23,GATE-22,5265.490146,5265.490146,700.0,16801.006417,26.706907,MULTIMODAL_WITH_TRANSIT,1326983.005959,UNSIGNED_CAPACITY_AND_TRADE_PLAN,TERRAIN_CONSTRAINED_PLANNING_ROUTE_NOT_SURVEYED,"{""routeId"": ""ROUTE-0300""}",True,ROUTE-0300
FLOW-0313,STEEL,tonne,visual-territory-27,visual-territory-03,OP-27,OP-03,GATE-27,GATE-03,38413.821951,38413.821951,700.0,21819.582747,38.365971,SEA_PORT_TO_PORT,12572603.500228,UNSIGNED_CAPACITY_AND_TRADE_PLAN,TERRAIN_CONSTRAINED_PLANNING_ROUTE_NOT_SURVEYED,"{""routeId"": ""ROUTE-0301""}",False,ROUTE-0301
FLOW-0314,STEEL,tonne,visual-territory-27,visual-territory-06,OP-27,OP-06,GATE-27,GATE-06,15454.251968,15454.251968,700.0,21729.522863,38.215871,SEA_PORT_TO_PORT,5037202.821959,UNSIGNED_CAPACITY_AND_TRADE_PLAN,TERRAIN_CONSTRAINED_PLANNING_ROUTE_NOT_SURVEYED,"{""routeId"": ""ROUTE-0302""}",False,ROUTE-0302
FLOW-0315,STEEL,tonne,visual-territory-27,visual-territory-13,OP-27,OP-13,GATE-27,GATE-13,22779.841407,22779.841407,700.0,22544.718588,38.493634,MULTIMODAL_WITH_TRANSIT,7703476.709996,UNSIGNED_CAPACITY_AND_TRADE_PLAN,TERRAIN_CONSTRAINED_PLANNING_ROUTE_NOT_SURVEYED,"{""routeId"": ""ROUTE-0303""}",True,ROUTE-0303
FLOW-0316,STEEL,tonne,visual-territory-27,visual-territory-21,OP-27,OP-21,GATE-27,GATE-21,28373.533437,28373.533437,700.0,23584.282657,39.980726,MULTIMODAL_WITH_TRANSIT,10037541.488407,UNSIGNED_CAPACITY_AND_TRADE_PLAN,TERRAIN_CONSTRAINED_PLANNING_ROUTE_NOT_SURVEYED,"{""routeId"": ""ROUTE-0304""}",True,ROUTE-0304
FLOW-0317,STEEL,tonne,visual-territory-27,visual-territory-26,OP-27,OP-26,GATE-27,GATE-26,301.502734,301.502734,700.0,3309.608003,7.516013,SEA_PORT_TO_PORT,14967.837918,UNSIGNED_CAPACITY_AND_TRADE_PLAN,TERRAIN_CONSTRAINED_PLANNING_ROUTE_NOT_SURVEYED,"{""routeId"": ""ROUTE-0305""}",False,ROUTE-0305
FLOW-0318,STEEL,tonne,visual-territory-27,visual-territory-28,OP-27,OP-28,GATE-27,GATE-28,33265.372619,33265.372619,700.0,3299.370451,7.498951,SEA_PORT_TO_PORT,1646321.812007,UNSIGNED_CAPACITY_AND_TRADE_PLAN,TERRAIN_CONSTRAINED_PLANNING_ROUTE_NOT_SURVEYED,"{""routeId"": ""ROUTE-0306""}",False,ROUTE-0306
FLOW-0319,STEEL,tonne,visual-territory-29,visual-territory-22,OP-29,OP-22,GATE-29,GATE-22,6859.260865,6859.260865,700.0,3067.049899,5.65125,MULTIMODAL_WITH_TRANSIT,315565.43017,UNSIGNED_CAPACITY_AND_TRADE_PLAN,TERRAIN_CONSTRAINED_PLANNING_ROUTE_NOT_SURVEYED,"{""routeId"": ""ROUTE-0061""}",False,ROUTE-0061
FLOW-0320,STEEL,tonne,visual-territory-30,visual-territory-16,OP-30,OP-16,GATE-30,GATE-16,34381.377159,34381.377159,700.0,11712.660813,21.521101,SEA_PORT_TO_PORT,6040461.134066,UNSIGNED_CAPACITY_AND_TRADE_PLAN,TERRAIN_CONSTRAINED_PLANNING_ROUTE_NOT_SURVEYED,"{""routeId"": ""ROUTE-0307""}",False,ROUTE-0307
FLOW-0321,STEEL,tonne,visual-territory-30,visual-territory-31,OP-30,OP-31,GATE-30,GATE-31,30633.274413,30633.274413,700.0,1379.79933,4.299666,SEA_PORT_TO_PORT,634016.572608,UNSIGNED_CAPACITY_AND_TRADE_PLAN,TERRAIN_CONSTRAINED_PLANNING_ROUTE_NOT_SURVEYED,"{""routeId"": ""ROUTE-0020""}",False,ROUTE-0020
FLOW-0322,STEEL,tonne,visual-territory-32,visual-territory-02,OP-32,OP-02,GATE-32,GATE-02,6426.357119,6426.357119,700.0,11983.284702,21.972141,SEA_PORT_TO_PORT,1155133.004269,UNSIGNED_CAPACITY_AND_TRADE_PLAN,TERRAIN_CONSTRAINED_PLANNING_ROUTE_NOT_SURVEYED,"{""routeId"": ""ROUTE-0308""}",False,ROUTE-0308
FLOW-0323,STEEL,tonne,visual-territory-32,visual-territory-05,OP-32,OP-05,GATE-32,GATE-05,29822.6868,29822.6868,700.0,9206.23709,17.343728,SEA_PORT_TO_PORT,4118320.88017,UNSIGNED_CAPACITY_AND_TRADE_PLAN,TERRAIN_CONSTRAINED_PLANNING_ROUTE_NOT_SURVEYED,"{""routeId"": ""ROUTE-0309""}",False,ROUTE-0309
FLOW-0324,STEEL,tonne,visual-territory-32,visual-territory-16,OP-32,OP-16,GATE-32,GATE-16,6206.354091,6206.354091,700.0,7528.630855,14.547718,SEA_PORT_TO_PORT,700880.233633,UNSIGNED_CAPACITY_AND_TRADE_PLAN,TERRAIN_CONSTRAINED_PLANNING_ROUTE_NOT_SURVEYED,"{""routeId"": ""ROUTE-0310""}",False,ROUTE-0310
FLOW-0325,STEEL,tonne,visual-territory-32,visual-territory-24,OP-32,OP-24,GATE-32,GATE-24,37347.415406,37347.415406,700.0,3292.950336,7.488251,SEA_PORT_TO_PORT,1844747.761898,UNSIGNED_CAPACITY_AND_TRADE_PLAN,TERRAIN_CONSTRAINED_PLANNING_ROUTE_NOT_SURVEYED,"{""routeId"": ""ROUTE-0311""}",False,ROUTE-0311
FLOW-0326,STEEL,tonne,visual-territory-35,visual-territory-01,OP-35,OP-01,GATE-35,GATE-01,1981.689964,1981.689964,700.0,23352.607717,40.921013,SEA_PORT_TO_PORT,694164.425201,UNSIGNED_CAPACITY_AND_TRADE_PLAN,TERRAIN_CONSTRAINED_PLANNING_ROUTE_NOT_SURVEYED,"{""routeId"": ""ROUTE-0312""}",False,ROUTE-0312
FLOW-0327,STEEL,tonne,visual-territory-35,visual-territory-04,OP-35,OP-04,GATE-35,GATE-04,29421.507434,29421.507434,700.0,22846.021992,40.076703,SEA_PORT_TO_PORT,10082466.088318,UNSIGNED_CAPACITY_AND_TRADE_PLAN,TERRAIN_CONSTRAINED_PLANNING_ROUTE_NOT_SURVEYED,"{""routeId"": ""ROUTE-0218""}",False,ROUTE-0218
FLOW-0328,STEEL,tonne,visual-territory-35,visual-territory-36,OP-35,OP-36,GATE-35,GATE-36,14033.8707,14033.8707,700.0,1750.079497,4.916799,SEA_PORT_TO_PORT,368405.840738,UNSIGNED_CAPACITY_AND_TRADE_PLAN,TERRAIN_CONSTRAINED_PLANNING_ROUTE_NOT_SURVEYED,"{""routeId"": ""ROUTE-0094""}",False,ROUTE-0094
FLOW-0329,STEEL,tonne,visual-territory-35,visual-territory-37,OP-35,OP-37,GATE-35,GATE-37,10355.500801,10355.500801,700.0,4210.94081,9.018235,SEA_PORT_TO_PORT,654096.014012,UNSIGNED_CAPACITY_AND_TRADE_PLAN,TERRAIN_CONSTRAINED_PLANNING_ROUTE_NOT_SURVEYED,"{""routeId"": ""ROUTE-0095""}",False,ROUTE-0095
FLOW-0330,STEEL,tonne,visual-territory-35,visual-territory-66,OP-35,OP-66,GATE-35,GATE-66,15766.52128,15766.52128,700.0,14577.554417,26.295924,SEA_PORT_TO_PORT,3447559.828906,UNSIGNED_CAPACITY_AND_TRADE_PLAN,TERRAIN_CONSTRAINED_PLANNING_ROUTE_NOT_SURVEYED,"{""routeId"": ""ROUTE-0313""}",False,ROUTE-0313
FLOW-0331,STEEL,tonne,visual-territory-35,visual-territory-70,OP-35,OP-70,GATE-35,GATE-70,13402.68435,13402.68435,700.0,15989.396495,28.648994,SEA_PORT_TO_PORT,3214512.512463,UNSIGNED_CAPACITY_AND_TRADE_PLAN,TERRAIN_CONSTRAINED_PLANNING_ROUTE_NOT_SURVEYED,"{""routeId"": ""ROUTE-0314""}",False,ROUTE-0314
FLOW-0332,STEEL,tonne,visual-territory-39,visual-territory-33,OP-39,OP-33,GATE-39,GATE-33,25886.80665,25886.80665,700.0,6093.191545,12.155319,SEA_PORT_TO_PORT,2365999.07123,UNSIGNED_CAPACITY_AND_TRADE_PLAN,TERRAIN_CONSTRAINED_PLANNING_ROUTE_NOT_SURVEYED,"{""routeId"": ""ROUTE-0315""}",False,ROUTE-0315
FLOW-0333,STEEL,tonne,visual-territory-39,visual-territory-34,OP-39,OP-34,GATE-39,GATE-34,30801.09525,30801.09525,700.0,3159.068147,7.265114,SEA_PORT_TO_PORT,1459541.383628,UNSIGNED_CAPACITY_AND_TRADE_PLAN,TERRAIN_CONSTRAINED_PLANNING_ROUTE_NOT_SURVEYED,"{""routeId"": ""ROUTE-0316""}",False,ROUTE-0316
FLOW-0334,STEEL,tonne,visual-territory-39,visual-territory-38,OP-39,OP-38,GATE-39,GATE-38,31822.300713,31822.300713,700.0,5822.023923,11.703373,SEA_PORT_TO_PORT,2779052.94039,UNSIGNED_CAPACITY_AND_TRADE_PLAN,TERRAIN_CONSTRAINED_PLANNING_ROUTE_NOT_SURVEYED,"{""routeId"": ""ROUTE-0317""}",False,ROUTE-0317
FLOW-0335,STEEL,tonne,visual-territory-39,visual-territory-47,OP-39,OP-47,GATE-39,GATE-47,7993.785406,7993.785406,700.0,19545.449473,34.575749,SEA_PORT_TO_PORT,2343631.931293,UNSIGNED_CAPACITY_AND_TRADE_PLAN,TERRAIN_CONSTRAINED_PLANNING_ROUTE_NOT_SURVEYED,"{""routeId"": ""ROUTE-0318""}",False,ROUTE-0318
FLOW-0336,STEEL,tonne,visual-territory-39,visual-territory-52,OP-39,OP-52,GATE-39,GATE-52,5116.909769,5116.909769,700.0,15933.669569,28.556116,SEA_PORT_TO_PORT,1222967.242139,UNSIGNED_CAPACITY_AND_TRADE_PLAN,TERRAIN_CONSTRAINED_PLANNING_ROUTE_NOT_SURVEYED,"{""routeId"": ""ROUTE-0319""}",False,ROUTE-0319
FLOW-0337,STEEL,tonne,visual-territory-39,visual-territory-64,OP-39,OP-64,GATE-39,GATE-64,1040.803936,1040.803936,700.0,15641.864695,28.069774,SEA_PORT_TO_PORT,244201.715111,UNSIGNED_CAPACITY_AND_TRADE_PLAN,TERRAIN_CONSTRAINED_PLANNING_ROUTE_NOT_SURVEYED,"{""routeId"": ""ROUTE-0320""}",False,ROUTE-0320
FLOW-0338,STEEL,tonne,visual-territory-39,visual-territory-65,OP-39,OP-65,GATE-39,GATE-65,44001.4173,44001.4173,700.0,16746.790636,29.911318,SEA_PORT_TO_PORT,11053237.848314,UNSIGNED_CAPACITY_AND_TRADE_PLAN,TERRAIN_CONSTRAINED_PLANNING_ROUTE_NOT_SURVEYED,"{""routeId"": ""ROUTE-0321""}",False,ROUTE-0321
FLOW-0339,STEEL,tonne,visual-territory-41,visual-territory-52,OP-41,OP-52,GATE-41,GATE-52,20343.258707,20343.258707,700.0,15791.480523,27.138039,MULTIMODAL_WITH_TRANSIT,4818752.604556,UNSIGNED_CAPACITY_AND_TRADE_PLAN,TERRAIN_CONSTRAINED_PLANNING_ROUTE_NOT_SURVEYED,"{""routeId"": ""ROUTE-0322""}",True,ROUTE-0322
FLOW-0340,STEEL,tonne,visual-territory-42,visual-territory-53,OP-42,OP-53,GATE-42,GATE-53,14850.334081,14850.334081,700.0,8969.207622,16.948679,SEA_PORT_TO_PORT,1997935.944533,UNSIGNED_CAPACITY_AND_TRADE_PLAN,TERRAIN_CONSTRAINED_PLANNING_ROUTE_NOT_SURVEYED,"{""routeId"": ""ROUTE-0323""}",False,ROUTE-0323
FLOW-0341,STEEL,tonne,visual-territory-42,visual-territory-64,OP-42,OP-64,GATE-42,GATE-64,30047.00167,30047.00167,700.0,5395.733232,10.992889,SEA_PORT_TO_PORT,2431884.081338,UNSIGNED_CAPACITY_AND_TRADE_PLAN,TERRAIN_CONSTRAINED_PLANNING_ROUTE_NOT_SURVEYED,"{""routeId"": ""ROUTE-0324""}",False,ROUTE-0324
FLOW-0342,STEEL,tonne,visual-territory-43,visual-territory-64,OP-43,OP-64,GATE-43,GATE-64,19238.389544,19238.389544,700.0,7098.259837,13.830433,SEA_PORT_TO_PORT,2048386.317463,UNSIGNED_CAPACITY_AND_TRADE_PLAN,TERRAIN_CONSTRAINED_PLANNING_ROUTE_NOT_SURVEYED,"{""routeId"": ""ROUTE-0325""}",False,ROUTE-0325
FLOW-0343,STEEL,tonne,visual-territory-43,visual-territory-66,OP-43,OP-66,GATE-43,GATE-66,28318.701113,28318.701113,700.0,12043.296537,22.072161,SEA_PORT_TO_PORT,5115757.725713,UNSIGNED_CAPACITY_AND_TRADE_PLAN,TERRAIN_CONSTRAINED_PLANNING_ROUTE_NOT_SURVEYED,"{""routeId"": ""ROUTE-0326""}",False,ROUTE-0326
FLOW-0344,STEEL,tonne,visual-territory-44,visual-territory-38,OP-44,OP-38,GATE-44,GATE-38,11297.655537,11297.655537,700.0,2844.726973,6.741212,SEA_PORT_TO_PORT,482081.181558,UNSIGNED_CAPACITY_AND_TRADE_PLAN,TERRAIN_CONSTRAINED_PLANNING_ROUTE_NOT_SURVEYED,"{""routeId"": ""ROUTE-0025""}",False,ROUTE-0025
FLOW-0345,STEEL,tonne,visual-territory-45,visual-territory-40,OP-45,OP-40,GATE-45,GATE-40,29595.334786,29595.334786,700.0,25068.044457,41.470746,MULTIMODAL_WITH_TRANSIT,11128457.522011,UNSIGNED_CAPACITY_AND_TRADE_PLAN,TERRAIN_CONSTRAINED_PLANNING_ROUTE_NOT_SURVEYED,"{""routeId"": ""ROUTE-0327""}",True,ROUTE-0327
FLOW-0346,STEEL,tonne,visual-territory-45,visual-territory-46,OP-45,OP-46,GATE-45,GATE-46,14373.24069,14373.24069,700.0,22412.338238,38.309191,MULTIMODAL_WITH_TRANSIT,4832068.978867,UNSIGNED_CAPACITY_AND_TRADE_PLAN,TERRAIN_CONSTRAINED_PLANNING_ROUTE_NOT_SURVEYED,"{""routeId"": ""ROUTE-0328""}",True,ROUTE-0328
FLOW-0347,STEEL,tonne,visual-territory-45,visual-territory-47,OP-45,OP-47,GATE-45,GATE-47,39159.947594,39159.947594,700.0,21688.627419,37.103006,MULTIMODAL_WITH_TRANSIT,12739882.696443,UNSIGNED_CAPACITY_AND_TRADE_PLAN,TERRAIN_CONSTRAINED_PLANNING_ROUTE_NOT_SURVEYED,"{""routeId"": ""ROUTE-0329""}",True,ROUTE-0329
FLOW-0348,STEEL,tonne,visual-territory-45,visual-territory-50,OP-45,OP-50,GATE-45,GATE-50,14355.411106,14355.411106,700.0,5292.976282,9.776921,MULTIMODAL_WITH_TRANSIT,1139742.757574,UNSIGNED_CAPACITY_AND_TRADE_PLAN,TERRAIN_CONSTRAINED_PLANNING_ROUTE_NOT_SURVEYED,"{""routeId"": ""ROUTE-0330""}",True,ROUTE-0330
FLOW-0349,STEEL,tonne,visual-territory-48,visual-territory-50,OP-48,OP-50,GATE-48,GATE-50,8226.360519,8226.360519,700.0,3420.542858,7.700905,SEA_PORT_TO_PORT,422079.280837,UNSIGNED_CAPACITY_AND_TRADE_PLAN,TERRAIN_CONSTRAINED_PLANNING_ROUTE_NOT_SURVEYED,"{""routeId"": ""ROUTE-0331""}",False,ROUTE-0331
FLOW-0350,STEEL,tonne,visual-territory-49,visual-territory-50,OP-49,OP-50,GATE-49,GATE-50,11741.504536,11741.504536,700.0,3099.092909,7.165155,SEA_PORT_TO_PORT,545820.201782,UNSIGNED_CAPACITY_AND_TRADE_PLAN,TERRAIN_CONSTRAINED_PLANNING_ROUTE_NOT_SURVEYED,"{""routeId"": ""ROUTE-0104""}",False,ROUTE-0104
FLOW-0351,STEEL,tonne,visual-territory-51,visual-territory-46,OP-51,OP-46,GATE-51,GATE-46,24601.52046,24601.52046,700.0,2575.30149,6.292169,SEA_PORT_TO_PORT,950344.984321,UNSIGNED_CAPACITY_AND_TRADE_PLAN,TERRAIN_CONSTRAINED_PLANNING_ROUTE_NOT_SURVEYED,"{""routeId"": ""ROUTE-0332""}",False,ROUTE-0332
FLOW-0352,STEEL,tonne,visual-territory-51,visual-territory-61,OP-51,OP-61,GATE-51,GATE-61,5151.927645,5151.927645,700.0,3057.995235,7.096659,SEA_PORT_TO_PORT,236318.552877,UNSIGNED_CAPACITY_AND_TRADE_PLAN,TERRAIN_CONSTRAINED_PLANNING_ROUTE_NOT_SURVEYED,"{""routeId"": ""ROUTE-0333""}",False,ROUTE-0333
FLOW-0353,STEEL,tonne,visual-territory-57,visual-territory-54,OP-57,OP-54,GATE-57,GATE-54,50639.0433,50639.0433,700.0,5226.53112,10.710885,SEA_PORT_TO_PORT,3969998.03572,UNSIGNED_CAPACITY_AND_TRADE_PLAN,TERRAIN_CONSTRAINED_PLANNING_ROUTE_NOT_SURVEYED,"{""routeId"": ""ROUTE-0334""}",False,ROUTE-0334
FLOW-0354,STEEL,tonne,visual-territory-57,visual-territory-55,OP-57,OP-55,GATE-57,GATE-55,8289.978036,8289.978036,700.0,7733.894963,14.889825,SEA_PORT_TO_PORT,961707.290578,UNSIGNED_CAPACITY_AND_TRADE_PLAN,TERRAIN_CONSTRAINED_PLANNING_ROUTE_NOT_SURVEYED,"{""routeId"": ""ROUTE-0335""}",False,ROUTE-0335
FLOW-0355,STEEL,tonne,visual-territory-57,visual-territory-58,OP-57,OP-58,GATE-57,GATE-58,23939.001745,23939.001745,700.0,3934.081318,8.556802,SEA_PORT_TO_PORT,1412669.693099,UNSIGNED_CAPACITY_AND_TRADE_PLAN,TERRAIN_CONSTRAINED_PLANNING_ROUTE_NOT_SURVEYED,"{""routeId"": ""ROUTE-0336""}",False,ROUTE-0336
FLOW-0356,STEEL,tonne,visual-territory-59,visual-territory-25,OP-59,OP-25,GATE-59,GATE-25,9913.068211,9913.068211,700.0,6568.822589,12.948038,SEA_PORT_TO_PORT,976757.795804,UNSIGNED_CAPACITY_AND_TRADE_PLAN,TERRAIN_CONSTRAINED_PLANNING_ROUTE_NOT_SURVEYED,"{""routeId"": ""ROUTE-0240""}",False,ROUTE-0240
FLOW-0357,STEEL,tonne,visual-territory-59,visual-territory-58,OP-59,OP-58,GATE-59,GATE-58,21640.062005,21640.062005,700.0,5262.894317,10.771491,SEA_PORT_TO_PORT,1708340.390096,UNSIGNED_CAPACITY_AND_TRADE_PLAN,TERRAIN_CONSTRAINED_PLANNING_ROUTE_NOT_SURVEYED,"{""routeId"": ""ROUTE-0337""}",False,ROUTE-0337
FLOW-0358,STEEL,tonne,visual-territory-63,visual-territory-61,OP-63,OP-61,GATE-63,GATE-61,30923.76093,30923.76093,700.0,5930.179057,11.883632,SEA_PORT_TO_PORT,2750751.591297,UNSIGNED_CAPACITY_AND_TRADE_PLAN,TERRAIN_CONSTRAINED_PLANNING_ROUTE_NOT_SURVEYED,"{""routeId"": ""ROUTE-0338""}",False,ROUTE-0338
FLOW-0359,STEEL,tonne,visual-territory-68,visual-territory-53,OP-68,OP-53,GATE-68,GATE-53,26778.055019,26778.055019,700.0,11083.879143,20.473132,SEA_PORT_TO_PORT,4452070.882819,UNSIGNED_CAPACITY_AND_TRADE_PLAN,TERRAIN_CONSTRAINED_PLANNING_ROUTE_NOT_SURVEYED,"{""routeId"": ""ROUTE-0339""}",False,ROUTE-0339
FLOW-0360,STEEL,tonne,visual-territory-68,visual-territory-55,OP-68,OP-55,GATE-68,GATE-55,15469.848264,15469.848264,700.0,12114.910985,22.191518,SEA_PORT_TO_PORT,2811237.520056,UNSIGNED_CAPACITY_AND_TRADE_PLAN,TERRAIN_CONSTRAINED_PLANNING_ROUTE_NOT_SURVEYED,"{""routeId"": ""ROUTE-0340""}",False,ROUTE-0340
FLOW-0361,STEEL,tonne,visual-territory-68,visual-territory-56,OP-68,OP-56,GATE-68,GATE-56,52816.925394,52816.925394,700.0,4718.788937,9.864648,SEA_PORT_TO_PORT,3738478.8486,UNSIGNED_CAPACITY_AND_TRADE_PLAN,TERRAIN_CONSTRAINED_PLANNING_ROUTE_NOT_SURVEYED,"{""routeId"": ""ROUTE-0341""}",False,ROUTE-0341
FLOW-0362,STEEL,tonne,visual-territory-68,visual-territory-67,OP-68,OP-67,GATE-68,GATE-67,36557.819178,36557.819178,700.0,1497.417521,4.495696,SEA_PORT_TO_PORT,821134.784573,UNSIGNED_CAPACITY_AND_TRADE_PLAN,TERRAIN_CONSTRAINED_PLANNING_ROUTE_NOT_SURVEYED,"{""routeId"": ""ROUTE-0342""}",False,ROUTE-0342
FLOW-0363,STEEL,tonne,visual-territory-69,visual-territory-60,OP-69,OP-60,GATE-69,GATE-60,42298.63935,42298.63935,700.0,4066.552637,8.777588,SEA_PORT_TO_PORT,2580144.650839,UNSIGNED_CAPACITY_AND_TRADE_PLAN,TERRAIN_CONSTRAINED_PLANNING_ROUTE_NOT_SURVEYED,"{""routeId"": ""ROUTE-0343""}",False,ROUTE-0343
FLOW-0364,STEEL,tonne,visual-territory-69,visual-territory-61,OP-69,OP-61,GATE-69,GATE-61,15861.558647,15861.558647,700.0,11209.678752,20.682798,SEA_PORT_TO_PORT,2667044.653985,UNSIGNED_CAPACITY_AND_TRADE_PLAN,TERRAIN_CONSTRAINED_PLANNING_ROUTE_NOT_SURVEYED,"{""routeId"": ""ROUTE-0344""}",False,ROUTE-0344
FLOW-0365,STEEL,tonne,visual-territory-69,visual-territory-62,OP-69,OP-62,GATE-69,GATE-62,30695.2947,30695.2947,700.0,4156.738479,8.927897,SEA_PORT_TO_PORT,1913884.688935,UNSIGNED_CAPACITY_AND_TRADE_PLAN,TERRAIN_CONSTRAINED_PLANNING_ROUTE_NOT_SURVEYED,"{""routeId"": ""ROUTE-0345""}",False,ROUTE-0345
FLOW-0366,REFINED_FUEL,barrel equivalent,visual-territory-25,visual-territory-09,OP-25,OP-09,GATE-25,GATE-09,193144.217536,24143.027192,95.0,8268.570583,15.780951,SEA_PORT_TO_PORT,2994424.86652,UNSIGNED_CAPACITY_AND_TRADE_PLAN,TERRAIN_CONSTRAINED_PLANNING_ROUTE_NOT_SURVEYED,"{""routeId"": ""ROUTE-0346""}",False,ROUTE-0346
FLOW-0367,REFINED_FUEL,barrel equivalent,visual-territory-25,visual-territory-11,OP-25,OP-11,GATE-25,GATE-11,56002.614963,7000.32687,95.0,15275.548766,27.459248,SEA_PORT_TO_PORT,1604007.517164,UNSIGNED_CAPACITY_AND_TRADE_PLAN,TERRAIN_CONSTRAINED_PLANNING_ROUTE_NOT_SURVEYED,"{""routeId"": ""ROUTE-0347""}",False,ROUTE-0347
FLOW-0368,REFINED_FUEL,barrel equivalent,visual-territory-25,visual-territory-12,OP-25,OP-12,GATE-25,GATE-12,73935.38039,9241.922549,95.0,14751.565221,26.585942,SEA_PORT_TO_PORT,2044992.348765,UNSIGNED_CAPACITY_AND_TRADE_PLAN,TERRAIN_CONSTRAINED_PLANNING_ROUTE_NOT_SURVEYED,"{""routeId"": ""ROUTE-0348""}",False,ROUTE-0348
FLOW-0369,REFINED_FUEL,barrel equivalent,visual-territory-25,visual-territory-17,OP-25,OP-17,GATE-25,GATE-17,142121.388,17765.1735,95.0,3729.123291,8.215205,SEA_PORT_TO_PORT,993727.833904,UNSIGNED_CAPACITY_AND_TRADE_PLAN,TERRAIN_CONSTRAINED_PLANNING_ROUTE_NOT_SURVEYED,"{""routeId"": ""ROUTE-0349""}",False,ROUTE-0349
FLOW-0370,REFINED_FUEL,barrel equivalent,visual-territory-25,visual-territory-18,OP-25,OP-18,GATE-25,GATE-18,78177.239862,9772.154983,95.0,3557.21575,7.928693,SEA_PORT_TO_PORT,521424.954326,UNSIGNED_CAPACITY_AND_TRADE_PLAN,TERRAIN_CONSTRAINED_PLANNING_ROUTE_NOT_SURVEYED,"{""routeId"": ""ROUTE-0350""}",False,ROUTE-0350
FLOW-0371,REFINED_FUEL,barrel equivalent,visual-territory-25,visual-territory-19,OP-25,OP-19,GATE-25,GATE-19,122802.272,15350.284,95.0,7214.379454,14.023966,SEA_PORT_TO_PORT,1661141.602431,UNSIGNED_CAPACITY_AND_TRADE_PLAN,TERRAIN_CONSTRAINED_PLANNING_ROUTE_NOT_SURVEYED,"{""routeId"": ""ROUTE-0351""}",False,ROUTE-0351
FLOW-0372,REFINED_FUEL,barrel equivalent,visual-territory-25,visual-territory-20,OP-25,OP-20,GATE-25,GATE-20,130560.910853,16320.113857,95.0,5778.348074,10.654759,MULTIMODAL_WITH_TRANSIT,1414549.476987,UNSIGNED_CAPACITY_AND_TRADE_PLAN,TERRAIN_CONSTRAINED_PLANNING_ROUTE_NOT_SURVEYED,"{""routeId"": ""ROUTE-0352""}",True,ROUTE-0352
FLOW-0373,REFINED_FUEL,barrel equivalent,visual-territory-26,visual-territory-11,OP-26,OP-11,GATE-26,GATE-11,83074.421037,10384.30263,95.0,18299.921851,32.49987,SEA_PORT_TO_PORT,2850478.899083,UNSIGNED_CAPACITY_AND_TRADE_PLAN,TERRAIN_CONSTRAINED_PLANNING_ROUTE_NOT_SURVEYED,"{""routeId"": ""ROUTE-0353""}",False,ROUTE-0353
FLOW-0374,REFINED_FUEL,barrel equivalent,visual-territory-26,visual-territory-13,OP-26,OP-13,GATE-26,GATE-13,212269.513,26533.689125,95.0,20045.822733,34.328807,MULTIMODAL_WITH_TRANSIT,7978344.429845,UNSIGNED_CAPACITY_AND_TRADE_PLAN,TERRAIN_CONSTRAINED_PLANNING_ROUTE_NOT_SURVEYED,"{""routeId"": ""ROUTE-0354""}",True,ROUTE-0354
FLOW-0375,REFINED_FUEL,barrel equivalent,visual-territory-26,visual-territory-21,OP-26,OP-21,GATE-26,GATE-21,262573.353,32821.669125,95.0,21085.386802,35.815899,MULTIMODAL_WITH_TRANSIT,10380863.834977,UNSIGNED_CAPACITY_AND_TRADE_PLAN,TERRAIN_CONSTRAINED_PLANNING_ROUTE_NOT_SURVEYED,"{""routeId"": ""ROUTE-0355""}",True,ROUTE-0355
FLOW-0376,REFINED_FUEL,barrel equivalent,visual-territory-26,visual-territory-27,OP-26,OP-27,GATE-26,GATE-27,208513.009,26064.126125,95.0,3309.608003,7.516013,SEA_PORT_TO_PORT,1293930.606032,UNSIGNED_CAPACITY_AND_TRADE_PLAN,TERRAIN_CONSTRAINED_PLANNING_ROUTE_NOT_SURVEYED,"{""routeId"": ""ROUTE-0356""}",False,ROUTE-0356
FLOW-0377,REFINED_FUEL,barrel equivalent,visual-territory-28,visual-territory-14,OP-28,OP-14,GATE-28,GATE-14,203975.307,25496.913375,95.0,19181.810482,33.969684,SEA_PORT_TO_PORT,7336154.403468,UNSIGNED_CAPACITY_AND_TRADE_PLAN,TERRAIN_CONSTRAINED_PLANNING_ROUTE_NOT_SURVEYED,"{""routeId"": ""ROUTE-0357""}",False,ROUTE-0357
FLOW-0378,REFINED_FUEL,barrel equivalent,visual-territory-28,visual-territory-15,OP-28,OP-15,GATE-28,GATE-15,99219.90796,12402.488495,95.0,18675.177006,33.125295,SEA_PORT_TO_PORT,3474280.019408,UNSIGNED_CAPACITY_AND_TRADE_PLAN,TERRAIN_CONSTRAINED_PLANNING_ROUTE_NOT_SURVEYED,"{""routeId"": ""ROUTE-0358""}",False,ROUTE-0358
FLOW-0379,REFINED_FUEL,barrel equivalent,visual-territory-28,visual-territory-22,OP-28,OP-22,GATE-28,GATE-22,112204.643,14025.580375,95.0,5947.122676,10.451371,MULTIMODAL_WITH_TRANSIT,1251177.706332,UNSIGNED_CAPACITY_AND_TRADE_PLAN,TERRAIN_CONSTRAINED_PLANNING_ROUTE_NOT_SURVEYED,"{""routeId"": ""ROUTE-0359""}",True,ROUTE-0359
FLOW-0380,REFINED_FUEL,barrel equivalent,visual-territory-28,visual-territory-23,OP-28,OP-23,GATE-28,GATE-23,350234.467,43779.308375,95.0,15985.654336,26.808487,MULTIMODAL_WITH_TRANSIT,10497613.361406,UNSIGNED_CAPACITY_AND_TRADE_PLAN,TERRAIN_CONSTRAINED_PLANNING_ROUTE_NOT_SURVEYED,"{""routeId"": ""ROUTE-0360""}",True,ROUTE-0360
FLOW-0381,REFINED_FUEL,barrel equivalent,visual-territory-28,visual-territory-29,OP-28,OP-29,GATE-28,GATE-29,202595.565,25324.445625,95.0,2880.072777,6.800121,SEA_PORT_TO_PORT,1094043.696384,UNSIGNED_CAPACITY_AND_TRADE_PLAN,TERRAIN_CONSTRAINED_PLANNING_ROUTE_NOT_SURVEYED,"{""routeId"": ""ROUTE-0361""}",False,ROUTE-0361
FLOW-0382,REFINED_FUEL,barrel equivalent,visual-territory-31,visual-territory-05,OP-31,OP-05,GATE-31,GATE-05,88715.552353,11089.444044,95.0,13409.893484,24.349822,SEA_PORT_TO_PORT,2230623.951358,UNSIGNED_CAPACITY_AND_TRADE_PLAN,TERRAIN_CONSTRAINED_PLANNING_ROUTE_NOT_SURVEYED,"{""routeId"": ""ROUTE-0362""}",False,ROUTE-0362
FLOW-0383,REFINED_FUEL,barrel equivalent,visual-territory-31,visual-territory-08,OP-31,OP-08,GATE-31,GATE-08,234590.316,29323.7895,95.0,12474.195151,22.790325,SEA_PORT_TO_PORT,5486860.092034,UNSIGNED_CAPACITY_AND_TRADE_PLAN,TERRAIN_CONSTRAINED_PLANNING_ROUTE_NOT_SURVEYED,"{""routeId"": ""ROUTE-0363""}",False,ROUTE-0363
FLOW-0384,REFINED_FUEL,barrel equivalent,visual-territory-31,visual-territory-15,OP-31,OP-15,GATE-31,GATE-15,171116.22904,21389.52863,95.0,14038.097257,25.396829,SEA_PORT_TO_PORT,4504024.247851,UNSIGNED_CAPACITY_AND_TRADE_PLAN,TERRAIN_CONSTRAINED_PLANNING_ROUTE_NOT_SURVEYED,"{""routeId"": ""ROUTE-0284""}",False,ROUTE-0284
FLOW-0385,REFINED_FUEL,barrel equivalent,visual-territory-31,visual-territory-16,OP-31,OP-16,GATE-31,GATE-16,270584.875,33823.109375,95.0,11732.287249,21.553812,SEA_PORT_TO_PORT,5952336.522629,UNSIGNED_CAPACITY_AND_TRADE_PLAN,TERRAIN_CONSTRAINED_PLANNING_ROUTE_NOT_SURVEYED,"{""routeId"": ""ROUTE-0285""}",False,ROUTE-0285
FLOW-0386,REFINED_FUEL,barrel equivalent,visual-territory-31,visual-territory-24,OP-31,OP-24,GATE-31,GATE-24,217554.486,27194.31075,95.0,7496.60673,14.494345,SEA_PORT_TO_PORT,3057975.794825,UNSIGNED_CAPACITY_AND_TRADE_PLAN,TERRAIN_CONSTRAINED_PLANNING_ROUTE_NOT_SURVEYED,"{""routeId"": ""ROUTE-0364""}",False,ROUTE-0364
FLOW-0387,REFINED_FUEL,barrel equivalent,visual-territory-31,visual-territory-30,OP-31,OP-30,GATE-31,GATE-30,181477.988,22684.7485,95.0,1379.79933,4.299666,SEA_PORT_TO_PORT,469506.011683,UNSIGNED_CAPACITY_AND_TRADE_PLAN,TERRAIN_CONSTRAINED_PLANNING_ROUTE_NOT_SURVEYED,"{""routeId"": ""ROUTE-0365""}",False,ROUTE-0365
FLOW-0388,REFINED_FUEL,barrel equivalent,visual-territory-31,visual-territory-32,OP-31,OP-32,GATE-31,GATE-32,131553.721,16444.215125,95.0,6038.791961,12.064653,SEA_PORT_TO_PORT,1489547.911473,UNSIGNED_CAPACITY_AND_TRADE_PLAN,TERRAIN_CONSTRAINED_PLANNING_ROUTE_NOT_SURVEYED,"{""routeId"": ""ROUTE-0366""}",False,ROUTE-0366
FLOW-0389,REFINED_FUEL,barrel equivalent,visual-territory-37,visual-territory-35,OP-37,OP-35,GATE-37,GATE-35,185984.745,23248.093125,95.0,4210.94081,9.018235,SEA_PORT_TO_PORT,1468445.161529,UNSIGNED_CAPACITY_AND_TRADE_PLAN,TERRAIN_CONSTRAINED_PLANNING_ROUTE_NOT_SURVEYED,"{""routeId"": ""ROUTE-0367""}",False,ROUTE-0367
FLOW-0390,REFINED_FUEL,barrel equivalent,visual-territory-37,visual-territory-36,OP-37,OP-36,GATE-37,GATE-36,93559.138,11694.89225,95.0,2725.451264,6.542419,SEA_PORT_TO_PORT,478107.882954,UNSIGNED_CAPACITY_AND_TRADE_PLAN,TERRAIN_CONSTRAINED_PLANNING_ROUTE_NOT_SURVEYED,"{""routeId"": ""ROUTE-0368""}",False,ROUTE-0368
FLOW-0391,REFINED_FUEL,barrel equivalent,visual-territory-37,visual-territory-43,OP-37,OP-43,GATE-37,GATE-43,133083.165,16635.395625,95.0,3214.18128,7.356969,SEA_PORT_TO_PORT,802037.65793,UNSIGNED_CAPACITY_AND_TRADE_PLAN,TERRAIN_CONSTRAINED_PLANNING_ROUTE_NOT_SURVEYED,"{""routeId"": ""ROUTE-0369""}",False,ROUTE-0369
FLOW-0392,REFINED_FUEL,barrel equivalent,visual-territory-37,visual-territory-64,OP-37,OP-64,GATE-37,GATE-64,212834.872745,26604.359093,95.0,6676.997381,13.128329,SEA_PORT_TO_PORT,2664558.539902,UNSIGNED_CAPACITY_AND_TRADE_PLAN,TERRAIN_CONSTRAINED_PLANNING_ROUTE_NOT_SURVEYED,"{""routeId"": ""ROUTE-0370""}",False,ROUTE-0370
FLOW-0393,REFINED_FUEL,barrel equivalent,visual-territory-38,visual-territory-33,OP-38,OP-33,GATE-38,GATE-33,172578.711,21572.338875,95.0,1300.021856,4.166703,SEA_PORT_TO_PORT,420667.68048,UNSIGNED_CAPACITY_AND_TRADE_PLAN,TERRAIN_CONSTRAINED_PLANNING_ROUTE_NOT_SURVEYED,"{""routeId"": ""ROUTE-0371""}",False,ROUTE-0371
FLOW-0394,REFINED_FUEL,barrel equivalent,visual-territory-38,visual-territory-34,OP-38,OP-34,GATE-38,GATE-34,205340.635,25667.579375,95.0,7855.911484,15.093186,SEA_PORT_TO_PORT,3024633.473695,UNSIGNED_CAPACITY_AND_TRADE_PLAN,TERRAIN_CONSTRAINED_PLANNING_ROUTE_NOT_SURVEYED,"{""routeId"": ""ROUTE-0372""}",False,ROUTE-0372
FLOW-0395,REFINED_FUEL,barrel equivalent,visual-territory-38,visual-territory-39,OP-38,OP-39,GATE-38,GATE-39,220476.619,27559.577375,95.0,5822.023923,11.703373,SEA_PORT_TO_PORT,2406787.781645,UNSIGNED_CAPACITY_AND_TRADE_PLAN,TERRAIN_CONSTRAINED_PLANNING_ROUTE_NOT_SURVEYED,"{""routeId"": ""ROUTE-0223""}",False,ROUTE-0223
FLOW-0396,REFINED_FUEL,barrel equivalent,visual-territory-38,visual-territory-40,OP-38,OP-40,GATE-38,GATE-40,194069.888,24258.736,95.0,27555.454116,46.661135,MULTIMODAL_WITH_TRANSIT,10026907.301329,UNSIGNED_CAPACITY_AND_TRADE_PLAN,TERRAIN_CONSTRAINED_PLANNING_ROUTE_NOT_SURVEYED,"{""routeId"": ""ROUTE-0373""}",True,ROUTE-0373
FLOW-0397,REFINED_FUEL,barrel equivalent,visual-territory-38,visual-territory-41,OP-38,OP-41,GATE-38,GATE-41,209317.699,26164.712375,95.0,10336.210518,18.045923,MULTIMODAL_WITH_TRANSIT,4056659.628578,UNSIGNED_CAPACITY_AND_TRADE_PLAN,TERRAIN_CONSTRAINED_PLANNING_ROUTE_NOT_SURVEYED,"{""routeId"": ""ROUTE-0374""}",True,ROUTE-0374
FLOW-0398,REFINED_FUEL,barrel equivalent,visual-territory-38,visual-territory-44,OP-38,OP-44,GATE-38,GATE-44,271139.823,33892.477875,95.0,2844.726973,6.741212,SEA_PORT_TO_PORT,1446222.689868,UNSIGNED_CAPACITY_AND_TRADE_PLAN,TERRAIN_CONSTRAINED_PLANNING_ROUTE_NOT_SURVEYED,"{""routeId"": ""ROUTE-0375""}",False,ROUTE-0375
FLOW-0399,REFINED_FUEL,barrel equivalent,visual-territory-38,visual-territory-45,OP-38,OP-45,GATE-38,GATE-45,195826.079616,24478.259952,95.0,10584.806842,18.596638,MULTIMODAL_WITH_TRANSIT,3886464.801154,UNSIGNED_CAPACITY_AND_TRADE_PLAN,TERRAIN_CONSTRAINED_PLANNING_ROUTE_NOT_SURVEYED,"{""routeId"": ""ROUTE-0376""}",True,ROUTE-0376
FLOW-0400,REFINED_FUEL,barrel equivalent,visual-territory-62,visual-territory-45,OP-62,OP-45,GATE-62,GATE-45,34532.494384,4316.561798,95.0,9677.761344,17.084896,MULTIMODAL_WITH_TRANSIT,626619.823612,UNSIGNED_CAPACITY_AND_TRADE_PLAN,TERRAIN_CONSTRAINED_PLANNING_ROUTE_NOT_SURVEYED,"{""routeId"": ""ROUTE-0377""}",True,ROUTE-0377
FLOW-0401,REFINED_FUEL,barrel equivalent,visual-territory-62,visual-territory-46,OP-62,OP-46,GATE-62,GATE-46,6189.629848,773.703731,95.0,13909.7173,25.182862,SEA_PORT_TO_PORT,161430.002577,UNSIGNED_CAPACITY_AND_TRADE_PLAN,TERRAIN_CONSTRAINED_PLANNING_ROUTE_NOT_SURVEYED,"{""routeId"": ""ROUTE-0378""}",False,ROUTE-0378
FLOW-0402,REFINED_FUEL,barrel equivalent,visual-territory-62,visual-territory-48,OP-62,OP-48,GATE-62,GATE-48,87131.963889,10891.495486,95.0,6540.890669,12.901484,SEA_PORT_TO_PORT,1068601.217949,UNSIGNED_CAPACITY_AND_TRADE_PLAN,TERRAIN_CONSTRAINED_PLANNING_ROUTE_NOT_SURVEYED,"{""routeId"": ""ROUTE-0379""}",False,ROUTE-0379
FLOW-0403,REFINED_FUEL,barrel equivalent,visual-territory-62,visual-territory-49,OP-62,OP-49,GATE-62,GATE-49,190380.893,23797.611625,95.0,7483.877971,14.47313,SEA_PORT_TO_PORT,2671476.32107,UNSIGNED_CAPACITY_AND_TRADE_PLAN,TERRAIN_CONSTRAINED_PLANNING_ROUTE_NOT_SURVEYED,"{""routeId"": ""ROUTE-0380""}",False,ROUTE-0380
FLOW-0404,REFINED_FUEL,barrel equivalent,visual-territory-62,visual-territory-50,OP-62,OP-50,GATE-62,GATE-50,135399.488141,16924.936018,95.0,8708.37463,16.513958,SEA_PORT_TO_PORT,2210830.251542,UNSIGNED_CAPACITY_AND_TRADE_PLAN,TERRAIN_CONSTRAINED_PLANNING_ROUTE_NOT_SURVEYED,"{""routeId"": ""ROUTE-0381""}",False,ROUTE-0381
FLOW-0405,REFINED_FUEL,barrel equivalent,visual-territory-62,visual-territory-51,OP-62,OP-51,GATE-62,GATE-51,217385.174,27173.14675,95.0,12210.589437,22.350982,SEA_PORT_TO_PORT,4977002.079945,UNSIGNED_CAPACITY_AND_TRADE_PLAN,TERRAIN_CONSTRAINED_PLANNING_ROUTE_NOT_SURVEYED,"{""routeId"": ""ROUTE-0382""}",False,ROUTE-0382
FLOW-0406,REFINED_FUEL,barrel equivalent,visual-territory-62,visual-territory-60,OP-62,OP-60,GATE-62,GATE-60,192581.132138,24072.641517,95.0,3596.522811,7.994205,SEA_PORT_TO_PORT,1298667.065127,UNSIGNED_CAPACITY_AND_TRADE_PLAN,TERRAIN_CONSTRAINED_PLANNING_ROUTE_NOT_SURVEYED,"{""routeId"": ""ROUTE-0383""}",False,ROUTE-0383
FLOW-0407,REFINED_FUEL,barrel equivalent,visual-territory-62,visual-territory-61,OP-62,OP-61,GATE-62,GATE-61,340449.38,42556.1725,95.0,10995.40377,20.325673,SEA_PORT_TO_PORT,7018834.493188,UNSIGNED_CAPACITY_AND_TRADE_PLAN,TERRAIN_CONSTRAINED_PLANNING_ROUTE_NOT_SURVEYED,"{""routeId"": ""ROUTE-0384""}",False,ROUTE-0384
FLOW-0408,REFINED_FUEL,barrel equivalent,visual-territory-62,visual-territory-69,OP-62,OP-69,GATE-62,GATE-69,133510.774,16688.84675,95.0,4156.738479,8.927897,SEA_PORT_TO_PORT,1040567.571772,UNSIGNED_CAPACITY_AND_TRADE_PLAN,TERRAIN_CONSTRAINED_PLANNING_ROUTE_NOT_SURVEYED,"{""routeId"": ""ROUTE-0242""}",False,ROUTE-0242
FLOW-0409,REFINED_FUEL,barrel equivalent,visual-territory-63,visual-territory-42,OP-63,OP-42,GATE-63,GATE-42,129656.173,16207.021625,95.0,11486.45214,21.144087,SEA_PORT_TO_PORT,2792417.673521,UNSIGNED_CAPACITY_AND_TRADE_PLAN,TERRAIN_CONSTRAINED_PLANNING_ROUTE_NOT_SURVEYED,"{""routeId"": ""ROUTE-0385""}",False,ROUTE-0385
FLOW-0410,REFINED_FUEL,barrel equivalent,visual-territory-63,visual-territory-46,OP-63,OP-46,GATE-63,GATE-46,253642.111152,31705.263894,95.0,8844.492586,16.740821,SEA_PORT_TO_PORT,4206254.571762,UNSIGNED_CAPACITY_AND_TRADE_PLAN,TERRAIN_CONSTRAINED_PLANNING_ROUTE_NOT_SURVEYED,"{""routeId"": ""ROUTE-0386""}",False,ROUTE-0386
FLOW-0411,REFINED_FUEL,barrel equivalent,visual-territory-63,visual-territory-47,OP-63,OP-47,GATE-63,GATE-47,314358.22,39294.7775,95.0,8120.781766,15.534636,SEA_PORT_TO_PORT,4786564.689532,UNSIGNED_CAPACITY_AND_TRADE_PLAN,TERRAIN_CONSTRAINED_PLANNING_ROUTE_NOT_SURVEYED,"{""routeId"": ""ROUTE-0387""}",False,ROUTE-0387
FLOW-0412,REFINED_FUEL,barrel equivalent,visual-territory-63,visual-territory-52,OP-63,OP-52,GATE-63,GATE-52,106132.532202,13266.566525,95.0,9787.893202,18.313155,SEA_PORT_TO_PORT,1947776.044635,UNSIGNED_CAPACITY_AND_TRADE_PLAN,TERRAIN_CONSTRAINED_PLANNING_ROUTE_NOT_SURVEYED,"{""routeId"": ""ROUTE-0388""}",False,ROUTE-0388
FLOW-0413,REFINED_FUEL,barrel equivalent,visual-territory-63,visual-territory-64,OP-63,OP-64,GATE-63,GATE-64,117254.394255,14656.799282,95.0,11498.246488,21.163744,SEA_PORT_TO_PORT,2527912.362979,UNSIGNED_CAPACITY_AND_TRADE_PLAN,TERRAIN_CONSTRAINED_PLANNING_ROUTE_NOT_SURVEYED,"{""routeId"": ""ROUTE-0389""}",False,ROUTE-0389
FLOW-0414,REFINED_FUEL,barrel equivalent,visual-territory-63,visual-territory-65,OP-63,OP-65,GATE-63,GATE-65,293342.782,36667.84775,95.0,9941.786462,18.569644,SEA_PORT_TO_PORT,5468158.685416,UNSIGNED_CAPACITY_AND_TRADE_PLAN,TERRAIN_CONSTRAINED_PLANNING_ROUTE_NOT_SURVEYED,"{""routeId"": ""ROUTE-0390""}",False,ROUTE-0390
FLOW-0415,REFINED_FUEL,barrel equivalent,visual-territory-63,visual-territory-68,OP-63,OP-68,GATE-63,GATE-68,154851.602874,19356.450359,95.0,3441.74506,7.736242,SEA_PORT_TO_PORT,999299.510977,UNSIGNED_CAPACITY_AND_TRADE_PLAN,TERRAIN_CONSTRAINED_PLANNING_ROUTE_NOT_SURVEYED,"{""routeId"": ""ROUTE-0391""}",False,ROUTE-0391
FLOW-0416,REFINED_FUEL,barrel equivalent,visual-territory-66,visual-territory-01,OP-66,OP-01,GATE-66,GATE-01,105506.849,13188.356125,95.0,14329.855693,25.883093,SEA_PORT_TO_PORT,2834808.601495,UNSIGNED_CAPACITY_AND_TRADE_PLAN,TERRAIN_CONSTRAINED_PLANNING_ROUTE_NOT_SURVEYED,"{""routeId"": ""ROUTE-0392""}",False,ROUTE-0392
FLOW-0417,REFINED_FUEL,barrel equivalent,visual-territory-66,visual-territory-02,OP-66,OP-02,GATE-66,GATE-02,95085.745117,11885.71814,95.0,16735.784186,29.892974,SEA_PORT_TO_PORT,2983752.205359,UNSIGNED_CAPACITY_AND_TRADE_PLAN,TERRAIN_CONSTRAINED_PLANNING_ROUTE_NOT_SURVEYED,"{""routeId"": ""ROUTE-0393""}",False,ROUTE-0393
FLOW-0418,REFINED_FUEL,barrel equivalent,visual-territory-66,visual-territory-03,OP-66,OP-03,GATE-66,GATE-03,260037.441,32504.680125,95.0,9369.755123,17.616259,SEA_PORT_TO_PORT,4568413.396945,UNSIGNED_CAPACITY_AND_TRADE_PLAN,TERRAIN_CONSTRAINED_PLANNING_ROUTE_NOT_SURVEYED,"{""routeId"": ""ROUTE-0394""}",False,ROUTE-0394
FLOW-0419,REFINED_FUEL,barrel equivalent,visual-territory-66,visual-territory-04,OP-66,OP-04,GATE-66,GATE-04,275749.031,34468.628875,95.0,13823.269968,25.038783,SEA_PORT_TO_PORT,7147037.435541,UNSIGNED_CAPACITY_AND_TRADE_PLAN,TERRAIN_CONSTRAINED_PLANNING_ROUTE_NOT_SURVEYED,"{""routeId"": ""ROUTE-0395""}",False,ROUTE-0395
FLOW-0420,REFINED_FUEL,barrel equivalent,visual-territory-66,visual-territory-05,OP-66,OP-05,GATE-66,GATE-05,110102.359647,13762.794956,95.0,19493.382759,34.488971,SEA_PORT_TO_PORT,4024251.448636,UNSIGNED_CAPACITY_AND_TRADE_PLAN,TERRAIN_CONSTRAINED_PLANNING_ROUTE_NOT_SURVEYED,"{""routeId"": ""ROUTE-0396""}",False,ROUTE-0396
FLOW-0421,REFINED_FUEL,barrel equivalent,visual-territory-66,visual-territory-06,OP-66,OP-06,GATE-66,GATE-06,301060.418,37632.55225,95.0,9279.695239,17.466159,SEA_PORT_TO_PORT,5238279.239211,UNSIGNED_CAPACITY_AND_TRADE_PLAN,TERRAIN_CONSTRAINED_PLANNING_ROUTE_NOT_SURVEYED,"{""routeId"": ""ROUTE-0397""}",False,ROUTE-0397
FLOW-0422,REFINED_FUEL,barrel equivalent,visual-territory-66,visual-territory-07,OP-66,OP-07,GATE-66,GATE-07,216930.191,27116.273875,95.0,24026.620796,42.044368,SEA_PORT_TO_PORT,9772686.446898,UNSIGNED_CAPACITY_AND_TRADE_PLAN,TERRAIN_CONSTRAINED_PLANNING_ROUTE_NOT_SURVEYED,"{""routeId"": ""ROUTE-0398""}",False,ROUTE-0398
FLOW-0423,REFINED_FUEL,barrel equivalent,visual-territory-66,visual-territory-10,OP-66,OP-10,GATE-66,GATE-10,150462.361635,18807.795204,95.0,4788.180627,9.980301,SEA_PORT_TO_PORT,1350826.809378,UNSIGNED_CAPACITY_AND_TRADE_PLAN,TERRAIN_CONSTRAINED_PLANNING_ROUTE_NOT_SURVEYED,"{""routeId"": ""ROUTE-0399""}",False,ROUTE-0399
FLOW-0424,REFINED_FUEL,barrel equivalent,visual-territory-66,visual-territory-12,OP-66,OP-12,GATE-66,GATE-12,208958.52061,26119.815076,95.0,8430.215982,16.05036,SEA_PORT_TO_PORT,3302935.237436,UNSIGNED_CAPACITY_AND_TRADE_PLAN,TERRAIN_CONSTRAINED_PLANNING_ROUTE_NOT_SURVEYED,"{""routeId"": ""ROUTE-0400""}",False,ROUTE-0400
FLOW-0425,REFINED_FUEL,barrel equivalent,visual-territory-66,visual-territory-55,OP-66,OP-55,GATE-66,GATE-55,104001.823476,13000.227934,95.0,3583.073821,7.97179,SEA_PORT_TO_PORT,698711.645595,UNSIGNED_CAPACITY_AND_TRADE_PLAN,TERRAIN_CONSTRAINED_PLANNING_ROUTE_NOT_SURVEYED,"{""routeId"": ""ROUTE-0401""}",False,ROUTE-0401
FLOW-0426,REFINED_FUEL,barrel equivalent,visual-territory-66,visual-territory-70,OP-66,OP-70,GATE-66,GATE-70,61948.642329,7743.580291,95.0,6865.77623,13.44296,SEA_PORT_TO_PORT,797485.342409,UNSIGNED_CAPACITY_AND_TRADE_PLAN,TERRAIN_CONSTRAINED_PLANNING_ROUTE_NOT_SURVEYED,"{""routeId"": ""ROUTE-0402""}",False,ROUTE-0402
FLOW-0427,REFINED_FUEL,barrel equivalent,visual-territory-67,visual-territory-09,OP-67,OP-09,GATE-67,GATE-09,10769.800464,1346.225058,95.0,12598.966206,22.998277,SEA_PORT_TO_PORT,254415.66018,UNSIGNED_CAPACITY_AND_TRADE_PLAN,TERRAIN_CONSTRAINED_PLANNING_ROUTE_NOT_SURVEYED,"{""routeId"": ""ROUTE-0403""}",False,ROUTE-0403
FLOW-0428,REFINED_FUEL,barrel equivalent,visual-territory-67,visual-territory-53,OP-67,OP-53,GATE-67,GATE-53,188551.676764,23568.959596,95.0,11540.945512,21.234909,SEA_PORT_TO_PORT,4080121.177132,UNSIGNED_CAPACITY_AND_TRADE_PLAN,TERRAIN_CONSTRAINED_PLANNING_ROUTE_NOT_SURVEYED,"{""routeId"": ""ROUTE-0404""}",False,ROUTE-0404
FLOW-0429,REFINED_FUEL,barrel equivalent,visual-territory-67,visual-territory-54,OP-67,OP-54,GATE-67,GATE-54,337593.622,42199.20275,95.0,9073.237359,17.122062,SEA_PORT_TO_PORT,5743250.743827,UNSIGNED_CAPACITY_AND_TRADE_PLAN,TERRAIN_CONSTRAINED_PLANNING_ROUTE_NOT_SURVEYED,"{""routeId"": ""ROUTE-0405""}",False,ROUTE-0405
FLOW-0430,REFINED_FUEL,barrel equivalent,visual-territory-67,visual-territory-56,OP-67,OP-56,GATE-67,GATE-56,326899.872,40862.484,95.0,5175.855306,10.626426,SEA_PORT_TO_PORT,3172474.56942,UNSIGNED_CAPACITY_AND_TRADE_PLAN,TERRAIN_CONSTRAINED_PLANNING_ROUTE_NOT_SURVEYED,"{""routeId"": ""ROUTE-0406""}",False,ROUTE-0406
FLOW-0431,REFINED_FUEL,barrel equivalent,visual-territory-67,visual-territory-57,OP-67,OP-57,GATE-67,GATE-57,221098.517,27637.314625,95.0,4599.18748,9.665312,SEA_PORT_TO_PORT,1906637.870945,UNSIGNED_CAPACITY_AND_TRADE_PLAN,TERRAIN_CONSTRAINED_PLANNING_ROUTE_NOT_SURVEYED,"{""routeId"": ""ROUTE-0407""}",False,ROUTE-0407
FLOW-0432,REFINED_FUEL,barrel equivalent,visual-territory-67,visual-territory-58,OP-67,OP-58,GATE-67,GATE-58,303860.425,37982.553125,95.0,7780.787557,14.967979,SEA_PORT_TO_PORT,4433012.651066,UNSIGNED_CAPACITY_AND_TRADE_PLAN,TERRAIN_CONSTRAINED_PLANNING_ROUTE_NOT_SURVEYED,"{""routeId"": ""ROUTE-0408""}",False,ROUTE-0408
FLOW-0433,REFINED_FUEL,barrel equivalent,visual-territory-67,visual-territory-59,OP-67,OP-59,GATE-67,GATE-59,73362.124,9170.2655,95.0,3332.870244,7.554784,SEA_PORT_TO_PORT,458449.575208,UNSIGNED_CAPACITY_AND_TRADE_PLAN,TERRAIN_CONSTRAINED_PLANNING_ROUTE_NOT_SURVEYED,"{""routeId"": ""ROUTE-0409""}",False,ROUTE-0409
FLOW-0434,REFINED_FUEL,barrel equivalent,visual-territory-67,visual-territory-68,OP-67,OP-68,GATE-67,GATE-68,43087.863126,5385.982891,95.0,1497.417521,4.495696,SEA_PORT_TO_PORT,120975.977243,UNSIGNED_CAPACITY_AND_TRADE_PLAN,TERRAIN_CONSTRAINED_PLANNING_ROUTE_NOT_SURVEYED,"{""routeId"": ""ROUTE-0410""}",False,ROUTE-0410
FLOW-0435,MACHINERY,equipment unit,visual-territory-03,visual-territory-06,OP-03,OP-06,GATE-03,GATE-06,110.582605,552.913027,25000.0,815.806396,3.359677,SEA_PORT_TO_PORT,6766.049762,UNSIGNED_CAPACITY_AND_TRADE_PLAN,TERRAIN_CONSTRAINED_PLANNING_ROUTE_NOT_SURVEYED,"{""routeId"": ""ROUTE-0411""}",False,ROUTE-0411
FLOW-0436,MACHINERY,equipment unit,visual-territory-17,visual-territory-20,OP-17,OP-20,GATE-17,GATE-20,61.956239,309.781194,25000.0,2049.224783,4.439553,MULTIMODAL_WITH_TRANSIT,9522.169501,UNSIGNED_CAPACITY_AND_TRADE_PLAN,TERRAIN_CONSTRAINED_PLANNING_ROUTE_NOT_SURVEYED,"{""routeId"": ""ROUTE-0210""}",True,ROUTE-0210
FLOW-0437,MACHINERY,equipment unit,visual-territory-24,visual-territory-01,OP-24,OP-01,GATE-24,GATE-01,84.405479,422.027396,25000.0,12703.081191,23.171802,SEA_PORT_TO_PORT,80415.724145,UNSIGNED_CAPACITY_AND_TRADE_PLAN,TERRAIN_CONSTRAINED_PLANNING_ROUTE_NOT_SURVEYED,"{""routeId"": ""ROUTE-0412""}",False,ROUTE-0412
FLOW-0438,MACHINERY,equipment unit,visual-territory-24,visual-territory-02,OP-24,OP-02,GATE-24,GATE-02,109.841319,549.206596,25000.0,10061.39845,18.768997,SEA_PORT_TO_PORT,82886.795904,UNSIGNED_CAPACITY_AND_TRADE_PLAN,TERRAIN_CONSTRAINED_PLANNING_ROUTE_NOT_SURVEYED,"{""routeId"": ""ROUTE-0413""}",False,ROUTE-0413
FLOW-0439,MACHINERY,equipment unit,visual-territory-24,visual-territory-04,OP-24,OP-04,GATE-24,GATE-04,220.599225,1102.996124,25000.0,13170.565365,23.950942,SEA_PORT_TO_PORT,217906.238224,UNSIGNED_CAPACITY_AND_TRADE_PLAN,TERRAIN_CONSTRAINED_PLANNING_ROUTE_NOT_SURVEYED,"{""routeId"": ""ROUTE-0049""}",False,ROUTE-0049
FLOW-0440,MACHINERY,equipment unit,visual-territory-24,visual-territory-05,OP-24,OP-05,GATE-24,GATE-05,159.05433,795.271648,25000.0,7284.350838,14.140585,SEA_PORT_TO_PORT,86895.565436,UNSIGNED_CAPACITY_AND_TRADE_PLAN,TERRAIN_CONSTRAINED_PLANNING_ROUTE_NOT_SURVEYED,"{""routeId"": ""ROUTE-0414""}",False,ROUTE-0414
FLOW-0441,MACHINERY,equipment unit,visual-territory-24,visual-territory-06,OP-24,OP-06,GATE-24,GATE-06,87.175569,435.877844,25000.0,19024.817827,33.70803,SEA_PORT_TO_PORT,124387.448656,UNSIGNED_CAPACITY_AND_TRADE_PLAN,TERRAIN_CONSTRAINED_PLANNING_ROUTE_NOT_SURVEYED,"{""routeId"": ""ROUTE-0415""}",False,ROUTE-0415
FLOW-0442,MACHINERY,equipment unit,visual-territory-24,visual-territory-07,OP-24,OP-07,GATE-24,GATE-07,173.877873,869.389364,25000.0,7731.810169,14.88635,SEA_PORT_TO_PORT,100829.302886,UNSIGNED_CAPACITY_AND_TRADE_PLAN,TERRAIN_CONSTRAINED_PLANNING_ROUTE_NOT_SURVEYED,"{""routeId"": ""ROUTE-0416""}",False,ROUTE-0416
FLOW-0443,MACHINERY,equipment unit,visual-territory-24,visual-territory-08,OP-24,OP-08,GATE-24,GATE-08,188.024359,940.121794,25000.0,6348.652506,12.581088,SEA_PORT_TO_PORT,89527.59875,UNSIGNED_CAPACITY_AND_TRADE_PLAN,TERRAIN_CONSTRAINED_PLANNING_ROUTE_NOT_SURVEYED,"{""routeId"": ""ROUTE-0417""}",False,ROUTE-0417
FLOW-0444,MACHINERY,equipment unit,visual-territory-24,visual-territory-13,OP-24,OP-13,GATE-24,GATE-13,171.679221,858.396104,25000.0,25492.834231,43.40716,MULTIMODAL_WITH_TRANSIT,328244.243763,UNSIGNED_CAPACITY_AND_TRADE_PLAN,TERRAIN_CONSTRAINED_PLANNING_ROUTE_NOT_SURVEYED,"{""routeId"": ""ROUTE-0050""}",True,ROUTE-0050
FLOW-0445,MACHINERY,equipment unit,visual-territory-24,visual-territory-14,OP-24,OP-14,GATE-24,GATE-14,163.180246,815.901228,25000.0,8419.188087,16.03198,SEA_PORT_TO_PORT,103038.388487,UNSIGNED_CAPACITY_AND_TRADE_PLAN,TERRAIN_CONSTRAINED_PLANNING_ROUTE_NOT_SURVEYED,"{""routeId"": ""ROUTE-0051""}",False,ROUTE-0051
FLOW-0446,MACHINERY,equipment unit,visual-territory-24,visual-territory-15,OP-24,OP-15,GATE-24,GATE-15,216.357083,1081.785416,25000.0,7912.554612,15.187591,SEA_PORT_TO_PORT,128395.292731,UNSIGNED_CAPACITY_AND_TRADE_PLAN,TERRAIN_CONSTRAINED_PLANNING_ROUTE_NOT_SURVEYED,"{""routeId"": ""ROUTE-0418""}",False,ROUTE-0418
FLOW-0447,MACHINERY,equipment unit,visual-territory-24,visual-territory-16,OP-24,OP-16,GATE-24,GATE-16,216.557676,1082.788382,25000.0,5606.744603,11.344574,SEA_PORT_TO_PORT,91063.768762,UNSIGNED_CAPACITY_AND_TRADE_PLAN,TERRAIN_CONSTRAINED_PLANNING_ROUTE_NOT_SURVEYED,"{""routeId"": ""ROUTE-0419""}",False,ROUTE-0419
FLOW-0448,MACHINERY,equipment unit,visual-territory-24,visual-territory-22,OP-24,OP-22,GATE-24,GATE-22,89.763714,448.818572,25000.0,12949.03856,22.121231,MULTIMODAL_WITH_TRANSIT,87176.534928,UNSIGNED_CAPACITY_AND_TRADE_PLAN,TERRAIN_CONSTRAINED_PLANNING_ROUTE_NOT_SURVEYED,"{""routeId"": ""ROUTE-0420""}",True,ROUTE-0420
FLOW-0449,MACHINERY,equipment unit,visual-territory-24,visual-territory-23,OP-24,OP-23,GATE-24,GATE-23,196.942454,984.71227,25000.0,3851.967857,6.585676,MULTIMODAL_WITH_TRANSIT,56896.200187,UNSIGNED_CAPACITY_AND_TRADE_PLAN,TERRAIN_CONSTRAINED_PLANNING_ROUTE_NOT_SURVEYED,"{""routeId"": ""ROUTE-0052""}",True,ROUTE-0052
FLOW-0450,MACHINERY,equipment unit,visual-territory-24,visual-territory-32,OP-24,OP-32,GATE-24,GATE-32,105.242977,526.214884,25000.0,3292.950336,7.488251,SEA_PORT_TO_PORT,25991.99219,UNSIGNED_CAPACITY_AND_TRADE_PLAN,TERRAIN_CONSTRAINED_PLANNING_ROUTE_NOT_SURVEYED,"{""routeId"": ""ROUTE-0421""}",False,ROUTE-0421
FLOW-0451,MACHINERY,equipment unit,visual-territory-28,visual-territory-29,OP-28,OP-29,GATE-28,GATE-29,98.95821,494.791049,25000.0,2880.072777,6.800121,SEA_PORT_TO_PORT,21375.513455,UNSIGNED_CAPACITY_AND_TRADE_PLAN,TERRAIN_CONSTRAINED_PLANNING_ROUTE_NOT_SURVEYED,"{""routeId"": ""ROUTE-0361""}",False,ROUTE-0361
FLOW-0452,MACHINERY,equipment unit,visual-territory-31,visual-territory-23,OP-31,OP-23,GATE-31,GATE-23,83.365272,416.826362,25000.0,11348.574587,19.080021,MULTIMODAL_WITH_TRANSIT,70955.775885,UNSIGNED_CAPACITY_AND_TRADE_PLAN,TERRAIN_CONSTRAINED_PLANNING_ROUTE_NOT_SURVEYED,"{""routeId"": ""ROUTE-0286""}",True,ROUTE-0286
FLOW-0453,MACHINERY,equipment unit,visual-territory-31,visual-territory-29,OP-31,OP-29,GATE-31,GATE-29,63.118242,315.591211,25000.0,4087.412419,8.812354,SEA_PORT_TO_PORT,19349.271526,UNSIGNED_CAPACITY_AND_TRADE_PLAN,TERRAIN_CONSTRAINED_PLANNING_ROUTE_NOT_SURVEYED,"{""routeId"": ""ROUTE-0422""}",False,ROUTE-0422
FLOW-0454,MACHINERY,equipment unit,visual-territory-31,visual-territory-30,OP-31,OP-30,GATE-31,GATE-30,145.18239,725.911952,25000.0,1379.79933,4.299666,SEA_PORT_TO_PORT,15024.192374,UNSIGNED_CAPACITY_AND_TRADE_PLAN,TERRAIN_CONSTRAINED_PLANNING_ROUTE_NOT_SURVEYED,"{""routeId"": ""ROUTE-0365""}",False,ROUTE-0365
FLOW-0455,MACHINERY,equipment unit,visual-territory-40,visual-territory-34,OP-40,OP-34,GATE-40,GATE-34,84.937665,424.688326,25000.0,21192.886343,36.056855,MULTIMODAL_WITH_TRANSIT,135005.571363,UNSIGNED_CAPACITY_AND_TRADE_PLAN,TERRAIN_CONSTRAINED_PLANNING_ROUTE_NOT_SURVEYED,"{""routeId"": ""ROUTE-0423""}",True,ROUTE-0423
FLOW-0456,MACHINERY,equipment unit,visual-territory-42,visual-territory-35,OP-42,OP-35,GATE-42,GATE-35,48.793207,243.966034,25000.0,8754.690197,16.59115,SEA_PORT_TO_PORT,32037.705695,UNSIGNED_CAPACITY_AND_TRADE_PLAN,TERRAIN_CONSTRAINED_PLANNING_ROUTE_NOT_SURVEYED,"{""routeId"": ""ROUTE-0424""}",False,ROUTE-0424
FLOW-0457,MACHINERY,equipment unit,visual-territory-44,visual-territory-38,OP-44,OP-38,GATE-44,GATE-38,120.835299,604.176493,25000.0,2844.726973,6.741212,SEA_PORT_TO_PORT,25780.757491,UNSIGNED_CAPACITY_AND_TRADE_PLAN,TERRAIN_CONSTRAINED_PLANNING_ROUTE_NOT_SURVEYED,"{""routeId"": ""ROUTE-0025""}",False,ROUTE-0025
FLOW-0458,MACHINERY,equipment unit,visual-territory-50,visual-territory-33,OP-50,OP-33,GATE-50,GATE-33,138.062969,690.314844,25000.0,9987.455991,18.64576,SEA_PORT_TO_PORT,103417.336867,UNSIGNED_CAPACITY_AND_TRADE_PLAN,TERRAIN_CONSTRAINED_PLANNING_ROUTE_NOT_SURVEYED,"{""routeId"": ""ROUTE-0425""}",False,ROUTE-0425
FLOW-0459,MACHINERY,equipment unit,visual-territory-50,visual-territory-34,OP-50,OP-34,GATE-50,GATE-34,79.334843,396.674214,25000.0,17244.354419,30.740591,SEA_PORT_TO_PORT,102605.861026,UNSIGNED_CAPACITY_AND_TRADE_PLAN,TERRAIN_CONSTRAINED_PLANNING_ROUTE_NOT_SURVEYED,"{""routeId"": ""ROUTE-0426""}",False,ROUTE-0426
FLOW-0460,MACHINERY,equipment unit,visual-territory-50,visual-territory-38,OP-50,OP-38,GATE-50,GATE-38,109.137801,545.689007,25000.0,9716.288368,18.193814,SEA_PORT_TO_PORT,79531.076273,UNSIGNED_CAPACITY_AND_TRADE_PLAN,TERRAIN_CONSTRAINED_PLANNING_ROUTE_NOT_SURVEYED,"{""routeId"": ""ROUTE-0427""}",False,ROUTE-0427
FLOW-0461,MACHINERY,equipment unit,visual-territory-50,visual-territory-39,OP-50,OP-39,GATE-50,GATE-39,176.381295,881.906476,25000.0,15210.466858,27.350778,SEA_PORT_TO_PORT,201213.13837,UNSIGNED_CAPACITY_AND_TRADE_PLAN,TERRAIN_CONSTRAINED_PLANNING_ROUTE_NOT_SURVEYED,"{""routeId"": ""ROUTE-0428""}",False,ROUTE-0428
FLOW-0462,MACHINERY,equipment unit,visual-territory-50,visual-territory-41,OP-50,OP-41,GATE-50,GATE-41,167.454159,837.270796,25000.0,19724.653452,33.693328,MULTIMODAL_WITH_TRANSIT,247723.144454,UNSIGNED_CAPACITY_AND_TRADE_PLAN,TERRAIN_CONSTRAINED_PLANNING_ROUTE_NOT_SURVEYED,"{""routeId"": ""ROUTE-0429""}",True,ROUTE-0429
FLOW-0463,MACHINERY,equipment unit,visual-territory-50,visual-territory-45,OP-50,OP-45,GATE-50,GATE-45,184.286859,921.434296,25000.0,5292.976282,9.776921,MULTIMODAL_WITH_TRANSIT,73156.948115,UNSIGNED_CAPACITY_AND_TRADE_PLAN,TERRAIN_CONSTRAINED_PLANNING_ROUTE_NOT_SURVEYED,"{""routeId"": ""ROUTE-0071""}",True,ROUTE-0071
FLOW-0464,MACHINERY,equipment unit,visual-territory-50,visual-territory-46,OP-50,OP-46,GATE-50,GATE-46,106.52308,532.615399,25000.0,21442.951524,37.738253,SEA_PORT_TO_PORT,171312.692729,UNSIGNED_CAPACITY_AND_TRADE_PLAN,TERRAIN_CONSTRAINED_PLANNING_ROUTE_NOT_SURVEYED,"{""routeId"": ""ROUTE-0430""}",False,ROUTE-0430
FLOW-0465,MACHINERY,equipment unit,visual-territory-50,visual-territory-47,OP-50,OP-47,GATE-50,GATE-47,250.465018,1252.325092,25000.0,20719.240705,36.532068,SEA_PORT_TO_PORT,389208.375326,UNSIGNED_CAPACITY_AND_TRADE_PLAN,TERRAIN_CONSTRAINED_PLANNING_ROUTE_NOT_SURVEYED,"{""routeId"": ""ROUTE-0431""}",False,ROUTE-0431
FLOW-0466,MACHINERY,equipment unit,visual-territory-50,visual-territory-48,OP-50,OP-48,GATE-50,GATE-48,102.079166,510.395832,25000.0,3420.542858,7.700905,SEA_PORT_TO_PORT,26187.46227,UNSIGNED_CAPACITY_AND_TRADE_PLAN,TERRAIN_CONSTRAINED_PLANNING_ROUTE_NOT_SURVEYED,"{""routeId"": ""ROUTE-0072""}",False,ROUTE-0072
FLOW-0467,MACHINERY,equipment unit,visual-territory-50,visual-territory-49,OP-50,OP-49,GATE-50,GATE-49,152.592924,762.964622,25000.0,3099.092909,7.165155,SEA_PORT_TO_PORT,35467.473751,UNSIGNED_CAPACITY_AND_TRADE_PLAN,TERRAIN_CONSTRAINED_PLANNING_ROUTE_NOT_SURVEYED,"{""routeId"": ""ROUTE-0073""}",False,ROUTE-0073
FLOW-0468,MACHINERY,equipment unit,visual-territory-50,visual-territory-60,OP-50,OP-60,GATE-50,GATE-60,225.592743,1127.963716,25000.0,5993.51493,11.989192,SEA_PORT_TO_PORT,101407.010591,UNSIGNED_CAPACITY_AND_TRADE_PLAN,TERRAIN_CONSTRAINED_PLANNING_ROUTE_NOT_SURVEYED,"{""routeId"": ""ROUTE-0432""}",False,ROUTE-0432
FLOW-0469,MACHINERY,equipment unit,visual-territory-50,visual-territory-62,OP-50,OP-62,GATE-50,GATE-62,163.708238,818.541192,25000.0,8708.37463,16.513958,SEA_PORT_TO_PORT,106922.450252,UNSIGNED_CAPACITY_AND_TRADE_PLAN,TERRAIN_CONSTRAINED_PLANNING_ROUTE_NOT_SURVEYED,"{""routeId"": ""ROUTE-0031""}",False,ROUTE-0031
FLOW-0470,MACHINERY,equipment unit,visual-territory-50,visual-territory-63,OP-50,OP-63,GATE-50,GATE-63,43.701439,218.507194,25000.0,14427.143817,26.04524,SEA_PORT_TO_PORT,47286.520693,UNSIGNED_CAPACITY_AND_TRADE_PLAN,TERRAIN_CONSTRAINED_PLANNING_ROUTE_NOT_SURVEYED,"{""routeId"": ""ROUTE-0433""}",False,ROUTE-0433
FLOW-0471,MACHINERY,equipment unit,visual-territory-50,visual-territory-69,OP-50,OP-69,GATE-50,GATE-69,106.808619,534.043096,25000.0,9077.536215,17.129227,SEA_PORT_TO_PORT,72716.933167,UNSIGNED_CAPACITY_AND_TRADE_PLAN,TERRAIN_CONSTRAINED_PLANNING_ROUTE_NOT_SURVEYED,"{""routeId"": ""ROUTE-0075""}",False,ROUTE-0075
FLOW-0472,MACHINERY,equipment unit,visual-territory-51,visual-territory-46,OP-51,OP-46,GATE-51,GATE-46,101.73147,508.657352,25000.0,2575.30149,6.292169,SEA_PORT_TO_PORT,19649.190545,UNSIGNED_CAPACITY_AND_TRADE_PLAN,TERRAIN_CONSTRAINED_PLANNING_ROUTE_NOT_SURVEYED,"{""routeId"": ""ROUTE-0332""}",False,ROUTE-0332
FLOW-0473,MACHINERY,equipment unit,visual-territory-52,visual-territory-35,OP-52,OP-35,GATE-52,GATE-35,99.994589,499.972946,25000.0,10512.225782,19.520376,SEA_PORT_TO_PORT,78837.427397,UNSIGNED_CAPACITY_AND_TRADE_PLAN,TERRAIN_CONSTRAINED_PLANNING_ROUTE_NOT_SURVEYED,"{""routeId"": ""ROUTE-0434""}",False,ROUTE-0434
FLOW-0474,MACHINERY,equipment unit,visual-territory-52,visual-territory-36,OP-52,OP-36,GATE-52,GATE-36,10.051686,50.258432,25000.0,9026.736235,17.04456,SEA_PORT_TO_PORT,6805.044139,UNSIGNED_CAPACITY_AND_TRADE_PLAN,TERRAIN_CONSTRAINED_PLANNING_ROUTE_NOT_SURVEYED,"{""routeId"": ""ROUTE-0435""}",False,ROUTE-0435
FLOW-0475,MACHINERY,equipment unit,visual-territory-52,visual-territory-43,OP-52,OP-43,GATE-52,GATE-43,106.466532,532.33266,25000.0,4236.574911,9.060958,SEA_PORT_TO_PORT,33829.007876,UNSIGNED_CAPACITY_AND_TRADE_PLAN,TERRAIN_CONSTRAINED_PLANNING_ROUTE_NOT_SURVEYED,"{""routeId"": ""ROUTE-0436""}",False,ROUTE-0436
FLOW-0476,MACHINERY,equipment unit,visual-territory-52,visual-territory-47,OP-52,OP-47,GATE-52,GATE-47,1.021558,5.107788,25000.0,4447.269271,9.412115,SEA_PORT_TO_PORT,340.735629,UNSIGNED_CAPACITY_AND_TRADE_PLAN,TERRAIN_CONSTRAINED_PLANNING_ROUTE_NOT_SURVEYED,"{""routeId"": ""ROUTE-0437""}",False,ROUTE-0437
FLOW-0477,MACHINERY,equipment unit,visual-territory-52,visual-territory-65,OP-52,OP-65,GATE-52,GATE-65,234.773353,1173.866767,25000.0,2278.294618,5.797158,SEA_PORT_TO_PORT,40116.215056,UNSIGNED_CAPACITY_AND_TRADE_PLAN,TERRAIN_CONSTRAINED_PLANNING_ROUTE_NOT_SURVEYED,"{""routeId"": ""ROUTE-0438""}",False,ROUTE-0438
FLOW-0478,MACHINERY,equipment unit,visual-territory-56,visual-territory-09,OP-56,OP-09,GATE-56,GATE-09,163.131214,815.656072,25000.0,16022.074104,28.703457,SEA_PORT_TO_PORT,196027.530431,UNSIGNED_CAPACITY_AND_TRADE_PLAN,TERRAIN_CONSTRAINED_PLANNING_ROUTE_NOT_SURVEYED,"{""routeId"": ""ROUTE-0439""}",False,ROUTE-0439
FLOW-0479,MACHINERY,equipment unit,visual-territory-56,visual-territory-10,OP-56,OP-10,GATE-56,GATE-10,162.35318,811.765898,25000.0,16208.815905,29.014693,SEA_PORT_TO_PORT,197366.459975,UNSIGNED_CAPACITY_AND_TRADE_PLAN,TERRAIN_CONSTRAINED_PLANNING_ROUTE_NOT_SURVEYED,"{""routeId"": ""ROUTE-0440""}",False,ROUTE-0440
FLOW-0480,MACHINERY,equipment unit,visual-territory-56,visual-territory-11,OP-56,OP-11,GATE-56,GATE-11,111.497023,557.485116,25000.0,19732.913251,34.888189,SEA_PORT_TO_PORT,165012.081494,UNSIGNED_CAPACITY_AND_TRADE_PLAN,TERRAIN_CONSTRAINED_PLANNING_ROUTE_NOT_SURVEYED,"{""routeId"": ""ROUTE-0441""}",False,ROUTE-0441
FLOW-0481,MACHINERY,equipment unit,visual-territory-56,visual-territory-12,OP-56,OP-12,GATE-56,GATE-12,229.271864,1146.35932,25000.0,19208.929707,34.014883,SEA_PORT_TO_PORT,330305.033952,UNSIGNED_CAPACITY_AND_TRADE_PLAN,TERRAIN_CONSTRAINED_PLANNING_ROUTE_NOT_SURVEYED,"{""routeId"": ""ROUTE-0442""}",False,ROUTE-0442
FLOW-0482,MACHINERY,equipment unit,visual-territory-56,visual-territory-19,OP-56,OP-19,GATE-56,GATE-19,98.426352,492.131762,25000.0,14967.882974,26.946472,SEA_PORT_TO_PORT,110492.55932,UNSIGNED_CAPACITY_AND_TRADE_PLAN,TERRAIN_CONSTRAINED_PLANNING_ROUTE_NOT_SURVEYED,"{""routeId"": ""ROUTE-0443""}",False,ROUTE-0443
FLOW-0483,MACHINERY,equipment unit,visual-territory-56,visual-territory-53,OP-56,OP-53,GATE-56,GATE-53,221.064975,1105.324874,25000.0,7921.4525,15.202421,SEA_PORT_TO_PORT,131336.677294,UNSIGNED_CAPACITY_AND_TRADE_PLAN,TERRAIN_CONSTRAINED_PLANNING_ROUTE_NOT_SURVEYED,"{""routeId"": ""ROUTE-0444""}",False,ROUTE-0444
FLOW-0484,MACHINERY,equipment unit,visual-territory-56,visual-territory-54,OP-56,OP-54,GATE-56,GATE-54,270.587294,1352.936468,25000.0,12496.345257,22.827242,SEA_PORT_TO_PORT,253601.418214,UNSIGNED_CAPACITY_AND_TRADE_PLAN,TERRAIN_CONSTRAINED_PLANNING_ROUTE_NOT_SURVEYED,"{""routeId"": ""ROUTE-0445""}",False,ROUTE-0445
FLOW-0485,MACHINERY,equipment unit,visual-territory-56,visual-territory-55,OP-56,OP-55,GATE-56,GATE-55,126.977459,634.887297,25000.0,15003.709099,27.006182,SEA_PORT_TO_PORT,142884.964719,UNSIGNED_CAPACITY_AND_TRADE_PLAN,TERRAIN_CONSTRAINED_PLANNING_ROUTE_NOT_SURVEYED,"{""routeId"": ""ROUTE-0446""}",False,ROUTE-0446
FLOW-0486,MACHINERY,equipment unit,visual-territory-56,visual-territory-58,OP-56,OP-58,GATE-56,GATE-58,243.08834,1215.4417,25000.0,11203.895454,20.673159,SEA_PORT_TO_PORT,204265.226064,UNSIGNED_CAPACITY_AND_TRADE_PLAN,TERRAIN_CONSTRAINED_PLANNING_ROUTE_NOT_SURVEYED,"{""routeId"": ""ROUTE-0447""}",False,ROUTE-0447
FLOW-0487,MACHINERY,equipment unit,visual-territory-57,visual-territory-20,OP-57,OP-20,GATE-57,GATE-20,88.359837,441.799186,25000.0,8625.887587,15.400658,MULTIMODAL_WITH_TRANSIT,57163.651718,UNSIGNED_CAPACITY_AND_TRADE_PLAN,TERRAIN_CONSTRAINED_PLANNING_ROUTE_NOT_SURVEYED,"{""routeId"": ""ROUTE-0448""}",True,ROUTE-0448
FLOW-0488,MACHINERY,equipment unit,visual-territory-57,visual-territory-21,OP-57,OP-21,GATE-57,GATE-21,1.77795,8.889748,25000.0,18544.703101,31.581427,MULTIMODAL_WITH_TRANSIT,2472.86606,UNSIGNED_CAPACITY_AND_TRADE_PLAN,TERRAIN_CONSTRAINED_PLANNING_ROUTE_NOT_SURVEYED,"{""routeId"": ""ROUTE-0449""}",True,ROUTE-0449
FLOW-0489,MACHINERY,equipment unit,visual-territory-59,visual-territory-21,OP-59,OP-21,GATE-59,GATE-21,29.46681,147.334049,25000.0,19873.5161,33.796115,MULTIMODAL_WITH_TRANSIT,43920.683923,UNSIGNED_CAPACITY_AND_TRADE_PLAN,TERRAIN_CONSTRAINED_PLANNING_ROUTE_NOT_SURVEYED,"{""routeId"": ""ROUTE-0450""}",True,ROUTE-0450
FLOW-0490,MACHINERY,equipment unit,visual-territory-61,visual-territory-63,OP-61,OP-63,GATE-61,GATE-63,162.016957,810.084785,25000.0,5930.179057,11.883632,SEA_PORT_TO_PORT,72059.217392,UNSIGNED_CAPACITY_AND_TRADE_PLAN,TERRAIN_CONSTRAINED_PLANNING_ROUTE_NOT_SURVEYED,"{""routeId"": ""ROUTE-0451""}",False,ROUTE-0451
FLOW-0491,MACHINERY,equipment unit,visual-territory-64,visual-territory-36,OP-64,OP-36,GATE-64,GATE-36,64.825808,324.12904,25000.0,8734.931361,16.558219,SEA_PORT_TO_PORT,42468.673746,UNSIGNED_CAPACITY_AND_TRADE_PLAN,TERRAIN_CONSTRAINED_PLANNING_ROUTE_NOT_SURVEYED,"{""routeId"": ""ROUTE-0452""}",False,ROUTE-0452
FLOW-0492,MACHINERY,equipment unit,visual-territory-64,visual-territory-37,OP-64,OP-37,GATE-64,GATE-37,76.552228,382.76114,25000.0,6676.997381,13.128329,SEA_PORT_TO_PORT,38335.426941,UNSIGNED_CAPACITY_AND_TRADE_PLAN,TERRAIN_CONSTRAINED_PLANNING_ROUTE_NOT_SURVEYED,"{""routeId"": ""ROUTE-0453""}",False,ROUTE-0453
FLOW-0493,MACHINERY,equipment unit,visual-territory-64,visual-territory-53,OP-64,OP-53,GATE-64,GATE-53,0.9531,4.765502,25000.0,4425.494569,9.375824,SEA_PORT_TO_PORT,316.345548,UNSIGNED_CAPACITY_AND_TRADE_PLAN,TERRAIN_CONSTRAINED_PLANNING_ROUTE_NOT_SURVEYED,"{""routeId"": ""ROUTE-0141""}",False,ROUTE-0141
FLOW-0494,MACHINERY,equipment unit,visual-territory-66,visual-territory-06,OP-66,OP-06,GATE-66,GATE-06,43.09016,215.4508,25000.0,9279.695239,17.466159,SEA_PORT_TO_PORT,29989.766445,UNSIGNED_CAPACITY_AND_TRADE_PLAN,TERRAIN_CONSTRAINED_PLANNING_ROUTE_NOT_SURVEYED,"{""routeId"": ""ROUTE-0397""}",False,ROUTE-0397
FLOW-0495,MACHINERY,equipment unit,visual-territory-66,visual-territory-10,OP-66,OP-10,GATE-66,GATE-10,12.004624,60.023122,25000.0,4788.180627,9.980301,SEA_PORT_TO_PORT,4311.023249,UNSIGNED_CAPACITY_AND_TRADE_PLAN,TERRAIN_CONSTRAINED_PLANNING_ROUTE_NOT_SURVEYED,"{""routeId"": ""ROUTE-0399""}",False,ROUTE-0399
FLOW-0496,MACHINERY,equipment unit,visual-territory-66,visual-territory-70,OP-66,OP-70,GATE-66,GATE-70,71.480983,357.404916,25000.0,6865.77623,13.44296,SEA_PORT_TO_PORT,36807.932649,UNSIGNED_CAPACITY_AND_TRADE_PLAN,TERRAIN_CONSTRAINED_PLANNING_ROUTE_NOT_SURVEYED,"{""routeId"": ""ROUTE-0402""}",False,ROUTE-0402
FLOW-0497,MACHINERY,equipment unit,visual-territory-67,visual-territory-18,OP-67,OP-18,GATE-67,GATE-18,91.62337,458.116848,25000.0,10150.593262,18.917655,SEA_PORT_TO_PORT,69752.366859,UNSIGNED_CAPACITY_AND_TRADE_PLAN,TERRAIN_CONSTRAINED_PLANNING_ROUTE_NOT_SURVEYED,"{""routeId"": ""ROUTE-0454""}",False,ROUTE-0454
FLOW-0498,MACHINERY,equipment unit,visual-territory-67,visual-territory-21,OP-67,OP-21,GATE-67,GATE-21,178.813923,894.069615,25000.0,22391.40934,37.992604,MULTIMODAL_WITH_TRANSIT,300292.180919,UNSIGNED_CAPACITY_AND_TRADE_PLAN,TERRAIN_CONSTRAINED_PLANNING_ROUTE_NOT_SURVEYED,"{""routeId"": ""ROUTE-0455""}",True,ROUTE-0455
FLOW-0499,MACHINERY,equipment unit,visual-territory-67,visual-territory-25,OP-67,OP-25,GATE-67,GATE-25,97.515977,487.579884,25000.0,8784.111107,16.640185,SEA_PORT_TO_PORT,64244.338118,UNSIGNED_CAPACITY_AND_TRADE_PLAN,TERRAIN_CONSTRAINED_PLANNING_ROUTE_NOT_SURVEYED,"{""routeId"": ""ROUTE-0456""}",False,ROUTE-0456
FLOW-0500,MACHINERY,equipment unit,visual-territory-67,visual-territory-26,OP-67,OP-26,GATE-67,GATE-26,120.382551,601.912756,25000.0,11808.484192,21.680807,SEA_PORT_TO_PORT,106615.158965,UNSIGNED_CAPACITY_AND_TRADE_PLAN,TERRAIN_CONSTRAINED_PLANNING_ROUTE_NOT_SURVEYED,"{""routeId"": ""ROUTE-0457""}",False,ROUTE-0457
FLOW-0501,MACHINERY,equipment unit,visual-territory-67,visual-territory-27,OP-67,OP-27,GATE-67,GATE-27,166.810407,834.052036,25000.0,14307.380047,25.845633,SEA_PORT_TO_PORT,178996.491871,UNSIGNED_CAPACITY_AND_TRADE_PLAN,TERRAIN_CONSTRAINED_PLANNING_ROUTE_NOT_SURVEYED,"{""routeId"": ""ROUTE-0458""}",False,ROUTE-0458
FLOW-0502,MACHINERY,equipment unit,visual-territory-67,visual-territory-63,OP-67,OP-63,GATE-67,GATE-63,9.346617,46.733086,25000.0,4415.390002,9.358983,SEA_PORT_TO_PORT,3095.17201,UNSIGNED_CAPACITY_AND_TRADE_PLAN,TERRAIN_CONSTRAINED_PLANNING_ROUTE_NOT_SURVEYED,"{""routeId"": ""ROUTE-0459""}",False,ROUTE-0459
FLOW-0503,MACHINERY,equipment unit,visual-territory-67,visual-territory-68,OP-67,OP-68,GATE-67,GATE-68,158.351573,791.757864,25000.0,1497.417521,4.495696,SEA_PORT_TO_PORT,17783.881471,UNSIGNED_CAPACITY_AND_TRADE_PLAN,TERRAIN_CONSTRAINED_PLANNING_ROUTE_NOT_SURVEYED,"{""routeId"": ""ROUTE-0410""}",False,ROUTE-0410
FLOW-0504,SEMICONDUCTORS,standardised chip unit,visual-territory-07,visual-territory-05,OP-07,OP-05,GATE-07,GATE-05,81302.155504,0.081302,20.0,4777.599596,9.962666,SEA_PORT_TO_PORT,5.826426,UNSIGNED_CAPACITY_AND_TRADE_PLAN,TERRAIN_CONSTRAINED_PLANNING_ROUTE_NOT_SURVEYED,"{""routeId"": ""ROUTE-0460""}",False,ROUTE-0460
FLOW-0505,SEMICONDUCTORS,standardised chip unit,visual-territory-07,visual-territory-16,OP-07,OP-16,GATE-07,GATE-16,35487.596551,0.035488,20.0,2465.240293,6.108734,SEA_PORT_TO_PORT,1.312297,UNSIGNED_CAPACITY_AND_TRADE_PLAN,TERRAIN_CONSTRAINED_PLANNING_ROUTE_NOT_SURVEYED,"{""routeId"": ""ROUTE-0461""}",False,ROUTE-0461
FLOW-0506,SEMICONDUCTORS,standardised chip unit,visual-territory-08,visual-territory-05,OP-08,OP-05,GATE-08,GATE-05,117515.756496,0.117516,20.0,2646.583254,6.410972,SEA_PORT_TO_PORT,4.665238,UNSIGNED_CAPACITY_AND_TRADE_PLAN,TERRAIN_CONSTRAINED_PLANNING_ROUTE_NOT_SURVEYED,"{""routeId"": ""ROUTE-0462""}",False,ROUTE-0462
FLOW-0507,SEMICONDUCTORS,standardised chip unit,visual-territory-12,visual-territory-01,OP-12,OP-01,GATE-12,GATE-01,105506.849,0.105507,20.0,11019.433459,20.365722,SEA_PORT_TO_PORT,17.43941,UNSIGNED_CAPACITY_AND_TRADE_PLAN,TERRAIN_CONSTRAINED_PLANNING_ROUTE_NOT_SURVEYED,"{""routeId"": ""ROUTE-0463""}",False,ROUTE-0463
FLOW-0508,SEMICONDUCTORS,standardised chip unit,visual-territory-12,visual-territory-02,OP-12,OP-02,GATE-12,GATE-02,137301.649,0.137302,20.0,13425.361953,24.375603,SEA_PORT_TO_PORT,27.649936,UNSIGNED_CAPACITY_AND_TRADE_PLAN,TERRAIN_CONSTRAINED_PLANNING_ROUTE_NOT_SURVEYED,"{""routeId"": ""ROUTE-0464""}",False,ROUTE-0464
FLOW-0509,SEMICONDUCTORS,standardised chip unit,visual-territory-12,visual-territory-03,OP-12,OP-03,GATE-12,GATE-03,260037.441,0.260037,20.0,5958.464649,11.930774,SEA_PORT_TO_PORT,23.241319,UNSIGNED_CAPACITY_AND_TRADE_PLAN,TERRAIN_CONSTRAINED_PLANNING_ROUTE_NOT_SURVEYED,"{""routeId"": ""ROUTE-0465""}",False,ROUTE-0465
FLOW-0510,SEMICONDUCTORS,standardised chip unit,visual-territory-12,visual-territory-04,OP-12,OP-04,GATE-12,GATE-04,275749.031,0.275749,20.0,10512.847734,19.521413,SEA_PORT_TO_PORT,43.483609,UNSIGNED_CAPACITY_AND_TRADE_PLAN,TERRAIN_CONSTRAINED_PLANNING_ROUTE_NOT_SURVEYED,"{""routeId"": ""ROUTE-0466""}",False,ROUTE-0466
FLOW-0511,SEMICONDUCTORS,standardised chip unit,visual-territory-12,visual-territory-06,OP-12,OP-06,GATE-12,GATE-06,301060.418,0.30106,20.0,5868.404765,11.780675,SEA_PORT_TO_PORT,26.501129,UNSIGNED_CAPACITY_AND_TRADE_PLAN,TERRAIN_CONSTRAINED_PLANNING_ROUTE_NOT_SURVEYED,"{""routeId"": ""ROUTE-0467""}",False,ROUTE-0467
FLOW-0512,SEMICONDUCTORS,standardised chip unit,visual-territory-12,visual-territory-09,OP-12,OP-09,GATE-12,GATE-09,168689.294377,0.168689,20.0,7622.470933,14.704118,SEA_PORT_TO_PORT,19.287405,UNSIGNED_CAPACITY_AND_TRADE_PLAN,TERRAIN_CONSTRAINED_PLANNING_ROUTE_NOT_SURVEYED,"{""routeId"": ""ROUTE-0468""}",False,ROUTE-0468
FLOW-0513,SEMICONDUCTORS,standardised chip unit,visual-territory-12,visual-territory-10,OP-12,OP-10,GATE-12,GATE-10,217859.358,0.217859,20.0,5523.855706,11.206426,SEA_PORT_TO_PORT,18.051325,UNSIGNED_CAPACITY_AND_TRADE_PLAN,TERRAIN_CONSTRAINED_PLANNING_ROUTE_NOT_SURVEYED,"{""routeId"": ""ROUTE-0469""}",False,ROUTE-0469
FLOW-0514,SEMICONDUCTORS,standardised chip unit,visual-territory-12,visual-territory-11,OP-12,OP-11,GATE-12,GATE-11,139077.036,0.139077,20.0,1624.254319,4.707091,SEA_PORT_TO_PORT,3.388446,UNSIGNED_CAPACITY_AND_TRADE_PLAN,TERRAIN_CONSTRAINED_PLANNING_ROUTE_NOT_SURVEYED,"{""routeId"": ""ROUTE-0470""}",False,ROUTE-0470
FLOW-0515,SEMICONDUCTORS,standardised chip unit,visual-territory-12,visual-territory-14,OP-12,OP-14,GATE-12,GATE-14,203975.307,0.203975,20.0,21403.57648,37.672627,SEA_PORT_TO_PORT,65.486918,UNSIGNED_CAPACITY_AND_TRADE_PLAN,TERRAIN_CONSTRAINED_PLANNING_ROUTE_NOT_SURVEYED,"{""routeId"": ""ROUTE-0471""}",False,ROUTE-0471
FLOW-0516,SEMICONDUCTORS,standardised chip unit,visual-territory-12,visual-territory-15,OP-12,OP-15,GATE-12,GATE-15,74585.358397,0.074585,20.0,20896.943004,36.828238,SEA_PORT_TO_PORT,23.378977,UNSIGNED_CAPACITY_AND_TRADE_PLAN,TERRAIN_CONSTRAINED_PLANNING_ROUTE_NOT_SURVEYED,"{""routeId"": ""ROUTE-0472""}",False,ROUTE-0472
FLOW-0517,SEMICONDUCTORS,standardised chip unit,visual-territory-12,visual-territory-16,OP-12,OP-16,GATE-12,GATE-16,208065.653555,0.208066,20.0,18977.299705,33.628833,SEA_PORT_TO_PORT,59.227963,UNSIGNED_CAPACITY_AND_TRADE_PLAN,TERRAIN_CONSTRAINED_PLANNING_ROUTE_NOT_SURVEYED,"{""routeId"": ""ROUTE-0473""}",False,ROUTE-0473
FLOW-0518,SEMICONDUCTORS,standardised chip unit,visual-territory-12,visual-territory-20,OP-12,OP-20,GATE-12,GATE-20,187895.095,0.187895,20.0,15185.689899,26.333662,MULTIMODAL_WITH_TRANSIT,42.799728,UNSIGNED_CAPACITY_AND_TRADE_PLAN,TERRAIN_CONSTRAINED_PLANNING_ROUTE_NOT_SURVEYED,"{""routeId"": ""ROUTE-0008""}",True,ROUTE-0008
FLOW-0519,SEMICONDUCTORS,standardised chip unit,visual-territory-12,visual-territory-27,OP-12,OP-27,GATE-12,GATE-27,208513.009,0.208513,20.0,20274.834161,35.79139,SEA_PORT_TO_PORT,63.413497,UNSIGNED_CAPACITY_AND_TRADE_PLAN,TERRAIN_CONSTRAINED_PLANNING_ROUTE_NOT_SURVEYED,"{""routeId"": ""ROUTE-0474""}",False,ROUTE-0474
FLOW-0520,SEMICONDUCTORS,standardised chip unit,visual-territory-12,visual-territory-70,OP-12,OP-70,GATE-12,GATE-70,89351.229,0.089351,20.0,8088.486258,15.48081,SEA_PORT_TO_PORT,10.840715,UNSIGNED_CAPACITY_AND_TRADE_PLAN,TERRAIN_CONSTRAINED_PLANNING_ROUTE_NOT_SURVEYED,"{""routeId"": ""ROUTE-0475""}",False,ROUTE-0475
FLOW-0521,SEMICONDUCTORS,standardised chip unit,visual-territory-13,visual-territory-15,OP-13,OP-15,GATE-13,GATE-15,195750.778603,0.195751,20.0,23166.827431,39.530482,MULTIMODAL_WITH_TRANSIT,68.023945,UNSIGNED_CAPACITY_AND_TRADE_PLAN,TERRAIN_CONSTRAINED_PLANNING_ROUTE_NOT_SURVEYED,"{""routeId"": ""ROUTE-0476""}",True,ROUTE-0476
FLOW-0522,SEMICONDUCTORS,standardised chip unit,visual-territory-13,visual-territory-21,OP-13,OP-21,GATE-13,GATE-21,262573.353,0.262573,20.0,6679.603697,10.725364,MULTIMODAL_WITH_TRANSIT,26.308254,UNSIGNED_CAPACITY_AND_TRADE_PLAN,TERRAIN_CONSTRAINED_PLANNING_ROUTE_NOT_SURVEYED,"{""routeId"": ""ROUTE-0477""}",True,ROUTE-0477
FLOW-0523,SEMICONDUCTORS,standardised chip unit,visual-territory-13,visual-territory-22,OP-13,OP-22,GATE-13,GATE-22,112204.643,0.112205,20.0,28660.802705,47.226607,MULTIMODAL_WITH_TRANSIT,48.238281,UNSIGNED_CAPACITY_AND_TRADE_PLAN,TERRAIN_CONSTRAINED_PLANNING_ROUTE_NOT_SURVEYED,"{""routeId"": ""ROUTE-0478""}",True,ROUTE-0478
FLOW-0524,SEMICONDUCTORS,standardised chip unit,visual-territory-13,visual-territory-23,OP-13,OP-23,GATE-13,GATE-23,350234.467,0.350234,20.0,29344.802088,47.992836,MULTIMODAL_WITH_TRANSIT,154.163211,UNSIGNED_CAPACITY_AND_TRADE_PLAN,TERRAIN_CONSTRAINED_PLANNING_ROUTE_NOT_SURVEYED,"{""routeId"": ""ROUTE-0261""}",True,ROUTE-0261
FLOW-0525,SEMICONDUCTORS,standardised chip unit,visual-territory-13,visual-territory-28,OP-13,OP-28,GATE-13,GATE-28,218123.062,0.218123,20.0,23776.978172,40.5474,MULTIMODAL_WITH_TRANSIT,77.794587,UNSIGNED_CAPACITY_AND_TRADE_PLAN,TERRAIN_CONSTRAINED_PLANNING_ROUTE_NOT_SURVEYED,"{""routeId"": ""ROUTE-0263""}",True,ROUTE-0263
FLOW-0526,SEMICONDUCTORS,standardised chip unit,visual-territory-13,visual-territory-29,OP-13,OP-29,GATE-13,GATE-29,202595.565,0.202596,20.0,25593.752806,43.575357,MULTIMODAL_WITH_TRANSIT,77.777879,UNSIGNED_CAPACITY_AND_TRADE_PLAN,TERRAIN_CONSTRAINED_PLANNING_ROUTE_NOT_SURVEYED,"{""routeId"": ""ROUTE-0479""}",True,ROUTE-0479
FLOW-0527,SEMICONDUCTORS,standardised chip unit,visual-territory-13,visual-territory-30,OP-13,OP-30,GATE-13,GATE-30,74464.653202,0.074465,20.0,28059.093931,47.684259,MULTIMODAL_WITH_TRANSIT,31.341306,UNSIGNED_CAPACITY_AND_TRADE_PLAN,TERRAIN_CONSTRAINED_PLANNING_ROUTE_NOT_SURVEYED,"{""routeId"": ""ROUTE-0480""}",True,ROUTE-0480
FLOW-0528,SEMICONDUCTORS,standardised chip unit,visual-territory-19,visual-territory-09,OP-19,OP-09,GATE-19,GATE-09,35224.723623,0.035225,20.0,2050.731216,5.417885,SEA_PORT_TO_PORT,1.083555,UNSIGNED_CAPACITY_AND_TRADE_PLAN,TERRAIN_CONSTRAINED_PLANNING_ROUTE_NOT_SURVEYED,"{""routeId"": ""ROUTE-0481""}",False,ROUTE-0481
FLOW-0529,SEMICONDUCTORS,standardised chip unit,visual-territory-19,visual-territory-17,OP-19,OP-17,GATE-19,GATE-17,26507.855709,0.026508,20.0,5599.279348,11.332132,SEA_PORT_TO_PORT,2.226385,UNSIGNED_CAPACITY_AND_TRADE_PLAN,TERRAIN_CONSTRAINED_PLANNING_ROUTE_NOT_SURVEYED,"{""routeId"": ""ROUTE-0179""}",False,ROUTE-0179
FLOW-0530,SEMICONDUCTORS,standardised chip unit,visual-territory-24,visual-territory-16,OP-24,OP-16,GATE-24,GATE-16,27031.624894,0.027032,20.0,5606.744603,11.344574,SEA_PORT_TO_PORT,2.273423,UNSIGNED_CAPACITY_AND_TRADE_PLAN,TERRAIN_CONSTRAINED_PLANNING_ROUTE_NOT_SURVEYED,"{""routeId"": ""ROUTE-0419""}",False,ROUTE-0419
FLOW-0531,SEMICONDUCTORS,standardised chip unit,visual-territory-24,visual-territory-32,OP-24,OP-32,GATE-24,GATE-32,131553.721,0.131554,20.0,3292.950336,7.488251,SEA_PORT_TO_PORT,6.498012,UNSIGNED_CAPACITY_AND_TRADE_PLAN,TERRAIN_CONSTRAINED_PLANNING_ROUTE_NOT_SURVEYED,"{""routeId"": ""ROUTE-0421""}",False,ROUTE-0421
FLOW-0532,SEMICONDUCTORS,standardised chip unit,visual-territory-31,visual-territory-30,OP-31,OP-30,GATE-31,GATE-30,107013.334798,0.107013,20.0,1379.79933,4.299666,SEA_PORT_TO_PORT,2.214847,UNSIGNED_CAPACITY_AND_TRADE_PLAN,TERRAIN_CONSTRAINED_PLANNING_ROUTE_NOT_SURVEYED,"{""routeId"": ""ROUTE-0365""}",False,ROUTE-0365
FLOW-0533,SEMICONDUCTORS,standardised chip unit,visual-territory-40,visual-territory-33,OP-40,OP-33,GATE-40,GATE-33,172578.711,0.172579,20.0,27826.621738,47.113081,MULTIMODAL_WITH_TRANSIT,72.034358,UNSIGNED_CAPACITY_AND_TRADE_PLAN,TERRAIN_CONSTRAINED_PLANNING_ROUTE_NOT_SURVEYED,"{""routeId"": ""ROUTE-0482""}",True,ROUTE-0482
FLOW-0534,SEMICONDUCTORS,standardised chip unit,visual-territory-40,visual-territory-34,OP-40,OP-34,GATE-40,GATE-34,205340.635,0.205341,20.0,21192.886343,36.056855,MULTIMODAL_WITH_TRANSIT,65.276527,UNSIGNED_CAPACITY_AND_TRADE_PLAN,TERRAIN_CONSTRAINED_PLANNING_ROUTE_NOT_SURVEYED,"{""routeId"": ""ROUTE-0423""}",True,ROUTE-0423
FLOW-0535,SEMICONDUCTORS,standardised chip unit,visual-territory-40,visual-territory-35,OP-40,OP-35,GATE-40,GATE-35,185984.745,0.185985,20.0,18393.930636,31.391929,MULTIMODAL_WITH_TRANSIT,51.314928,UNSIGNED_CAPACITY_AND_TRADE_PLAN,TERRAIN_CONSTRAINED_PLANNING_ROUTE_NOT_SURVEYED,"{""routeId"": ""ROUTE-0483""}",True,ROUTE-0483
FLOW-0536,SEMICONDUCTORS,standardised chip unit,visual-territory-40,visual-territory-36,OP-40,OP-36,GATE-40,GATE-36,78435.633885,0.078436,20.0,16908.441089,28.916113,MULTIMODAL_WITH_TRANSIT,19.893457,UNSIGNED_CAPACITY_AND_TRADE_PLAN,TERRAIN_CONSTRAINED_PLANNING_ROUTE_NOT_SURVEYED,"{""routeId"": ""ROUTE-0484""}",True,ROUTE-0484
FLOW-0537,SEMICONDUCTORS,standardised chip unit,visual-territory-40,visual-territory-38,OP-40,OP-38,GATE-40,GATE-38,135893.861285,0.135894,20.0,27555.454116,46.661135,MULTIMODAL_WITH_TRANSIT,56.169313,UNSIGNED_CAPACITY_AND_TRADE_PLAN,TERRAIN_CONSTRAINED_PLANNING_ROUTE_NOT_SURVEYED,"{""routeId"": ""ROUTE-0021""}",True,ROUTE-0021
FLOW-0538,SEMICONDUCTORS,standardised chip unit,visual-territory-40,visual-territory-39,OP-40,OP-39,GATE-40,GATE-39,220476.619,0.220477,20.0,23815.374424,40.427669,MULTIMODAL_WITH_TRANSIT,78.761135,UNSIGNED_CAPACITY_AND_TRADE_PLAN,TERRAIN_CONSTRAINED_PLANNING_ROUTE_NOT_SURVEYED,"{""routeId"": ""ROUTE-0485""}",True,ROUTE-0485
FLOW-0539,SEMICONDUCTORS,standardised chip unit,visual-territory-40,visual-territory-41,OP-40,OP-41,GATE-40,GATE-41,209317.699,0.209318,20.0,23673.185377,39.009592,MULTIMODAL_WITH_TRANSIT,74.328357,UNSIGNED_CAPACITY_AND_TRADE_PLAN,TERRAIN_CONSTRAINED_PLANNING_ROUTE_NOT_SURVEYED,"{""routeId"": ""ROUTE-0486""}",True,ROUTE-0486
FLOW-0540,SEMICONDUCTORS,standardised chip unit,visual-territory-40,visual-territory-45,OP-40,OP-45,GATE-40,GATE-45,230358.574,0.230359,20.0,25068.044457,41.470746,MULTIMODAL_WITH_TRANSIT,86.619745,UNSIGNED_CAPACITY_AND_TRADE_PLAN,TERRAIN_CONSTRAINED_PLANNING_ROUTE_NOT_SURVEYED,"{""routeId"": ""ROUTE-0487""}",True,ROUTE-0487
FLOW-0541,SEMICONDUCTORS,standardised chip unit,visual-territory-40,visual-territory-48,OP-40,OP-48,GATE-40,GATE-48,29769.811847,0.02977,20.0,21931.173782,37.287334,MULTIMODAL_WITH_TRANSIT,9.793366,UNSIGNED_CAPACITY_AND_TRADE_PLAN,TERRAIN_CONSTRAINED_PLANNING_ROUTE_NOT_SURVEYED,"{""routeId"": ""ROUTE-0488""}",True,ROUTE-0488
FLOW-0542,SEMICONDUCTORS,standardised chip unit,visual-territory-40,visual-territory-50,OP-40,OP-50,GATE-40,GATE-50,199940.751,0.199941,20.0,24098.657743,40.899808,MULTIMODAL_WITH_TRANSIT,72.274646,UNSIGNED_CAPACITY_AND_TRADE_PLAN,TERRAIN_CONSTRAINED_PLANNING_ROUTE_NOT_SURVEYED,"{""routeId"": ""ROUTE-0489""}",True,ROUTE-0489
FLOW-0543,SEMICONDUCTORS,standardised chip unit,visual-territory-40,visual-territory-51,OP-40,OP-51,GATE-40,GATE-51,88059.577983,0.08806,20.0,5231.007708,9.453724,MULTIMODAL_WITH_TRANSIT,6.909638,UNSIGNED_CAPACITY_AND_TRADE_PLAN,TERRAIN_CONSTRAINED_PLANNING_ROUTE_NOT_SURVEYED,"{""routeId"": ""ROUTE-0490""}",True,ROUTE-0490
FLOW-0544,SEMICONDUCTORS,standardised chip unit,visual-territory-40,visual-territory-60,OP-40,OP-60,GATE-40,GATE-60,281990.929,0.281991,20.0,18986.805924,32.380055,MULTIMODAL_WITH_TRANSIT,80.311626,UNSIGNED_CAPACITY_AND_TRADE_PLAN,TERRAIN_CONSTRAINED_PLANNING_ROUTE_NOT_SURVEYED,"{""routeId"": ""ROUTE-0491""}",True,ROUTE-0491
FLOW-0545,SEMICONDUCTORS,standardised chip unit,visual-territory-44,visual-territory-38,OP-44,OP-38,GATE-44,GATE-38,151572.513715,0.151573,20.0,2844.726973,6.741212,SEA_PORT_TO_PORT,6.467757,UNSIGNED_CAPACITY_AND_TRADE_PLAN,TERRAIN_CONSTRAINED_PLANNING_ROUTE_NOT_SURVEYED,"{""routeId"": ""ROUTE-0025""}",False,ROUTE-0025
FLOW-0546,SEMICONDUCTORS,standardised chip unit,visual-territory-46,visual-territory-51,OP-46,OP-51,GATE-46,GATE-51,129325.596017,0.129326,20.0,2575.30149,6.292169,SEA_PORT_TO_PORT,4.995802,UNSIGNED_CAPACITY_AND_TRADE_PLAN,TERRAIN_CONSTRAINED_PLANNING_ROUTE_NOT_SURVEYED,"{""routeId"": ""ROUTE-0185""}",False,ROUTE-0185
FLOW-0547,SEMICONDUCTORS,standardised chip unit,visual-territory-49,visual-territory-48,OP-49,OP-48,GATE-49,GATE-48,97829.146153,0.097829,20.0,1792.573236,4.987622,SEA_PORT_TO_PORT,2.630485,UNSIGNED_CAPACITY_AND_TRADE_PLAN,TERRAIN_CONSTRAINED_PLANNING_ROUTE_NOT_SURVEYED,"{""routeId"": ""ROUTE-0103""}",False,ROUTE-0103
FLOW-0548,SEMICONDUCTORS,standardised chip unit,visual-territory-52,visual-territory-36,OP-52,OP-36,GATE-52,GATE-36,15123.504115,0.015124,20.0,9026.736235,17.04456,SEA_PORT_TO_PORT,2.047805,UNSIGNED_CAPACITY_AND_TRADE_PLAN,TERRAIN_CONSTRAINED_PLANNING_ROUTE_NOT_SURVEYED,"{""routeId"": ""ROUTE-0435""}",False,ROUTE-0435
FLOW-0549,SEMICONDUCTORS,standardised chip unit,visual-territory-52,visual-territory-42,OP-52,OP-42,GATE-52,GATE-42,129656.173,0.129656,20.0,2534.048306,6.223414,SEA_PORT_TO_PORT,4.928319,UNSIGNED_CAPACITY_AND_TRADE_PLAN,TERRAIN_CONSTRAINED_PLANNING_ROUTE_NOT_SURVEYED,"{""routeId"": ""ROUTE-0492""}",False,ROUTE-0492
FLOW-0550,SEMICONDUCTORS,standardised chip unit,visual-territory-52,visual-territory-43,OP-52,OP-43,GATE-52,GATE-43,96837.60831,0.096838,20.0,4236.574911,9.060958,SEA_PORT_TO_PORT,6.153922,UNSIGNED_CAPACITY_AND_TRADE_PLAN,TERRAIN_CONSTRAINED_PLANNING_ROUTE_NOT_SURVEYED,"{""routeId"": ""ROUTE-0436""}",False,ROUTE-0436
FLOW-0551,SEMICONDUCTORS,standardised chip unit,visual-territory-52,visual-territory-47,OP-52,OP-47,GATE-52,GATE-47,314358.22,0.314358,20.0,4447.269271,9.412115,SEA_PORT_TO_PORT,20.97052,UNSIGNED_CAPACITY_AND_TRADE_PLAN,TERRAIN_CONSTRAINED_PLANNING_ROUTE_NOT_SURVEYED,"{""routeId"": ""ROUTE-0437""}",False,ROUTE-0437
FLOW-0552,SEMICONDUCTORS,standardised chip unit,visual-territory-54,visual-territory-17,OP-54,OP-17,GATE-54,GATE-17,115613.532291,0.115614,20.0,4428.890991,9.381485,SEA_PORT_TO_PORT,7.680627,UNSIGNED_CAPACITY_AND_TRADE_PLAN,TERRAIN_CONSTRAINED_PLANNING_ROUTE_NOT_SURVEYED,"{""routeId"": ""ROUTE-0493""}",False,ROUTE-0493
FLOW-0553,SEMICONDUCTORS,standardised chip unit,visual-territory-54,visual-territory-18,OP-54,OP-18,GATE-54,GATE-18,59188.876378,0.059189,20.0,4559.588173,9.599314,SEA_PORT_TO_PORT,4.048162,UNSIGNED_CAPACITY_AND_TRADE_PLAN,TERRAIN_CONSTRAINED_PLANNING_ROUTE_NOT_SURVEYED,"{""routeId"": ""ROUTE-0494""}",False,ROUTE-0494
FLOW-0554,SEMICONDUCTORS,standardised chip unit,visual-territory-55,visual-territory-66,OP-55,OP-66,GATE-55,GATE-66,99986.995989,0.099987,20.0,3583.073821,7.97179,SEA_PORT_TO_PORT,5.373912,UNSIGNED_CAPACITY_AND_TRADE_PLAN,TERRAIN_CONSTRAINED_PLANNING_ROUTE_NOT_SURVEYED,"{""routeId"": ""ROUTE-0037""}",False,ROUTE-0037
FLOW-0555,SEMICONDUCTORS,standardised chip unit,visual-territory-56,visual-territory-18,OP-56,OP-18,GATE-56,GATE-18,55340.335622,0.05534,20.0,13573.701159,24.622835,SEA_PORT_TO_PORT,11.267529,UNSIGNED_CAPACITY_AND_TRADE_PLAN,TERRAIN_CONSTRAINED_PLANNING_ROUTE_NOT_SURVEYED,"{""routeId"": ""ROUTE-0495""}",False,ROUTE-0495
FLOW-0556,SEMICONDUCTORS,standardised chip unit,visual-territory-56,visual-territory-25,OP-56,OP-25,GATE-56,GATE-25,121894.971,0.121895,20.0,12207.219004,22.345365,SEA_PORT_TO_PORT,22.319984,UNSIGNED_CAPACITY_AND_TRADE_PLAN,TERRAIN_CONSTRAINED_PLANNING_ROUTE_NOT_SURVEYED,"{""routeId"": ""ROUTE-0496""}",False,ROUTE-0496
FLOW-0557,SEMICONDUCTORS,standardised chip unit,visual-territory-56,visual-territory-26,OP-56,OP-26,GATE-56,GATE-26,150478.189,0.150478,20.0,15231.59209,27.385987,SEA_PORT_TO_PORT,34.380293,UNSIGNED_CAPACITY_AND_TRADE_PLAN,TERRAIN_CONSTRAINED_PLANNING_ROUTE_NOT_SURVEYED,"{""routeId"": ""ROUTE-0497""}",False,ROUTE-0497
FLOW-0558,SEMICONDUCTORS,standardised chip unit,visual-territory-56,visual-territory-37,OP-56,OP-37,GATE-56,GATE-37,95690.285,0.09569,20.0,10684.465001,19.807442,SEA_PORT_TO_PORT,15.335947,UNSIGNED_CAPACITY_AND_TRADE_PLAN,TERRAIN_CONSTRAINED_PLANNING_ROUTE_NOT_SURVEYED,"{""routeId"": ""ROUTE-0498""}",False,ROUTE-0498
FLOW-0559,SEMICONDUCTORS,standardised chip unit,visual-territory-56,visual-territory-43,OP-56,OP-43,GATE-56,GATE-43,36245.55669,0.036246,20.0,7952.237656,15.253729,SEA_PORT_TO_PORT,4.323552,UNSIGNED_CAPACITY_AND_TRADE_PLAN,TERRAIN_CONSTRAINED_PLANNING_ROUTE_NOT_SURVEYED,"{""routeId"": ""ROUTE-0499""}",False,ROUTE-0499
FLOW-0560,SEMICONDUCTORS,standardised chip unit,visual-territory-56,visual-territory-53,OP-56,OP-53,GATE-56,GATE-53,277522.594,0.277523,20.0,7921.4525,15.202421,SEA_PORT_TO_PORT,32.975779,UNSIGNED_CAPACITY_AND_TRADE_PLAN,TERRAIN_CONSTRAINED_PLANNING_ROUTE_NOT_SURVEYED,"{""routeId"": ""ROUTE-0444""}",False,ROUTE-0444
FLOW-0561,SEMICONDUCTORS,standardised chip unit,visual-territory-56,visual-territory-57,OP-56,OP-57,GATE-56,GATE-57,221098.517,0.221099,20.0,8022.295377,15.370492,SEA_PORT_TO_PORT,26.605822,UNSIGNED_CAPACITY_AND_TRADE_PLAN,TERRAIN_CONSTRAINED_PLANNING_ROUTE_NOT_SURVEYED,"{""routeId"": ""ROUTE-0500""}",False,ROUTE-0500
FLOW-0562,SEMICONDUCTORS,standardised chip unit,visual-territory-56,visual-territory-58,OP-56,OP-58,GATE-56,GATE-58,303860.425,0.30386,20.0,11203.895454,20.673159,SEA_PORT_TO_PORT,51.066235,UNSIGNED_CAPACITY_AND_TRADE_PLAN,TERRAIN_CONSTRAINED_PLANNING_ROUTE_NOT_SURVEYED,"{""routeId"": ""ROUTE-0447""}",False,ROUTE-0447
FLOW-0563,SEMICONDUCTORS,standardised chip unit,visual-territory-56,visual-territory-59,OP-56,OP-59,GATE-56,GATE-59,73362.124,0.073362,20.0,6755.978141,13.259964,SEA_PORT_TO_PORT,7.434481,UNSIGNED_CAPACITY_AND_TRADE_PLAN,TERRAIN_CONSTRAINED_PLANNING_ROUTE_NOT_SURVEYED,"{""routeId"": ""ROUTE-0501""}",False,ROUTE-0501
FLOW-0564,SEMICONDUCTORS,standardised chip unit,visual-territory-56,visual-territory-62,OP-56,OP-62,GATE-56,GATE-62,1434.539159,0.001435,20.0,12915.959982,23.5266,SEA_PORT_TO_PORT,0.278016,UNSIGNED_CAPACITY_AND_TRADE_PLAN,TERRAIN_CONSTRAINED_PLANNING_ROUTE_NOT_SURVEYED,"{""routeId"": ""ROUTE-0502""}",False,ROUTE-0502
FLOW-0565,SEMICONDUCTORS,standardised chip unit,visual-territory-56,visual-territory-63,OP-56,OP-63,GATE-56,GATE-63,268087.604319,0.268088,20.0,7850.735269,15.084559,SEA_PORT_TO_PORT,31.570319,UNSIGNED_CAPACITY_AND_TRADE_PLAN,TERRAIN_CONSTRAINED_PLANNING_ROUTE_NOT_SURVEYED,"{""routeId"": ""ROUTE-0503""}",False,ROUTE-0503
FLOW-0566,SEMICONDUCTORS,standardised chip unit,visual-territory-56,visual-territory-64,OP-56,OP-64,GATE-56,GATE-64,330089.267,0.330089,20.0,5203.873513,10.673123,SEA_PORT_TO_PORT,25.766121,UNSIGNED_CAPACITY_AND_TRADE_PLAN,TERRAIN_CONSTRAINED_PLANNING_ROUTE_NOT_SURVEYED,"{""routeId"": ""ROUTE-0504""}",False,ROUTE-0504
FLOW-0567,SEMICONDUCTORS,standardised chip unit,visual-territory-56,visual-territory-65,OP-56,OP-65,GATE-56,GATE-65,293342.782,0.293343,20.0,3927.643071,8.546072,SEA_PORT_TO_PORT,17.282199,UNSIGNED_CAPACITY_AND_TRADE_PLAN,TERRAIN_CONSTRAINED_PLANNING_ROUTE_NOT_SURVEYED,"{""routeId"": ""ROUTE-0505""}",False,ROUTE-0505
FLOW-0568,SEMICONDUCTORS,standardised chip unit,visual-territory-56,visual-territory-66,OP-56,OP-66,GATE-56,GATE-66,189142.759011,0.189143,20.0,13710.94186,24.85157,SEA_PORT_TO_PORT,38.89993,UNSIGNED_CAPACITY_AND_TRADE_PLAN,TERRAIN_CONSTRAINED_PLANNING_ROUTE_NOT_SURVEYED,"{""routeId"": ""ROUTE-0506""}",False,ROUTE-0506
FLOW-0569,SEMICONDUCTORS,standardised chip unit,visual-territory-56,visual-territory-68,OP-56,OP-68,GATE-56,GATE-68,197939.466,0.197939,20.0,4718.788937,9.864648,SEA_PORT_TO_PORT,14.010485,UNSIGNED_CAPACITY_AND_TRADE_PLAN,TERRAIN_CONSTRAINED_PLANNING_ROUTE_NOT_SURVEYED,"{""routeId"": ""ROUTE-0507""}",False,ROUTE-0507
FLOW-0570,SEMICONDUCTORS,standardised chip unit,visual-territory-61,visual-territory-62,OP-61,OP-62,GATE-61,GATE-62,203200.758841,0.203201,20.0,10995.40377,20.325673,SEA_PORT_TO_PORT,33.514156,UNSIGNED_CAPACITY_AND_TRADE_PLAN,TERRAIN_CONSTRAINED_PLANNING_ROUTE_NOT_SURVEYED,"{""routeId"": ""ROUTE-0508""}",False,ROUTE-0508
FLOW-0571,SEMICONDUCTORS,standardised chip unit,visual-territory-67,visual-territory-63,OP-67,OP-63,GATE-67,GATE-63,743.661681,0.000744,20.0,4415.390002,9.358983,SEA_PORT_TO_PORT,0.049276,UNSIGNED_CAPACITY_AND_TRADE_PLAN,TERRAIN_CONSTRAINED_PLANNING_ROUTE_NOT_SURVEYED,"{""routeId"": ""ROUTE-0459""}",False,ROUTE-0459
FLOW-0572,SEMICONDUCTORS,standardised chip unit,visual-territory-67,visual-territory-69,OP-67,OP-69,GATE-67,GATE-69,133510.774,0.133511,20.0,9505.390585,17.842318,SEA_PORT_TO_PORT,19.036113,UNSIGNED_CAPACITY_AND_TRADE_PLAN,TERRAIN_CONSTRAINED_PLANNING_ROUTE_NOT_SURVEYED,"{""routeId"": ""ROUTE-0509""}",False,ROUTE-0509
FLOW-0573,BATTERIES,MWh-equivalent,visual-territory-10,visual-territory-34,OP-10,OP-34,GATE-10,GATE-34,8.606897,51.641384,90000.0,19874.384169,35.123974,SEA_PORT_TO_PORT,15395.110569,UNSIGNED_CAPACITY_AND_TRADE_PLAN,TERRAIN_CONSTRAINED_PLANNING_ROUTE_NOT_SURVEYED,"{""routeId"": ""ROUTE-0510""}",False,ROUTE-0510
FLOW-0574,BATTERIES,MWh-equivalent,visual-territory-10,visual-territory-39,OP-10,OP-39,GATE-10,GATE-39,17.63813,105.828777,90000.0,22496.872249,39.494787,SEA_PORT_TO_PORT,35712.247146,UNSIGNED_CAPACITY_AND_TRADE_PLAN,TERRAIN_CONSTRAINED_PLANNING_ROUTE_NOT_SURVEYED,"{""routeId"": ""ROUTE-0042""}",False,ROUTE-0042
FLOW-0575,BATTERIES,MWh-equivalent,visual-territory-10,visual-territory-43,OP-10,OP-43,GATE-10,GATE-43,10.646653,63.879919,90000.0,14541.170581,26.235284,SEA_PORT_TO_PORT,13933.331983,UNSIGNED_CAPACITY_AND_TRADE_PLAN,TERRAIN_CONSTRAINED_PLANNING_ROUTE_NOT_SURVEYED,"{""routeId"": ""ROUTE-0045""}",False,ROUTE-0045
FLOW-0576,BATTERIES,MWh-equivalent,visual-territory-10,visual-territory-64,OP-10,OP-64,GATE-10,GATE-64,15.997034,95.982202,90000.0,12611.989733,23.019983,SEA_PORT_TO_PORT,18157.898192,UNSIGNED_CAPACITY_AND_TRADE_PLAN,TERRAIN_CONSTRAINED_PLANNING_ROUTE_NOT_SURVEYED,"{""routeId"": ""ROUTE-0252""}",False,ROUTE-0252
FLOW-0577,BATTERIES,MWh-equivalent,visual-territory-11,visual-territory-09,OP-11,OP-09,GATE-11,GATE-09,16.313121,97.878729,90000.0,8146.454477,15.577424,SEA_PORT_TO_PORT,11960.469151,UNSIGNED_CAPACITY_AND_TRADE_PLAN,TERRAIN_CONSTRAINED_PLANNING_ROUTE_NOT_SURVEYED,"{""routeId"": ""ROUTE-0511""}",False,ROUTE-0511
FLOW-0578,BATTERIES,MWh-equivalent,visual-territory-11,visual-territory-19,OP-11,OP-19,GATE-11,GATE-19,9.824182,58.945091,90000.0,9271.683249,17.452805,SEA_PORT_TO_PORT,8197.803193,UNSIGNED_CAPACITY_AND_TRADE_PLAN,TERRAIN_CONSTRAINED_PLANNING_ROUTE_NOT_SURVEYED,"{""routeId"": ""ROUTE-0255""}",False,ROUTE-0255
FLOW-0579,BATTERIES,MWh-equivalent,visual-territory-11,visual-territory-44,OP-11,OP-44,GATE-11,GATE-44,15.1055,90.632999,90000.0,32831.221509,56.718703,SEA_PORT_TO_PORT,44633.880993,UNSIGNED_CAPACITY_AND_TRADE_PLAN,TERRAIN_CONSTRAINED_PLANNING_ROUTE_NOT_SURVEYED,"{""routeId"": ""ROUTE-0512""}",False,ROUTE-0512
FLOW-0580,BATTERIES,MWh-equivalent,visual-territory-11,visual-territory-45,OP-11,OP-45,GATE-11,GATE-45,18.428686,110.572116,90000.0,36163.512095,61.227814,MULTIMODAL_WITH_TRANSIT,59980.140815,UNSIGNED_CAPACITY_AND_TRADE_PLAN,TERRAIN_CONSTRAINED_PLANNING_ROUTE_NOT_SURVEYED,"{""routeId"": ""ROUTE-0513""}",True,ROUTE-0513
FLOW-0581,BATTERIES,MWh-equivalent,visual-territory-11,visual-territory-46,OP-11,OP-46,GATE-11,GATE-46,20.786539,124.719236,90000.0,23161.845315,40.603076,SEA_PORT_TO_PORT,43330.914781,UNSIGNED_CAPACITY_AND_TRADE_PLAN,TERRAIN_CONSTRAINED_PLANNING_ROUTE_NOT_SURVEYED,"{""routeId"": ""ROUTE-0514""}",False,ROUTE-0514
FLOW-0582,BATTERIES,MWh-equivalent,visual-territory-11,visual-territory-47,OP-11,OP-47,GATE-11,GATE-47,25.148658,150.891946,90000.0,21547.626583,37.912711,SEA_PORT_TO_PORT,48770.449603,UNSIGNED_CAPACITY_AND_TRADE_PLAN,TERRAIN_CONSTRAINED_PLANNING_ROUTE_NOT_SURVEYED,"{""routeId"": ""ROUTE-0515""}",False,ROUTE-0515
FLOW-0583,BATTERIES,MWh-equivalent,visual-territory-11,visual-territory-49,OP-11,OP-49,GATE-11,GATE-49,15.230471,91.382829,90000.0,33969.628722,58.616048,SEA_PORT_TO_PORT,46563.611591,UNSIGNED_CAPACITY_AND_TRADE_PLAN,TERRAIN_CONSTRAINED_PLANNING_ROUTE_NOT_SURVEYED,"{""routeId"": ""ROUTE-0516""}",False,ROUTE-0516
FLOW-0584,BATTERIES,MWh-equivalent,visual-territory-11,visual-territory-51,OP-11,OP-51,GATE-11,GATE-51,17.390814,104.344884,90000.0,23452.638243,41.08773,SEA_PORT_TO_PORT,36707.442254,UNSIGNED_CAPACITY_AND_TRADE_PLAN,TERRAIN_CONSTRAINED_PLANNING_ROUTE_NOT_SURVEYED,"{""routeId"": ""ROUTE-0517""}",False,ROUTE-0517
FLOW-0585,BATTERIES,MWh-equivalent,visual-territory-11,visual-territory-52,OP-11,OP-52,GATE-11,GATE-52,12.957318,77.743907,90000.0,19224.75867,34.041264,SEA_PORT_TO_PORT,22419.117752,UNSIGNED_CAPACITY_AND_TRADE_PLAN,TERRAIN_CONSTRAINED_PLANNING_ROUTE_NOT_SURVEYED,"{""routeId"": ""ROUTE-0518""}",False,ROUTE-0518
FLOW-0586,BATTERIES,MWh-equivalent,visual-territory-11,visual-territory-53,OP-11,OP-53,GATE-11,GATE-53,20.039001,120.234008,90000.0,13722.492845,24.870821,SEA_PORT_TO_PORT,24748.654718,UNSIGNED_CAPACITY_AND_TRADE_PLAN,TERRAIN_CONSTRAINED_PLANNING_ROUTE_NOT_SURVEYED,"{""routeId"": ""ROUTE-0519""}",False,ROUTE-0519
FLOW-0587,BATTERIES,MWh-equivalent,visual-territory-11,visual-territory-54,OP-11,OP-54,GATE-11,GATE-54,27.00749,162.044939,90000.0,11213.003699,20.688339,SEA_PORT_TO_PORT,27255.157506,UNSIGNED_CAPACITY_AND_TRADE_PLAN,TERRAIN_CONSTRAINED_PLANNING_ROUTE_NOT_SURVEYED,"{""routeId"": ""ROUTE-0520""}",False,ROUTE-0520
FLOW-0588,BATTERIES,MWh-equivalent,visual-territory-11,visual-territory-58,OP-11,OP-58,GATE-11,GATE-58,24.308834,145.853004,90000.0,12301.71028,22.50285,SEA_PORT_TO_PORT,26913.62098,UNSIGNED_CAPACITY_AND_TRADE_PLAN,TERRAIN_CONSTRAINED_PLANNING_ROUTE_NOT_SURVEYED,"{""routeId"": ""ROUTE-0521""}",False,ROUTE-0521
FLOW-0589,BATTERIES,MWh-equivalent,visual-territory-11,visual-territory-68,OP-11,OP-68,GATE-11,GATE-68,1.727566,10.365397,90000.0,20140.254172,35.56709,SEA_PORT_TO_PORT,3131.425953,UNSIGNED_CAPACITY_AND_TRADE_PLAN,TERRAIN_CONSTRAINED_PLANNING_ROUTE_NOT_SURVEYED,"{""routeId"": ""ROUTE-0522""}",False,ROUTE-0522
FLOW-0590,BATTERIES,MWh-equivalent,visual-territory-12,visual-territory-37,OP-12,OP-37,GATE-12,GATE-37,7.655223,45.931337,90000.0,16532.118738,29.553531,SEA_PORT_TO_PORT,11390.134756,UNSIGNED_CAPACITY_AND_TRADE_PLAN,TERRAIN_CONSTRAINED_PLANNING_ROUTE_NOT_SURVEYED,"{""routeId"": ""ROUTE-0523""}",False,ROUTE-0523
FLOW-0591,BATTERIES,MWh-equivalent,visual-territory-12,visual-territory-42,OP-12,OP-42,GATE-12,GATE-42,10.372494,62.234963,90000.0,19395.720541,34.326201,SEA_PORT_TO_PORT,18106.379254,UNSIGNED_CAPACITY_AND_TRADE_PLAN,TERRAIN_CONSTRAINED_PLANNING_ROUTE_NOT_SURVEYED,"{""routeId"": ""ROUTE-0524""}",False,ROUTE-0524
FLOW-0592,BATTERIES,MWh-equivalent,visual-territory-12,visual-territory-53,OP-12,OP-53,GATE-12,GATE-53,2.162806,12.976838,90000.0,13198.509301,23.997516,SEA_PORT_TO_PORT,2569.123756,UNSIGNED_CAPACITY_AND_TRADE_PLAN,TERRAIN_CONSTRAINED_PLANNING_ROUTE_NOT_SURVEYED,"{""routeId"": ""ROUTE-0525""}",False,ROUTE-0525
FLOW-0593,BATTERIES,MWh-equivalent,visual-territory-12,visual-territory-55,OP-12,OP-55,GATE-12,GATE-55,12.671907,76.031444,90000.0,8475.852223,16.12642,SEA_PORT_TO_PORT,9666.469255,UNSIGNED_CAPACITY_AND_TRADE_PLAN,TERRAIN_CONSTRAINED_PLANNING_ROUTE_NOT_SURVEYED,"{""routeId"": ""ROUTE-0526""}",False,ROUTE-0526
FLOW-0594,BATTERIES,MWh-equivalent,visual-territory-12,visual-territory-64,OP-12,OP-64,GATE-12,GATE-64,10.410108,62.460647,90000.0,15612.103535,28.020173,SEA_PORT_TO_PORT,14627.131318,UNSIGNED_CAPACITY_AND_TRADE_PLAN,TERRAIN_CONSTRAINED_PLANNING_ROUTE_NOT_SURVEYED,"{""routeId"": ""ROUTE-0527""}",False,ROUTE-0527
FLOW-0595,BATTERIES,MWh-equivalent,visual-territory-12,visual-territory-66,OP-12,OP-66,GATE-12,GATE-66,23.13038,138.782282,90000.0,8430.215982,16.05036,SEA_PORT_TO_PORT,17549.469176,UNSIGNED_CAPACITY_AND_TRADE_PLAN,TERRAIN_CONSTRAINED_PLANNING_ROUTE_NOT_SURVEYED,"{""routeId"": ""ROUTE-0528""}",False,ROUTE-0528
FLOW-0596,BATTERIES,MWh-equivalent,visual-territory-12,visual-territory-70,OP-12,OP-70,GATE-12,GATE-70,7.148098,42.88859,90000.0,8088.486258,15.48081,SEA_PORT_TO_PORT,5203.556563,UNSIGNED_CAPACITY_AND_TRADE_PLAN,TERRAIN_CONSTRAINED_PLANNING_ROUTE_NOT_SURVEYED,"{""routeId"": ""ROUTE-0475""}",False,ROUTE-0475
FLOW-0597,BATTERIES,MWh-equivalent,visual-territory-13,visual-territory-06,OP-13,OP-06,GATE-13,GATE-06,24.084833,144.509001,90000.0,8138.289191,14.482918,MULTIMODAL_WITH_TRANSIT,17640.840613,UNSIGNED_CAPACITY_AND_TRADE_PLAN,TERRAIN_CONSTRAINED_PLANNING_ROUTE_NOT_SURVEYED,"{""routeId"": ""ROUTE-0529""}",True,ROUTE-0529
FLOW-0598,BATTERIES,MWh-equivalent,visual-territory-13,visual-territory-17,OP-13,OP-17,GATE-13,GATE-17,11.369711,68.218266,90000.0,15406.349543,26.596352,MULTIMODAL_WITH_TRANSIT,15764.916768,UNSIGNED_CAPACITY_AND_TRADE_PLAN,TERRAIN_CONSTRAINED_PLANNING_ROUTE_NOT_SURVEYED,"{""routeId"": ""ROUTE-0260""}",True,ROUTE-0260
FLOW-0599,BATTERIES,MWh-equivalent,visual-territory-13,visual-territory-18,OP-13,OP-18,GATE-13,GATE-18,9.162337,54.974022,90000.0,15537.046724,26.814181,MULTIMODAL_WITH_TRANSIT,12812.009227,UNSIGNED_CAPACITY_AND_TRADE_PLAN,TERRAIN_CONSTRAINED_PLANNING_ROUTE_NOT_SURVEYED,"{""routeId"": ""ROUTE-0530""}",True,ROUTE-0530
FLOW-0600,BATTERIES,MWh-equivalent,visual-territory-13,visual-territory-20,OP-13,OP-20,GATE-13,GATE-20,15.031608,90.189646,90000.0,17455.574326,29.035905,MULTIMODAL_WITH_TRANSIT,23614.681037,UNSIGNED_CAPACITY_AND_TRADE_PLAN,TERRAIN_CONSTRAINED_PLANNING_ROUTE_NOT_SURVEYED,"{""routeId"": ""ROUTE-0531""}",True,ROUTE-0531
FLOW-0601,BATTERIES,MWh-equivalent,visual-territory-13,visual-territory-21,OP-13,OP-21,GATE-13,GATE-21,21.005868,126.035209,90000.0,6679.603697,10.725364,MULTIMODAL_WITH_TRANSIT,12627.97872,UNSIGNED_CAPACITY_AND_TRADE_PLAN,TERRAIN_CONSTRAINED_PLANNING_ROUTE_NOT_SURVEYED,"{""routeId"": ""ROUTE-0477""}",True,ROUTE-0477
FLOW-0602,BATTERIES,MWh-equivalent,visual-territory-13,visual-territory-22,OP-13,OP-22,GATE-13,GATE-22,4.76022,28.561323,90000.0,28660.802705,47.226607,MULTIMODAL_WITH_TRANSIT,12278.856652,UNSIGNED_CAPACITY_AND_TRADE_PLAN,TERRAIN_CONSTRAINED_PLANNING_ROUTE_NOT_SURVEYED,"{""routeId"": ""ROUTE-0478""}",True,ROUTE-0478
FLOW-0603,BATTERIES,MWh-equivalent,visual-territory-13,visual-territory-25,OP-13,OP-25,GATE-13,GATE-25,9.751598,58.509586,90000.0,17021.449648,29.288185,MULTIMODAL_WITH_TRANSIT,14938.76958,UNSIGNED_CAPACITY_AND_TRADE_PLAN,TERRAIN_CONSTRAINED_PLANNING_ROUTE_NOT_SURVEYED,"{""routeId"": ""ROUTE-0532""}",True,ROUTE-0532
FLOW-0604,BATTERIES,MWh-equivalent,visual-territory-13,visual-territory-26,OP-13,OP-26,GATE-13,GATE-26,12.038255,72.229531,90000.0,20045.822733,34.328807,MULTIMODAL_WITH_TRANSIT,21718.505618,UNSIGNED_CAPACITY_AND_TRADE_PLAN,TERRAIN_CONSTRAINED_PLANNING_ROUTE_NOT_SURVEYED,"{""routeId"": ""ROUTE-0012""}",True,ROUTE-0012
FLOW-0605,BATTERIES,MWh-equivalent,visual-territory-13,visual-territory-27,OP-13,OP-27,GATE-13,GATE-27,16.681041,100.086244,90000.0,22544.718588,38.493634,MULTIMODAL_WITH_TRANSIT,33846.243083,UNSIGNED_CAPACITY_AND_TRADE_PLAN,TERRAIN_CONSTRAINED_PLANNING_ROUTE_NOT_SURVEYED,"{""routeId"": ""ROUTE-0533""}",True,ROUTE-0533
FLOW-0606,BATTERIES,MWh-equivalent,visual-territory-13,visual-territory-57,OP-13,OP-57,GATE-13,GATE-57,17.687881,106.127288,90000.0,17505.139032,30.094334,MULTIMODAL_WITH_TRANSIT,27866.593973,UNSIGNED_CAPACITY_AND_TRADE_PLAN,TERRAIN_CONSTRAINED_PLANNING_ROUTE_NOT_SURVEYED,"{""routeId"": ""ROUTE-0534""}",True,ROUTE-0534
FLOW-0607,BATTERIES,MWh-equivalent,visual-territory-13,visual-territory-59,OP-13,OP-59,GATE-13,GATE-59,5.86897,35.21382,90000.0,18833.952031,32.309023,MULTIMODAL_WITH_TRANSIT,9948.23095,UNSIGNED_CAPACITY_AND_TRADE_PLAN,TERRAIN_CONSTRAINED_PLANNING_ROUTE_NOT_SURVEYED,"{""routeId"": ""ROUTE-0535""}",True,ROUTE-0535
FLOW-0608,BATTERIES,MWh-equivalent,visual-territory-13,visual-territory-62,OP-13,OP-62,GATE-13,GATE-62,6.252602,37.515612,90000.0,29406.792038,49.930423,MULTIMODAL_WITH_TRANSIT,16548.207004,UNSIGNED_CAPACITY_AND_TRADE_PLAN,TERRAIN_CONSTRAINED_PLANNING_ROUTE_NOT_SURVEYED,"{""routeId"": ""ROUTE-0536""}",True,ROUTE-0536
FLOW-0609,BATTERIES,MWh-equivalent,visual-territory-13,visual-territory-63,OP-13,OP-63,GATE-13,GATE-63,21.506501,129.039008,90000.0,25018.101386,42.615938,MULTIMODAL_WITH_TRANSIT,48424.664773,UNSIGNED_CAPACITY_AND_TRADE_PLAN,TERRAIN_CONSTRAINED_PLANNING_ROUTE_NOT_SURVEYED,"{""routeId"": ""ROUTE-0537""}",True,ROUTE-0537
FLOW-0610,BATTERIES,MWh-equivalent,visual-territory-13,visual-territory-67,OP-13,OP-67,GATE-13,GATE-67,18.422903,110.537418,90000.0,21351.845271,36.505511,MULTIMODAL_WITH_TRANSIT,35402.667687,UNSIGNED_CAPACITY_AND_TRADE_PLAN,TERRAIN_CONSTRAINED_PLANNING_ROUTE_NOT_SURVEYED,"{""routeId"": ""ROUTE-0265""}",True,ROUTE-0265
FLOW-0611,BATTERIES,MWh-equivalent,visual-territory-13,visual-territory-68,OP-13,OP-68,GATE-13,GATE-68,14.107591,84.645547,90000.0,21886.155054,37.396028,MULTIMODAL_WITH_TRANSIT,27788.483495,UNSIGNED_CAPACITY_AND_TRADE_PLAN,TERRAIN_CONSTRAINED_PLANNING_ROUTE_NOT_SURVEYED,"{""routeId"": ""ROUTE-0538""}",True,ROUTE-0538
FLOW-0612,BATTERIES,MWh-equivalent,visual-territory-13,visual-territory-69,OP-13,OP-69,GATE-13,GATE-69,10.680862,64.085172,90000.0,29520.198779,50.119434,MULTIMODAL_WITH_TRANSIT,28377.105244,UNSIGNED_CAPACITY_AND_TRADE_PLAN,TERRAIN_CONSTRAINED_PLANNING_ROUTE_NOT_SURVEYED,"{""routeId"": ""ROUTE-0539""}",True,ROUTE-0539
FLOW-0613,BATTERIES,MWh-equivalent,visual-territory-15,visual-territory-03,OP-15,OP-03,GATE-15,GATE-03,20.802995,124.817972,90000.0,16587.13443,29.645224,SEA_PORT_TO_PORT,31055.587212,UNSIGNED_CAPACITY_AND_TRADE_PLAN,TERRAIN_CONSTRAINED_PLANNING_ROUTE_NOT_SURVEYED,"{""routeId"": ""ROUTE-0540""}",False,ROUTE-0540
FLOW-0614,BATTERIES,MWh-equivalent,visual-territory-15,visual-territory-04,OP-15,OP-04,GATE-15,GATE-04,8.027556,48.165333,90000.0,10844.558564,20.074264,SEA_PORT_TO_PORT,7834.976617,UNSIGNED_CAPACITY_AND_TRADE_PLAN,TERRAIN_CONSTRAINED_PLANNING_ROUTE_NOT_SURVEYED,"{""routeId"": ""ROUTE-0541""}",False,ROUTE-0541
FLOW-0615,BATTERIES,MWh-equivalent,visual-territory-15,visual-territory-07,OP-15,OP-07,GATE-15,GATE-07,17.354415,104.126492,90000.0,1588.016877,4.646695,SEA_PORT_TO_PORT,2480.319399,UNSIGNED_CAPACITY_AND_TRADE_PLAN,TERRAIN_CONSTRAINED_PLANNING_ROUTE_NOT_SURVEYED,"{""routeId"": ""ROUTE-0542""}",False,ROUTE-0542
FLOW-0616,BATTERIES,MWh-equivalent,visual-territory-15,visual-territory-14,OP-15,OP-14,GATE-15,GATE-14,16.318025,97.908147,90000.0,1574.385994,4.623977,SEA_PORT_TO_PORT,2312.178231,UNSIGNED_CAPACITY_AND_TRADE_PLAN,TERRAIN_CONSTRAINED_PLANNING_ROUTE_NOT_SURVEYED,"{""routeId"": ""ROUTE-0543""}",False,ROUTE-0543
FLOW-0617,BATTERIES,MWh-equivalent,visual-territory-15,visual-territory-24,OP-15,OP-24,GATE-15,GATE-24,4.04367,24.262018,90000.0,7912.554612,15.187591,SEA_PORT_TO_PORT,2879.618136,UNSIGNED_CAPACITY_AND_TRADE_PLAN,TERRAIN_CONSTRAINED_PLANNING_ROUTE_NOT_SURVEYED,"{""routeId"": ""ROUTE-0544""}",False,ROUTE-0544
FLOW-0618,BATTERIES,MWh-equivalent,visual-territory-16,visual-territory-01,OP-16,OP-01,GATE-16,GATE-01,8.440548,50.643288,90000.0,8457.431091,16.095718,SEA_PORT_TO_PORT,6424.681777,UNSIGNED_CAPACITY_AND_TRADE_PLAN,TERRAIN_CONSTRAINED_PLANNING_ROUTE_NOT_SURVEYED,"{""routeId"": ""ROUTE-0545""}",False,ROUTE-0545
FLOW-0619,BATTERIES,MWh-equivalent,visual-territory-16,visual-territory-02,OP-16,OP-02,GATE-16,GATE-02,10.984132,65.904792,90000.0,5815.74835,11.692914,SEA_PORT_TO_PORT,5749.28528,UNSIGNED_CAPACITY_AND_TRADE_PLAN,TERRAIN_CONSTRAINED_PLANNING_ROUTE_NOT_SURVEYED,"{""routeId"": ""ROUTE-0546""}",False,ROUTE-0546
FLOW-0620,BATTERIES,MWh-equivalent,visual-territory-16,visual-territory-04,OP-16,OP-04,GATE-16,GATE-04,14.032367,84.194202,90000.0,8924.915265,16.874859,SEA_PORT_TO_PORT,11271.39178,UNSIGNED_CAPACITY_AND_TRADE_PLAN,TERRAIN_CONSTRAINED_PLANNING_ROUTE_NOT_SURVEYED,"{""routeId"": ""ROUTE-0547""}",False,ROUTE-0547
FLOW-0621,BATTERIES,MWh-equivalent,visual-territory-16,visual-territory-05,OP-16,OP-05,GATE-16,GATE-05,15.905433,95.432598,90000.0,3038.700738,7.064501,SEA_PORT_TO_PORT,4349.86659,UNSIGNED_CAPACITY_AND_TRADE_PLAN,TERRAIN_CONSTRAINED_PLANNING_ROUTE_NOT_SURVEYED,"{""routeId"": ""ROUTE-0548""}",False,ROUTE-0548
FLOW-0622,BATTERIES,MWh-equivalent,visual-territory-16,visual-territory-08,OP-16,OP-08,GATE-16,GATE-08,18.767225,112.603352,90000.0,1296.056481,4.160094,SEA_PORT_TO_PORT,2189.104561,UNSIGNED_CAPACITY_AND_TRADE_PLAN,TERRAIN_CONSTRAINED_PLANNING_ROUTE_NOT_SURVEYED,"{""routeId"": ""ROUTE-0549""}",False,ROUTE-0549
FLOW-0623,BATTERIES,MWh-equivalent,visual-territory-23,visual-territory-22,OP-23,OP-22,GATE-23,GATE-22,4.216151,25.296906,90000.0,16801.006417,26.706907,MULTIMODAL_WITH_TRANSIT,6375.2022,UNSIGNED_CAPACITY_AND_TRADE_PLAN,TERRAIN_CONSTRAINED_PLANNING_ROUTE_NOT_SURVEYED,"{""routeId"": ""ROUTE-0300""}",True,ROUTE-0300
FLOW-0624,BATTERIES,MWh-equivalent,visual-territory-23,visual-territory-24,OP-23,OP-24,GATE-23,GATE-24,13.360689,80.164135,90000.0,3851.967857,6.585676,MULTIMODAL_WITH_TRANSIT,4631.84507,UNSIGNED_CAPACITY_AND_TRADE_PLAN,TERRAIN_CONSTRAINED_PLANNING_ROUTE_NOT_SURVEYED,"{""routeId"": ""ROUTE-0550""}",True,ROUTE-0550
FLOW-0625,BATTERIES,MWh-equivalent,visual-territory-23,visual-territory-28,OP-23,OP-28,GATE-23,GATE-28,17.449845,104.69907,90000.0,15985.654336,26.808487,MULTIMODAL_WITH_TRANSIT,25105.247135,UNSIGNED_CAPACITY_AND_TRADE_PLAN,TERRAIN_CONSTRAINED_PLANNING_ROUTE_NOT_SURVEYED,"{""routeId"": ""ROUTE-0551""}",True,ROUTE-0551
FLOW-0626,BATTERIES,MWh-equivalent,visual-territory-23,visual-territory-29,OP-23,OP-29,GATE-23,GATE-29,16.207645,97.245871,90000.0,13733.956518,23.055657,MULTIMODAL_WITH_TRANSIT,20033.558457,UNSIGNED_CAPACITY_AND_TRADE_PLAN,TERRAIN_CONSTRAINED_PLANNING_ROUTE_NOT_SURVEYED,"{""routeId"": ""ROUTE-0552""}",True,ROUTE-0552
FLOW-0627,BATTERIES,MWh-equivalent,visual-territory-23,visual-territory-30,OP-23,OP-30,GATE-23,GATE-30,14.518239,87.109434,90000.0,11328.948151,19.04731,MULTIMODAL_WITH_TRANSIT,14802.873919,UNSIGNED_CAPACITY_AND_TRADE_PLAN,TERRAIN_CONSTRAINED_PLANNING_ROUTE_NOT_SURVEYED,"{""routeId"": ""ROUTE-0553""}",True,ROUTE-0553
FLOW-0628,BATTERIES,MWh-equivalent,visual-territory-23,visual-territory-31,OP-23,OP-31,GATE-23,GATE-31,15.857167,95.143004,90000.0,11348.574587,19.080021,MULTIMODAL_WITH_TRANSIT,16196.06216,UNSIGNED_CAPACITY_AND_TRADE_PLAN,TERRAIN_CONSTRAINED_PLANNING_ROUTE_NOT_SURVEYED,"{""routeId"": ""ROUTE-0554""}",True,ROUTE-0554
FLOW-0629,BATTERIES,MWh-equivalent,visual-territory-23,visual-territory-32,OP-23,OP-32,GATE-23,GATE-32,10.524298,63.145786,90000.0,7144.918193,12.073927,MULTIMODAL_WITH_TRANSIT,6767.572128,UNSIGNED_CAPACITY_AND_TRADE_PLAN,TERRAIN_CONSTRAINED_PLANNING_ROUTE_NOT_SURVEYED,"{""routeId"": ""ROUTE-0555""}",True,ROUTE-0555
FLOW-0630,BATTERIES,MWh-equivalent,visual-territory-36,visual-territory-34,OP-36,OP-34,GATE-36,GATE-34,7.820353,46.922121,90000.0,4549.035205,9.581725,SEA_PORT_TO_PORT,3201.755705,UNSIGNED_CAPACITY_AND_TRADE_PLAN,TERRAIN_CONSTRAINED_PLANNING_ROUTE_NOT_SURVEYED,"{""routeId"": ""ROUTE-0556""}",False,ROUTE-0556
FLOW-0631,BATTERIES,MWh-equivalent,visual-territory-36,visual-territory-35,OP-36,OP-35,GATE-36,GATE-35,14.87878,89.272678,90000.0,1750.079497,4.916799,SEA_PORT_TO_PORT,2343.514252,UNSIGNED_CAPACITY_AND_TRADE_PLAN,TERRAIN_CONSTRAINED_PLANNING_ROUTE_NOT_SURVEYED,"{""routeId"": ""ROUTE-0068""}",False,ROUTE-0068
FLOW-0632,BATTERIES,MWh-equivalent,visual-territory-56,visual-territory-48,OP-56,OP-48,GATE-56,GATE-48,10.207917,61.2475,90000.0,18281.710246,32.469517,SEA_PORT_TO_PORT,16795.635724,UNSIGNED_CAPACITY_AND_TRADE_PLAN,TERRAIN_CONSTRAINED_PLANNING_ROUTE_NOT_SURVEYED,"{""routeId"": ""ROUTE-0557""}",False,ROUTE-0557
FLOW-0633,BATTERIES,MWh-equivalent,visual-territory-56,visual-territory-50,OP-56,OP-50,GATE-56,GATE-50,15.99526,95.97156,90000.0,20449.194207,36.08199,SEA_PORT_TO_PORT,29438.116032,UNSIGNED_CAPACITY_AND_TRADE_PLAN,TERRAIN_CONSTRAINED_PLANNING_ROUTE_NOT_SURVEYED,"{""routeId"": ""ROUTE-0558""}",False,ROUTE-0558
FLOW-0634,BATTERIES,MWh-equivalent,visual-territory-56,visual-territory-60,OP-56,OP-60,GATE-56,GATE-60,22.559274,135.355646,90000.0,15337.342388,27.562237,SEA_PORT_TO_PORT,31139.938303,UNSIGNED_CAPACITY_AND_TRADE_PLAN,TERRAIN_CONSTRAINED_PLANNING_ROUTE_NOT_SURVEYED,"{""routeId"": ""ROUTE-0559""}",False,ROUTE-0559
FLOW-0635,BATTERIES,MWh-equivalent,visual-territory-56,visual-territory-61,OP-56,OP-61,GATE-56,GATE-61,27.23595,163.415702,90000.0,6656.031853,13.093386,SEA_PORT_TO_PORT,16315.501766,UNSIGNED_CAPACITY_AND_TRADE_PLAN,TERRAIN_CONSTRAINED_PLANNING_ROUTE_NOT_SURVEYED,"{""routeId"": ""ROUTE-0560""}",False,ROUTE-0560
FLOW-0636,BATTERIES,MWh-equivalent,visual-territory-56,visual-territory-62,OP-56,OP-62,GATE-56,GATE-62,10.118222,60.709331,90000.0,12915.959982,23.5266,SEA_PORT_TO_PORT,11761.789346,UNSIGNED_CAPACITY_AND_TRADE_PLAN,TERRAIN_CONSTRAINED_PLANNING_ROUTE_NOT_SURVEYED,"{""routeId"": ""ROUTE-0502""}",False,ROUTE-0502
FLOW-0637,BATTERIES,MWh-equivalent,visual-territory-65,visual-territory-33,OP-65,OP-33,GATE-65,GATE-33,13.806297,82.837781,90000.0,21311.328633,37.518881,SEA_PORT_TO_PORT,26480.747612,UNSIGNED_CAPACITY_AND_TRADE_PLAN,TERRAIN_CONSTRAINED_PLANNING_ROUTE_NOT_SURVEYED,"{""routeId"": ""ROUTE-0561""}",False,ROUTE-0561
FLOW-0638,BATTERIES,MWh-equivalent,visual-territory-65,visual-territory-38,OP-65,OP-38,GATE-65,GATE-38,22.99731,137.98386,90000.0,21040.16101,37.066935,SEA_PORT_TO_PORT,43548.039468,UNSIGNED_CAPACITY_AND_TRADE_PLAN,TERRAIN_CONSTRAINED_PLANNING_ROUTE_NOT_SURVEYED,"{""routeId"": ""ROUTE-0562""}",False,ROUTE-0562
FLOW-0639,BATTERIES,MWh-equivalent,visual-territory-65,visual-territory-40,OP-65,OP-40,GATE-65,GATE-40,15.525591,93.153546,90000.0,8871.087482,15.520524,MULTIMODAL_WITH_TRANSIT,12395.598837,UNSIGNED_CAPACITY_AND_TRADE_PLAN,TERRAIN_CONSTRAINED_PLANNING_ROUTE_NOT_SURVEYED,"{""routeId"": ""ROUTE-0203""}",True,ROUTE-0203
FLOW-0640,BATTERIES,MWh-equivalent,visual-territory-65,visual-territory-41,OP-65,OP-41,GATE-65,GATE-41,16.745416,100.472496,90000.0,16604.601589,28.493241,MULTIMODAL_WITH_TRANSIT,25024.586502,UNSIGNED_CAPACITY_AND_TRADE_PLAN,TERRAIN_CONSTRAINED_PLANNING_ROUTE_NOT_SURVEYED,"{""routeId"": ""ROUTE-0563""}",True,ROUTE-0563
FLOW-0641,BATTERIES,MWh-equivalent,visual-territory-65,visual-territory-44,OP-65,OP-44,GATE-65,GATE-44,6.585686,39.514116,90000.0,23557.04255,41.261738,SEA_PORT_TO_PORT,13962.535679,UNSIGNED_CAPACITY_AND_TRADE_PLAN,TERRAIN_CONSTRAINED_PLANNING_ROUTE_NOT_SURVEYED,"{""routeId"": ""ROUTE-0564""}",False,ROUTE-0564
