id,countryId,projectId,projectNumber,name,lifecycle,operational,estimatedCapacity,capacityUnit,requiredWorkers,requiredPowerMW,requiredWaterM3Day,maintenanceGcuDay,equipmentUnits,constructionSimDays,recipeStatus,inputCategories,gridNodeId,accessNodeId,capacityBasis,mapPointX,mapPointY,sceneAnchorX,sceneAnchorY
P01,visual-territory-44,PROJECT-21,21,深水港,CANDIDATE,False,60056.27,tonne/sim-day,2740,49.32,4932,23121.13,137,270,CORE_COEFFICIENT_BINDING_REQUIRED,"[""LABOUR"",""MACHINERY"",""ELECTRICITY""]",GRID-visual-territory-44,P01,GEOGRAPHIC_SCENARIO_ESTIMATE,135,328,0.396,0.343
P02,visual-territory-52,PROJECT-21,21,深水港,CANDIDATE,False,849.03,tonne/sim-day,230,4.14,414,1856.98,12,109,CORE_COEFFICIENT_BINDING_REQUIRED,"[""LABOUR"",""MACHINERY"",""ELECTRICITY""]",GRID-visual-territory-52,P02,GEOGRAPHIC_SCENARIO_ESTIMATE,539,388,0.689,0.331
P03,visual-territory-64,PROJECT-21,21,深水港,CANDIDATE,False,126784.24,tonne/sim-day,5971,107.478,10748,50303.68,299,467,CORE_COEFFICIENT_BINDING_REQUIRED,"[""LABOUR"",""MACHINERY"",""ELECTRICITY""]",GRID-visual-territory-64,P03,GEOGRAPHIC_SCENARIO_ESTIMATE,691,334,0.34,0.71
P04,visual-territory-56,PROJECT-21,21,深水港,CANDIDATE,False,69806.9,tonne/sim-day,2954,53.172,5317,25028.14,148,283,CORE_COEFFICIENT_BINDING_REQUIRED,"[""LABOUR"",""MACHINERY"",""ELECTRICITY""]",GRID-visual-territory-56,P04,GEOGRAPHIC_SCENARIO_ESTIMATE,637,548,0.432,0.548
P05,visual-territory-55,PROJECT-21,21,深水港,CANDIDATE,False,87464.78,tonne/sim-day,4050,72.9,7290,34149.3,202,350,CORE_COEFFICIENT_BINDING_REQUIRED,"[""LABOUR"",""MACHINERY"",""ELECTRICITY""]",GRID-visual-territory-55,P05,GEOGRAPHIC_SCENARIO_ESTIMATE,977,453,0.483,0.569
P06,visual-territory-63,PROJECT-21,21,深水港,CANDIDATE,False,97445.05,tonne/sim-day,4617,83.106,8311,38884.9,231,385,CORE_COEFFICIENT_BINDING_REQUIRED,"[""LABOUR"",""MACHINERY"",""ELECTRICITY""]",GRID-visual-territory-63,P06,GEOGRAPHIC_SCENARIO_ESTIMATE,383,661,0.56,0.64
P07,visual-territory-67,PROJECT-21,21,深水港,CANDIDATE,False,76709.1,tonne/sim-day,3792,68.256,6826,31870.18,190,334,CORE_COEFFICIENT_BINDING_REQUIRED,"[""LABOUR"",""MACHINERY"",""ELECTRICITY""]",GRID-visual-territory-67,P07,GEOGRAPHIC_SCENARIO_ESTIMATE,539,693,0.79,0.346
P08,visual-territory-66,PROJECT-21,21,深水港,CANDIDATE,False,114133.05,tonne/sim-day,5342,96.156,9616,45018.66,267,429,CORE_COEFFICIENT_BINDING_REQUIRED,"[""LABOUR"",""MACHINERY"",""ELECTRICITY""]",GRID-visual-territory-66,P08,GEOGRAPHIC_SCENARIO_ESTIMATE,964,362,0.475,0.632
P09,visual-territory-07,PROJECT-21,21,深水港,CANDIDATE,False,95421.95,tonne/sim-day,4569,82.242,8224,38460.44,228,382,CORE_COEFFICIENT_BINDING_REQUIRED,"[""LABOUR"",""MACHINERY"",""ELECTRICITY""]",GRID-visual-territory-07,P09,GEOGRAPHIC_SCENARIO_ESTIMATE,1479,467,0.535,0.63
P10,visual-territory-24,PROJECT-21,21,深水港,CANDIDATE,False,78510.14,tonne/sim-day,3837,69.066,6907,32266.2,192,337,CORE_COEFFICIENT_BINDING_REQUIRED,"[""LABOUR"",""MACHINERY"",""ELECTRICITY""]",GRID-visual-territory-24,P10,GEOGRAPHIC_SCENARIO_ESTIMATE,1545,692,0.61,0.558
P11,visual-territory-29,PROJECT-21,21,深水港,CANDIDATE,False,49638.57,tonne/sim-day,2491,44.838,4484,20920.77,125,254,CORE_COEFFICIENT_BINDING_REQUIRED,"[""LABOUR"",""MACHINERY"",""ELECTRICITY""]",GRID-visual-territory-29,P11,GEOGRAPHIC_SCENARIO_ESTIMATE,1313,812,0.595,0.63
P12,visual-territory-17,PROJECT-21,21,深水港,CANDIDATE,False,66458.27,tonne/sim-day,2882,51.876,5188,24385.17,144,279,CORE_COEFFICIENT_BINDING_REQUIRED,"[""LABOUR"",""MACHINERY"",""ELECTRICITY""]",GRID-visual-territory-17,P12,GEOGRAPHIC_SCENARIO_ESTIMATE,1010,645,0.77,0.699
H01,visual-territory-40,PROJECT-25,25,物流枢纽,CANDIDATE,False,50571.9,tonne/sim-day,2177,39.186,3919,18427.44,109,236,CORE_COEFFICIENT_BINDING_REQUIRED,"[""LABOUR"",""MACHINERY"",""ELECTRICITY""]",GRID-visual-territory-40,H01,GEOGRAPHIC_SCENARIO_ESTIMATE,365,295,0.75,0.394
H02,visual-territory-51,PROJECT-25,25,物流枢纽,CANDIDATE,False,1019.8,tonne/sim-day,252,4.536,454,2036.4,13,111,CORE_COEFFICIENT_BINDING_REQUIRED,"[""LABOUR"",""MACHINERY"",""ELECTRICITY""]",GRID-visual-territory-51,H02,GEOGRAPHIC_SCENARIO_ESTIMATE,303,425,0.384,0.337
H03,visual-territory-58,PROJECT-25,25,物流枢纽,CANDIDATE,False,136318.22,tonne/sim-day,6192,111.456,11146,52262.36,310,481,CORE_COEFFICIENT_BINDING_REQUIRED,"[""LABOUR"",""MACHINERY"",""ELECTRICITY""]",GRID-visual-territory-58,H03,GEOGRAPHIC_SCENARIO_ESTIMATE,791,478,0.48,0.189
H04,visual-territory-61,PROJECT-25,25,物流枢纽,CANDIDATE,False,115394.09,tonne/sim-day,5371,96.678,9668,45275.88,269,431,CORE_COEFFICIENT_BINDING_REQUIRED,"[""LABOUR"",""MACHINERY"",""ELECTRICITY""]",GRID-visual-territory-61,H04,GEOGRAPHIC_SCENARIO_ESTIMATE,298,590,0.628,0.372
H05,visual-territory-04,PROJECT-25,25,物流枢纽,CANDIDATE,False,124090.44,tonne/sim-day,5570,100.26,10026,47041.81,278,443,CORE_COEFFICIENT_BINDING_REQUIRED,"[""LABOUR"",""MACHINERY"",""ELECTRICITY""]",GRID-visual-territory-04,H05,GEOGRAPHIC_SCENARIO_ESTIMATE,1507,369,0.427,0.773
H06,visual-territory-12,PROJECT-25,25,物流枢纽,CANDIDATE,False,52960.86,tonne/sim-day,2573,46.314,4631,21643.22,129,260,CORE_COEFFICIENT_BINDING_REQUIRED,"[""LABOUR"",""MACHINERY"",""ELECTRICITY""]",GRID-visual-territory-12,H06,GEOGRAPHIC_SCENARIO_ESTIMATE,1265,554,0.49,0.605
H07,visual-territory-23,PROJECT-25,25,物流枢纽,CANDIDATE,False,101254.62,tonne/sim-day,4706,84.708,8471,39673.09,235,390,CORE_COEFFICIENT_BINDING_REQUIRED,"[""LABOUR"",""MACHINERY"",""ELECTRICITY""]",GRID-visual-territory-23,H07,GEOGRAPHIC_SCENARIO_ESTIMATE,1450,676,0.87,0.419
H08,visual-territory-28,PROJECT-25,25,物流枢纽,CANDIDATE,False,60745.52,tonne/sim-day,2386,42.948,4295,20302.91,119,249,CORE_COEFFICIENT_BINDING_REQUIRED,"[""LABOUR"",""MACHINERY"",""ELECTRICITY""]",GRID-visual-territory-28,H08,GEOGRAPHIC_SCENARIO_ESTIMATE,1195,750,0.45,0.33
SF001,visual-territory-01,PROJECT-04,4,铁矿,CANDIDATE,False,37242.2465,tonne/sim-day,5317,95.706,9571,43280.84,266,423,CORE_COEFFICIENT_BINDING_REQUIRED,"[""LABOUR"",""MACHINERY"",""ELECTRICITY"",""IRON_ORE_DEVELOPED_RESERVE""]",GRID-visual-territory-01,SF001,GEOGRAPHIC_SCENARIO_ESTIMATE,1599,307,0.665,0.6
SF002,visual-territory-01,PROJECT-02,2,气田开发,CANDIDATE,False,439316.3772,MMBtu/sim-day,3323,59.814,5981,35370.33,166,315,CORE_COEFFICIENT_BINDING_REQUIRED,"[""LABOUR"",""MACHINERY"",""ELECTRICITY"",""NATURAL_GAS_DEVELOPED_RESERVE""]",GRID-visual-territory-01,SF002,GEOGRAPHIC_SCENARIO_ESTIMATE,1565,261,0.356,0.325
SF003,visual-territory-01,PROJECT-01,1,油田开发,CANDIDATE,False,206927.2472,barrel/sim-day,3323,59.814,5981,30722.54,166,311,CORE_COEFFICIENT_BINDING_REQUIRED,"[""LABOUR"",""MACHINERY"",""ELECTRICITY"",""CRUDE_OIL_DEVELOPED_RESERVE""]",GRID-visual-territory-01,SF003,GEOGRAPHIC_SCENARIO_ESTIMATE,1616,245,0.74,0.224
SF004,visual-territory-01,PROJECT-05,5,铜矿,CANDIDATE,False,2709.8934,tonne/sim-day,5317,95.706,9571,42590.2,266,416,CORE_COEFFICIENT_BINDING_REQUIRED,"[""LABOUR"",""MACHINERY"",""ELECTRICITY"",""COPPER_DEVELOPED_RESERVE""]",GRID-visual-territory-01,SF004,GEOGRAPHIC_SCENARIO_ESTIMATE,1553,305,0.332,0.619
SF005,visual-territory-01,PROJECT-10,10,太阳能设施,CANDIDATE,False,70666.79,MW,3323,59.814,5981,27997.34,166,306,CORE_COEFFICIENT_BINDING_REQUIRED,"[""LABOUR"",""MACHINERY"",""ELECTRICITY""]",GRID-visual-territory-01,SF005,GEOGRAPHIC_SCENARIO_ESTIMATE,1597,273,0.638,0.392
SF006,visual-territory-02,PROJECT-05,5,铜矿,CANDIDATE,False,455.1077,tonne/sim-day,6647,119.646,11965,53185.1,332,493,CORE_COEFFICIENT_BINDING_REQUIRED,"[""LABOUR"",""MACHINERY"",""ELECTRICITY"",""COPPER_DEVELOPED_RESERVE""]",GRID-visual-territory-02,SF006,GEOGRAPHIC_SCENARIO_ESTIMATE,1602,301,0.216,0.453
SF007,visual-territory-02,PROJECT-02,2,气田开发,CANDIDATE,False,542951.383,MMBtu/sim-day,4154,74.772,7477,44091.03,208,366,CORE_COEFFICIENT_BINDING_REQUIRED,"[""LABOUR"",""MACHINERY"",""ELECTRICITY"",""NATURAL_GAS_DEVELOPED_RESERVE""]",GRID-visual-territory-02,SF007,GEOGRAPHIC_SCENARIO_ESTIMATE,1683,282,0.841,0.372
SF008,visual-territory-02,PROJECT-01,1,油田开发,CANDIDATE,False,262962.959,barrel/sim-day,4154,74.772,7477,38491.26,208,362,CORE_COEFFICIENT_BINDING_REQUIRED,"[""LABOUR"",""MACHINERY"",""ELECTRICITY"",""CRUDE_OIL_DEVELOPED_RESERVE""]",GRID-visual-territory-02,SF008,GEOGRAPHIC_SCENARIO_ESTIMATE,1650,337,0.588,0.737
SF009,visual-territory-02,PROJECT-06,6,锂矿,CANDIDATE,False,352.5227,tonne LCE/sim-day,6647,119.646,11965,53183.05,332,493,CORE_COEFFICIENT_BINDING_REQUIRED,"[""LABOUR"",""MACHINERY"",""ELECTRICITY"",""LITHIUM_DEVELOPED_RESERVE""]",GRID-visual-territory-02,SF009,GEOGRAPHIC_SCENARIO_ESTIMATE,1626,245,0.41,0.12
SF010,visual-territory-02,PROJECT-10,10,太阳能设施,CANDIDATE,False,92041.53,MW,4154,74.772,7477,35072.83,208,357,CORE_COEFFICIENT_BINDING_REQUIRED,"[""LABOUR"",""MACHINERY"",""ELECTRICITY""]",GRID-visual-territory-02,SF010,GEOGRAPHIC_SCENARIO_ESTIMATE,1641,285,0.533,0.379
SF011,visual-territory-02,PROJECT-11,11,风能设施,CANDIDATE,False,92041.53,MW,4154,74.772,7477,35072.83,208,357,CORE_COEFFICIENT_BINDING_REQUIRED,"[""LABOUR"",""MACHINERY"",""ELECTRICITY""]",GRID-visual-territory-02,SF011,GEOGRAPHIC_SCENARIO_ESTIMATE,1618,329,0.31,0.612
SF012,visual-territory-03,PROJECT-03,3,铀矿,CANDIDATE,False,0.4247,tonne U/sim-day,9037,162.666,16267,72296.01,452,633,CORE_COEFFICIENT_BINDING_REQUIRED,"[""LABOUR"",""MACHINERY"",""ELECTRICITY"",""URANIUM_DEVELOPED_RESERVE""]",GRID-visual-territory-03,SF012,GEOGRAPHIC_SCENARIO_ESTIMATE,1478,398,0.748,0.505
SF013,visual-territory-03,PROJECT-02,2,气田开发,CANDIDATE,False,986766.9176,MMBtu/sim-day,5648,101.664,10166,64919.34,282,460,CORE_COEFFICIENT_BINDING_REQUIRED,"[""LABOUR"",""MACHINERY"",""ELECTRICITY"",""NATURAL_GAS_DEVELOPED_RESERVE""]",GRID-visual-territory-03,SF013,GEOGRAPHIC_SCENARIO_ESTIMATE,1411,313,0.265,0.12
SF014,visual-territory-03,PROJECT-05,5,铜矿,CANDIDATE,False,8605.1097,tonne/sim-day,9037,162.666,16267,72468.1,452,642,CORE_COEFFICIENT_BINDING_REQUIRED,"[""LABOUR"",""MACHINERY"",""ELECTRICITY"",""COPPER_DEVELOPED_RESERVE""]",GRID-visual-territory-03,SF014,GEOGRAPHIC_SCENARIO_ESTIMATE,1404,388,0.236,0.515
SF015,visual-territory-03,PROJECT-01,1,油田开发,CANDIDATE,False,362308.2977,barrel/sim-day,5648,101.664,10166,52430.17,282,453,CORE_COEFFICIENT_BINDING_REQUIRED,"[""LABOUR"",""MACHINERY"",""ELECTRICITY"",""CRUDE_OIL_DEVELOPED_RESERVE""]",GRID-visual-territory-03,SF015,GEOGRAPHIC_SCENARIO_ESTIMATE,1469,336,0.632,0.215
SF016,visual-territory-03,PROJECT-10,10,太阳能设施,CANDIDATE,False,113422.96,MW,5648,101.664,10166,47452.46,282,447,CORE_COEFFICIENT_BINDING_REQUIRED,"[""LABOUR"",""MACHINERY"",""ELECTRICITY""]",GRID-visual-territory-03,SF016,GEOGRAPHIC_SCENARIO_ESTIMATE,1436,433,0.378,0.747
SF017,visual-territory-03,PROJECT-11,11,风能设施,CANDIDATE,False,113422.96,MW,5648,101.664,10166,47452.46,282,447,CORE_COEFFICIENT_BINDING_REQUIRED,"[""LABOUR"",""MACHINERY"",""ELECTRICITY""]",GRID-visual-territory-03,SF017,GEOGRAPHIC_SCENARIO_ESTIMATE,1444,371,0.468,0.444
SF018,visual-territory-03,PROJECT-25,25,物流枢纽,CANDIDATE,False,113422.96,tonne/sim-day,5648,101.664,10166,47452.46,282,447,CORE_COEFFICIENT_BINDING_REQUIRED,"[""LABOUR"",""MACHINERY"",""ELECTRICITY""]",GRID-visual-territory-03,SF018,GEOGRAPHIC_SCENARIO_ESTIMATE,1497,364,0.752,0.336
SF019,visual-territory-03,PROJECT-31,31,基础教育设施,CANDIDATE,False,113422.96,student-seat,5648,101.664,10166,47452.46,282,447,CORE_COEFFICIENT_BINDING_REQUIRED,"[""LABOUR"",""MACHINERY"",""ELECTRICITY""]",GRID-visual-territory-03,SF019,GEOGRAPHIC_SCENARIO_ESTIMATE,1435,338,0.447,0.267
SF020,visual-territory-03,PROJECT-34,34,基层医疗设施,CANDIDATE,False,113422.96,patient-visit/sim-day,5648,101.664,10166,47452.46,282,447,CORE_COEFFICIENT_BINDING_REQUIRED,"[""LABOUR"",""MACHINERY"",""ELECTRICITY""]",GRID-visual-territory-03,SF020,GEOGRAPHIC_SCENARIO_ESTIMATE,1433,401,0.405,0.615
SF021,visual-territory-04,PROJECT-04,4,铁矿,CANDIDATE,False,101910.3609,tonne/sim-day,8912,160.416,16042,73334.21,446,643,CORE_COEFFICIENT_BINDING_REQUIRED,"[""LABOUR"",""MACHINERY"",""ELECTRICITY"",""IRON_ORE_DEVELOPED_RESERVE""]",GRID-visual-territory-04,SF021,GEOGRAPHIC_SCENARIO_ESTIMATE,1510,368,0.483,0.812
SF022,visual-territory-04,PROJECT-02,2,气田开发,CANDIDATE,False,690206.8722,MMBtu/sim-day,5570,100.26,10026,58364.14,278,453,CORE_COEFFICIENT_BINDING_REQUIRED,"[""LABOUR"",""MACHINERY"",""ELECTRICITY"",""NATURAL_GAS_DEVELOPED_RESERVE""]",GRID-visual-territory-04,SF022,GEOGRAPHIC_SCENARIO_ESTIMATE,1515,307,0.552,0.366
SF023,visual-territory-04,PROJECT-04,4,铁矿,CANDIDATE,False,183701.8233,tonne/sim-day,8912,160.416,16042,74970.04,446,645,CORE_COEFFICIENT_BINDING_REQUIRED,"[""LABOUR"",""MACHINERY"",""ELECTRICITY"",""IRON_ORE_DEVELOPED_RESERVE""]",GRID-visual-territory-04,SF023,GEOGRAPHIC_SCENARIO_ESTIMATE,1529,264,0.61,0.225
SF024,visual-territory-04,PROJECT-01,1,油田开发,CANDIDATE,False,562630.7642,barrel/sim-day,5570,100.26,10026,55812.62,278,452,CORE_COEFFICIENT_BINDING_REQUIRED,"[""LABOUR"",""MACHINERY"",""ELECTRICITY"",""CRUDE_OIL_DEVELOPED_RESERVE""]",GRID-visual-territory-04,SF024,GEOGRAPHIC_SCENARIO_ESTIMATE,1462,278,0.192,0.283
SF025,visual-territory-04,PROJECT-10,10,太阳能设施,CANDIDATE,False,124090.44,MW,5570,100.26,10026,47041.81,278,443,CORE_COEFFICIENT_BINDING_REQUIRED,"[""LABOUR"",""MACHINERY"",""ELECTRICITY""]",GRID-visual-territory-04,SF025,GEOGRAPHIC_SCENARIO_ESTIMATE,1561,342,0.815,0.576
SF026,visual-territory-04,PROJECT-11,11,风能设施,CANDIDATE,False,124090.44,MW,5570,100.26,10026,47041.81,278,443,CORE_COEFFICIENT_BINDING_REQUIRED,"[""LABOUR"",""MACHINERY"",""ELECTRICITY""]",GRID-visual-territory-04,SF026,GEOGRAPHIC_SCENARIO_ESTIMATE,1559,224,0.782,0.04
SF027,visual-territory-04,PROJECT-25,25,物流枢纽,CANDIDATE,False,124090.44,tonne/sim-day,5570,100.26,10026,47041.81,278,443,CORE_COEFFICIENT_BINDING_REQUIRED,"[""LABOUR"",""MACHINERY"",""ELECTRICITY""]",GRID-visual-territory-04,SF027,GEOGRAPHIC_SCENARIO_ESTIMATE,1481,334,0.363,0.594
SF028,visual-territory-05,PROJECT-06,6,锂矿,CANDIDATE,False,63.0215,tonne LCE/sim-day,7184,129.312,12931,57473.26,359,524,CORE_COEFFICIENT_BINDING_REQUIRED,"[""LABOUR"",""MACHINERY"",""ELECTRICITY"",""LITHIUM_DEVELOPED_RESERVE""]",GRID-visual-territory-05,SF028,GEOGRAPHIC_SCENARIO_ESTIMATE,1556,356,0.242,0.292
SF029,visual-territory-05,PROJECT-02,2,气田开发,CANDIDATE,False,811182.4212,MMBtu/sim-day,4490,80.82,8082,52143.65,224,389,CORE_COEFFICIENT_BINDING_REQUIRED,"[""LABOUR"",""MACHINERY"",""ELECTRICITY"",""NATURAL_GAS_DEVELOPED_RESERVE""]",GRID-visual-territory-05,SF029,GEOGRAPHIC_SCENARIO_ESTIMATE,1645,382,0.783,0.477
SF030,visual-territory-05,PROJECT-01,1,油田开发,CANDIDATE,False,392918.6769,barrel/sim-day,4490,80.82,8082,43778.37,224,384,CORE_COEFFICIENT_BINDING_REQUIRED,"[""LABOUR"",""MACHINERY"",""ELECTRICITY"",""CRUDE_OIL_DEVELOPED_RESERVE""]",GRID-visual-territory-05,SF030,GEOGRAPHIC_SCENARIO_ESTIMATE,1593,418,0.45,0.725
SF031,visual-territory-05,PROJECT-05,5,铜矿,CANDIDATE,False,3026.8803,tonne/sim-day,7184,129.312,12931,57532.54,359,528,CORE_COEFFICIENT_BINDING_REQUIRED,"[""LABOUR"",""MACHINERY"",""ELECTRICITY"",""COPPER_DEVELOPED_RESERVE""]",GRID-visual-territory-05,SF031,GEOGRAPHIC_SCENARIO_ESTIMATE,1612,327,0.618,0.13
SF032,visual-territory-05,PROJECT-10,10,太阳能设施,CANDIDATE,False,92168.87,MW,4490,80.82,8082,37763.38,224,377,CORE_COEFFICIENT_BINDING_REQUIRED,"[""LABOUR"",""MACHINERY"",""ELECTRICITY""]",GRID-visual-territory-05,SF032,GEOGRAPHIC_SCENARIO_ESTIMATE,1600,372,0.5,0.43
SF033,visual-territory-05,PROJECT-11,11,风能设施,CANDIDATE,False,92168.87,MW,4490,80.82,8082,37763.38,224,377,CORE_COEFFICIENT_BINDING_REQUIRED,"[""LABOUR"",""MACHINERY"",""ELECTRICITY""]",GRID-visual-territory-05,SF033,GEOGRAPHIC_SCENARIO_ESTIMATE,1574,323,0.301,0.081
SF034,visual-territory-05,PROJECT-25,25,物流枢纽,CANDIDATE,False,92168.87,tonne/sim-day,4490,80.82,8082,37763.38,224,377,CORE_COEFFICIENT_BINDING_REQUIRED,"[""LABOUR"",""MACHINERY"",""ELECTRICITY""]",GRID-visual-territory-05,SF034,GEOGRAPHIC_SCENARIO_ESTIMATE,1628,413,0.658,0.594
SF035,visual-territory-06,PROJECT-04,4,铁矿,CANDIDATE,False,123100.9722,tonne/sim-day,7206,129.708,12971,60110.02,360,541,CORE_COEFFICIENT_BINDING_REQUIRED,"[""LABOUR"",""MACHINERY"",""ELECTRICITY"",""IRON_ORE_DEVELOPED_RESERVE""]",GRID-visual-territory-06,SF035,GEOGRAPHIC_SCENARIO_ESTIMATE,1378,444,0.594,0.431
SF036,visual-territory-06,PROJECT-02,2,气田开发,CANDIDATE,False,1451157.7149,MMBtu/sim-day,4504,81.072,8107,65055.15,225,395,CORE_COEFFICIENT_BINDING_REQUIRED,"[""LABOUR"",""MACHINERY"",""ELECTRICITY"",""NATURAL_GAS_DEVELOPED_RESERVE""]",GRID-visual-territory-06,SF036,GEOGRAPHIC_SCENARIO_ESTIMATE,1288,457,0.14,0.513
SF037,visual-territory-06,PROJECT-01,1,油田开发,CANDIDATE,False,679260.5305,barrel/sim-day,4504,81.072,8107,49617.21,225,389,CORE_COEFFICIENT_BINDING_REQUIRED,"[""LABOUR"",""MACHINERY"",""ELECTRICITY"",""CRUDE_OIL_DEVELOPED_RESERVE""]",GRID-visual-territory-06,SF037,GEOGRAPHIC_SCENARIO_ESTIMATE,1325,385,0.326,0.15
SF038,visual-territory-06,PROJECT-06,6,锂矿,CANDIDATE,False,157.9666,tonne LCE/sim-day,7206,129.708,12971,57651.16,360,526,CORE_COEFFICIENT_BINDING_REQUIRED,"[""LABOUR"",""MACHINERY"",""ELECTRICITY"",""LITHIUM_DEVELOPED_RESERVE""]",GRID-visual-territory-06,SF038,GEOGRAPHIC_SCENARIO_ESTIMATE,1349,501,0.465,0.661
SF039,visual-territory-06,PROJECT-10,10,太阳能设施,CANDIDATE,False,92727.58,MW,4504,81.072,8107,37886.55,225,378,CORE_COEFFICIENT_BINDING_REQUIRED,"[""LABOUR"",""MACHINERY"",""ELECTRICITY""]",GRID-visual-territory-06,SF039,GEOGRAPHIC_SCENARIO_ESTIMATE,1429,473,0.863,0.554
SF040,visual-territory-06,PROJECT-11,11,风能设施,CANDIDATE,False,92727.58,MW,4504,81.072,8107,37886.55,225,378,CORE_COEFFICIENT_BINDING_REQUIRED,"[""LABOUR"",""MACHINERY"",""ELECTRICITY""]",GRID-visual-territory-06,SF040,GEOGRAPHIC_SCENARIO_ESTIMATE,1404,396,0.747,0.18
SF041,visual-territory-06,PROJECT-25,25,物流枢纽,CANDIDATE,False,92727.58,tonne/sim-day,4504,81.072,8107,37886.55,225,378,CORE_COEFFICIENT_BINDING_REQUIRED,"[""LABOUR"",""MACHINERY"",""ELECTRICITY""]",GRID-visual-territory-06,SF041,GEOGRAPHIC_SCENARIO_ESTIMATE,1331,433,0.387,0.484
SF042,visual-territory-07,PROJECT-06,6,锂矿,CANDIDATE,False,104.5683,tonne LCE/sim-day,7310,131.58,13158,58482.09,366,532,CORE_COEFFICIENT_BINDING_REQUIRED,"[""LABOUR"",""MACHINERY"",""ELECTRICITY"",""LITHIUM_DEVELOPED_RESERVE""]",GRID-visual-territory-07,SF042,GEOGRAPHIC_SCENARIO_ESTIMATE,1446,427,0.324,0.313
SF043,visual-territory-07,PROJECT-02,2,气田开发,CANDIDATE,False,1042797.6218,MMBtu/sim-day,4569,82.242,8224,57407.95,228,396,CORE_COEFFICIENT_BINDING_REQUIRED,"[""LABOUR"",""MACHINERY"",""ELECTRICITY"",""NATURAL_GAS_DEVELOPED_RESERVE""]",GRID-visual-territory-07,SF043,GEOGRAPHIC_SCENARIO_ESTIMATE,1525,467,0.85,0.58
SF044,visual-territory-07,PROJECT-01,1,油田开发,CANDIDATE,False,492478.8321,barrel/sim-day,4569,82.242,8224,46401.58,228,391,CORE_COEFFICIENT_BINDING_REQUIRED,"[""LABOUR"",""MACHINERY"",""ELECTRICITY"",""CRUDE_OIL_DEVELOPED_RESERVE""]",GRID-visual-territory-07,SF044,GEOGRAPHIC_SCENARIO_ESTIMATE,1437,486,0.22,0.708
SF045,visual-territory-07,PROJECT-10,10,太阳能设施,CANDIDATE,False,95421.95,MW,4569,82.242,8224,38460.44,228,382,CORE_COEFFICIENT_BINDING_REQUIRED,"[""LABOUR"",""MACHINERY"",""ELECTRICITY""]",GRID-visual-territory-07,SF045,GEOGRAPHIC_SCENARIO_ESTIMATE,1494,389,0.646,0.115
SF046,visual-territory-07,PROJECT-11,11,风能设施,CANDIDATE,False,95421.95,MW,4569,82.242,8224,38460.44,228,382,CORE_COEFFICIENT_BINDING_REQUIRED,"[""LABOUR"",""MACHINERY"",""ELECTRICITY""]",GRID-visual-territory-07,SF046,GEOGRAPHIC_SCENARIO_ESTIMATE,1502,431,0.746,0.347
SF047,visual-territory-07,PROJECT-25,25,物流枢纽,CANDIDATE,False,95421.95,tonne/sim-day,4569,82.242,8224,38460.44,228,382,CORE_COEFFICIENT_BINDING_REQUIRED,"[""LABOUR"",""MACHINERY"",""ELECTRICITY""]",GRID-visual-territory-07,SF047,GEOGRAPHIC_SCENARIO_ESTIMATE,1428,454,0.198,0.496
SF048,visual-territory-08,PROJECT-05,5,铜矿,CANDIDATE,False,2975.7744,tonne/sim-day,7526,135.468,13547,60267.52,376,549,CORE_COEFFICIENT_BINDING_REQUIRED,"[""LABOUR"",""MACHINERY"",""ELECTRICITY"",""COPPER_DEVELOPED_RESERVE""]",GRID-visual-territory-08,SF048,GEOGRAPHIC_SCENARIO_ESTIMATE,1554,399,0.57,0.263
SF049,visual-territory-08,PROJECT-02,2,气田开发,CANDIDATE,False,971670.0515,MMBtu/sim-day,4704,84.672,8467,57065.4,235,404,CORE_COEFFICIENT_BINDING_REQUIRED,"[""LABOUR"",""MACHINERY"",""ELECTRICITY"",""NATURAL_GAS_DEVELOPED_RESERVE""]",GRID-visual-territory-08,SF049,GEOGRAPHIC_SCENARIO_ESTIMATE,1546,482,0.551,0.751
SF050,visual-territory-08,PROJECT-04,4,铁矿,CANDIDATE,False,60790.9528,tonne/sim-day,7526,135.468,13547,61423.82,376,557,CORE_COEFFICIENT_BINDING_REQUIRED,"[""LABOUR"",""MACHINERY"",""ELECTRICITY"",""IRON_ORE_DEVELOPED_RESERVE""]",GRID-visual-territory-08,SF050,GEOGRAPHIC_SCENARIO_ESTIMATE,1495,388,0.27,0.237
SF051,visual-territory-08,PROJECT-06,6,锂矿,CANDIDATE,False,218.0982,tonne LCE/sim-day,7526,135.468,13547,60212.36,376,545,CORE_COEFFICIENT_BINDING_REQUIRED,"[""LABOUR"",""MACHINERY"",""ELECTRICITY"",""LITHIUM_DEVELOPED_RESERVE""]",GRID-visual-territory-08,SF051,GEOGRAPHIC_SCENARIO_ESTIMATE,1515,438,0.324,0.55
SF052,visual-territory-08,PROJECT-10,10,太阳能设施,CANDIDATE,False,101145.7,MW,4704,84.672,8467,39654.91,235,390,CORE_COEFFICIENT_BINDING_REQUIRED,"[""LABOUR"",""MACHINERY"",""ELECTRICITY""]",GRID-visual-territory-08,SF052,GEOGRAPHIC_SCENARIO_ESTIMATE,1555,356,0.58,0.105
SF053,visual-territory-08,PROJECT-11,11,风能设施,CANDIDATE,False,101145.7,MW,4704,84.672,8467,39654.91,235,390,CORE_COEFFICIENT_BINDING_REQUIRED,"[""LABOUR"",""MACHINERY"",""ELECTRICITY""]",GRID-visual-territory-08,SF053,GEOGRAPHIC_SCENARIO_ESTIMATE,1562,441,0.651,0.51
SF054,visual-territory-08,PROJECT-25,25,物流枢纽,CANDIDATE,False,101145.7,tonne/sim-day,4704,84.672,8467,39654.91,235,390,CORE_COEFFICIENT_BINDING_REQUIRED,"[""LABOUR"",""MACHINERY"",""ELECTRICITY""]",GRID-visual-territory-08,SF054,GEOGRAPHIC_SCENARIO_ESTIMATE,1591,414,0.743,0.38
SF055,visual-territory-09,PROJECT-03,3,铀矿,CANDIDATE,False,0.6716,tonne U/sim-day,4344,78.192,7819,34752.01,217,352,CORE_COEFFICIENT_BINDING_REQUIRED,"[""LABOUR"",""MACHINERY"",""ELECTRICITY"",""URANIUM_DEVELOPED_RESERVE""]",GRID-visual-territory-09,SF055,GEOGRAPHIC_SCENARIO_ESTIMATE,1111,527,0.54,0.28
SF056,visual-territory-09,PROJECT-06,6,锂矿,CANDIDATE,False,141.3638,tonne LCE/sim-day,4344,78.192,7819,34754.83,217,354,CORE_COEFFICIENT_BINDING_REQUIRED,"[""LABOUR"",""MACHINERY"",""ELECTRICITY"",""LITHIUM_DEVELOPED_RESERVE""]",GRID-visual-territory-09,SF056,GEOGRAPHIC_SCENARIO_ESTIMATE,1131,577,0.76,0.634
SF057,visual-territory-09,PROJECT-05,5,铜矿,CANDIDATE,False,8324.5552,tonne/sim-day,4344,78.192,7819,34918.49,217,360,CORE_COEFFICIENT_BINDING_REQUIRED,"[""LABOUR"",""MACHINERY"",""ELECTRICITY"",""COPPER_DEVELOPED_RESERVE""]",GRID-visual-territory-09,SF057,GEOGRAPHIC_SCENARIO_ESTIMATE,1049,579,0.273,0.633
SF058,visual-territory-09,PROJECT-04,4,铁矿,CANDIDATE,False,56254.5845,tonne/sim-day,4344,78.192,7819,35877.09,217,366,CORE_COEFFICIENT_BINDING_REQUIRED,"[""LABOUR"",""MACHINERY"",""ELECTRICITY"",""IRON_ORE_DEVELOPED_RESERVE""]",GRID-visual-territory-09,SF058,GEOGRAPHIC_SCENARIO_ESTIMATE,1091,600,0.45,0.728
SF059,visual-territory-10,PROJECT-06,6,锂矿,CANDIDATE,False,112.8511,tonne LCE/sim-day,3198,57.564,5756,25586.26,160,285,CORE_COEFFICIENT_BINDING_REQUIRED,"[""LABOUR"",""MACHINERY"",""ELECTRICITY"",""LITHIUM_DEVELOPED_RESERVE""]",GRID-visual-territory-10,SF059,GEOGRAPHIC_SCENARIO_ESTIMATE,1135,546,0.359,0.616
SF060,visual-territory-10,PROJECT-02,2,气田开发,CANDIDATE,False,985412.409,MMBtu/sim-day,1999,35.982,3598,35700.25,100,241,CORE_COEFFICIENT_BINDING_REQUIRED,"[""LABOUR"",""MACHINERY"",""ELECTRICITY"",""NATURAL_GAS_DEVELOPED_RESERVE""]",GRID-visual-territory-10,SF060,GEOGRAPHIC_SCENARIO_ESTIMATE,1226,420,0.809,0.09
SF061,visual-territory-10,PROJECT-01,1,油田开发,CANDIDATE,False,475703.6894,barrel/sim-day,1999,35.982,3598,25506.07,100,236,CORE_COEFFICIENT_BINDING_REQUIRED,"[""LABOUR"",""MACHINERY"",""ELECTRICITY"",""CRUDE_OIL_DEVELOPED_RESERVE""]",GRID-visual-territory-10,SF061,GEOGRAPHIC_SCENARIO_ESTIMATE,1152,462,0.489,0.226
SF062,visual-territory-11,PROJECT-01,1,油田开发,CANDIDATE,False,95910.182,barrel/sim-day,1920,34.56,3456,17278.2,96,223,CORE_COEFFICIENT_BINDING_REQUIRED,"[""LABOUR"",""MACHINERY"",""ELECTRICITY"",""CRUDE_OIL_DEVELOPED_RESERVE""]",GRID-visual-territory-11,SF062,GEOGRAPHIC_SCENARIO_ESTIMATE,1205,570,0.327,0.392
SF063,visual-territory-11,PROJECT-06,6,锂矿,CANDIDATE,False,252.3326,tonne LCE/sim-day,3071,55.278,5528,24573.05,154,278,CORE_COEFFICIENT_BINDING_REQUIRED,"[""LABOUR"",""MACHINERY"",""ELECTRICITY"",""LITHIUM_DEVELOPED_RESERVE""]",GRID-visual-territory-11,SF063,GEOGRAPHIC_SCENARIO_ESTIMATE,1214,594,0.495,0.539
SF064,visual-territory-11,PROJECT-05,5,铜矿,CANDIDATE,False,5007.5779,tonne/sim-day,3071,55.278,5528,24668.15,154,283,CORE_COEFFICIENT_BINDING_REQUIRED,"[""LABOUR"",""MACHINERY"",""ELECTRICITY"",""COPPER_DEVELOPED_RESERVE""]",GRID-visual-territory-11,SF064,GEOGRAPHIC_SCENARIO_ESTIMATE,1267,565,0.839,0.292
SF065,visual-territory-12,PROJECT-02,2,气田开发,CANDIDATE,False,190086.7053,MMBtu/sim-day,2573,46.314,4631,24385.73,129,265,CORE_COEFFICIENT_BINDING_REQUIRED,"[""LABOUR"",""MACHINERY"",""ELECTRICITY"",""NATURAL_GAS_DEVELOPED_RESERVE""]",GRID-visual-territory-12,SF065,GEOGRAPHIC_SCENARIO_ESTIMATE,1310,547,0.84,0.557
SF066,visual-territory-12,PROJECT-01,1,油田开发,CANDIDATE,False,594288.8959,barrel/sim-day,2573,46.314,4631,32469.78,129,272,CORE_COEFFICIENT_BINDING_REQUIRED,"[""LABOUR"",""MACHINERY"",""ELECTRICITY"",""CRUDE_OIL_DEVELOPED_RESERVE""]",GRID-visual-territory-12,SF066,GEOGRAPHIC_SCENARIO_ESTIMATE,1215,528,0.15,0.44
SF067,visual-territory-12,PROJECT-05,5,铜矿,CANDIDATE,False,11373.9753,tonne/sim-day,4117,74.106,7411,33163.48,206,347,CORE_COEFFICIENT_BINDING_REQUIRED,"[""LABOUR"",""MACHINERY"",""ELECTRICITY"",""COPPER_DEVELOPED_RESERVE""]",GRID-visual-territory-12,SF067,GEOGRAPHIC_SCENARIO_ESTIMATE,1288,458,0.611,0.154
SF068,visual-territory-13,PROJECT-06,6,锂矿,CANDIDATE,False,424.8422,tonne LCE/sim-day,2381,42.858,4286,19056.5,119,237,CORE_COEFFICIENT_BINDING_REQUIRED,"[""LABOUR"",""MACHINERY"",""ELECTRICITY"",""LITHIUM_DEVELOPED_RESERVE""]",GRID-visual-territory-13,SF068,GEOGRAPHIC_SCENARIO_ESTIMATE,1284,605,0.329,0.51
SF069,visual-territory-13,PROJECT-06,6,锂矿,CANDIDATE,False,216.0437,tonne LCE/sim-day,2381,42.858,4286,19052.32,119,237,CORE_COEFFICIENT_BINDING_REQUIRED,"[""LABOUR"",""MACHINERY"",""ELECTRICITY"",""LITHIUM_DEVELOPED_RESERVE""]",GRID-visual-territory-13,SF069,GEOGRAPHIC_SCENARIO_ESTIMATE,1337,563,0.68,0.198
SF070,visual-territory-14,PROJECT-06,6,锂矿,CANDIDATE,False,121.9065,tonne LCE/sim-day,5558,100.044,10004,44466.44,278,427,CORE_COEFFICIENT_BINDING_REQUIRED,"[""LABOUR"",""MACHINERY"",""ELECTRICITY"",""LITHIUM_DEVELOPED_RESERVE""]",GRID-visual-territory-14,SF070,GEOGRAPHIC_SCENARIO_ESTIMATE,1360,505,0.304,0.35
SF071,visual-territory-14,PROJECT-05,5,铜矿,CANDIDATE,False,987.9618,tonne/sim-day,5558,100.044,10004,44483.76,278,429,CORE_COEFFICIENT_BINDING_REQUIRED,"[""LABOUR"",""MACHINERY"",""ELECTRICITY"",""COPPER_DEVELOPED_RESERVE""]",GRID-visual-territory-14,SF071,GEOGRAPHIC_SCENARIO_ESTIMATE,1383,561,0.453,0.72
SF072,visual-territory-14,PROJECT-02,2,气田开发,CANDIDATE,False,948466.2602,MMBtu/sim-day,3474,62.532,6253,46761.33,174,330,CORE_COEFFICIENT_BINDING_REQUIRED,"[""LABOUR"",""MACHINERY"",""ELECTRICITY"",""NATURAL_GAS_DEVELOPED_RESERVE""]",GRID-visual-territory-14,SF072,GEOGRAPHIC_SCENARIO_ESTIMATE,1448,513,0.896,0.438
SF073,visual-territory-14,PROJECT-03,3,铀矿,CANDIDATE,False,0.4792,tonne U/sim-day,5558,100.044,10004,44464.01,278,424,CORE_COEFFICIENT_BINDING_REQUIRED,"[""LABOUR"",""MACHINERY"",""ELECTRICITY"",""URANIUM_DEVELOPED_RESERVE""]",GRID-visual-territory-14,SF073,GEOGRAPHIC_SCENARIO_ESTIMATE,1407,472,0.612,0.125
SF074,visual-territory-14,PROJECT-10,10,太阳能设施,CANDIDATE,False,77223.53,MW,3474,62.532,6253,29336.47,174,315,CORE_COEFFICIENT_BINDING_REQUIRED,"[""LABOUR"",""MACHINERY"",""ELECTRICITY""]",GRID-visual-territory-14,SF074,GEOGRAPHIC_SCENARIO_ESTIMATE,1337,546,0.173,0.607
SF075,visual-territory-15,PROJECT-02,2,气田开发,CANDIDATE,False,228953.9873,MMBtu/sim-day,4604,82.872,8287,41411.08,230,388,CORE_COEFFICIENT_BINDING_REQUIRED,"[""LABOUR"",""MACHINERY"",""ELECTRICITY"",""NATURAL_GAS_DEVELOPED_RESERVE""]",GRID-visual-territory-15,SF075,GEOGRAPHIC_SCENARIO_ESTIMATE,1424,583,0.554,0.468
SF076,visual-territory-15,PROJECT-01,1,油田开发,CANDIDATE,False,630831.0069,barrel/sim-day,4604,82.872,8287,49448.62,230,394,CORE_COEFFICIENT_BINDING_REQUIRED,"[""LABOUR"",""MACHINERY"",""ELECTRICITY"",""CRUDE_OIL_DEVELOPED_RESERVE""]",GRID-visual-territory-15,SF076,GEOGRAPHIC_SCENARIO_ESTIMATE,1478,521,0.857,0.086
SF077,visual-territory-15,PROJECT-05,5,铜矿,CANDIDATE,False,12100.0938,tonne/sim-day,7366,132.588,13259,59170.0,368,542,CORE_COEFFICIENT_BINDING_REQUIRED,"[""LABOUR"",""MACHINERY"",""ELECTRICITY"",""COPPER_DEVELOPED_RESERVE""]",GRID-visual-territory-15,SF077,GEOGRAPHIC_SCENARIO_ESTIMATE,1481,620,0.837,0.71
SF078,visual-territory-15,PROJECT-06,6,锂矿,CANDIDATE,False,180.243,tonne LCE/sim-day,7366,132.588,13259,58931.6,368,536,CORE_COEFFICIENT_BINDING_REQUIRED,"[""LABOUR"",""MACHINERY"",""ELECTRICITY"",""LITHIUM_DEVELOPED_RESERVE""]",GRID-visual-territory-15,SF078,GEOGRAPHIC_SCENARIO_ESTIMATE,1369,619,0.227,0.66
SF079,visual-territory-15,PROJECT-10,10,太阳能设施,CANDIDATE,False,96892.45,MW,4604,82.872,8287,38769.85,230,384,CORE_COEFFICIENT_BINDING_REQUIRED,"[""LABOUR"",""MACHINERY"",""ELECTRICITY""]",GRID-visual-territory-15,SF079,GEOGRAPHIC_SCENARIO_ESTIMATE,1365,560,0.165,0.36
SF080,visual-territory-15,PROJECT-11,11,风能设施,CANDIDATE,False,96892.45,MW,4604,82.872,8287,38769.85,230,384,CORE_COEFFICIENT_BINDING_REQUIRED,"[""LABOUR"",""MACHINERY"",""ELECTRICITY""]",GRID-visual-territory-15,SF080,GEOGRAPHIC_SCENARIO_ESTIMATE,1427,531,0.552,0.126
SF081,visual-territory-15,PROJECT-25,25,物流枢纽,CANDIDATE,False,96892.45,tonne/sim-day,4604,82.872,8287,38769.85,230,384,CORE_COEFFICIENT_BINDING_REQUIRED,"[""LABOUR"",""MACHINERY"",""ELECTRICITY""]",GRID-visual-territory-15,SF081,GEOGRAPHIC_SCENARIO_ESTIMATE,1434,629,0.52,0.755
SF082,visual-territory-16,PROJECT-01,1,油田开发,CANDIDATE,False,241821.2851,barrel/sim-day,5358,96.444,9644,47700.43,268,434,CORE_COEFFICIENT_BINDING_REQUIRED,"[""LABOUR"",""MACHINERY"",""ELECTRICITY"",""CRUDE_OIL_DEVELOPED_RESERVE""]",GRID-visual-territory-16,SF082,GEOGRAPHIC_SCENARIO_ESTIMATE,1522,613,0.439,0.54
SF083,visual-territory-16,PROJECT-02,2,气田开发,CANDIDATE,False,1257199.2595,MMBtu/sim-day,5358,96.444,9644,68007.99,268,445,CORE_COEFFICIENT_BINDING_REQUIRED,"[""LABOUR"",""MACHINERY"",""ELECTRICITY"",""NATURAL_GAS_DEVELOPED_RESERVE""]",GRID-visual-territory-16,SF083,GEOGRAPHIC_SCENARIO_ESTIMATE,1620,533,0.87,0.268
SF084,visual-territory-16,PROJECT-05,5,铜矿,CANDIDATE,False,11639.6777,tonne/sim-day,8572,154.296,15430,68808.79,429,615,CORE_COEFFICIENT_BINDING_REQUIRED,"[""LABOUR"",""MACHINERY"",""ELECTRICITY"",""COPPER_DEVELOPED_RESERVE""]",GRID-visual-territory-16,SF084,GEOGRAPHIC_SCENARIO_ESTIMATE,1520,510,0.433,0.133
SF085,visual-territory-16,PROJECT-06,6,锂矿,CANDIDATE,False,637.2343,tonne LCE/sim-day,8572,154.296,15430,68588.74,429,609,CORE_COEFFICIENT_BINDING_REQUIRED,"[""LABOUR"",""MACHINERY"",""ELECTRICITY"",""LITHIUM_DEVELOPED_RESERVE""]",GRID-visual-territory-16,SF085,GEOGRAPHIC_SCENARIO_ESTIMATE,1611,670,0.884,0.867
SF086,visual-territory-16,PROJECT-10,10,太阳能设施,CANDIDATE,False,114816.01,MW,5358,96.444,9644,45160.32,268,430,CORE_COEFFICIENT_BINDING_REQUIRED,"[""LABOUR"",""MACHINERY"",""ELECTRICITY""]",GRID-visual-territory-16,SF086,GEOGRAPHIC_SCENARIO_ESTIMATE,1466,568,0.166,0.34
SF087,visual-territory-16,PROJECT-11,11,风能设施,CANDIDATE,False,114816.01,MW,5358,96.444,9644,45160.32,268,430,CORE_COEFFICIENT_BINDING_REQUIRED,"[""LABOUR"",""MACHINERY"",""ELECTRICITY""]",GRID-visual-territory-16,SF087,GEOGRAPHIC_SCENARIO_ESTIMATE,1560,551,0.559,0.272
SF088,visual-territory-16,PROJECT-25,25,物流枢纽,CANDIDATE,False,114816.01,tonne/sim-day,5358,96.444,9644,45160.32,268,430,CORE_COEFFICIENT_BINDING_REQUIRED,"[""LABOUR"",""MACHINERY"",""ELECTRICITY""]",GRID-visual-territory-16,SF088,GEOGRAPHIC_SCENARIO_ESTIMATE,1572,500,0.6,0.098
SF089,visual-territory-16,PROJECT-31,31,基础教育设施,CANDIDATE,False,114816.01,student-seat,5358,96.444,9644,45160.32,268,430,CORE_COEFFICIENT_BINDING_REQUIRED,"[""LABOUR"",""MACHINERY"",""ELECTRICITY""]",GRID-visual-territory-16,SF089,GEOGRAPHIC_SCENARIO_ESTIMATE,1514,565,0.379,0.37
SF090,visual-territory-17,PROJECT-05,5,铜矿,CANDIDATE,False,4979.7051,tonne/sim-day,4612,83.016,8302,36995.59,231,375,CORE_COEFFICIENT_BINDING_REQUIRED,"[""LABOUR"",""MACHINERY"",""ELECTRICITY"",""COPPER_DEVELOPED_RESERVE""]",GRID-visual-territory-17,SF090,GEOGRAPHIC_SCENARIO_ESTIMATE,1006,635,0.729,0.535
SF091,visual-territory-17,PROJECT-02,2,气田开发,CANDIDATE,False,895218.025,MMBtu/sim-day,2882,51.876,5188,40960.36,144,294,CORE_COEFFICIENT_BINDING_REQUIRED,"[""LABOUR"",""MACHINERY"",""ELECTRICITY"",""NATURAL_GAS_DEVELOPED_RESERVE""]",GRID-visual-territory-17,SF091,GEOGRAPHIC_SCENARIO_ESTIMATE,992,565,0.646,0.148
SF092,visual-territory-17,PROJECT-04,4,铁矿,CANDIDATE,False,144693.0256,tonne/sim-day,4612,83.016,8302,39789.86,231,386,CORE_COEFFICIENT_BINDING_REQUIRED,"[""LABOUR"",""MACHINERY"",""ELECTRICITY"",""IRON_ORE_DEVELOPED_RESERVE""]",GRID-visual-territory-17,SF092,GEOGRAPHIC_SCENARIO_ESTIMATE,972,605,0.437,0.412
SF093,visual-territory-18,PROJECT-06,6,锂矿,CANDIDATE,False,269.8869,tonne LCE/sim-day,2762,49.716,4972,22101.4,138,260,CORE_COEFFICIENT_BINDING_REQUIRED,"[""LABOUR"",""MACHINERY"",""ELECTRICITY"",""LITHIUM_DEVELOPED_RESERVE""]",GRID-visual-territory-18,SF093,GEOGRAPHIC_SCENARIO_ESTIMATE,1044,717,0.55,0.62
SF094,visual-territory-18,PROJECT-01,1,油田开发,CANDIDATE,False,400953.4334,barrel/sim-day,1726,31.068,3107,21827.07,86,219,CORE_COEFFICIENT_BINDING_REQUIRED,"[""LABOUR"",""MACHINERY"",""ELECTRICITY"",""CRUDE_OIL_DEVELOPED_RESERVE""]",GRID-visual-territory-18,SF094,GEOGRAPHIC_SCENARIO_ESTIMATE,1004,664,0.275,0.235
SF095,visual-territory-19,PROJECT-03,3,铀矿,CANDIDATE,False,0.4158,tonne U/sim-day,4121,74.178,7418,32968.01,206,338,CORE_COEFFICIENT_BINDING_REQUIRED,"[""LABOUR"",""MACHINERY"",""ELECTRICITY"",""URANIUM_DEVELOPED_RESERVE""]",GRID-visual-territory-19,SF095,GEOGRAPHIC_SCENARIO_ESTIMATE,1093,602,0.79,0.35
SF096,visual-territory-19,PROJECT-02,2,气田开发,CANDIDATE,False,831625.0282,MMBtu/sim-day,2576,46.368,4637,37240.5,129,275,CORE_COEFFICIENT_BINDING_REQUIRED,"[""LABOUR"",""MACHINERY"",""ELECTRICITY"",""NATURAL_GAS_DEVELOPED_RESERVE""]",GRID-visual-territory-19,SF096,GEOGRAPHIC_SCENARIO_ESTIMATE,1015,651,0.176,0.667
SF097,visual-territory-19,PROJECT-06,6,锂矿,CANDIDATE,False,134.2651,tonne LCE/sim-day,4121,74.178,7418,32970.69,206,341,CORE_COEFFICIENT_BINDING_REQUIRED,"[""LABOUR"",""MACHINERY"",""ELECTRICITY"",""LITHIUM_DEVELOPED_RESERVE""]",GRID-visual-territory-19,SF097,GEOGRAPHIC_SCENARIO_ESTIMATE,1072,655,0.69,0.716
SF098,visual-territory-19,PROJECT-10,10,太阳能设施,CANDIDATE,False,53067.05,MW,2576,46.368,4637,21669.34,129,260,CORE_COEFFICIENT_BINDING_REQUIRED,"[""LABOUR"",""MACHINERY"",""ELECTRICITY""]",GRID-visual-territory-19,SF098,GEOGRAPHIC_SCENARIO_ESTIMATE,1031,574,0.267,0.128
SF099,visual-territory-20,PROJECT-04,4,铁矿,CANDIDATE,False,39269.4631,tonne/sim-day,586,10.548,1055,5473.39,29,139,CORE_COEFFICIENT_BINDING_REQUIRED,"[""LABOUR"",""MACHINERY"",""ELECTRICITY"",""IRON_ORE_DEVELOPED_RESERVE""]",GRID-visual-territory-20,SF099,GEOGRAPHIC_SCENARIO_ESTIMATE,1122,648,0.48,0.4
SF100,visual-territory-20,PROJECT-06,6,锂矿,CANDIDATE,False,181.0823,tonne LCE/sim-day,586,10.548,1055,4691.62,29,129,CORE_COEFFICIENT_BINDING_REQUIRED,"[""LABOUR"",""MACHINERY"",""ELECTRICITY"",""LITHIUM_DEVELOPED_RESERVE""]",GRID-visual-territory-20,SF100,GEOGRAPHIC_SCENARIO_ESTIMATE,1160,592,0.708,0.124
SF101,visual-territory-21,PROJECT-05,5,铜矿,CANDIDATE,False,691.9825,tonne/sim-day,5202,93.636,9364,41629.84,260,407,CORE_COEFFICIENT_BINDING_REQUIRED,"[""LABOUR"",""MACHINERY"",""ELECTRICITY"",""COPPER_DEVELOPED_RESERVE""]",GRID-visual-territory-21,SF101,GEOGRAPHIC_SCENARIO_ESTIMATE,1256,698,0.79,0.618
SF102,visual-territory-21,PROJECT-06,6,锂矿,CANDIDATE,False,576.0171,tonne LCE/sim-day,5202,93.636,9364,41627.52,260,407,CORE_COEFFICIENT_BINDING_REQUIRED,"[""LABOUR"",""MACHINERY"",""ELECTRICITY"",""LITHIUM_DEVELOPED_RESERVE""]",GRID-visual-territory-21,SF102,GEOGRAPHIC_SCENARIO_ESTIMATE,1264,623,0.839,0.19
SF103,visual-territory-21,PROJECT-01,1,油田开发,CANDIDATE,False,30342.0349,barrel/sim-day,3251,58.518,5852,26614.84,163,298,CORE_COEFFICIENT_BINDING_REQUIRED,"[""LABOUR"",""MACHINERY"",""ELECTRICITY"",""CRUDE_OIL_DEVELOPED_RESERVE""]",GRID-visual-territory-21,SF103,GEOGRAPHIC_SCENARIO_ESTIMATE,1187,704,0.29,0.664
SF104,visual-territory-21,PROJECT-04,4,铁矿,CANDIDATE,False,66264.723,tonne/sim-day,5202,93.636,9364,42941.29,260,418,CORE_COEFFICIENT_BINDING_REQUIRED,"[""LABOUR"",""MACHINERY"",""ELECTRICITY"",""IRON_ORE_DEVELOPED_RESERVE""]",GRID-visual-territory-21,SF104,GEOGRAPHIC_SCENARIO_ESTIMATE,1184,616,0.255,0.224
SF105,visual-territory-21,PROJECT-10,10,太阳能设施,CANDIDATE,False,67642.7,MW,3251,58.518,5852,27360.85,163,301,CORE_COEFFICIENT_BINDING_REQUIRED,"[""LABOUR"",""MACHINERY"",""ELECTRICITY""]",GRID-visual-territory-21,SF105,GEOGRAPHIC_SCENARIO_ESTIMATE,1220,657,0.485,0.4
SF106,visual-territory-22,PROJECT-03,3,铀矿,CANDIDATE,False,0.6868,tonne U/sim-day,4603,82.854,8285,36824.01,230,367,CORE_COEFFICIENT_BINDING_REQUIRED,"[""LABOUR"",""MACHINERY"",""ELECTRICITY"",""URANIUM_DEVELOPED_RESERVE""]",GRID-visual-territory-22,SF106,GEOGRAPHIC_SCENARIO_ESTIMATE,1277,681,0.238,0.45
SF107,visual-territory-22,PROJECT-02,2,气田开发,CANDIDATE,False,431626.5624,MMBtu/sim-day,2877,51.786,5179,31648.53,144,288,CORE_COEFFICIENT_BINDING_REQUIRED,"[""LABOUR"",""MACHINERY"",""ELECTRICITY"",""NATURAL_GAS_DEVELOPED_RESERVE""]",GRID-visual-territory-22,SF107,GEOGRAPHIC_SCENARIO_ESTIMATE,1274,613,0.218,0.145
SF108,visual-territory-22,PROJECT-04,4,铁矿,CANDIDATE,False,69984.6466,tonne/sim-day,4603,82.854,8285,38223.69,230,382,CORE_COEFFICIENT_BINDING_REQUIRED,"[""LABOUR"",""MACHINERY"",""ELECTRICITY"",""IRON_ORE_DEVELOPED_RESERVE""]",GRID-visual-territory-22,SF108,GEOGRAPHIC_SCENARIO_ESTIMATE,1320,720,0.456,0.71
SF109,visual-territory-22,PROJECT-10,10,太阳能设施,CANDIDATE,False,66219.23,MW,2877,51.786,5179,24340.38,144,279,CORE_COEFFICIENT_BINDING_REQUIRED,"[""LABOUR"",""MACHINERY"",""ELECTRICITY""]",GRID-visual-territory-22,SF109,GEOGRAPHIC_SCENARIO_ESTIMATE,1377,707,0.765,0.672
SF110,visual-territory-23,PROJECT-06,6,锂矿,CANDIDATE,False,242.425,tonne LCE/sim-day,7530,135.54,13554,60244.85,376,546,CORE_COEFFICIENT_BINDING_REQUIRED,"[""LABOUR"",""MACHINERY"",""ELECTRICITY"",""LITHIUM_DEVELOPED_RESERVE""]",GRID-visual-territory-23,SF110,GEOGRAPHIC_SCENARIO_ESTIMATE,1430,660,0.71,0.291
SF111,visual-territory-23,PROJECT-02,2,气田开发,CANDIDATE,False,1356297.1665,MMBtu/sim-day,4706,84.708,8471,64773.94,235,406,CORE_COEFFICIENT_BINDING_REQUIRED,"[""LABOUR"",""MACHINERY"",""ELECTRICITY"",""NATURAL_GAS_DEVELOPED_RESERVE""]",GRID-visual-territory-23,SF111,GEOGRAPHIC_SCENARIO_ESTIMATE,1292,654,0.148,0.301
SF112,visual-territory-23,PROJECT-04,4,铁矿,CANDIDATE,False,330393.1816,tonne/sim-day,7530,135.54,13554,66847.86,376,566,CORE_COEFFICIENT_BINDING_REQUIRED,"[""LABOUR"",""MACHINERY"",""ELECTRICITY"",""IRON_ORE_DEVELOPED_RESERVE""]",GRID-visual-territory-23,SF112,GEOGRAPHIC_SCENARIO_ESTIMATE,1441,728,0.761,0.616
SF113,visual-territory-23,PROJECT-05,5,铜矿,CANDIDATE,False,14428.2229,tonne/sim-day,7530,135.54,13554,60528.56,376,553,CORE_COEFFICIENT_BINDING_REQUIRED,"[""LABOUR"",""MACHINERY"",""ELECTRICITY"",""COPPER_DEVELOPED_RESERVE""]",GRID-visual-territory-23,SF113,GEOGRAPHIC_SCENARIO_ESTIMATE,1349,685,0.371,0.407
SF114,visual-territory-23,PROJECT-10,10,太阳能设施,CANDIDATE,False,101254.62,MW,4706,84.708,8471,39673.09,235,390,CORE_COEFFICIENT_BINDING_REQUIRED,"[""LABOUR"",""MACHINERY"",""ELECTRICITY""]",GRID-visual-territory-23,SF114,GEOGRAPHIC_SCENARIO_ESTIMATE,1372,620,0.412,0.156
SF115,visual-territory-23,PROJECT-11,11,风能设施,CANDIDATE,False,101254.62,MW,4706,84.708,8471,39673.09,235,390,CORE_COEFFICIENT_BINDING_REQUIRED,"[""LABOUR"",""MACHINERY"",""ELECTRICITY""]",GRID-visual-territory-23,SF115,GEOGRAPHIC_SCENARIO_ESTIMATE,1398,700,0.601,0.49
SF116,visual-territory-24,PROJECT-02,2,气田开发,CANDIDATE,False,1054674.7412,MMBtu/sim-day,3837,69.066,6907,51789.49,192,352,CORE_COEFFICIENT_BINDING_REQUIRED,"[""LABOUR"",""MACHINERY"",""ELECTRICITY"",""NATURAL_GAS_DEVELOPED_RESERVE""]",GRID-visual-territory-24,SF116,GEOGRAPHIC_SCENARIO_ESTIMATE,1542,695,0.54,0.51
SF117,visual-territory-24,PROJECT-06,6,锂矿,CANDIDATE,False,262.8424,tonne LCE/sim-day,6139,110.502,11050,49117.26,307,462,CORE_COEFFICIENT_BINDING_REQUIRED,"[""LABOUR"",""MACHINERY"",""ELECTRICITY"",""LITHIUM_DEVELOPED_RESERVE""]",GRID-visual-territory-24,SF117,GEOGRAPHIC_SCENARIO_ESTIMATE,1479,682,0.16,0.52
SF118,visual-territory-24,PROJECT-01,1,油田开发,CANDIDATE,False,275827.7684,barrel/sim-day,3837,69.066,6907,36212.56,192,343,CORE_COEFFICIENT_BINDING_REQUIRED,"[""LABOUR"",""MACHINERY"",""ELECTRICITY"",""CRUDE_OIL_DEVELOPED_RESERVE""]",GRID-visual-territory-24,SF118,GEOGRAPHIC_SCENARIO_ESTIMATE,1489,604,0.28,0.14
SF119,visual-territory-24,PROJECT-10,10,太阳能设施,CANDIDATE,False,78510.14,MW,3837,69.066,6907,32266.2,192,337,CORE_COEFFICIENT_BINDING_REQUIRED,"[""LABOUR"",""MACHINERY"",""ELECTRICITY""]",GRID-visual-territory-24,SF119,GEOGRAPHIC_SCENARIO_ESTIMATE,1606,679,0.87,0.646
SF120,visual-territory-24,PROJECT-11,11,风能设施,CANDIDATE,False,78510.14,MW,3837,69.066,6907,32266.2,192,337,CORE_COEFFICIENT_BINDING_REQUIRED,"[""LABOUR"",""MACHINERY"",""ELECTRICITY""]",GRID-visual-territory-24,SF120,GEOGRAPHIC_SCENARIO_ESTIMATE,1543,631,0.73,0.19
SF121,visual-territory-25,PROJECT-06,6,锂矿,CANDIDATE,False,276.6263,tonne LCE/sim-day,3949,71.082,7108,31597.53,197,331,CORE_COEFFICIENT_BINDING_REQUIRED,"[""LABOUR"",""MACHINERY"",""ELECTRICITY"",""LITHIUM_DEVELOPED_RESERVE""]",GRID-visual-territory-25,SF121,GEOGRAPHIC_SCENARIO_ESTIMATE,998,752,0.84,0.56
SF122,visual-territory-25,PROJECT-01,1,油田开发,CANDIDATE,False,453443.5652,barrel/sim-day,2468,44.424,4442,28812.87,123,264,CORE_COEFFICIENT_BINDING_REQUIRED,"[""LABOUR"",""MACHINERY"",""ELECTRICITY"",""CRUDE_OIL_DEVELOPED_RESERVE""]",GRID-visual-territory-25,SF122,GEOGRAPHIC_SCENARIO_ESTIMATE,952,667,0.58,0.18
SF123,visual-territory-25,PROJECT-04,4,铁矿,CANDIDATE,False,186270.9295,tonne/sim-day,3949,71.082,7108,35317.42,197,348,CORE_COEFFICIENT_BINDING_REQUIRED,"[""LABOUR"",""MACHINERY"",""ELECTRICITY"",""IRON_ORE_DEVELOPED_RESERVE""]",GRID-visual-territory-25,SF123,GEOGRAPHIC_SCENARIO_ESTIMATE,923,749,0.44,0.57
SF124,visual-territory-26,PROJECT-06,6,锂矿,CANDIDATE,False,175.3271,tonne LCE/sim-day,2935,52.83,5283,23483.51,147,270,CORE_COEFFICIENT_BINDING_REQUIRED,"[""LABOUR"",""MACHINERY"",""ELECTRICITY"",""LITHIUM_DEVELOPED_RESERVE""]",GRID-visual-territory-26,SF124,GEOGRAPHIC_SCENARIO_ESTIMATE,1084,719,0.8,0.2
SF125,visual-territory-26,PROJECT-01,1,油田开发,CANDIDATE,False,573830.8846,barrel/sim-day,1834,33.012,3301,26148.62,92,228,CORE_COEFFICIENT_BINDING_REQUIRED,"[""LABOUR"",""MACHINERY"",""ELECTRICITY"",""CRUDE_OIL_DEVELOPED_RESERVE""]",GRID-visual-territory-26,SF125,GEOGRAPHIC_SCENARIO_ESTIMATE,1088,793,0.85,0.555
SF126,visual-territory-27,PROJECT-06,6,锂矿,CANDIDATE,False,126.0693,tonne LCE/sim-day,4300,77.4,7740,34402.52,215,351,CORE_COEFFICIENT_BINDING_REQUIRED,"[""LABOUR"",""MACHINERY"",""ELECTRICITY"",""LITHIUM_DEVELOPED_RESERVE""]",GRID-visual-territory-27,SF126,GEOGRAPHIC_SCENARIO_ESTIMATE,1167,683,0.71,0.12
SF127,visual-territory-27,PROJECT-02,2,气田开发,CANDIDATE,False,1493476.1434,MMBtu/sim-day,2687,48.366,4837,51365.52,134,286,CORE_COEFFICIENT_BINDING_REQUIRED,"[""LABOUR"",""MACHINERY"",""ELECTRICITY"",""NATURAL_GAS_DEVELOPED_RESERVE""]",GRID-visual-territory-27,SF127,GEOGRAPHIC_SCENARIO_ESTIMATE,1158,779,0.7,0.485
SF128,visual-territory-27,PROJECT-04,4,铁矿,CANDIDATE,False,296057.8051,tonne/sim-day,4300,77.4,7740,40321.16,215,371,CORE_COEFFICIENT_BINDING_REQUIRED,"[""LABOUR"",""MACHINERY"",""ELECTRICITY"",""IRON_ORE_DEVELOPED_RESERVE""]",GRID-visual-territory-27,SF128,GEOGRAPHIC_SCENARIO_ESTIMATE,1106,808,0.31,0.615
SF129,visual-territory-27,PROJECT-10,10,太阳能设施,CANDIDATE,False,57775.88,MW,2687,48.366,4837,22651.52,134,267,CORE_COEFFICIENT_BINDING_REQUIRED,"[""LABOUR"",""MACHINERY"",""ELECTRICITY""]",GRID-visual-territory-27,SF129,GEOGRAPHIC_SCENARIO_ESTIMATE,1084,718,0.235,0.227
SF130,visual-territory-28,PROJECT-04,4,铁矿,CANDIDATE,False,54406.5537,tonne/sim-day,3818,68.724,6872,31632.13,191,334,CORE_COEFFICIENT_BINDING_REQUIRED,"[""LABOUR"",""MACHINERY"",""ELECTRICITY"",""IRON_ORE_DEVELOPED_RESERVE""]",GRID-visual-territory-28,SF130,GEOGRAPHIC_SCENARIO_ESTIMATE,1230,729,0.77,0.165
SF131,visual-territory-28,PROJECT-01,1,油田开发,CANDIDATE,False,758738.5155,barrel/sim-day,2386,42.948,4295,34262.77,119,263,CORE_COEFFICIENT_BINDING_REQUIRED,"[""LABOUR"",""MACHINERY"",""ELECTRICITY"",""CRUDE_OIL_DEVELOPED_RESERVE""]",GRID-visual-territory-28,SF131,GEOGRAPHIC_SCENARIO_ESTIMATE,1146,820,0.223,0.747
SF132,visual-territory-29,PROJECT-06,6,锂矿,CANDIDATE,False,165.8158,tonne LCE/sim-day,3986,71.748,7175,31891.32,199,333,CORE_COEFFICIENT_BINDING_REQUIRED,"[""LABOUR"",""MACHINERY"",""ELECTRICITY"",""LITHIUM_DEVELOPED_RESERVE""]",GRID-visual-territory-29,SF132,GEOGRAPHIC_SCENARIO_ESTIMATE,1292,721,0.5,0.105
SF133,visual-territory-29,PROJECT-01,1,油田开发,CANDIDATE,False,577690.5259,barrel/sim-day,2491,44.838,4484,31481.81,125,267,CORE_COEFFICIENT_BINDING_REQUIRED,"[""LABOUR"",""MACHINERY"",""ELECTRICITY"",""CRUDE_OIL_DEVELOPED_RESERVE""]",GRID-visual-territory-29,SF133,GEOGRAPHIC_SCENARIO_ESTIMATE,1262,826,0.234,0.83
SF134,visual-territory-29,PROJECT-02,2,气田开发,CANDIDATE,False,1196121.1015,MMBtu/sim-day,2491,44.838,4484,43850.42,125,273,CORE_COEFFICIENT_BINDING_REQUIRED,"[""LABOUR"",""MACHINERY"",""ELECTRICITY"",""NATURAL_GAS_DEVELOPED_RESERVE""]",GRID-visual-territory-29,SF134,GEOGRAPHIC_SCENARIO_ESTIMATE,1334,818,0.804,0.756
SF135,visual-territory-30,PROJECT-06,6,锂矿,CANDIDATE,False,250.6097,tonne LCE/sim-day,4177,75.186,7519,33421.01,209,345,CORE_COEFFICIENT_BINDING_REQUIRED,"[""LABOUR"",""MACHINERY"",""ELECTRICITY"",""LITHIUM_DEVELOPED_RESERVE""]",GRID-visual-territory-30,SF135,GEOGRAPHIC_SCENARIO_ESTIMATE,1409,747,0.6,0.401
SF136,visual-territory-30,PROJECT-02,2,气田开发,CANDIDATE,False,993334.8738,MMBtu/sim-day,2610,46.98,4698,40746.7,130,278,CORE_COEFFICIENT_BINDING_REQUIRED,"[""LABOUR"",""MACHINERY"",""ELECTRICITY"",""NATURAL_GAS_DEVELOPED_RESERVE""]",GRID-visual-territory-30,SF136,GEOGRAPHIC_SCENARIO_ESTIMATE,1424,811,0.703,0.748
SF137,visual-territory-30,PROJECT-01,1,油田开发,CANDIDATE,False,462857.7997,barrel/sim-day,2610,46.98,4698,30137.16,130,273,CORE_COEFFICIENT_BINDING_REQUIRED,"[""LABOUR"",""MACHINERY"",""ELECTRICITY"",""CRUDE_OIL_DEVELOPED_RESERVE""]",GRID-visual-territory-30,SF137,GEOGRAPHIC_SCENARIO_ESTIMATE,1365,782,0.237,0.558
SF138,visual-territory-30,PROJECT-04,4,铁矿,CANDIDATE,False,209853.6955,tonne/sim-day,4177,75.186,7519,37613.07,209,362,CORE_COEFFICIENT_BINDING_REQUIRED,"[""LABOUR"",""MACHINERY"",""ELECTRICITY"",""IRON_ORE_DEVELOPED_RESERVE""]",GRID-visual-territory-30,SF138,GEOGRAPHIC_SCENARIO_ESTIMATE,1385,706,0.415,0.115
SF139,visual-territory-31,PROJECT-02,2,气田开发,CANDIDATE,False,937433.8247,MMBtu/sim-day,2975,53.55,5355,42548.68,149,300,CORE_COEFFICIENT_BINDING_REQUIRED,"[""LABOUR"",""MACHINERY"",""ELECTRICITY"",""NATURAL_GAS_DEVELOPED_RESERVE""]",GRID-visual-territory-31,SF139,GEOGRAPHIC_SCENARIO_ESTIMATE,1510,714,0.53,0.225
SF140,visual-territory-31,PROJECT-06,6,锂矿,CANDIDATE,False,678.1197,tonne LCE/sim-day,4760,85.68,8568,38093.56,238,381,CORE_COEFFICIENT_BINDING_REQUIRED,"[""LABOUR"",""MACHINERY"",""ELECTRICITY"",""LITHIUM_DEVELOPED_RESERVE""]",GRID-visual-territory-31,SF140,GEOGRAPHIC_SCENARIO_ESTIMATE,1520,773,0.61,0.56
SF141,visual-territory-31,PROJECT-01,1,油田开发,CANDIDATE,False,584438.6651,barrel/sim-day,2975,53.55,5355,35488.77,149,296,CORE_COEFFICIENT_BINDING_REQUIRED,"[""LABOUR"",""MACHINERY"",""ELECTRICITY"",""CRUDE_OIL_DEVELOPED_RESERVE""]",GRID-visual-territory-31,SF141,GEOGRAPHIC_SCENARIO_ESTIMATE,1568,720,0.86,0.324
SF142,visual-territory-31,PROJECT-10,10,太阳能设施,CANDIDATE,False,70798.26,MW,2975,53.55,5355,25215.97,149,285,CORE_COEFFICIENT_BINDING_REQUIRED,"[""LABOUR"",""MACHINERY"",""ELECTRICITY""]",GRID-visual-territory-31,SF142,GEOGRAPHIC_SCENARIO_ESTIMATE,1449,761,0.21,0.525
SF143,visual-territory-32,PROJECT-06,6,锂矿,CANDIDATE,False,370.7431,tonne LCE/sim-day,1896,34.128,3413,15175.41,95,208,CORE_COEFFICIENT_BINDING_REQUIRED,"[""LABOUR"",""MACHINERY"",""ELECTRICITY"",""LITHIUM_DEVELOPED_RESERVE""]",GRID-visual-territory-32,SF143,GEOGRAPHIC_SCENARIO_ESTIMATE,1533,783,0.23,0.47
SF144,visual-territory-32,PROJECT-02,2,气田开发,CANDIDATE,False,1178470.4603,MMBtu/sim-day,1185,21.33,2133,33049.41,59,194,CORE_COEFFICIENT_BINDING_REQUIRED,"[""LABOUR"",""MACHINERY"",""ELECTRICITY"",""NATURAL_GAS_DEVELOPED_RESERVE""]",GRID-visual-territory-32,SF144,GEOGRAPHIC_SCENARIO_ESTIMATE,1773,806,0.87,0.47
SF145,visual-territory-33,PROJECT-03,3,铀矿,CANDIDATE,False,0.6767,tonne U/sim-day,4941,88.938,8894,39528.01,247,387,CORE_COEFFICIENT_BINDING_REQUIRED,"[""LABOUR"",""MACHINERY"",""ELECTRICITY"",""URANIUM_DEVELOPED_RESERVE""]",GRID-visual-territory-33,SF145,GEOGRAPHIC_SCENARIO_ESTIMATE,188,178,0.596,0.467
SF146,visual-territory-33,PROJECT-02,2,气田开发,CANDIDATE,False,1106822.6898,MMBtu/sim-day,3088,55.584,5558,46840.45,154,308,CORE_COEFFICIENT_BINDING_REQUIRED,"[""LABOUR"",""MACHINERY"",""ELECTRICITY"",""NATURAL_GAS_DEVELOPED_RESERVE""]",GRID-visual-territory-33,SF146,GEOGRAPHIC_SCENARIO_ESTIMATE,114,176,0.178,0.412
SF147,visual-territory-33,PROJECT-05,5,铜矿,CANDIDATE,False,9814.7503,tonne/sim-day,4941,88.938,8894,39724.3,247,396,CORE_COEFFICIENT_BINDING_REQUIRED,"[""LABOUR"",""MACHINERY"",""ELECTRICITY"",""COPPER_DEVELOPED_RESERVE""]",GRID-visual-territory-33,SF147,GEOGRAPHIC_SCENARIO_ESTIMATE,155,130,0.413,0.224
SF148,visual-territory-33,PROJECT-04,4,铁矿,CANDIDATE,False,74789.0294,tonne/sim-day,4941,88.938,8894,41023.78,247,403,CORE_COEFFICIENT_BINDING_REQUIRED,"[""LABOUR"",""MACHINERY"",""ELECTRICITY"",""IRON_ORE_DEVELOPED_RESERVE""]",GRID-visual-territory-33,SF148,GEOGRAPHIC_SCENARIO_ESTIMATE,220,216,0.776,0.682
SF149,visual-territory-34,PROJECT-03,3,铀矿,CANDIDATE,False,0.9038,tonne U/sim-day,5896,106.128,10613,47168.02,295,445,CORE_COEFFICIENT_BINDING_REQUIRED,"[""LABOUR"",""MACHINERY"",""ELECTRICITY"",""URANIUM_DEVELOPED_RESERVE""]",GRID-visual-territory-34,SF149,GEOGRAPHIC_SCENARIO_ESTIMATE,409,181,0.81,0.28
SF150,visual-territory-34,PROJECT-06,6,锂矿,CANDIDATE,False,182.5622,tonne LCE/sim-day,5896,106.128,10613,47171.65,295,447,CORE_COEFFICIENT_BINDING_REQUIRED,"[""LABOUR"",""MACHINERY"",""ELECTRICITY"",""LITHIUM_DEVELOPED_RESERVE""]",GRID-visual-territory-34,SF150,GEOGRAPHIC_SCENARIO_ESTIMATE,322,247,0.245,0.66
SF151,visual-territory-34,PROJECT-05,5,铜矿,CANDIDATE,False,1892.7212,tonne/sim-day,5896,106.128,10613,47205.85,295,450,CORE_COEFFICIENT_BINDING_REQUIRED,"[""LABOUR"",""MACHINERY"",""ELECTRICITY"",""COPPER_DEVELOPED_RESERVE""]",GRID-visual-territory-34,SF151,GEOGRAPHIC_SCENARIO_ESTIMATE,384,239,0.755,0.666
SF152,visual-territory-34,PROJECT-04,4,铁矿,CANDIDATE,False,108216.9454,tonne/sim-day,5896,106.128,10613,49332.34,295,462,CORE_COEFFICIENT_BINDING_REQUIRED,"[""LABOUR"",""MACHINERY"",""ELECTRICITY"",""IRON_ORE_DEVELOPED_RESERVE""]",GRID-visual-territory-34,SF152,GEOGRAPHIC_SCENARIO_ESTIMATE,362,195,0.493,0.443
SF153,visual-territory-34,PROJECT-10,10,太阳能设施,CANDIDATE,False,86897.81,MW,3685,66.33,6633,31217.96,184,328,CORE_COEFFICIENT_BINDING_REQUIRED,"[""LABOUR"",""MACHINERY"",""ELECTRICITY""]",GRID-visual-territory-34,SF153,GEOGRAPHIC_SCENARIO_ESTIMATE,314,170,0.179,0.242
SF154,visual-territory-35,PROJECT-05,5,铜矿,CANDIDATE,False,1231.6136,tonne/sim-day,5571,100.278,10028,44592.63,279,430,CORE_COEFFICIENT_BINDING_REQUIRED,"[""LABOUR"",""MACHINERY"",""ELECTRICITY"",""COPPER_DEVELOPED_RESERVE""]",GRID-visual-territory-35,SF154,GEOGRAPHIC_SCENARIO_ESTIMATE,467,184,0.66,0.486
SF155,visual-territory-35,PROJECT-06,6,锂矿,CANDIDATE,False,723.9134,tonne LCE/sim-day,5571,100.278,10028,44582.48,279,429,CORE_COEFFICIENT_BINDING_REQUIRED,"[""LABOUR"",""MACHINERY"",""ELECTRICITY"",""LITHIUM_DEVELOPED_RESERVE""]",GRID-visual-territory-35,SF155,GEOGRAPHIC_SCENARIO_ESTIMATE,501,115,0.82,0.13
SF156,visual-territory-35,PROJECT-03,3,铀矿,CANDIDATE,False,0.4303,tonne U/sim-day,5571,100.278,10028,44568.01,279,425,CORE_COEFFICIENT_BINDING_REQUIRED,"[""LABOUR"",""MACHINERY"",""ELECTRICITY"",""URANIUM_DEVELOPED_RESERVE""]",GRID-visual-territory-35,SF156,GEOGRAPHIC_SCENARIO_ESTIMATE,419,211,0.281,0.634
SF157,visual-territory-35,PROJECT-04,4,铁矿,CANDIDATE,False,230215.6069,tonne/sim-day,5571,100.278,10028,49172.31,279,446,CORE_COEFFICIENT_BINDING_REQUIRED,"[""LABOUR"",""MACHINERY"",""ELECTRICITY"",""IRON_ORE_DEVELOPED_RESERVE""]",GRID-visual-territory-35,SF157,GEOGRAPHIC_SCENARIO_ESTIMATE,503,217,0.772,0.717
SF158,visual-territory-35,PROJECT-10,10,太阳能设施,CANDIDATE,False,77597.83,MW,3482,62.676,6268,29407.96,174,316,CORE_COEFFICIENT_BINDING_REQUIRED,"[""LABOUR"",""MACHINERY"",""ELECTRICITY""]",GRID-visual-territory-35,SF158,GEOGRAPHIC_SCENARIO_ESTIMATE,421,136,0.364,0.253
SF159,visual-territory-36,PROJECT-05,5,铜矿,CANDIDATE,False,3739.1904,tonne/sim-day,3982,71.676,7168,31930.78,199,337,CORE_COEFFICIENT_BINDING_REQUIRED,"[""LABOUR"",""MACHINERY"",""ELECTRICITY"",""COPPER_DEVELOPED_RESERVE""]",GRID-visual-territory-36,SF159,GEOGRAPHIC_SCENARIO_ESTIMATE,566,184,0.778,0.479
SF160,visual-territory-36,PROJECT-06,6,锂矿,CANDIDATE,False,595.0827,tonne LCE/sim-day,3982,71.676,7168,31867.9,199,334,CORE_COEFFICIENT_BINDING_REQUIRED,"[""LABOUR"",""MACHINERY"",""ELECTRICITY"",""LITHIUM_DEVELOPED_RESERVE""]",GRID-visual-territory-36,SF160,GEOGRAPHIC_SCENARIO_ESTIMATE,585,113,0.853,0.096
SF161,visual-territory-36,PROJECT-02,2,气田开发,CANDIDATE,False,710720.2006,MMBtu/sim-day,2489,44.802,4480,34126.4,124,268,CORE_COEFFICIENT_BINDING_REQUIRED,"[""LABOUR"",""MACHINERY"",""ELECTRICITY"",""NATURAL_GAS_DEVELOPED_RESERVE""]",GRID-visual-territory-36,SF161,GEOGRAPHIC_SCENARIO_ESTIMATE,505,213,0.232,0.747
SF162,visual-territory-36,PROJECT-10,10,太阳能设施,CANDIDATE,False,49543.16,MW,2489,44.802,4480,20902.86,124,254,CORE_COEFFICIENT_BINDING_REQUIRED,"[""LABOUR"",""MACHINERY"",""ELECTRICITY""]",GRID-visual-territory-36,SF162,GEOGRAPHIC_SCENARIO_ESTIMATE,513,139,0.329,0.28
SF163,visual-territory-37,PROJECT-04,4,铁矿,CANDIDATE,False,72602.6863,tonne/sim-day,4256,76.608,7661,35500.05,213,362,CORE_COEFFICIENT_BINDING_REQUIRED,"[""LABOUR"",""MACHINERY"",""ELECTRICITY"",""IRON_ORE_DEVELOPED_RESERVE""]",GRID-visual-territory-37,SF163,GEOGRAPHIC_SCENARIO_ESTIMATE,592,183,0.284,0.447
SF164,visual-territory-37,PROJECT-01,1,油田开发,CANDIDATE,False,317788.031,barrel/sim-day,2660,47.88,4788,27635.76,133,273,CORE_COEFFICIENT_BINDING_REQUIRED,"[""LABOUR"",""MACHINERY"",""ELECTRICITY"",""CRUDE_OIL_DEVELOPED_RESERVE""]",GRID-visual-territory-37,SF164,GEOGRAPHIC_SCENARIO_ESTIMATE,665,186,0.842,0.499
SF165,visual-territory-37,PROJECT-02,2,气田开发,CANDIDATE,False,647893.5586,MMBtu/sim-day,2660,47.88,4788,34237.87,133,278,CORE_COEFFICIENT_BINDING_REQUIRED,"[""LABOUR"",""MACHINERY"",""ELECTRICITY"",""NATURAL_GAS_DEVELOPED_RESERVE""]",GRID-visual-territory-37,SF165,GEOGRAPHIC_SCENARIO_ESTIMATE,627,212,0.553,0.684
SF166,visual-territory-37,PROJECT-10,10,太阳能设施,CANDIDATE,False,56603.77,MW,2660,47.88,4788,22412.08,133,265,CORE_COEFFICIENT_BINDING_REQUIRED,"[""LABOUR"",""MACHINERY"",""ELECTRICITY""]",GRID-visual-territory-37,SF166,GEOGRAPHIC_SCENARIO_ESTIMATE,630,155,0.619,0.221
SF167,visual-territory-38,PROJECT-04,4,铁矿,CANDIDATE,False,170704.2146,tonne/sim-day,7201,129.618,12962,61022.08,360,542,CORE_COEFFICIENT_BINDING_REQUIRED,"[""LABOUR"",""MACHINERY"",""ELECTRICITY"",""IRON_ORE_DEVELOPED_RESERVE""]",GRID-visual-territory-38,SF167,GEOGRAPHIC_SCENARIO_ESTIMATE,216,241,0.844,0.302
SF168,visual-territory-38,PROJECT-01,1,油田开发,CANDIDATE,False,1014465.9469,barrel/sim-day,4501,81.018,8102,56297.32,225,392,CORE_COEFFICIENT_BINDING_REQUIRED,"[""LABOUR"",""MACHINERY"",""ELECTRICITY"",""CRUDE_OIL_DEVELOPED_RESERVE""]",GRID-visual-territory-38,SF168,GEOGRAPHIC_SCENARIO_ESTIMATE,40,300,0.15,0.515
SF169,visual-territory-38,PROJECT-02,2,气田开发,CANDIDATE,False,2098316.8235,MMBtu/sim-day,4501,81.018,8102,77974.34,225,398,CORE_COEFFICIENT_BINDING_REQUIRED,"[""LABOUR"",""MACHINERY"",""ELECTRICITY"",""NATURAL_GAS_DEVELOPED_RESERVE""]",GRID-visual-territory-38,SF169,GEOGRAPHIC_SCENARIO_ESTIMATE,143,299,0.544,0.527
SF170,visual-territory-38,PROJECT-10,10,太阳能设施,CANDIDATE,False,92598.43,MW,4501,81.018,8102,37859.97,225,378,CORE_COEFFICIENT_BINDING_REQUIRED,"[""LABOUR"",""MACHINERY"",""ELECTRICITY""]",GRID-visual-territory-38,SF170,GEOGRAPHIC_SCENARIO_ESTIMATE,113,218,0.487,0.251
SF171,visual-territory-38,PROJECT-11,11,风能设施,CANDIDATE,False,92598.43,MW,4501,81.018,8102,37859.97,225,378,CORE_COEFFICIENT_BINDING_REQUIRED,"[""LABOUR"",""MACHINERY"",""ELECTRICITY""]",GRID-visual-territory-38,SF171,GEOGRAPHIC_SCENARIO_ESTIMATE,218,320,0.82,0.611
SF172,visual-territory-38,PROJECT-25,25,物流枢纽,CANDIDATE,False,92598.43,tonne/sim-day,4501,81.018,8102,37859.97,225,378,CORE_COEFFICIENT_BINDING_REQUIRED,"[""LABOUR"",""MACHINERY"",""ELECTRICITY""]",GRID-visual-territory-38,SF172,GEOGRAPHIC_SCENARIO_ESTIMATE,57,242,0.253,0.446
SF173,visual-territory-38,PROJECT-31,31,基础教育设施,CANDIDATE,False,92598.43,student-seat,4501,81.018,8102,37859.97,225,378,CORE_COEFFICIENT_BINDING_REQUIRED,"[""LABOUR"",""MACHINERY"",""ELECTRICITY""]",GRID-visual-territory-38,SF173,GEOGRAPHIC_SCENARIO_ESTIMATE,161,246,0.615,0.385
SF174,visual-territory-39,PROJECT-06,6,锂矿,CANDIDATE,False,303.8035,tonne LCE/sim-day,5640,101.52,10152,45126.08,282,433,CORE_COEFFICIENT_BINDING_REQUIRED,"[""LABOUR"",""MACHINERY"",""ELECTRICITY"",""LITHIUM_DEVELOPED_RESERVE""]",GRID-visual-territory-39,SF174,GEOGRAPHIC_SCENARIO_ESTIMATE,285,225,0.672,0.576
SF175,visual-territory-39,PROJECT-03,3,铀矿,CANDIDATE,False,0.8704,tonne U/sim-day,5640,101.52,10152,45120.02,282,429,CORE_COEFFICIENT_BINDING_REQUIRED,"[""LABOUR"",""MACHINERY"",""ELECTRICITY"",""URANIUM_DEVELOPED_RESERVE""]",GRID-visual-territory-39,SF175,GEOGRAPHIC_SCENARIO_ESTIMATE,222,214,0.23,0.445
SF176,visual-territory-39,PROJECT-04,4,铁矿,CANDIDATE,False,377942.7757,tonne/sim-day,5640,101.52,10152,52678.86,282,453,CORE_COEFFICIENT_BINDING_REQUIRED,"[""LABOUR"",""MACHINERY"",""ELECTRICITY"",""IRON_ORE_DEVELOPED_RESERVE""]",GRID-visual-territory-39,SF176,GEOGRAPHIC_SCENARIO_ESTIMATE,290,169,0.645,0.286
SF177,visual-territory-39,PROJECT-10,10,太阳能设施,CANDIDATE,False,79515.45,MW,3525,63.45,6345,29790.31,176,318,CORE_COEFFICIENT_BINDING_REQUIRED,"[""LABOUR"",""MACHINERY"",""ELECTRICITY""]",GRID-visual-territory-39,SF177,GEOGRAPHIC_SCENARIO_ESTIMATE,233,156,0.303,0.208
SF178,visual-territory-39,PROJECT-11,11,风能设施,CANDIDATE,False,79515.45,MW,3525,63.45,6345,29790.31,176,318,CORE_COEFFICIENT_BINDING_REQUIRED,"[""LABOUR"",""MACHINERY"",""ELECTRICITY""]",GRID-visual-territory-39,SF178,GEOGRAPHIC_SCENARIO_ESTIMATE,247,260,0.347,0.653
SF179,visual-territory-40,PROJECT-01,1,油田开发,CANDIDATE,False,328661.7993,barrel/sim-day,2177,39.186,3919,23989.24,109,245,CORE_COEFFICIENT_BINDING_REQUIRED,"[""LABOUR"",""MACHINERY"",""ELECTRICITY"",""CRUDE_OIL_DEVELOPED_RESERVE""]",GRID-visual-territory-40,SF179,GEOGRAPHIC_SCENARIO_ESTIMATE,314,341,0.375,0.686
SF180,visual-territory-40,PROJECT-06,6,锂矿,CANDIDATE,False,261.1784,tonne LCE/sim-day,3484,62.712,6271,27877.22,174,303,CORE_COEFFICIENT_BINDING_REQUIRED,"[""LABOUR"",""MACHINERY"",""ELECTRICITY"",""LITHIUM_DEVELOPED_RESERVE""]",GRID-visual-territory-40,SF180,GEOGRAPHIC_SCENARIO_ESTIMATE,295,273,0.24,0.239
SF181,visual-territory-41,PROJECT-06,6,锂矿,CANDIDATE,False,203.2787,tonne LCE/sim-day,5462,98.316,9832,43700.07,273,421,CORE_COEFFICIENT_BINDING_REQUIRED,"[""LABOUR"",""MACHINERY"",""ELECTRICITY"",""LITHIUM_DEVELOPED_RESERVE""]",GRID-visual-territory-41,SF181,GEOGRAPHIC_SCENARIO_ESTIMATE,407,239,0.42,0.254
SF182,visual-territory-41,PROJECT-01,1,油田开发,CANDIDATE,False,547320.4839,barrel/sim-day,3414,61.452,6145,38258.41,171,322,CORE_COEFFICIENT_BINDING_REQUIRED,"[""LABOUR"",""MACHINERY"",""ELECTRICITY"",""CRUDE_OIL_DEVELOPED_RESERVE""]",GRID-visual-territory-41,SF182,GEOGRAPHIC_SCENARIO_ESTIMATE,477,230,0.832,0.226
SF183,visual-territory-41,PROJECT-04,4,铁矿,CANDIDATE,False,236747.3646,tonne/sim-day,5462,98.316,9832,48430.95,273,440,CORE_COEFFICIENT_BINDING_REQUIRED,"[""LABOUR"",""MACHINERY"",""ELECTRICITY"",""IRON_ORE_DEVELOPED_RESERVE""]",GRID-visual-territory-41,SF183,GEOGRAPHIC_SCENARIO_ESTIMATE,447,270,0.697,0.495
SF184,visual-territory-41,PROJECT-10,10,太阳能设施,CANDIDATE,False,74578.08,MW,3414,61.452,6145,28803.56,171,311,CORE_COEFFICIENT_BINDING_REQUIRED,"[""LABOUR"",""MACHINERY"",""ELECTRICITY""]",GRID-visual-territory-41,SF184,GEOGRAPHIC_SCENARIO_ESTIMATE,372,307,0.192,0.714
SF185,visual-territory-41,PROJECT-11,11,风能设施,CANDIDATE,False,74578.08,MW,3414,61.452,6145,28803.56,171,311,CORE_COEFFICIENT_BINDING_REQUIRED,"[""LABOUR"",""MACHINERY"",""ELECTRICITY""]",GRID-visual-territory-41,SF185,GEOGRAPHIC_SCENARIO_ESTIMATE,363,260,0.162,0.423
SF186,visual-territory-42,PROJECT-06,6,锂矿,CANDIDATE,False,165.1378,tonne LCE/sim-day,4959,89.262,8926,39675.3,248,391,CORE_COEFFICIENT_BINDING_REQUIRED,"[""LABOUR"",""MACHINERY"",""ELECTRICITY"",""LITHIUM_DEVELOPED_RESERVE""]",GRID-visual-territory-42,SF186,GEOGRAPHIC_SCENARIO_ESTIMATE,528,247,0.716,0.28
SF187,visual-territory-42,PROJECT-02,2,气田开发,CANDIDATE,False,812228.451,MMBtu/sim-day,3099,55.782,5578,41036.57,155,306,CORE_COEFFICIENT_BINDING_REQUIRED,"[""LABOUR"",""MACHINERY"",""ELECTRICITY"",""NATURAL_GAS_DEVELOPED_RESERVE""]",GRID-visual-territory-42,SF187,GEOGRAPHIC_SCENARIO_ESTIMATE,512,307,0.6,0.698
SF188,visual-territory-42,PROJECT-04,4,铁矿,CANDIDATE,False,116149.4715,tonne/sim-day,4959,89.262,8926,41994.99,248,406,CORE_COEFFICIENT_BINDING_REQUIRED,"[""LABOUR"",""MACHINERY"",""ELECTRICITY"",""IRON_ORE_DEVELOPED_RESERVE""]",GRID-visual-territory-42,SF188,GEOGRAPHIC_SCENARIO_ESTIMATE,491,270,0.438,0.51
SF189,visual-territory-42,PROJECT-10,10,太阳能设施,CANDIDATE,False,61468.48,MW,3099,55.782,5578,26021.37,155,292,CORE_COEFFICIENT_BINDING_REQUIRED,"[""LABOUR"",""MACHINERY"",""ELECTRICITY""]",GRID-visual-territory-42,SF189,GEOGRAPHIC_SCENARIO_ESTIMATE,482,227,0.392,0.169
SF190,visual-territory-42,PROJECT-11,11,风能设施,CANDIDATE,False,61468.48,MW,3099,55.782,5578,26021.37,155,292,CORE_COEFFICIENT_BINDING_REQUIRED,"[""LABOUR"",""MACHINERY"",""ELECTRICITY""]",GRID-visual-territory-42,SF190,GEOGRAPHIC_SCENARIO_ESTIMATE,540,281,0.813,0.52
SF191,visual-territory-43,PROJECT-02,2,气田开发,CANDIDATE,False,686417.3312,MMBtu/sim-day,3138,56.484,5648,38832.35,157,307,CORE_COEFFICIENT_BINDING_REQUIRED,"[""LABOUR"",""MACHINERY"",""ELECTRICITY"",""NATURAL_GAS_DEVELOPED_RESERVE""]",GRID-visual-territory-43,SF191,GEOGRAPHIC_SCENARIO_ESTIMATE,514,216,0.18,0.223
SF192,visual-territory-43,PROJECT-05,5,铜矿,CANDIDATE,False,5633.7472,tonne/sim-day,5021,90.378,9038,40280.67,251,400,CORE_COEFFICIENT_BINDING_REQUIRED,"[""LABOUR"",""MACHINERY"",""ELECTRICITY"",""COPPER_DEVELOPED_RESERVE""]",GRID-visual-territory-43,SF192,GEOGRAPHIC_SCENARIO_ESTIMATE,584,208,0.667,0.157
SF193,visual-territory-43,PROJECT-04,4,铁矿,CANDIDATE,False,111037.309,tonne/sim-day,5021,90.378,9038,42388.75,251,410,CORE_COEFFICIENT_BINDING_REQUIRED,"[""LABOUR"",""MACHINERY"",""ELECTRICITY"",""IRON_ORE_DEVELOPED_RESERVE""]",GRID-visual-territory-43,SF193,GEOGRAPHIC_SCENARIO_ESTIMATE,539,267,0.331,0.608
SF194,visual-territory-43,PROJECT-10,10,太阳能设施,CANDIDATE,False,63023.96,MW,3138,56.484,5648,26364.48,157,294,CORE_COEFFICIENT_BINDING_REQUIRED,"[""LABOUR"",""MACHINERY"",""ELECTRICITY""]",GRID-visual-territory-43,SF194,GEOGRAPHIC_SCENARIO_ESTIMATE,594,279,0.797,0.694
SF195,visual-territory-43,PROJECT-11,11,风能设施,CANDIDATE,False,63023.96,MW,3138,56.484,5648,26364.48,157,294,CORE_COEFFICIENT_BINDING_REQUIRED,"[""LABOUR"",""MACHINERY"",""ELECTRICITY""]",GRID-visual-territory-43,SF195,GEOGRAPHIC_SCENARIO_ESTIMATE,551,229,0.469,0.322
SF196,visual-territory-44,PROJECT-05,5,铜矿,CANDIDATE,False,2152.0243,tonne/sim-day,4384,78.912,7891,35115.04,219,360,CORE_COEFFICIENT_BINDING_REQUIRED,"[""LABOUR"",""MACHINERY"",""ELECTRICITY"",""COPPER_DEVELOPED_RESERVE""]",GRID-visual-territory-44,SF196,GEOGRAPHIC_SCENARIO_ESTIMATE,206,318,0.811,0.267
SF197,visual-territory-44,PROJECT-01,1,油田开发,CANDIDATE,False,512189.8122,barrel/sim-day,2740,49.32,4932,32163.8,137,281,CORE_COEFFICIENT_BINDING_REQUIRED,"[""LABOUR"",""MACHINERY"",""ELECTRICITY"",""CRUDE_OIL_DEVELOPED_RESERVE""]",GRID-visual-territory-44,SF197,GEOGRAPHIC_SCENARIO_ESTIMATE,79,358,0.229,0.508
SF198,visual-territory-44,PROJECT-04,4,铁矿,CANDIDATE,False,198690.7885,tonne/sim-day,4384,78.912,7891,39045.82,219,374,CORE_COEFFICIENT_BINDING_REQUIRED,"[""LABOUR"",""MACHINERY"",""ELECTRICITY"",""IRON_ORE_DEVELOPED_RESERVE""]",GRID-visual-territory-44,SF198,GEOGRAPHIC_SCENARIO_ESTIMATE,192,397,0.734,0.635
SF199,visual-territory-45,PROJECT-05,5,铜矿,CANDIDATE,False,485.7682,tonne/sim-day,4543,81.774,8177,36353.72,227,367,CORE_COEFFICIENT_BINDING_REQUIRED,"[""LABOUR"",""MACHINERY"",""ELECTRICITY"",""COPPER_DEVELOPED_RESERVE""]",GRID-visual-territory-45,SF199,GEOGRAPHIC_SCENARIO_ESTIMATE,228,327,0.277,0.432
SF200,visual-territory-45,PROJECT-06,6,锂矿,CANDIDATE,False,287.5802,tonne LCE/sim-day,4543,81.774,8177,36349.75,227,367,CORE_COEFFICIENT_BINDING_REQUIRED,"[""LABOUR"",""MACHINERY"",""ELECTRICITY"",""LITHIUM_DEVELOPED_RESERVE""]",GRID-visual-territory-45,SF200,GEOGRAPHIC_SCENARIO_ESTIMATE,313,322,0.793,0.388
SF201,visual-territory-45,PROJECT-04,4,铁矿,CANDIDATE,False,182987.2414,tonne/sim-day,4543,81.774,8177,40003.74,227,383,CORE_COEFFICIENT_BINDING_REQUIRED,"[""LABOUR"",""MACHINERY"",""ELECTRICITY"",""IRON_ORE_DEVELOPED_RESERVE""]",GRID-visual-territory-45,SF201,GEOGRAPHIC_SCENARIO_ESTIMATE,266,271,0.461,0.131
SF202,visual-territory-45,PROJECT-02,2,气田开发,CANDIDATE,False,330459.5711,MMBtu/sim-day,2839,51.102,5110,29321.19,142,284,CORE_COEFFICIENT_BINDING_REQUIRED,"[""LABOUR"",""MACHINERY"",""ELECTRICITY"",""NATURAL_GAS_DEVELOPED_RESERVE""]",GRID-visual-territory-45,SF202,GEOGRAPHIC_SCENARIO_ESTIMATE,274,377,0.523,0.768
SF203,visual-territory-46,PROJECT-02,2,气田开发,CANDIDATE,False,772039.244,MMBtu/sim-day,3277,58.986,5899,41656.78,164,316,CORE_COEFFICIENT_BINDING_REQUIRED,"[""LABOUR"",""MACHINERY"",""ELECTRICITY"",""NATURAL_GAS_DEVELOPED_RESERVE""]",GRID-visual-territory-46,SF203,GEOGRAPHIC_SCENARIO_ESTIMATE,329,355,0.234,0.244
SF204,visual-territory-46,PROJECT-06,6,锂矿,CANDIDATE,False,199.5296,tonne LCE/sim-day,5243,94.374,9437,41947.99,262,408,CORE_COEFFICIENT_BINDING_REQUIRED,"[""LABOUR"",""MACHINERY"",""ELECTRICITY"",""LITHIUM_DEVELOPED_RESERVE""]",GRID-visual-territory-46,SF204,GEOGRAPHIC_SCENARIO_ESTIMATE,380,335,0.449,0.23
SF205,visual-territory-46,PROJECT-05,5,铜矿,CANDIDATE,False,2321.4394,tonne/sim-day,5243,94.374,9437,41990.43,262,412,CORE_COEFFICIENT_BINDING_REQUIRED,"[""LABOUR"",""MACHINERY"",""ELECTRICITY"",""COPPER_DEVELOPED_RESERVE""]",GRID-visual-territory-46,SF205,GEOGRAPHIC_SCENARIO_ESTIMATE,402,323,0.632,0.125
SF206,visual-territory-46,PROJECT-01,1,油田开发,CANDIDATE,False,119279.5808,barrel/sim-day,3277,58.986,5899,28601.59,164,305,CORE_COEFFICIENT_BINDING_REQUIRED,"[""LABOUR"",""MACHINERY"",""ELECTRICITY"",""CRUDE_OIL_DEVELOPED_RESERVE""]",GRID-visual-territory-46,SF206,GEOGRAPHIC_SCENARIO_ESTIMATE,355,338,0.333,0.184
SF207,visual-territory-46,PROJECT-06,6,锂矿,CANDIDATE,False,274.3977,tonne LCE/sim-day,5243,94.374,9437,41949.49,262,409,CORE_COEFFICIENT_BINDING_REQUIRED,"[""LABOUR"",""MACHINERY"",""ELECTRICITY"",""LITHIUM_DEVELOPED_RESERVE""]",GRID-visual-territory-46,SF207,GEOGRAPHIC_SCENARIO_ESTIMATE,380,309,0.453,0.137
SF208,visual-territory-47,PROJECT-01,1,油田开发,CANDIDATE,False,671315.4223,barrel/sim-day,4412,79.416,7942,48722.31,221,383,CORE_COEFFICIENT_BINDING_REQUIRED,"[""LABOUR"",""MACHINERY"",""ELECTRICITY"",""CRUDE_OIL_DEVELOPED_RESERVE""]",GRID-visual-territory-47,SF208,GEOGRAPHIC_SCENARIO_ESTIMATE,497,343,0.735,0.452
SF209,visual-territory-47,PROJECT-02,2,气田开发,CANDIDATE,False,1825037.3276,MMBtu/sim-day,4412,79.416,7942,71796.75,221,391,CORE_COEFFICIENT_BINDING_REQUIRED,"[""LABOUR"",""MACHINERY"",""ELECTRICITY"",""NATURAL_GAS_DEVELOPED_RESERVE""]",GRID-visual-territory-47,SF209,GEOGRAPHIC_SCENARIO_ESTIMATE,473,372,0.612,0.601
SF210,visual-territory-47,PROJECT-10,10,太阳能设施,CANDIDATE,False,88985.26,MW,4412,79.416,7942,37075.71,221,372,CORE_COEFFICIENT_BINDING_REQUIRED,"[""LABOUR"",""MACHINERY"",""ELECTRICITY""]",GRID-visual-territory-47,SF210,GEOGRAPHIC_SCENARIO_ESTIMATE,406,291,0.164,0.179
SF211,visual-territory-47,PROJECT-11,11,风能设施,CANDIDATE,False,88985.26,MW,4412,79.416,7942,37075.71,221,372,CORE_COEFFICIENT_BINDING_REQUIRED,"[""LABOUR"",""MACHINERY"",""ELECTRICITY""]",GRID-visual-territory-47,SF211,GEOGRAPHIC_SCENARIO_ESTIMATE,476,275,0.582,0.085
SF212,visual-territory-47,PROJECT-25,25,物流枢纽,CANDIDATE,False,88985.26,tonne/sim-day,4412,79.416,7942,37075.71,221,372,CORE_COEFFICIENT_BINDING_REQUIRED,"[""LABOUR"",""MACHINERY"",""ELECTRICITY""]",GRID-visual-territory-47,SF212,GEOGRAPHIC_SCENARIO_ESTIMATE,426,343,0.274,0.448
SF213,visual-territory-47,PROJECT-31,31,基础教育设施,CANDIDATE,False,88985.26,student-seat,4412,79.416,7942,37075.71,221,372,CORE_COEFFICIENT_BINDING_REQUIRED,"[""LABOUR"",""MACHINERY"",""ELECTRICITY""]",GRID-visual-territory-47,SF213,GEOGRAPHIC_SCENARIO_ESTIMATE,461,316,0.519,0.281
SF214,visual-territory-47,PROJECT-34,34,基层医疗设施,CANDIDATE,False,88985.26,patient-visit/sim-day,4412,79.416,7942,37075.71,221,372,CORE_COEFFICIENT_BINDING_REQUIRED,"[""LABOUR"",""MACHINERY"",""ELECTRICITY""]",GRID-visual-territory-47,SF214,GEOGRAPHIC_SCENARIO_ESTIMATE,508,303,0.772,0.256
SF215,visual-territory-48,PROJECT-05,5,铜矿,CANDIDATE,False,1931.9991,tonne/sim-day,1010,18.18,1818,8118.64,50,157,CORE_COEFFICIENT_BINDING_REQUIRED,"[""LABOUR"",""MACHINERY"",""ELECTRICITY"",""COPPER_DEVELOPED_RESERVE""]",GRID-visual-territory-48,SF215,GEOGRAPHIC_SCENARIO_ESTIMATE,150,377,0.611,0.207
SF216,visual-territory-48,PROJECT-02,2,气田开发,CANDIDATE,False,544311.828,MMBtu/sim-day,631,11.358,1136,15934.24,32,155,CORE_COEFFICIENT_BINDING_REQUIRED,"[""LABOUR"",""MACHINERY"",""ELECTRICITY"",""NATURAL_GAS_DEVELOPED_RESERVE""]",GRID-visual-territory-48,SF216,GEOGRAPHIC_SCENARIO_ESTIMATE,143,451,0.566,0.631
SF217,visual-territory-49,PROJECT-06,6,锂矿,CANDIDATE,False,176.801,tonne LCE/sim-day,4716,84.888,8489,37731.54,236,377,CORE_COEFFICIENT_BINDING_REQUIRED,"[""LABOUR"",""MACHINERY"",""ELECTRICITY"",""LITHIUM_DEVELOPED_RESERVE""]",GRID-visual-territory-49,SF217,GEOGRAPHIC_SCENARIO_ESTIMATE,258,400,0.597,0.449
SF218,visual-territory-49,PROJECT-04,4,铁矿,CANDIDATE,False,164534.4427,tonne/sim-day,4716,84.888,8489,41018.69,236,393,CORE_COEFFICIENT_BINDING_REQUIRED,"[""LABOUR"",""MACHINERY"",""ELECTRICITY"",""IRON_ORE_DEVELOPED_RESERVE""]",GRID-visual-territory-49,SF218,GEOGRAPHIC_SCENARIO_ESTIMATE,195,431,0.181,0.63
SF219,visual-territory-49,PROJECT-03,3,铀矿,CANDIDATE,False,0.9428,tonne U/sim-day,4716,84.888,8489,37728.02,236,374,CORE_COEFFICIENT_BINDING_REQUIRED,"[""LABOUR"",""MACHINERY"",""ELECTRICITY"",""URANIUM_DEVELOPED_RESERVE""]",GRID-visual-territory-49,SF219,GEOGRAPHIC_SCENARIO_ESTIMATE,208,375,0.273,0.245
SF220,visual-territory-49,PROJECT-01,1,油田开发,CANDIDATE,False,373850.0408,barrel/sim-day,2948,53.064,5306,31061.0,147,292,CORE_COEFFICIENT_BINDING_REQUIRED,"[""LABOUR"",""MACHINERY"",""ELECTRICITY"",""CRUDE_OIL_DEVELOPED_RESERVE""]",GRID-visual-territory-49,SF220,GEOGRAPHIC_SCENARIO_ESTIMATE,292,377,0.85,0.331
SF221,visual-territory-50,PROJECT-01,1,油田开发,CANDIDATE,False,267220.4082,barrel/sim-day,1304,23.472,2347,15776.41,65,191,CORE_COEFFICIENT_BINDING_REQUIRED,"[""LABOUR"",""MACHINERY"",""ELECTRICITY"",""CRUDE_OIL_DEVELOPED_RESERVE""]",GRID-visual-territory-50,SF221,GEOGRAPHIC_SCENARIO_ESTIMATE,270,455,0.425,0.262
SF222,visual-territory-50,PROJECT-02,2,气田开发,CANDIDATE,False,1025963.1065,MMBtu/sim-day,1304,23.472,2347,30951.26,65,200,CORE_COEFFICIENT_BINDING_REQUIRED,"[""LABOUR"",""MACHINERY"",""ELECTRICITY"",""NATURAL_GAS_DEVELOPED_RESERVE""]",GRID-visual-territory-50,SF222,GEOGRAPHIC_SCENARIO_ESTIMATE,332,525,0.79,0.626
SF223,visual-territory-51,PROJECT-05,5,铜矿,CANDIDATE,False,1795.5953,tonne/sim-day,404,7.272,727,3267.91,20,121,CORE_COEFFICIENT_BINDING_REQUIRED,"[""LABOUR"",""MACHINERY"",""ELECTRICITY"",""COPPER_DEVELOPED_RESERVE""]",GRID-visual-territory-51,SF223,GEOGRAPHIC_SCENARIO_ESTIMATE,308,456,0.322,0.479
SF224,visual-territory-52,PROJECT-05,5,铜矿,CANDIDATE,False,2170.2828,tonne/sim-day,369,6.642,664,2995.41,18,119,CORE_COEFFICIENT_BINDING_REQUIRED,"[""LABOUR"",""MACHINERY"",""ELECTRICITY"",""COPPER_DEVELOPED_RESERVE""]",GRID-visual-territory-52,SF224,GEOGRAPHIC_SCENARIO_ESTIMATE,519,387,0.44,0.281
SF225,visual-territory-53,PROJECT-06,6,锂矿,CANDIDATE,False,372.1443,tonne LCE/sim-day,8886,159.948,15995,71095.44,444,628,CORE_COEFFICIENT_BINDING_REQUIRED,"[""LABOUR"",""MACHINERY"",""ELECTRICITY"",""LITHIUM_DEVELOPED_RESERVE""]",GRID-visual-territory-53,SF225,GEOGRAPHIC_SCENARIO_ESTIMATE,767,429,0.523,0.41
SF226,visual-territory-53,PROJECT-05,5,铜矿,CANDIDATE,False,5663.5291,tonne/sim-day,8886,159.948,15995,71201.27,444,632,CORE_COEFFICIENT_BINDING_REQUIRED,"[""LABOUR"",""MACHINERY"",""ELECTRICITY"",""COPPER_DEVELOPED_RESERVE""]",GRID-visual-territory-53,SF226,GEOGRAPHIC_SCENARIO_ESTIMATE,741,455,0.371,0.577
SF227,visual-territory-53,PROJECT-01,1,油田开发,CANDIDATE,False,752109.7761,barrel/sim-day,5554,99.972,9997,59474.2,278,453,CORE_COEFFICIENT_BINDING_REQUIRED,"[""LABOUR"",""MACHINERY"",""ELECTRICITY"",""CRUDE_OIL_DEVELOPED_RESERVE""]",GRID-visual-territory-53,SF227,GEOGRAPHIC_SCENARIO_ESTIMATE,816,376,0.792,0.19
SF228,visual-territory-53,PROJECT-10,10,太阳能设施,CANDIDATE,False,123388.09,MW,5554,99.972,9997,46899.76,278,442,CORE_COEFFICIENT_BINDING_REQUIRED,"[""LABOUR"",""MACHINERY"",""ELECTRICITY""]",GRID-visual-territory-53,SF228,GEOGRAPHIC_SCENARIO_ESTIMATE,831,438,0.893,0.452
SF229,visual-territory-53,PROJECT-11,11,风能设施,CANDIDATE,False,123388.09,MW,5554,99.972,9997,46899.76,278,442,CORE_COEFFICIENT_BINDING_REQUIRED,"[""LABOUR"",""MACHINERY"",""ELECTRICITY""]",GRID-visual-territory-53,SF229,GEOGRAPHIC_SCENARIO_ESTIMATE,693,430,0.124,0.42
SF230,visual-territory-53,PROJECT-25,25,物流枢纽,CANDIDATE,False,123388.09,tonne/sim-day,5554,99.972,9997,46899.76,278,442,CORE_COEFFICIENT_BINDING_REQUIRED,"[""LABOUR"",""MACHINERY"",""ELECTRICITY""]",GRID-visual-territory-53,SF230,GEOGRAPHIC_SCENARIO_ESTIMATE,762,375,0.525,0.232
SF231,visual-territory-53,PROJECT-31,31,基础教育设施,CANDIDATE,False,123388.09,student-seat,5554,99.972,9997,46899.76,278,442,CORE_COEFFICIENT_BINDING_REQUIRED,"[""LABOUR"",""MACHINERY"",""ELECTRICITY""]",GRID-visual-territory-53,SF231,GEOGRAPHIC_SCENARIO_ESTIMATE,793,475,0.69,0.695
SF232,visual-territory-53,PROJECT-34,34,基层医疗设施,CANDIDATE,False,123388.09,patient-visit/sim-day,5554,99.972,9997,46899.76,278,442,CORE_COEFFICIENT_BINDING_REQUIRED,"[""LABOUR"",""MACHINERY"",""ELECTRICITY""]",GRID-visual-territory-53,SF232,GEOGRAPHIC_SCENARIO_ESTIMATE,802,412,0.742,0.339
SF233,visual-territory-54,PROJECT-06,6,锂矿,CANDIDATE,False,426.6348,tonne LCE/sim-day,9602,172.836,17284,76824.53,480,671,CORE_COEFFICIENT_BINDING_REQUIRED,"[""LABOUR"",""MACHINERY"",""ELECTRICITY"",""LITHIUM_DEVELOPED_RESERVE""]",GRID-visual-territory-54,SF233,GEOGRAPHIC_SCENARIO_ESTIMATE,884,471,0.638,0.451
SF234,visual-territory-54,PROJECT-03,3,铀矿,CANDIDATE,False,1.6369,tonne U/sim-day,9602,172.836,17284,76816.03,480,667,CORE_COEFFICIENT_BINDING_REQUIRED,"[""LABOUR"",""MACHINERY"",""ELECTRICITY"",""URANIUM_DEVELOPED_RESERVE""]",GRID-visual-territory-54,SF234,GEOGRAPHIC_SCENARIO_ESTIMATE,821,497,0.248,0.541
SF235,visual-territory-54,PROJECT-05,5,铜矿,CANDIDATE,False,4984.8676,tonne/sim-day,9602,172.836,17284,76915.7,480,675,CORE_COEFFICIENT_BINDING_REQUIRED,"[""LABOUR"",""MACHINERY"",""ELECTRICITY"",""COPPER_DEVELOPED_RESERVE""]",GRID-visual-territory-54,SF235,GEOGRAPHIC_SCENARIO_ESTIMATE,862,457,0.493,0.364
SF236,visual-territory-54,PROJECT-10,10,太阳能设施,CANDIDATE,False,128056.63,MW,6001,108.018,10802,50569.13,300,469,CORE_COEFFICIENT_BINDING_REQUIRED,"[""LABOUR"",""MACHINERY"",""ELECTRICITY""]",GRID-visual-territory-54,SF236,GEOGRAPHIC_SCENARIO_ESTIMATE,914,536,0.827,0.739
SF237,visual-territory-54,PROJECT-11,11,风能设施,CANDIDATE,False,128056.63,MW,6001,108.018,10802,50569.13,300,469,CORE_COEFFICIENT_BINDING_REQUIRED,"[""LABOUR"",""MACHINERY"",""ELECTRICITY""]",GRID-visual-territory-54,SF237,GEOGRAPHIC_SCENARIO_ESTIMATE,893,400,0.685,0.051
SF238,visual-territory-54,PROJECT-25,25,物流枢纽,CANDIDATE,False,128056.63,tonne/sim-day,6001,108.018,10802,50569.13,300,469,CORE_COEFFICIENT_BINDING_REQUIRED,"[""LABOUR"",""MACHINERY"",""ELECTRICITY""]",GRID-visual-territory-54,SF238,GEOGRAPHIC_SCENARIO_ESTIMATE,924,440,0.762,0.288
SF239,visual-territory-54,PROJECT-31,31,基础教育设施,CANDIDATE,False,128056.63,student-seat,6001,108.018,10802,50569.13,300,469,CORE_COEFFICIENT_BINDING_REQUIRED,"[""LABOUR"",""MACHINERY"",""ELECTRICITY""]",GRID-visual-territory-54,SF239,GEOGRAPHIC_SCENARIO_ESTIMATE,843,413,0.392,0.187
SF240,visual-territory-54,PROJECT-34,34,基层医疗设施,CANDIDATE,False,128056.63,patient-visit/sim-day,6001,108.018,10802,50569.13,300,469,CORE_COEFFICIENT_BINDING_REQUIRED,"[""LABOUR"",""MACHINERY"",""ELECTRICITY""]",GRID-visual-territory-54,SF240,GEOGRAPHIC_SCENARIO_ESTIMATE,817,453,0.23,0.367
SF241,visual-territory-54,PROJECT-36,36,公共住房,CANDIDATE,False,128056.63,dwelling-unit,6001,108.018,10802,50569.13,300,469,CORE_COEFFICIENT_BINDING_REQUIRED,"[""LABOUR"",""MACHINERY"",""ELECTRICITY""]",GRID-visual-territory-54,SF241,GEOGRAPHIC_SCENARIO_ESTIMATE,923,495,0.811,0.539
SF242,visual-territory-55,PROJECT-05,5,铜矿,CANDIDATE,False,2370.3991,tonne/sim-day,6479,116.622,11662,51879.41,324,486,CORE_COEFFICIENT_BINDING_REQUIRED,"[""LABOUR"",""MACHINERY"",""ELECTRICITY"",""COPPER_DEVELOPED_RESERVE""]",GRID-visual-territory-55,SF242,GEOGRAPHIC_SCENARIO_ESTIMATE,925,463,0.177,0.629
SF243,visual-territory-55,PROJECT-02,2,气田开发,CANDIDATE,False,571700.8596,MMBtu/sim-day,4050,72.9,7290,43834.02,202,360,CORE_COEFFICIENT_BINDING_REQUIRED,"[""LABOUR"",""MACHINERY"",""ELECTRICITY"",""NATURAL_GAS_DEVELOPED_RESERVE""]",GRID-visual-territory-55,SF243,GEOGRAPHIC_SCENARIO_ESTIMATE,1064,371,0.897,0.099
SF244,visual-territory-55,PROJECT-01,1,油田开发,CANDIDATE,False,275977.9733,barrel/sim-day,4050,72.9,7290,37919.56,202,356,CORE_COEFFICIENT_BINDING_REQUIRED,"[""LABOUR"",""MACHINERY"",""ELECTRICITY"",""CRUDE_OIL_DEVELOPED_RESERVE""]",GRID-visual-territory-55,SF244,GEOGRAPHIC_SCENARIO_ESTIMATE,1005,433,0.608,0.48
SF245,visual-territory-55,PROJECT-06,6,锂矿,CANDIDATE,False,227.3635,tonne LCE/sim-day,6479,116.622,11662,51836.55,324,483,CORE_COEFFICIENT_BINDING_REQUIRED,"[""LABOUR"",""MACHINERY"",""ELECTRICITY"",""LITHIUM_DEVELOPED_RESERVE""]",GRID-visual-territory-55,SF245,GEOGRAPHIC_SCENARIO_ESTIMATE,956,417,0.287,0.377
SF246,visual-territory-55,PROJECT-10,10,太阳能设施,CANDIDATE,False,87464.78,MW,4050,72.9,7290,34149.3,202,350,CORE_COEFFICIENT_BINDING_REQUIRED,"[""LABOUR"",""MACHINERY"",""ELECTRICITY""]",GRID-visual-territory-55,SF246,GEOGRAPHIC_SCENARIO_ESTIMATE,1022,380,0.565,0.293
SF247,visual-territory-56,PROJECT-06,6,锂矿,CANDIDATE,False,173.0994,tonne LCE/sim-day,4726,85.068,8507,37811.46,236,377,CORE_COEFFICIENT_BINDING_REQUIRED,"[""LABOUR"",""MACHINERY"",""ELECTRICITY"",""LITHIUM_DEVELOPED_RESERVE""]",GRID-visual-territory-56,SF247,GEOGRAPHIC_SCENARIO_ESTIMATE,710,529,0.751,0.471
SF248,visual-territory-56,PROJECT-02,2,气田开发,CANDIDATE,False,1355319.8506,MMBtu/sim-day,2954,53.172,5317,50738.4,148,301,CORE_COEFFICIENT_BINDING_REQUIRED,"[""LABOUR"",""MACHINERY"",""ELECTRICITY"",""NATURAL_GAS_DEVELOPED_RESERVE""]",GRID-visual-territory-56,SF248,GEOGRAPHIC_SCENARIO_ESTIMATE,572,557,0.154,0.642
SF249,visual-territory-56,PROJECT-05,5,铜矿,CANDIDATE,False,11740.9594,tonne/sim-day,4726,85.068,8507,38042.82,236,384,CORE_COEFFICIENT_BINDING_REQUIRED,"[""LABOUR"",""MACHINERY"",""ELECTRICITY"",""COPPER_DEVELOPED_RESERVE""]",GRID-visual-territory-56,SF249,GEOGRAPHIC_SCENARIO_ESTIMATE,693,434,0.668,0.145
SF250,visual-territory-57,PROJECT-06,6,锂矿,CANDIDATE,False,148.8599,tonne LCE/sim-day,5939,106.902,10690,47514.98,297,450,CORE_COEFFICIENT_BINDING_REQUIRED,"[""LABOUR"",""MACHINERY"",""ELECTRICITY"",""LITHIUM_DEVELOPED_RESERVE""]",GRID-visual-territory-57,SF250,GEOGRAPHIC_SCENARIO_ESTIMATE,673,564,0.473,0.129
SF251,visual-territory-57,PROJECT-02,2,气田开发,CANDIDATE,False,1140708.3875,MMBtu/sim-day,3712,66.816,6682,52510.17,186,345,CORE_COEFFICIENT_BINDING_REQUIRED,"[""LABOUR"",""MACHINERY"",""ELECTRICITY"",""NATURAL_GAS_DEVELOPED_RESERVE""]",GRID-visual-territory-57,SF251,GEOGRAPHIC_SCENARIO_ESTIMATE,740,560,0.84,0.12
SF252,visual-territory-57,PROJECT-04,4,铁矿,CANDIDATE,False,167202.7521,tonne/sim-day,5939,106.902,10690,50856.06,297,467,CORE_COEFFICIENT_BINDING_REQUIRED,"[""LABOUR"",""MACHINERY"",""ELECTRICITY"",""IRON_ORE_DEVELOPED_RESERVE""]",GRID-visual-territory-57,SF252,GEOGRAPHIC_SCENARIO_ESTIMATE,666,622,0.362,0.449
SF253,visual-territory-57,PROJECT-10,10,太阳能设施,CANDIDATE,False,88171.78,MW,3712,66.816,6682,31459.44,186,330,CORE_COEFFICIENT_BINDING_REQUIRED,"[""LABOUR"",""MACHINERY"",""ELECTRICITY""]",GRID-visual-territory-57,SF253,GEOGRAPHIC_SCENARIO_ESTIMATE,733,627,0.796,0.48
SF254,visual-territory-57,PROJECT-11,11,风能设施,CANDIDATE,False,88171.78,MW,3712,66.816,6682,31459.44,186,330,CORE_COEFFICIENT_BINDING_REQUIRED,"[""LABOUR"",""MACHINERY"",""ELECTRICITY""]",GRID-visual-territory-57,SF254,GEOGRAPHIC_SCENARIO_ESTIMATE,622,583,0.12,0.23
SF255,visual-territory-58,PROJECT-04,4,铁矿,CANDIDATE,False,123204.8628,tonne/sim-day,9907,178.326,17833,81720.1,495,703,CORE_COEFFICIENT_BINDING_REQUIRED,"[""LABOUR"",""MACHINERY"",""ELECTRICITY"",""IRON_ORE_DEVELOPED_RESERVE""]",GRID-visual-territory-58,SF255,GEOGRAPHIC_SCENARIO_ESTIMATE,745,480,0.217,0.144
SF256,visual-territory-58,PROJECT-03,3,铀矿,CANDIDATE,False,2.1492,tonne U/sim-day,9907,178.326,17833,79256.04,495,686,CORE_COEFFICIENT_BINDING_REQUIRED,"[""LABOUR"",""MACHINERY"",""ELECTRICITY"",""URANIUM_DEVELOPED_RESERVE""]",GRID-visual-territory-58,SF256,GEOGRAPHIC_SCENARIO_ESTIMATE,821,553,0.725,0.536
SF257,visual-territory-58,PROJECT-03,3,铀矿,CANDIDATE,False,1.4355,tonne U/sim-day,9907,178.326,17833,79256.03,495,686,CORE_COEFFICIENT_BINDING_REQUIRED,"[""LABOUR"",""MACHINERY"",""ELECTRICITY"",""URANIUM_DEVELOPED_RESERVE""]",GRID-visual-territory-58,SF257,GEOGRAPHIC_SCENARIO_ESTIMATE,765,495,0.373,0.244
SF258,visual-territory-58,PROJECT-10,10,太阳能设施,CANDIDATE,False,136318.22,MW,6192,111.456,11146,52262.36,310,481,CORE_COEFFICIENT_BINDING_REQUIRED,"[""LABOUR"",""MACHINERY"",""ELECTRICITY""]",GRID-visual-territory-58,SF258,GEOGRAPHIC_SCENARIO_ESTIMATE,739,559,0.234,0.545
SF259,visual-territory-58,PROJECT-11,11,风能设施,CANDIDATE,False,136318.22,MW,6192,111.456,11146,52262.36,310,481,CORE_COEFFICIENT_BINDING_REQUIRED,"[""LABOUR"",""MACHINERY"",""ELECTRICITY""]",GRID-visual-territory-58,SF259,GEOGRAPHIC_SCENARIO_ESTIMATE,779,538,0.46,0.473
SF260,visual-territory-58,PROJECT-25,25,物流枢纽,CANDIDATE,False,136318.22,tonne/sim-day,6192,111.456,11146,52262.36,310,481,CORE_COEFFICIENT_BINDING_REQUIRED,"[""LABOUR"",""MACHINERY"",""ELECTRICITY""]",GRID-visual-territory-58,SF260,GEOGRAPHIC_SCENARIO_ESTIMATE,722,518,0.211,0.327
SF261,visual-territory-58,PROJECT-31,31,基础教育设施,CANDIDATE,False,136318.22,student-seat,6192,111.456,11146,52262.36,310,481,CORE_COEFFICIENT_BINDING_REQUIRED,"[""LABOUR"",""MACHINERY"",""ELECTRICITY""]",GRID-visual-territory-58,SF261,GEOGRAPHIC_SCENARIO_ESTIMATE,838,594,0.716,0.645
SF262,visual-territory-58,PROJECT-34,34,基层医疗设施,CANDIDATE,False,136318.22,patient-visit/sim-day,6192,111.456,11146,52262.36,310,481,CORE_COEFFICIENT_BINDING_REQUIRED,"[""LABOUR"",""MACHINERY"",""ELECTRICITY""]",GRID-visual-territory-58,SF262,GEOGRAPHIC_SCENARIO_ESTIMATE,863,559,0.876,0.644
SF263,visual-territory-59,PROJECT-06,6,锂矿,CANDIDATE,False,141.5322,tonne LCE/sim-day,3384,60.912,6091,27074.83,169,296,CORE_COEFFICIENT_BINDING_REQUIRED,"[""LABOUR"",""MACHINERY"",""ELECTRICITY"",""LITHIUM_DEVELOPED_RESERVE""]",GRID-visual-territory-59,SF263,GEOGRAPHIC_SCENARIO_ESTIMATE,624,653,0.405,0.484
SF264,visual-territory-59,PROJECT-02,2,气田开发,CANDIDATE,False,407962.9987,MMBtu/sim-day,2115,38.07,3807,25079.26,106,242,CORE_COEFFICIENT_BINDING_REQUIRED,"[""LABOUR"",""MACHINERY"",""ELECTRICITY"",""NATURAL_GAS_DEVELOPED_RESERVE""]",GRID-visual-territory-59,SF264,GEOGRAPHIC_SCENARIO_ESTIMATE,653,682,0.714,0.71
SF265,visual-territory-59,PROJECT-04,4,铁矿,CANDIDATE,False,80866.1122,tonne/sim-day,3384,60.912,6091,28689.32,169,310,CORE_COEFFICIENT_BINDING_REQUIRED,"[""LABOUR"",""MACHINERY"",""ELECTRICITY"",""IRON_ORE_DEVELOPED_RESERVE""]",GRID-visual-territory-59,SF265,GEOGRAPHIC_SCENARIO_ESTIMATE,606,678,0.214,0.69
SF266,visual-territory-60,PROJECT-05,5,铜矿,CANDIDATE,False,921.28,tonne/sim-day,8512,153.216,15322,68114.43,426,606,CORE_COEFFICIENT_BINDING_REQUIRED,"[""LABOUR"",""MACHINERY"",""ELECTRICITY"",""COPPER_DEVELOPED_RESERVE""]",GRID-visual-territory-60,SF266,GEOGRAPHIC_SCENARIO_ESTIMATE,250,554,0.658,0.4
SF267,visual-territory-60,PROJECT-03,3,铀矿,CANDIDATE,False,1.2007,tonne U/sim-day,8512,153.216,15322,68096.02,426,602,CORE_COEFFICIENT_BINDING_REQUIRED,"[""LABOUR"",""MACHINERY"",""ELECTRICITY"",""URANIUM_DEVELOPED_RESERVE""]",GRID-visual-territory-60,SF267,GEOGRAPHIC_SCENARIO_ESTIMATE,231,534,0.547,0.286
SF268,visual-territory-60,PROJECT-02,2,气田开发,CANDIDATE,False,1043181.4564,MMBtu/sim-day,5320,95.76,9576,63423.63,266,441,CORE_COEFFICIENT_BINDING_REQUIRED,"[""LABOUR"",""MACHINERY"",""ELECTRICITY"",""NATURAL_GAS_DEVELOPED_RESERVE""]",GRID-visual-territory-60,SF268,GEOGRAPHIC_SCENARIO_ESTIMATE,181,477,0.289,0.094
SF269,visual-territory-60,PROJECT-01,1,油田开发,CANDIDATE,False,502731.7771,barrel/sim-day,5320,95.76,9576,52614.64,266,436,CORE_COEFFICIENT_BINDING_REQUIRED,"[""LABOUR"",""MACHINERY"",""ELECTRICITY"",""CRUDE_OIL_DEVELOPED_RESERVE""]",GRID-visual-territory-60,SF269,GEOGRAPHIC_SCENARIO_ESTIMATE,171,553,0.223,0.42
SF270,visual-territory-60,PROJECT-10,10,太阳能设施,CANDIDATE,False,113209.53,MW,5320,95.76,9576,44824.19,266,428,CORE_COEFFICIENT_BINDING_REQUIRED,"[""LABOUR"",""MACHINERY"",""ELECTRICITY""]",GRID-visual-territory-60,SF270,GEOGRAPHIC_SCENARIO_ESTIMATE,214,634,0.47,0.786
SF271,visual-territory-60,PROJECT-11,11,风能设施,CANDIDATE,False,113209.53,MW,5320,95.76,9576,44824.19,266,428,CORE_COEFFICIENT_BINDING_REQUIRED,"[""LABOUR"",""MACHINERY"",""ELECTRICITY""]",GRID-visual-territory-60,SF271,GEOGRAPHIC_SCENARIO_ESTIMATE,285,520,0.831,0.259
SF272,visual-territory-60,PROJECT-25,25,物流枢纽,CANDIDATE,False,113209.53,tonne/sim-day,5320,95.76,9576,44824.19,266,428,CORE_COEFFICIENT_BINDING_REQUIRED,"[""LABOUR"",""MACHINERY"",""ELECTRICITY""]",GRID-visual-territory-60,SF272,GEOGRAPHIC_SCENARIO_ESTIMATE,215,586,0.49,0.566
SF273,visual-territory-60,PROJECT-31,31,基础教育设施,CANDIDATE,False,113209.53,student-seat,5320,95.76,9576,44824.19,266,428,CORE_COEFFICIENT_BINDING_REQUIRED,"[""LABOUR"",""MACHINERY"",""ELECTRICITY""]",GRID-visual-territory-60,SF273,GEOGRAPHIC_SCENARIO_ESTIMATE,179,610,0.394,0.684
SF274,visual-territory-61,PROJECT-03,3,铀矿,CANDIDATE,False,0.7794,tonne U/sim-day,8594,154.692,15469,68752.02,430,607,CORE_COEFFICIENT_BINDING_REQUIRED,"[""LABOUR"",""MACHINERY"",""ELECTRICITY"",""URANIUM_DEVELOPED_RESERVE""]",GRID-visual-territory-61,SF274,GEOGRAPHIC_SCENARIO_ESTIMATE,281,574,0.45,0.264
SF275,visual-territory-61,PROJECT-04,4,铁矿,CANDIDATE,False,74291.4263,tonne/sim-day,8594,154.692,15469,70237.83,430,622,CORE_COEFFICIENT_BINDING_REQUIRED,"[""LABOUR"",""MACHINERY"",""ELECTRICITY"",""IRON_ORE_DEVELOPED_RESERVE""]",GRID-visual-territory-61,SF275,GEOGRAPHIC_SCENARIO_ESTIMATE,285,600,0.514,0.493
SF276,visual-territory-61,PROJECT-01,1,油田开发,CANDIDATE,False,588351.196,barrel/sim-day,5371,96.678,9668,54735.02,269,440,CORE_COEFFICIENT_BINDING_REQUIRED,"[""LABOUR"",""MACHINERY"",""ELECTRICITY"",""CRUDE_OIL_DEVELOPED_RESERVE""]",GRID-visual-territory-61,SF276,GEOGRAPHIC_SCENARIO_ESTIMATE,341,539,0.88,0.15
SF277,visual-territory-61,PROJECT-02,2,气田开发,CANDIDATE,False,1223780.023,MMBtu/sim-day,5371,96.678,9668,67443.6,269,446,CORE_COEFFICIENT_BINDING_REQUIRED,"[""LABOUR"",""MACHINERY"",""ELECTRICITY"",""NATURAL_GAS_DEVELOPED_RESERVE""]",GRID-visual-territory-61,SF277,GEOGRAPHIC_SCENARIO_ESTIMATE,227,649,0.217,0.755
SF278,visual-territory-61,PROJECT-10,10,太阳能设施,CANDIDATE,False,115394.09,MW,5371,96.678,9668,45275.88,269,431,CORE_COEFFICIENT_BINDING_REQUIRED,"[""LABOUR"",""MACHINERY"",""ELECTRICITY""]",GRID-visual-territory-61,SF278,GEOGRAPHIC_SCENARIO_ESTIMATE,287,520,0.538,0.113
SF279,visual-territory-61,PROJECT-11,11,风能设施,CANDIDATE,False,115394.09,MW,5371,96.678,9668,45275.88,269,431,CORE_COEFFICIENT_BINDING_REQUIRED,"[""LABOUR"",""MACHINERY"",""ELECTRICITY""]",GRID-visual-territory-61,SF279,GEOGRAPHIC_SCENARIO_ESTIMATE,277,649,0.496,0.729
SF280,visual-territory-61,PROJECT-25,25,物流枢纽,CANDIDATE,False,115394.09,tonne/sim-day,5371,96.678,9668,45275.88,269,431,CORE_COEFFICIENT_BINDING_REQUIRED,"[""LABOUR"",""MACHINERY"",""ELECTRICITY""]",GRID-visual-territory-61,SF280,GEOGRAPHIC_SCENARIO_ESTIMATE,240,605,0.299,0.498
SF281,visual-territory-62,PROJECT-04,4,铁矿,CANDIDATE,False,177700.8144,tonne/sim-day,6282,113.076,11308,53810.02,314,487,CORE_COEFFICIENT_BINDING_REQUIRED,"[""LABOUR"",""MACHINERY"",""ELECTRICITY"",""IRON_ORE_DEVELOPED_RESERVE""]",GRID-visual-territory-62,SF281,GEOGRAPHIC_SCENARIO_ESTIMATE,312,665,0.335,0.244
SF282,visual-territory-62,PROJECT-06,6,锂矿,CANDIDATE,False,943.7017,tonne LCE/sim-day,6282,113.076,11308,50274.87,314,472,CORE_COEFFICIENT_BINDING_REQUIRED,"[""LABOUR"",""MACHINERY"",""ELECTRICITY"",""LITHIUM_DEVELOPED_RESERVE""]",GRID-visual-territory-62,SF282,GEOGRAPHIC_SCENARIO_ESTIMATE,417,760,0.781,0.729
SF283,visual-territory-62,PROJECT-01,1,油田开发,CANDIDATE,False,676348.0136,barrel/sim-day,3926,70.668,7067,44934.96,196,354,CORE_COEFFICIENT_BINDING_REQUIRED,"[""LABOUR"",""MACHINERY"",""ELECTRICITY"",""CRUDE_OIL_DEVELOPED_RESERVE""]",GRID-visual-territory-62,SF283,GEOGRAPHIC_SCENARIO_ESTIMATE,404,678,0.768,0.326
SF284,visual-territory-62,PROJECT-10,10,太阳能设施,CANDIDATE,False,82214.87,MW,3926,70.668,7067,33052.3,196,342,CORE_COEFFICIENT_BINDING_REQUIRED,"[""LABOUR"",""MACHINERY"",""ELECTRICITY""]",GRID-visual-territory-62,SF284,GEOGRAPHIC_SCENARIO_ESTIMATE,302,751,0.283,0.665
SF285,visual-territory-62,PROJECT-11,11,风能设施,CANDIDATE,False,82214.87,MW,3926,70.668,7067,33052.3,196,342,CORE_COEFFICIENT_BINDING_REQUIRED,"[""LABOUR"",""MACHINERY"",""ELECTRICITY""]",GRID-visual-territory-62,SF285,GEOGRAPHIC_SCENARIO_ESTIMATE,365,728,0.57,0.596
SF286,visual-territory-62,PROJECT-25,25,物流枢纽,CANDIDATE,False,82214.87,tonne/sim-day,3926,70.668,7067,33052.3,196,342,CORE_COEFFICIENT_BINDING_REQUIRED,"[""LABOUR"",""MACHINERY"",""ELECTRICITY""]",GRID-visual-territory-62,SF286,GEOGRAPHIC_SCENARIO_ESTIMATE,359,659,0.58,0.279
SF287,visual-territory-63,PROJECT-02,2,气田开发,CANDIDATE,False,1462710.3621,MMBtu/sim-day,4617,83.106,8311,66190.21,231,402,CORE_COEFFICIENT_BINDING_REQUIRED,"[""LABOUR"",""MACHINERY"",""ELECTRICITY"",""NATURAL_GAS_DEVELOPED_RESERVE""]",GRID-visual-territory-63,SF287,GEOGRAPHIC_SCENARIO_ESTIMATE,458,647,0.83,0.51
SF288,visual-territory-63,PROJECT-01,1,油田开发,CANDIDATE,False,705026.506,barrel/sim-day,4617,83.106,8311,51036.53,231,396,CORE_COEFFICIENT_BINDING_REQUIRED,"[""LABOUR"",""MACHINERY"",""ELECTRICITY"",""CRUDE_OIL_DEVELOPED_RESERVE""]",GRID-visual-territory-63,SF288,GEOGRAPHIC_SCENARIO_ESTIMATE,404,581,0.59,0.27
SF289,visual-territory-63,PROJECT-04,4,铁矿,CANDIDATE,False,300332.243,tonne/sim-day,7387,132.966,13297,65102.64,369,557,CORE_COEFFICIENT_BINDING_REQUIRED,"[""LABOUR"",""MACHINERY"",""ELECTRICITY"",""IRON_ORE_DEVELOPED_RESERVE""]",GRID-visual-territory-63,SF289,GEOGRAPHIC_SCENARIO_ESTIMATE,380,671,0.44,0.75
SF290,visual-territory-63,PROJECT-10,10,太阳能设施,CANDIDATE,False,97445.05,MW,4617,83.106,8311,38884.9,231,385,CORE_COEFFICIENT_BINDING_REQUIRED,"[""LABOUR"",""MACHINERY"",""ELECTRICITY""]",GRID-visual-territory-63,SF290,GEOGRAPHIC_SCENARIO_ESTIMATE,326,604,0.2,0.39
SF291,visual-territory-63,PROJECT-11,11,风能设施,CANDIDATE,False,97445.05,MW,4617,83.106,8311,38884.9,231,385,CORE_COEFFICIENT_BINDING_REQUIRED,"[""LABOUR"",""MACHINERY"",""ELECTRICITY""]",GRID-visual-territory-63,SF291,GEOGRAPHIC_SCENARIO_ESTIMATE,352,545,0.43,0.075
SF292,visual-territory-63,PROJECT-25,25,物流枢纽,CANDIDATE,False,97445.05,tonne/sim-day,4617,83.106,8311,38884.9,231,385,CORE_COEFFICIENT_BINDING_REQUIRED,"[""LABOUR"",""MACHINERY"",""ELECTRICITY""]",GRID-visual-territory-63,SF292,GEOGRAPHIC_SCENARIO_ESTIMATE,372,615,0.4,0.46
SF293,visual-territory-64,PROJECT-05,5,铜矿,CANDIDATE,False,791.8582,tonne/sim-day,9554,171.972,17197,76447.84,478,669,CORE_COEFFICIENT_BINDING_REQUIRED,"[""LABOUR"",""MACHINERY"",""ELECTRICITY"",""COPPER_DEVELOPED_RESERVE""]",GRID-visual-territory-64,SF293,GEOGRAPHIC_SCENARIO_ESTIMATE,657,295,0.18,0.5
SF294,visual-territory-64,PROJECT-03,3,铀矿,CANDIDATE,False,1.041,tonne U/sim-day,9554,171.972,17197,76432.02,478,664,CORE_COEFFICIENT_BINDING_REQUIRED,"[""LABOUR"",""MACHINERY"",""ELECTRICITY"",""URANIUM_DEVELOPED_RESERVE""]",GRID-visual-territory-64,SF294,GEOGRAPHIC_SCENARIO_ESTIMATE,692,277,0.35,0.545
SF295,visual-territory-64,PROJECT-04,4,铁矿,CANDIDATE,False,166455.3176,tonne/sim-day,9554,171.972,17197,79761.11,478,683,CORE_COEFFICIENT_BINDING_REQUIRED,"[""LABOUR"",""MACHINERY"",""ELECTRICITY"",""IRON_ORE_DEVELOPED_RESERVE""]",GRID-visual-territory-64,SF295,GEOGRAPHIC_SCENARIO_ESTIMATE,686,320,0.32,0.62
SF296,visual-territory-64,PROJECT-02,2,气田开发,CANDIDATE,False,1274200.2864,MMBtu/sim-day,5971,107.478,10748,73252.01,299,482,CORE_COEFFICIENT_BINDING_REQUIRED,"[""LABOUR"",""MACHINERY"",""ELECTRICITY"",""NATURAL_GAS_DEVELOPED_RESERVE""]",GRID-visual-territory-64,SF296,GEOGRAPHIC_SCENARIO_ESTIMATE,830,217,0.89,0.34
SF297,visual-territory-64,PROJECT-10,10,太阳能设施,CANDIDATE,False,126784.24,MW,5971,107.478,10748,50303.68,299,467,CORE_COEFFICIENT_BINDING_REQUIRED,"[""LABOUR"",""MACHINERY"",""ELECTRICITY""]",GRID-visual-territory-64,SF297,GEOGRAPHIC_SCENARIO_ESTIMATE,710,179,0.4,0.2
SF298,visual-territory-64,PROJECT-11,11,风能设施,CANDIDATE,False,126784.24,MW,5971,107.478,10748,50303.68,299,467,CORE_COEFFICIENT_BINDING_REQUIRED,"[""LABOUR"",""MACHINERY"",""ELECTRICITY""]",GRID-visual-territory-64,SF298,GEOGRAPHIC_SCENARIO_ESTIMATE,772,283,0.73,0.52
SF299,visual-territory-64,PROJECT-25,25,物流枢纽,CANDIDATE,False,126784.24,tonne/sim-day,5971,107.478,10748,50303.68,299,467,CORE_COEFFICIENT_BINDING_REQUIRED,"[""LABOUR"",""MACHINERY"",""ELECTRICITY""]",GRID-visual-territory-64,SF299,GEOGRAPHIC_SCENARIO_ESTIMATE,774,185,0.6,0.285
SF300,visual-territory-64,PROJECT-31,31,基础教育设施,CANDIDATE,False,126784.24,student-seat,5971,107.478,10748,50303.68,299,467,CORE_COEFFICIENT_BINDING_REQUIRED,"[""LABOUR"",""MACHINERY"",""ELECTRICITY""]",GRID-visual-territory-64,SF300,GEOGRAPHIC_SCENARIO_ESTIMATE,654,247,0.23,0.395
SF301,visual-territory-65,PROJECT-05,5,铜矿,CANDIDATE,False,44379.7971,tonne/sim-day,6916,124.488,12449,56215.6,346,519,CORE_COEFFICIENT_BINDING_REQUIRED,"[""LABOUR"",""MACHINERY"",""ELECTRICITY"",""COPPER_DEVELOPED_RESERVE""]",GRID-visual-territory-65,SF301,GEOGRAPHIC_SCENARIO_ESTIMATE,536,328,0.145,0.414
SF302,visual-territory-65,PROJECT-10,10,太阳能设施,CANDIDATE,False,99657.15,MW,4323,77.814,7781,36577.14,216,367,CORE_COEFFICIENT_BINDING_REQUIRED,"[""LABOUR"",""MACHINERY"",""ELECTRICITY""]",GRID-visual-territory-65,SF302,GEOGRAPHIC_SCENARIO_ESTIMATE,673,342,0.87,0.54
SF303,visual-territory-65,PROJECT-11,11,风能设施,CANDIDATE,False,99657.15,MW,4323,77.814,7781,36577.14,216,367,CORE_COEFFICIENT_BINDING_REQUIRED,"[""LABOUR"",""MACHINERY"",""ELECTRICITY""]",GRID-visual-territory-65,SF303,GEOGRAPHIC_SCENARIO_ESTIMATE,625,258,0.655,0.06
SF304,visual-territory-65,PROJECT-25,25,物流枢纽,CANDIDATE,False,99657.15,tonne/sim-day,4323,77.814,7781,36577.14,216,367,CORE_COEFFICIENT_BINDING_REQUIRED,"[""LABOUR"",""MACHINERY"",""ELECTRICITY""]",GRID-visual-territory-65,SF304,GEOGRAPHIC_SCENARIO_ESTIMATE,602,380,0.515,0.69
SF305,visual-territory-65,PROJECT-31,31,基础教育设施,CANDIDATE,False,99657.15,student-seat,4323,77.814,7781,36577.14,216,367,CORE_COEFFICIENT_BINDING_REQUIRED,"[""LABOUR"",""MACHINERY"",""ELECTRICITY""]",GRID-visual-territory-65,SF305,GEOGRAPHIC_SCENARIO_ESTIMATE,599,316,0.49,0.435
SF306,visual-territory-65,PROJECT-34,34,基层医疗设施,CANDIDATE,False,99657.15,patient-visit/sim-day,4323,77.814,7781,36577.14,216,367,CORE_COEFFICIENT_BINDING_REQUIRED,"[""LABOUR"",""MACHINERY"",""ELECTRICITY""]",GRID-visual-territory-65,SF306,GEOGRAPHIC_SCENARIO_ESTIMATE,654,297,0.77,0.317
SF307,visual-territory-66,PROJECT-05,5,铜矿,CANDIDATE,False,7694.0652,tonne/sim-day,8547,153.846,15385,68529.88,427,612,CORE_COEFFICIENT_BINDING_REQUIRED,"[""LABOUR"",""MACHINERY"",""ELECTRICITY"",""COPPER_DEVELOPED_RESERVE""]",GRID-visual-territory-66,SF307,GEOGRAPHIC_SCENARIO_ESTIMATE,934,345,0.31,0.449
SF308,visual-territory-66,PROJECT-01,1,油田开发,CANDIDATE,False,255000.9242,barrel/sim-day,5342,96.156,9616,47836.02,267,433,CORE_COEFFICIENT_BINDING_REQUIRED,"[""LABOUR"",""MACHINERY"",""ELECTRICITY"",""CRUDE_OIL_DEVELOPED_RESERVE""]",GRID-visual-territory-66,SF308,GEOGRAPHIC_SCENARIO_ESTIMATE,988,343,0.51,0.446
SF309,visual-territory-66,PROJECT-06,6,锂矿,CANDIDATE,False,317.0968,tonne LCE/sim-day,8547,153.846,15385,68382.34,427,607,CORE_COEFFICIENT_BINDING_REQUIRED,"[""LABOUR"",""MACHINERY"",""ELECTRICITY"",""LITHIUM_DEVELOPED_RESERVE""]",GRID-visual-territory-66,SF309,GEOGRAPHIC_SCENARIO_ESTIMATE,943,177,0.37,0.112
SF310,visual-territory-66,PROJECT-02,2,气田开发,CANDIDATE,False,496871.0928,MMBtu/sim-day,5342,96.156,9616,52673.42,267,437,CORE_COEFFICIENT_BINDING_REQUIRED,"[""LABOUR"",""MACHINERY"",""ELECTRICITY"",""NATURAL_GAS_DEVELOPED_RESERVE""]",GRID-visual-territory-66,SF310,GEOGRAPHIC_SCENARIO_ESTIMATE,954,330,0.474,0.428
SF311,visual-territory-66,PROJECT-01,1,油田开发,CANDIDATE,False,474801.5628,barrel/sim-day,5342,96.156,9616,52232.03,267,437,CORE_COEFFICIENT_BINDING_REQUIRED,"[""LABOUR"",""MACHINERY"",""ELECTRICITY"",""CRUDE_OIL_DEVELOPED_RESERVE""]",GRID-visual-territory-66,SF311,GEOGRAPHIC_SCENARIO_ESTIMATE,977,320,0.51,0.412
SF312,visual-territory-66,PROJECT-10,10,太阳能设施,CANDIDATE,False,114133.05,MW,5342,96.156,9616,45018.66,267,429,CORE_COEFFICIENT_BINDING_REQUIRED,"[""LABOUR"",""MACHINERY"",""ELECTRICITY""]",GRID-visual-territory-66,SF312,GEOGRAPHIC_SCENARIO_ESTIMATE,1092,327,0.859,0.43
SF313,visual-territory-66,PROJECT-11,11,风能设施,CANDIDATE,False,114133.05,MW,5342,96.156,9616,45018.66,267,429,CORE_COEFFICIENT_BINDING_REQUIRED,"[""LABOUR"",""MACHINERY"",""ELECTRICITY""]",GRID-visual-territory-66,SF313,GEOGRAPHIC_SCENARIO_ESTIMATE,910,403,0.18,0.7
SF314,visual-territory-67,PROJECT-05,5,铜矿,CANDIDATE,False,5545.9556,tonne/sim-day,6068,109.224,10922,48654.92,303,463,CORE_COEFFICIENT_BINDING_REQUIRED,"[""LABOUR"",""MACHINERY"",""ELECTRICITY"",""COPPER_DEVELOPED_RESERVE""]",GRID-visual-territory-67,SF314,GEOGRAPHIC_SCENARIO_ESTIMATE,496,698,0.56,0.265
SF315,visual-territory-67,PROJECT-01,1,油田开发,CANDIDATE,False,561062.3378,barrel/sim-day,3792,68.256,6826,41557.25,190,345,CORE_COEFFICIENT_BINDING_REQUIRED,"[""LABOUR"",""MACHINERY"",""ELECTRICITY"",""CRUDE_OIL_DEVELOPED_RESERVE""]",GRID-visual-territory-67,SF315,GEOGRAPHIC_SCENARIO_ESTIMATE,511,718,0.635,0.472
SF316,visual-territory-67,PROJECT-10,10,太阳能设施,CANDIDATE,False,76709.1,MW,3792,68.256,6826,31870.18,190,334,CORE_COEFFICIENT_BINDING_REQUIRED,"[""LABOUR"",""MACHINERY"",""ELECTRICITY""]",GRID-visual-territory-67,SF316,GEOGRAPHIC_SCENARIO_ESTIMATE,398,708,0.135,0.415
SF317,visual-territory-67,PROJECT-11,11,风能设施,CANDIDATE,False,76709.1,MW,3792,68.256,6826,31870.18,190,334,CORE_COEFFICIENT_BINDING_REQUIRED,"[""LABOUR"",""MACHINERY"",""ELECTRICITY""]",GRID-visual-territory-67,SF317,GEOGRAPHIC_SCENARIO_ESTIMATE,448,791,0.343,0.806
SF318,visual-territory-67,PROJECT-25,25,物流枢纽,CANDIDATE,False,76709.1,tonne/sim-day,3792,68.256,6826,31870.18,190,334,CORE_COEFFICIENT_BINDING_REQUIRED,"[""LABOUR"",""MACHINERY"",""ELECTRICITY""]",GRID-visual-territory-67,SF318,GEOGRAPHIC_SCENARIO_ESTIMATE,562,755,0.878,0.624
SF319,visual-territory-68,PROJECT-04,4,铁矿,CANDIDATE,False,679325.7935,tonne/sim-day,5379,96.822,9682,56618.52,269,441,CORE_COEFFICIENT_BINDING_REQUIRED,"[""LABOUR"",""MACHINERY"",""ELECTRICITY"",""IRON_ORE_DEVELOPED_RESERVE""]",GRID-visual-territory-68,SF319,GEOGRAPHIC_SCENARIO_ESTIMATE,432,572,0.182,0.455
SF320,visual-territory-68,PROJECT-10,10,太阳能设施,CANDIDATE,False,72339.14,MW,3362,60.516,6052,28342.78,168,308,CORE_COEFFICIENT_BINDING_REQUIRED,"[""LABOUR"",""MACHINERY"",""ELECTRICITY""]",GRID-visual-territory-68,SF320,GEOGRAPHIC_SCENARIO_ESTIMATE,576,622,0.814,0.637
SF321,visual-territory-68,PROJECT-11,11,风能设施,CANDIDATE,False,72339.14,MW,3362,60.516,6052,28342.78,168,308,CORE_COEFFICIENT_BINDING_REQUIRED,"[""LABOUR"",""MACHINERY"",""ELECTRICITY""]",GRID-visual-territory-68,SF321,GEOGRAPHIC_SCENARIO_ESTIMATE,496,620,0.466,0.6
SF322,visual-territory-68,PROJECT-25,25,物流枢纽,CANDIDATE,False,72339.14,tonne/sim-day,3362,60.516,6052,28342.78,168,308,CORE_COEFFICIENT_BINDING_REQUIRED,"[""LABOUR"",""MACHINERY"",""ELECTRICITY""]",GRID-visual-territory-68,SF322,GEOGRAPHIC_SCENARIO_ESTIMATE,494,558,0.476,0.425
SF323,visual-territory-68,PROJECT-31,31,基础教育设施,CANDIDATE,False,72339.14,student-seat,3362,60.516,6052,28342.78,168,308,CORE_COEFFICIENT_BINDING_REQUIRED,"[""LABOUR"",""MACHINERY"",""ELECTRICITY""]",GRID-visual-territory-68,SF323,GEOGRAPHIC_SCENARIO_ESTIMATE,444,512,0.277,0.28
SF324,visual-territory-69,PROJECT-04,4,铁矿,CANDIDATE,False,256040.4376,tonne/sim-day,4924,88.632,8863,44512.81,246,408,CORE_COEFFICIENT_BINDING_REQUIRED,"[""LABOUR"",""MACHINERY"",""ELECTRICITY"",""IRON_ORE_DEVELOPED_RESERVE""]",GRID-visual-territory-69,SF324,GEOGRAPHIC_SCENARIO_ESTIMATE,200,692,0.62,0.325
SF325,visual-territory-69,PROJECT-10,10,太阳能设施,CANDIDATE,False,75769.68,MW,3078,55.404,5540,26139.39,154,291,CORE_COEFFICIENT_BINDING_REQUIRED,"[""LABOUR"",""MACHINERY"",""ELECTRICITY""]",GRID-visual-territory-69,SF325,GEOGRAPHIC_SCENARIO_ESTIMATE,109,745,0.146,0.651
SF326,visual-territory-69,PROJECT-11,11,风能设施,CANDIDATE,False,75769.68,MW,3078,55.404,5540,26139.39,154,291,CORE_COEFFICIENT_BINDING_REQUIRED,"[""LABOUR"",""MACHINERY"",""ELECTRICITY""]",GRID-visual-territory-69,SF326,GEOGRAPHIC_SCENARIO_ESTIMATE,253,756,0.84,0.632
SF327,visual-territory-69,PROJECT-25,25,物流枢纽,CANDIDATE,False,75769.68,tonne/sim-day,3078,55.404,5540,26139.39,154,291,CORE_COEFFICIENT_BINDING_REQUIRED,"[""LABOUR"",""MACHINERY"",""ELECTRICITY""]",GRID-visual-territory-69,SF327,GEOGRAPHIC_SCENARIO_ESTIMATE,152,638,0.368,0.216
SF328,visual-territory-70,PROJECT-06,6,锂矿,CANDIDATE,False,557.0135,tonne LCE/sim-day,3748,67.464,6746,29995.14,187,320,CORE_COEFFICIENT_BINDING_REQUIRED,"[""LABOUR"",""MACHINERY"",""ELECTRICITY"",""LITHIUM_DEVELOPED_RESERVE""]",GRID-visual-territory-70,SF328,GEOGRAPHIC_SCENARIO_ESTIMATE,1209,250,0.6,0.5
SF329,visual-territory-70,PROJECT-10,10,太阳能设施,CANDIDATE,False,58519.14,MW,2342,42.156,4216,19906.38,117,246,CORE_COEFFICIENT_BINDING_REQUIRED,"[""LABOUR"",""MACHINERY"",""ELECTRICITY""]",GRID-visual-territory-70,SF329,GEOGRAPHIC_SCENARIO_ESTIMATE,1101,309,0.15,0.738
SF330,visual-territory-70,PROJECT-11,11,风能设施,CANDIDATE,False,58519.14,MW,2342,42.156,4216,19906.38,117,246,CORE_COEFFICIENT_BINDING_REQUIRED,"[""LABOUR"",""MACHINERY"",""ELECTRICITY""]",GRID-visual-territory-70,SF330,GEOGRAPHIC_SCENARIO_ESTIMATE,1288,164,0.85,0.219
